Title,Main_Artist,Original_Artist,Album,Genre,YouTube_URL,Cover_URL,File_Path
Taylor Swift - The Fate of Ophelia (Official Music Video),Taylor Swift,Taylor Swift,Single,usuk-pop,https://music.youtube.com/watch?v=ko70cExuzZM,https://i.ytimg.com/vi/ko70cExuzZM/maxresdefault.jpg,Taylor Swift/Single/Taylor Swift - The Fate of Ophelia (Official Music Video).mp3
Taylor Swift - Love Story (Taylor’s Version) [Official Lyric Video],Taylor Swift,Taylor Swift,Single,usuk-pop,https://music.youtube.com/watch?v=aXzVF3XeS8M,https://i.ytimg.com/vi/aXzVF3XeS8M/maxresdefault.jpg,Taylor Swift/Single/Taylor Swift - Love Story (Taylor’s Version) [Official Lyric Video].mp3
Taylor Swift - Cruel Summer (Official Audio),Taylor Swift,Taylor Swift,Single,usuk-pop,https://music.youtube.com/watch?v=ic8j13piAhQ,https://i.ytimg.com/vi/ic8j13piAhQ/maxresdefault.jpg,Taylor Swift/Single/Taylor Swift - Cruel Summer (Official Audio).mp3
Taylor Swift - I Can Do It With A Broken Heart (Official Video),Taylor Swift,Taylor Swift,Single,usuk-pop,https://music.youtube.com/watch?v=Sl6en1NPTYM,https://i.ytimg.com/vi/Sl6en1NPTYM/maxresdefault.jpg,Taylor Swift/Single/Taylor Swift - I Can Do It With A Broken Heart (Official Video).mp3
Taylor Swift - …Ready For It?,Taylor Swift,Taylor Swift,Single,usuk-pop,https://music.youtube.com/watch?v=wIft-t-MQuE,https://i.ytimg.com/vi/wIft-t-MQuE/maxresdefault.jpg,Taylor Swift/Single/Taylor Swift - …Ready For It?.mp3
Taylor Swift - Look What You Made Me Do,Taylor Swift,Taylor Swift,Single,usuk-pop,https://music.youtube.com/watch?v=3tmd-ClpJxA,https://i.ytimg.com/vi/3tmd-ClpJxA/sddefault.jpg,Taylor Swift/Single/Taylor Swift - Look What You Made Me Do.mp3
Taylor Swift - Bad Blood ft. Kendrick Lamar,Taylor Swift,Taylor Swift,Single,usuk-pop,https://music.youtube.com/watch?v=QcIy9NiNbmo,https://i.ytimg.com/vi/QcIy9NiNbmo/maxresdefault.jpg,Taylor Swift/Single/Taylor Swift - Bad Blood ft. Kendrick Lamar.mp3
Taylor Swift - You Belong With Me,Taylor Swift,Taylor Swift,Single,usuk-pop,https://music.youtube.com/watch?v=VuNIsY6JdUw,https://i.ytimg.com/vi/VuNIsY6JdUw/sddefault.jpg,Taylor Swift/Single/Taylor Swift - You Belong With Me.mp3
Taylor Swift - Fortnight (feat. Post Malone) (Official Music Video),Taylor Swift,Taylor Swift,Single,usuk-pop,https://music.youtube.com/watch?v=q3zqJs7JUCQ,https://i.ytimg.com/vi/q3zqJs7JUCQ/maxresdefault.jpg,Taylor Swift/Single/Taylor Swift - Fortnight (feat. Post Malone) (Official Music Video).mp3
"ZAYN, Taylor Swift - I Don’t Wanna Live Forever (Fifty Shades Darker)",Taylor Swift,Taylor Swift,Single,usuk-pop,https://music.youtube.com/watch?v=7F37r50VUTQ,https://i.ytimg.com/vi/7F37r50VUTQ/maxresdefault.jpg,"Taylor Swift/Single/ZAYN, Taylor Swift - I Don’t Wanna Live Forever (Fifty Shades Darker).mp3"
Taylor Swift - Opalite (Lyric Video),Taylor Swift,Taylor Swift,Single,usuk-pop,https://music.youtube.com/watch?v=3PJC6uPIekc,https://i.ytimg.com/vi/3PJC6uPIekc/maxresdefault.jpg,Taylor Swift/Single/Taylor Swift - Opalite (Lyric Video).mp3
Taylor Swift - Delicate,Taylor Swift,Taylor Swift,Single,usuk-pop,https://music.youtube.com/watch?v=tCXGJQYZ9JA,https://i.ytimg.com/vi/tCXGJQYZ9JA/maxresdefault.jpg,Taylor Swift/Single/Taylor Swift - Delicate.mp3
Taylor Swift - Anti-Hero (Official Music Video),Taylor Swift,Taylor Swift,Single,usuk-pop,https://music.youtube.com/watch?v=b1kbLwvqugk,https://i.ytimg.com/vi/b1kbLwvqugk/maxresdefault.jpg,Taylor Swift/Single/Taylor Swift - Anti-Hero (Official Music Video).mp3
Taylor Swift - ME! (feat. Brendon Urie of Panic! At The Disco) ft. Brendon Urie,Taylor Swift,Taylor Swift,Single,usuk-pop,https://music.youtube.com/watch?v=FuXNumBwDOM,https://i.ytimg.com/vi/FuXNumBwDOM/maxresdefault.jpg,Taylor Swift/Single/Taylor Swift - ME! (feat. Brendon Urie of Panic! At The Disco) ft. Brendon Urie.mp3
Taylor Swift - You Need To Calm Down,Taylor Swift,Taylor Swift,Single,usuk-pop,https://music.youtube.com/watch?v=Dkk9gvTmCXY,https://i.ytimg.com/vi/Dkk9gvTmCXY/maxresdefault.jpg,Taylor Swift/Single/Taylor Swift - You Need To Calm Down.mp3
Taylor Swift - Lover (Official Music Video),Taylor Swift,Taylor Swift,Single,usuk-pop,https://music.youtube.com/watch?v=-BjZmE2gtdo,https://i.ytimg.com/vi/-BjZmE2gtdo/maxresdefault.jpg,Taylor Swift/Single/Taylor Swift - Lover (Official Music Video).mp3
Taylor Swift - cardigan,Taylor Swift,Taylor Swift,Single,usuk-pop,https://music.youtube.com/watch?v=K-a8s8OLBSE,https://i.ytimg.com/vi/K-a8s8OLBSE/maxresdefault.jpg,Taylor Swift/Single/Taylor Swift - cardigan.mp3
"Taylor Swift - End Game ft. Ed Sheeran, Future",Taylor Swift,Taylor Swift,Single,usuk-pop,https://music.youtube.com/watch?v=dfnCAmr569k,https://i.ytimg.com/vi/dfnCAmr569k/maxresdefault.jpg,"Taylor Swift/Single/Taylor Swift - End Game ft. Ed Sheeran, Future.mp3"
Taylor Swift - Everything Has Changed ft. Ed Sheeran,Taylor Swift,Taylor Swift,Single,usuk-pop,https://music.youtube.com/watch?v=w1oM3kQpXRo,https://i.ytimg.com/vi/w1oM3kQpXRo/maxresdefault.jpg,Taylor Swift/Single/Taylor Swift - Everything Has Changed ft. Ed Sheeran.mp3
Taylor Swift - Enchanted (Taylor's Version) (Lyric Video),Taylor Swift,Taylor Swift,Single,usuk-pop,https://music.youtube.com/watch?v=igIfiqqVHtA,https://i.ytimg.com/vi/igIfiqqVHtA/maxresdefault.jpg,Taylor Swift/Single/Taylor Swift - Enchanted (Taylor's Version) (Lyric Video).mp3
Taylor Swift - willow (Official Music Video),Taylor Swift,Taylor Swift,Single,usuk-pop,https://music.youtube.com/watch?v=RsEZmictANA,https://i.ytimg.com/vi/RsEZmictANA/maxresdefault.jpg,Taylor Swift/Single/Taylor Swift - willow (Official Music Video).mp3
Taylor Swift - Guilty as Sin (Official Lyric Video),Taylor Swift,Taylor Swift,Single,usuk-pop,https://music.youtube.com/watch?v=OOYlWF6V8t8,https://i.ytimg.com/vi/OOYlWF6V8t8/maxresdefault.jpg,Taylor Swift/Single/Taylor Swift - Guilty as Sin (Official Lyric Video).mp3
Don’t Blame Me,Taylor Swift,Taylor Swift,reputation,usuk-pop,https://music.youtube.com/watch?v=kRJKB291Z1g,https://i.ytimg.com/vi/kRJKB291Z1g/maxresdefault.jpg,Taylor Swift/reputation/Don’t Blame Me.mp3
Taylor Swift - Bejeweled (Official Music Video),Taylor Swift,Taylor Swift,Single,usuk-pop,https://music.youtube.com/watch?v=b7QlX3yR2xs,https://i.ytimg.com/vi/b7QlX3yR2xs/maxresdefault.jpg,Taylor Swift/Single/Taylor Swift - Bejeweled (Official Music Video).mp3
Taylor Swift - Elizabeth Taylor (Lyric Video),Taylor Swift,Taylor Swift,Single,usuk-pop,https://music.youtube.com/watch?v=7X5iDKPrZH0,https://i.ytimg.com/vi/7X5iDKPrZH0/maxresdefault.jpg,Taylor Swift/Single/Taylor Swift - Elizabeth Taylor (Lyric Video).mp3
Taylor Swift - Father Figure (Lyric Video),Taylor Swift,Taylor Swift,Single,usuk-pop,https://music.youtube.com/watch?v=98SmlWOKuME,https://i.ytimg.com/vi/98SmlWOKuME/maxresdefault.jpg,Taylor Swift/Single/Taylor Swift - Father Figure (Lyric Video).mp3
Taylor Swift ft. Ice Spice - Karma (Official Music Video) ft. Ice Spice,Taylor Swift,Taylor Swift,Single,usuk-pop,https://music.youtube.com/watch?v=XzOvgu3GPwY,https://i.ytimg.com/vi/XzOvgu3GPwY/maxresdefault.jpg,Taylor Swift/Single/Taylor Swift ft. Ice Spice - Karma (Official Music Video) ft. Ice Spice.mp3
Taylor Swift - All Too Well: The Short Film,Taylor Swift,Taylor Swift,Single,usuk-pop,https://music.youtube.com/watch?v=tollGa3S0o8,https://i.ytimg.com/vi/tollGa3S0o8/maxresdefault.jpg,Taylor Swift/Single/Taylor Swift - All Too Well_ The Short Film.mp3
Taylor Swift - Lavender Haze (Official Music Video),Taylor Swift,Taylor Swift,Single,usuk-pop,https://music.youtube.com/watch?v=h8DLofLM7No,https://i.ytimg.com/vi/h8DLofLM7No/maxresdefault.jpg,Taylor Swift/Single/Taylor Swift - Lavender Haze (Official Music Video).mp3
Taylor Swift – august (Official Lyric Video),Taylor Swift,Taylor Swift,Single,usuk-pop,https://music.youtube.com/watch?v=nn_0zPAfyo8,https://i.ytimg.com/vi/nn_0zPAfyo8/maxresdefault.jpg,Taylor Swift/Single/Taylor Swift – august (Official Lyric Video).mp3
Taylor Swift - Wi$h Li$t (Lyric Video),Taylor Swift,Taylor Swift,Single,usuk-pop,https://music.youtube.com/watch?v=wqgUzLHgNMI,https://i.ytimg.com/vi/wqgUzLHgNMI/maxresdefault.jpg,Taylor Swift/Single/Taylor Swift - Wi$h Li$t (Lyric Video).mp3
Taylor Swift – exile (feat. Bon Iver) (Official Lyric Video),Taylor Swift,Taylor Swift,Single,usuk-pop,https://music.youtube.com/watch?v=osdoLjUNFnA,https://i.ytimg.com/vi/osdoLjUNFnA/maxresdefault.jpg,Taylor Swift/Single/Taylor Swift – exile (feat. Bon Iver) (Official Lyric Video).mp3
Taylor Swift - The Life of a Showgirl (Feat. Sabrina Carpenter) (Lyric Video),Taylor Swift,Taylor Swift,Single,usuk-pop,https://music.youtube.com/watch?v=OU6362Nggg0,https://i.ytimg.com/vi/OU6362Nggg0/maxresdefault.jpg,Taylor Swift/Single/Taylor Swift - The Life of a Showgirl (Feat. Sabrina Carpenter) (Lyric Video).mp3
Taylor Swift - The Way I Loved You (Taylor's Version) (Lyric Video),Taylor Swift,Taylor Swift,Single,usuk-pop,https://music.youtube.com/watch?v=DlexmDDSDZ0,https://i.ytimg.com/vi/DlexmDDSDZ0/maxresdefault.jpg,Taylor Swift/Single/Taylor Swift - The Way I Loved You (Taylor's Version) (Lyric Video).mp3
Taylor Swift - Wood (Lyric Video),Taylor Swift,Taylor Swift,Single,usuk-pop,https://music.youtube.com/watch?v=6m50keINEOI,https://i.ytimg.com/vi/6m50keINEOI/maxresdefault.jpg,Taylor Swift/Single/Taylor Swift - Wood (Lyric Video).mp3
Taylor Swift - The Man (Official Video),Taylor Swift,Taylor Swift,Single,usuk-pop,https://music.youtube.com/watch?v=AqAJLh9wuZ0,https://i.ytimg.com/vi/AqAJLh9wuZ0/maxresdefault.jpg,Taylor Swift/Single/Taylor Swift - The Man (Official Video).mp3
"Taylor Swift - You're On Your Own, Kid (Official Lyric Video)",Taylor Swift,Taylor Swift,Single,usuk-pop,https://music.youtube.com/watch?v=7Gbg6Z70J7E,https://i.ytimg.com/vi/7Gbg6Z70J7E/maxresdefault.jpg,"Taylor Swift/Single/Taylor Swift - You're On Your Own, Kid (Official Lyric Video).mp3"
Taylor Swift - Back To December (Taylor's Version) (Lyric Video),Taylor Swift,Taylor Swift,Single,usuk-pop,https://music.youtube.com/watch?v=qc2Z-OX9wnc,https://i.ytimg.com/vi/qc2Z-OX9wnc/maxresdefault.jpg,Taylor Swift/Single/Taylor Swift - Back To December (Taylor's Version) (Lyric Video).mp3
Taylor Swift - CANCELLED! (Lyric Video),Taylor Swift,Taylor Swift,Single,usuk-pop,https://music.youtube.com/watch?v=F-5XoUZ42Tc,https://i.ytimg.com/vi/F-5XoUZ42Tc/maxresdefault.jpg,Taylor Swift/Single/Taylor Swift - CANCELLED! (Lyric Video).mp3
Taylor Swift - Down Bad (Official Lyric Video),Taylor Swift,Taylor Swift,Single,usuk-pop,https://music.youtube.com/watch?v=EVbtjaWXQVg,https://i.ytimg.com/vi/EVbtjaWXQVg/maxresdefault.jpg,Taylor Swift/Single/Taylor Swift - Down Bad (Official Lyric Video).mp3
Taylor Swift - Midnight Rain (Official Lyric Video),Taylor Swift,Taylor Swift,Single,usuk-pop,https://music.youtube.com/watch?v=Odh9ddPUkEY,https://i.ytimg.com/vi/Odh9ddPUkEY/maxresdefault.jpg,Taylor Swift/Single/Taylor Swift - Midnight Rain (Official Lyric Video).mp3
Taylor Swift - Daylight (Official Audio),Taylor Swift,Taylor Swift,Single,usuk-pop,https://music.youtube.com/watch?v=u9raS7-NisU,https://i.ytimg.com/vi/u9raS7-NisU/maxresdefault.jpg,Taylor Swift/Single/Taylor Swift - Daylight (Official Audio).mp3
Taylor Swift - Ruin The Friendship (Lyric Video),Taylor Swift,Taylor Swift,Single,usuk-pop,https://music.youtube.com/watch?v=WQCPl5rTMDQ,https://i.ytimg.com/vi/WQCPl5rTMDQ/maxresdefault.jpg,Taylor Swift/Single/Taylor Swift - Ruin The Friendship (Lyric Video).mp3
Taylor Swift - I Can See You (Taylor’s Version) (From The Vault) (Official Video),Taylor Swift,Taylor Swift,Single,usuk-pop,https://music.youtube.com/watch?v=lVkKLf4DCn8,https://i.ytimg.com/vi/lVkKLf4DCn8/maxresdefault.jpg,Taylor Swift/Single/Taylor Swift - I Can See You (Taylor’s Version) (From The Vault) (Official Video).mp3
Taylor Swift - Actually Romantic (Lyric Video),Taylor Swift,Taylor Swift,Single,usuk-pop,https://music.youtube.com/watch?v=FnEg1RgmqO4,https://i.ytimg.com/vi/FnEg1RgmqO4/maxresdefault.jpg,Taylor Swift/Single/Taylor Swift - Actually Romantic (Lyric Video).mp3
Taylor Swift ft. Chris Stapleton - I Bet You Think About Me (Taylor's Version) (Official Video),Taylor Swift,Taylor Swift,Single,usuk-pop,https://music.youtube.com/watch?v=5UMCrq-bBCg,https://i.ytimg.com/vi/5UMCrq-bBCg/maxresdefault.jpg,Taylor Swift/Single/Taylor Swift ft. Chris Stapleton - I Bet You Think About Me (Taylor's Version) (Official Video).mp3
Taylor Swift - Eldest Daughter (Lyric Video),Taylor Swift,Taylor Swift,Single,usuk-pop,https://music.youtube.com/watch?v=HwQnW_ZRKhc,https://i.ytimg.com/vi/HwQnW_ZRKhc/maxresdefault.jpg,Taylor Swift/Single/Taylor Swift - Eldest Daughter (Lyric Video).mp3
Taylor Swift - Who’s Afraid of Little Old Me? (Official Lyric Video),Taylor Swift,Taylor Swift,Single,usuk-pop,https://music.youtube.com/watch?v=vOZFiX6hDXQ,https://i.ytimg.com/vi/vOZFiX6hDXQ/maxresdefault.jpg,Taylor Swift/Single/Taylor Swift - Who’s Afraid of Little Old Me? (Official Lyric Video).mp3
Taylor Swift - loml (Official Lyric Video),Taylor Swift,Taylor Swift,Single,usuk-pop,https://music.youtube.com/watch?v=GZ4vaTRn0HU,https://i.ytimg.com/vi/GZ4vaTRn0HU/maxresdefault.jpg,Taylor Swift/Single/Taylor Swift - loml (Official Lyric Video).mp3
Taylor Swift - Red (Taylor's Version) (Lyric Video),Taylor Swift,Taylor Swift,Single,usuk-pop,https://music.youtube.com/watch?v=R_rUYuFtNO4,https://i.ytimg.com/vi/R_rUYuFtNO4/maxresdefault.jpg,Taylor Swift/Single/Taylor Swift - Red (Taylor's Version) (Lyric Video).mp3
Taylor Swift - You're Losing Me (From The Vault),Taylor Swift,Taylor Swift,Single,usuk-pop,https://music.youtube.com/watch?v=pQq9eP5OFhw,https://i.ytimg.com/vi/pQq9eP5OFhw/maxresdefault.jpg,Taylor Swift/Single/Taylor Swift - You're Losing Me (From The Vault).mp3
Getaway Car,Taylor Swift,Taylor Swift,reputation,usuk-pop,https://music.youtube.com/watch?v=FhPLQVlUiNQ,https://i.ytimg.com/vi/FhPLQVlUiNQ/maxresdefault.jpg,Taylor Swift/reputation/Getaway Car.mp3
Taylor Swift - Style (Taylor's Version) (Lyric Video),Taylor Swift,Taylor Swift,Single,usuk-pop,https://music.youtube.com/watch?v=2JgvVfOfoWI,https://i.ytimg.com/vi/2JgvVfOfoWI/maxresdefault.jpg,Taylor Swift/Single/Taylor Swift - Style (Taylor's Version) (Lyric Video).mp3
Taylor Swift - champagne problems (Official Lyric Video),Taylor Swift,Taylor Swift,Single,usuk-pop,https://music.youtube.com/watch?v=wMpqCRF7TKg,https://i.ytimg.com/vi/wMpqCRF7TKg/maxresdefault.jpg,Taylor Swift/Single/Taylor Swift - champagne problems (Official Lyric Video).mp3
Taylor Swift -  So High School (Official Lyric Video),Taylor Swift,Taylor Swift,Single,usuk-pop,https://music.youtube.com/watch?v=w-FkV0EM_CU,https://i.ytimg.com/vi/w-FkV0EM_CU/maxresdefault.jpg,Taylor Swift/Single/Taylor Swift -  So High School (Official Lyric Video).mp3
Taylor Swift - Is It Over Now? (Taylor's Version) (From The Vault) (Lyric Video),Taylor Swift,Taylor Swift,Single,usuk-pop,https://music.youtube.com/watch?v=tNxUxm3-658,https://i.ytimg.com/vi/tNxUxm3-658/maxresdefault.jpg,Taylor Swift/Single/Taylor Swift - Is It Over Now? (Taylor's Version) (From The Vault) (Lyric Video).mp3
Taylor Swift - Our Song,Taylor Swift,Taylor Swift,Single,usuk-pop,https://music.youtube.com/watch?v=Jb2stN7kH28,https://i.ytimg.com/vi/Jb2stN7kH28/sddefault.jpg,Taylor Swift/Single/Taylor Swift - Our Song.mp3
Taylor Swift - But Daddy I Love Him (Official Lyric Video),Taylor Swift,Taylor Swift,Single,usuk-pop,https://music.youtube.com/watch?v=U2W173hRfyA,https://i.ytimg.com/vi/U2W173hRfyA/maxresdefault.jpg,Taylor Swift/Single/Taylor Swift - But Daddy I Love Him (Official Lyric Video).mp3
Taylor Swift - Honey (Lyric Video),Taylor Swift,Taylor Swift,Single,usuk-pop,https://music.youtube.com/watch?v=4-EzK5UB40U,https://i.ytimg.com/vi/4-EzK5UB40U/maxresdefault.jpg,Taylor Swift/Single/Taylor Swift - Honey (Lyric Video).mp3
Taylor Swift - Shake It Off (Taylor's Version) (Lyric Video),Taylor Swift,Taylor Swift,Single,usuk-pop,https://music.youtube.com/watch?v=mvVBuG4IOW4,https://i.ytimg.com/vi/mvVBuG4IOW4/maxresdefault.jpg,Taylor Swift/Single/Taylor Swift - Shake It Off (Taylor's Version) (Lyric Video).mp3
Taylor Swift - the 1 (Official Lyric Video),Taylor Swift,Taylor Swift,Single,usuk-pop,https://music.youtube.com/watch?v=KsZ6tROaVOQ,https://i.ytimg.com/vi/KsZ6tROaVOQ/maxresdefault.jpg,Taylor Swift/Single/Taylor Swift - the 1 (Official Lyric Video).mp3
Taylor Swift - Maroon (Official Lyric Video),Taylor Swift,Taylor Swift,Single,usuk-pop,https://music.youtube.com/watch?v=lvHZjvIyqsk,https://i.ytimg.com/vi/lvHZjvIyqsk/maxresdefault.jpg,Taylor Swift/Single/Taylor Swift - Maroon (Official Lyric Video).mp3
Taylor Swift - Snow On The Beach (Lyric Video) ft. Lana Del Rey,Taylor Swift,Taylor Swift,Single,usuk-pop,https://music.youtube.com/watch?v=ycE7bUq3-2k,https://i.ytimg.com/vi/ycE7bUq3-2k/maxresdefault.jpg,Taylor Swift/Single/Taylor Swift - Snow On The Beach (Lyric Video) ft. Lana Del Rey.mp3
Taylor Swift – my tears ricochet (Official Lyric Video),Taylor Swift,Taylor Swift,Single,usuk-pop,https://music.youtube.com/watch?v=OWbDJFtHl3w,https://i.ytimg.com/vi/OWbDJFtHl3w/maxresdefault.jpg,Taylor Swift/Single/Taylor Swift – my tears ricochet (Official Lyric Video).mp3
Taylor Swift - Blank Space (Taylor's Version) (Lyric Video),Taylor Swift,Taylor Swift,Single,usuk-pop,https://music.youtube.com/watch?v=gir8BEqAutk,https://i.ytimg.com/vi/gir8BEqAutk/maxresdefault.jpg,Taylor Swift/Single/Taylor Swift - Blank Space (Taylor's Version) (Lyric Video).mp3
Taylor Swift - Welcome To New York (Taylor's Version) (Lyric Video),Taylor Swift,Taylor Swift,Single,usuk-pop,https://music.youtube.com/watch?v=FsGdznlfE2U,https://i.ytimg.com/vi/FsGdznlfE2U/maxresdefault.jpg,Taylor Swift/Single/Taylor Swift - Welcome To New York (Taylor's Version) (Lyric Video).mp3
Dress,Taylor Swift,Taylor Swift,reputation,usuk-pop,https://music.youtube.com/watch?v=FNEoPctNIUE,https://i.ytimg.com/vi/FNEoPctNIUE/maxresdefault.jpg,Taylor Swift/reputation/Dress.mp3
Taylor Swift - The Prophecy (Official Lyric Video),Taylor Swift,Taylor Swift,Single,usuk-pop,https://music.youtube.com/watch?v=_PsBoqNwYo4,https://i.ytimg.com/vi/_PsBoqNwYo4/maxresdefault.jpg,Taylor Swift/Single/Taylor Swift - The Prophecy (Official Lyric Video).mp3
Taylor Swift - Mine (Taylor's Version) (Lyric Video),Taylor Swift,Taylor Swift,Single,usuk-pop,https://music.youtube.com/watch?v=oxNLRqMJMZk,https://i.ytimg.com/vi/oxNLRqMJMZk/maxresdefault.jpg,Taylor Swift/Single/Taylor Swift - Mine (Taylor's Version) (Lyric Video).mp3
Taylor Swift - The Alchemy (Official Lyric Video),Taylor Swift,Taylor Swift,Single,usuk-pop,https://music.youtube.com/watch?v=iMMUAd66vxo,https://i.ytimg.com/vi/iMMUAd66vxo/maxresdefault.jpg,Taylor Swift/Single/Taylor Swift - The Alchemy (Official Lyric Video).mp3
Taylor Swift - Cornelia Street (Official Audio),Taylor Swift,Taylor Swift,Single,usuk-pop,https://music.youtube.com/watch?v=VikHHWrgb4Y,https://i.ytimg.com/vi/VikHHWrgb4Y/maxresdefault.jpg,Taylor Swift/Single/Taylor Swift - Cornelia Street (Official Audio).mp3
Taylor Swift - Now That We Don't Talk (Taylor's Version) (From The Vault) (Lyric Video),Taylor Swift,Taylor Swift,Single,usuk-pop,https://music.youtube.com/watch?v=yF4ulRTCn44,https://i.ytimg.com/vi/yF4ulRTCn44/maxresdefault.jpg,Taylor Swift/Single/Taylor Swift - Now That We Don't Talk (Taylor's Version) (From The Vault) (Lyric Video).mp3
Taylor Swift - The Great War (Official Lyric Video),Taylor Swift,Taylor Swift,Single,usuk-pop,https://music.youtube.com/watch?v=iFX6_9h7th0,https://i.ytimg.com/vi/iFX6_9h7th0/maxresdefault.jpg,Taylor Swift/Single/Taylor Swift - The Great War (Official Lyric Video).mp3
Taylor Swift - imgonnagetyouback (Official Lyric Video),Taylor Swift,Taylor Swift,Single,usuk-pop,https://music.youtube.com/watch?v=SBGdvxi2JmU,https://i.ytimg.com/vi/SBGdvxi2JmU/maxresdefault.jpg,Taylor Swift/Single/Taylor Swift - imgonnagetyouback (Official Lyric Video).mp3
Taylor Swift - Florida!!! (feat. Florence + The Machine) (Official Lyric Video),Taylor Swift,Taylor Swift,Single,usuk-pop,https://music.youtube.com/watch?v=uEssK8o3jKg,https://i.ytimg.com/vi/uEssK8o3jKg/maxresdefault.jpg,Taylor Swift/Single/Taylor Swift - Florida!!! (feat. Florence + The Machine) (Official Lyric Video).mp3
Taylor Swift - Picture To Burn,Taylor Swift,Taylor Swift,Single,usuk-pop,https://music.youtube.com/watch?v=yCMqcFAigRg,https://i.ytimg.com/vi/yCMqcFAigRg/sddefault.jpg,Taylor Swift/Single/Taylor Swift - Picture To Burn.mp3
Taylor Swift - Wildest Dreams (Taylor's Version) (Lyric Video),Taylor Swift,Taylor Swift,Single,usuk-pop,https://music.youtube.com/watch?v=vtW_4j7SsZk,https://i.ytimg.com/vi/vtW_4j7SsZk/maxresdefault.jpg,Taylor Swift/Single/Taylor Swift - Wildest Dreams (Taylor's Version) (Lyric Video).mp3
Taylor Swift - Sparks Fly (Taylor's Version) (Lyric Video),Taylor Swift,Taylor Swift,Single,usuk-pop,https://music.youtube.com/watch?v=UlFrV5GJA_4,https://i.ytimg.com/vi/UlFrV5GJA_4/maxresdefault.jpg,Taylor Swift/Single/Taylor Swift - Sparks Fly (Taylor's Version) (Lyric Video).mp3
Taylor Swift - Say Don't Go (Taylor's Version) (From The Vault) (Lyric Video),Taylor Swift,Taylor Swift,Single,usuk-pop,https://music.youtube.com/watch?v=C-z-IckrQK8,https://i.ytimg.com/vi/C-z-IckrQK8/maxresdefault.jpg,Taylor Swift/Single/Taylor Swift - Say Don't Go (Taylor's Version) (From The Vault) (Lyric Video).mp3
Taylor Swift - This Love (Taylor's Version) (Lyric Video),Taylor Swift,Taylor Swift,Single,usuk-pop,https://music.youtube.com/watch?v=mvxQYPR4lmU,https://i.ytimg.com/vi/mvxQYPR4lmU/maxresdefault.jpg,Taylor Swift/Single/Taylor Swift - This Love (Taylor's Version) (Lyric Video).mp3
Taylor Swift - right where you left me (Official Lyric Video),Taylor Swift,Taylor Swift,Single,usuk-pop,https://music.youtube.com/watch?v=Ur_wAcYDnuA,https://i.ytimg.com/vi/Ur_wAcYDnuA/maxresdefault.jpg,Taylor Swift/Single/Taylor Swift - right where you left me (Official Lyric Video).mp3
Taylor Swift - We Are Never Ever Getting Back Together (Taylor's Version) (Lyric Video),Taylor Swift,Taylor Swift,Single,usuk-pop,https://music.youtube.com/watch?v=zJFcr1KyFqE,https://i.ytimg.com/vi/zJFcr1KyFqE/maxresdefault.jpg,Taylor Swift/Single/Taylor Swift - We Are Never Ever Getting Back Together (Taylor's Version) (Lyric Video).mp3
Taylor Swift - The Archer (Lyric Video),Taylor Swift,Taylor Swift,Single,usuk-pop,https://music.youtube.com/watch?v=8KpKc3C9V3w,https://i.ytimg.com/vi/8KpKc3C9V3w/maxresdefault.jpg,Taylor Swift/Single/Taylor Swift - The Archer (Lyric Video).mp3
"Taylor Swift - ""Slut!"" (Taylor's Version) (From The Vault) (Lyric Video)",Taylor Swift,Taylor Swift,Single,usuk-pop,https://music.youtube.com/watch?v=qrxsceexTBw,https://i.ytimg.com/vi/qrxsceexTBw/maxresdefault.jpg,Taylor Swift/Single/Taylor Swift - Slut! (Taylor's Version) (From The Vault) (Lyric Video).mp3
"Taylor Swift - Would've, Could've, Should've (Official Lyric Video)",Taylor Swift,Taylor Swift,Single,usuk-pop,https://music.youtube.com/watch?v=B-MfwP_RmHY,https://i.ytimg.com/vi/B-MfwP_RmHY/maxresdefault.jpg,"Taylor Swift/Single/Taylor Swift - Would've, Could've, Should've (Official Lyric Video).mp3"
Taylor Swift - I Knew You Were Trouble (Taylor's Version) (Lyric Video),Taylor Swift,Taylor Swift,Single,usuk-pop,https://music.youtube.com/watch?v=TqAollrUJdA,https://i.ytimg.com/vi/TqAollrUJdA/maxresdefault.jpg,Taylor Swift/Single/Taylor Swift - I Knew You Were Trouble (Taylor's Version) (Lyric Video).mp3
Taylor Swift – invisible string (Official Lyric Video),Taylor Swift,Taylor Swift,Single,usuk-pop,https://music.youtube.com/watch?v=OuFnpmGwg5k,https://i.ytimg.com/vi/OuFnpmGwg5k/maxresdefault.jpg,Taylor Swift/Single/Taylor Swift – invisible string (Official Lyric Video).mp3
Taylor Swift – illicit affairs (Official Lyric Video),Taylor Swift,Taylor Swift,Single,usuk-pop,https://music.youtube.com/watch?v=MLV2SJKWk4M,https://i.ytimg.com/vi/MLV2SJKWk4M/maxresdefault.jpg,Taylor Swift/Single/Taylor Swift – illicit affairs (Official Lyric Video).mp3
Taylor Swift - Mastermind (Official Lyric Video),Taylor Swift,Taylor Swift,Single,usuk-pop,https://music.youtube.com/watch?v=Tmz1lz0zcLQ,https://i.ytimg.com/vi/Tmz1lz0zcLQ/maxresdefault.jpg,Taylor Swift/Single/Taylor Swift - Mastermind (Official Lyric Video).mp3
Taylor Swift - The Black Dog (Official Lyric Video),Taylor Swift,Taylor Swift,Single,usuk-pop,https://music.youtube.com/watch?v=56TZ3B8Qxsk,https://i.ytimg.com/vi/56TZ3B8Qxsk/maxresdefault.jpg,Taylor Swift/Single/Taylor Swift - The Black Dog (Official Lyric Video).mp3
Taylor Swift - Vigilante Shit (Official Lyric Video),Taylor Swift,Taylor Swift,Single,usuk-pop,https://music.youtube.com/watch?v=Uoey4W_3bos,https://i.ytimg.com/vi/Uoey4W_3bos/maxresdefault.jpg,Taylor Swift/Single/Taylor Swift - Vigilante Shit (Official Lyric Video).mp3
"Taylor Swift - no body, no crime (Official Lyric Video) ft. HAIM",Taylor Swift,Taylor Swift,Single,usuk-pop,https://music.youtube.com/watch?v=IEPomqor2A8,https://i.ytimg.com/vi/IEPomqor2A8/maxresdefault.jpg,"Taylor Swift/Single/Taylor Swift - no body, no crime (Official Lyric Video) ft. HAIM.mp3"
Taylor Swift - The Story Of Us (Taylor's Version) (Lyric Video),Taylor Swift,Taylor Swift,Single,usuk-pop,https://music.youtube.com/watch?v=pRhWAXg4xek,https://i.ytimg.com/vi/pRhWAXg4xek/maxresdefault.jpg,Taylor Swift/Single/Taylor Swift - The Story Of Us (Taylor's Version) (Lyric Video).mp3
Taylor Swift - Out Of The Woods (Taylor's Version) (Lyric Video),Taylor Swift,Taylor Swift,Single,usuk-pop,https://music.youtube.com/watch?v=gp1MR2WAAXY,https://i.ytimg.com/vi/gp1MR2WAAXY/maxresdefault.jpg,Taylor Swift/Single/Taylor Swift - Out Of The Woods (Taylor's Version) (Lyric Video).mp3
Taylor Swift - Last Kiss (Taylor's Version) (Lyric Video),Taylor Swift,Taylor Swift,Single,usuk-pop,https://music.youtube.com/watch?v=idWma942CUI,https://i.ytimg.com/vi/idWma942CUI/maxresdefault.jpg,Taylor Swift/Single/Taylor Swift - Last Kiss (Taylor's Version) (Lyric Video).mp3
Taylor Swift - New Romantics (Taylor's Version) (Lyric Video),Taylor Swift,Taylor Swift,Single,usuk-pop,https://music.youtube.com/watch?v=3-BcH7KowGE,https://i.ytimg.com/vi/3-BcH7KowGE/maxresdefault.jpg,Taylor Swift/Single/Taylor Swift - New Romantics (Taylor's Version) (Lyric Video).mp3
Taylor Swift - Better Man (Taylor's Version) (From The Vault) (Lyric Video),Taylor Swift,Taylor Swift,Single,usuk-pop,https://music.youtube.com/watch?v=PReSQYTFvcs,https://i.ytimg.com/vi/PReSQYTFvcs/maxresdefault.jpg,Taylor Swift/Single/Taylor Swift - Better Man (Taylor's Version) (From The Vault) (Lyric Video).mp3
Taylor Swift - Question...? (Official Lyric Video),Taylor Swift,Taylor Swift,Single,usuk-pop,https://music.youtube.com/watch?v=xxrf_QBD5DE,https://i.ytimg.com/vi/xxrf_QBD5DE/maxresdefault.jpg,Taylor Swift/Single/Taylor Swift - Question...? (Official Lyric Video).mp3
Taylor Swift - evermore (Official Lyric Video) ft. Bon Iver,Taylor Swift,Taylor Swift,Single,usuk-pop,https://music.youtube.com/watch?v=EXLgZZE072g,https://i.ytimg.com/vi/EXLgZZE072g/maxresdefault.jpg,Taylor Swift/Single/Taylor Swift - evermore (Official Lyric Video) ft. Bon Iver.mp3
Taylor Swift - Sweet Nothing (Official Lyric Video),Taylor Swift,Taylor Swift,Single,usuk-pop,https://music.youtube.com/watch?v=rn0brgg2BpI,https://i.ytimg.com/vi/rn0brgg2BpI/maxresdefault.jpg,Taylor Swift/Single/Taylor Swift - Sweet Nothing (Official Lyric Video).mp3
Taylor Swift - gold rush (Official Lyric Video),Taylor Swift,Taylor Swift,Single,usuk-pop,https://music.youtube.com/watch?v=Pz-f9mM3Ms8,https://i.ytimg.com/vi/Pz-f9mM3Ms8/maxresdefault.jpg,Taylor Swift/Single/Taylor Swift - gold rush (Official Lyric Video).mp3
Taylor Swift - 22 (Taylor's Version) (Lyric Video),Taylor Swift,Taylor Swift,Single,usuk-pop,https://music.youtube.com/watch?v=9boiT64sm0Q,https://i.ytimg.com/vi/9boiT64sm0Q/maxresdefault.jpg,Taylor Swift/Single/Taylor Swift - 22 (Taylor's Version) (Lyric Video).mp3
Taylor Swift - Bigger Than The Whole Sky (Lyric Video),Taylor Swift,Taylor Swift,Single,usuk-pop,https://music.youtube.com/watch?v=l8Tps3PITx4,https://i.ytimg.com/vi/l8Tps3PITx4/maxresdefault.jpg,Taylor Swift/Single/Taylor Swift - Bigger Than The Whole Sky (Lyric Video).mp3
Taylor Swift - Paris (Official Lyric Video),Taylor Swift,Taylor Swift,Single,usuk-pop,https://music.youtube.com/watch?v=ySZGZrcqvr4,https://i.ytimg.com/vi/ySZGZrcqvr4/maxresdefault.jpg,Taylor Swift/Single/Taylor Swift - Paris (Official Lyric Video).mp3
Taylor Swift - False God (Official Audio),Taylor Swift,Taylor Swift,Single,usuk-pop,https://music.youtube.com/watch?v=acQXa5ArHIk,https://i.ytimg.com/vi/acQXa5ArHIk/maxresdefault.jpg,Taylor Swift/Single/Taylor Swift - False God (Official Audio).mp3
betty,Taylor Swift,Taylor Swift,folklore,usuk-pop,https://music.youtube.com/watch?v=gtzCuhDTRzk,https://i.ytimg.com/vi/gtzCuhDTRzk/maxresdefault.jpg,Taylor Swift/folklore/betty.mp3
Nothing New (Taylor's Version) (From The Vault) (Lyric Video),Taylor Swift,Taylor Swift,Single,usuk-pop,https://music.youtube.com/watch?v=m3fWCRvz5JA,https://i.ytimg.com/vi/m3fWCRvz5JA/maxresdefault.jpg,Taylor Swift/Single/Nothing New (Taylor's Version) (From The Vault) (Lyric Video).mp3
Taylor Swift - Suburban Legends (Taylor's Version) (From The Vault) (Lyric Video),Taylor Swift,Taylor Swift,Single,usuk-pop,https://music.youtube.com/watch?v=ZGBPKYbzSXs,https://i.ytimg.com/vi/ZGBPKYbzSXs/maxresdefault.jpg,Taylor Swift/Single/Taylor Swift - Suburban Legends (Taylor's Version) (From The Vault) (Lyric Video).mp3
Taylor Swift - Mean (Taylor's Version) (Lyric Video),Taylor Swift,Taylor Swift,Single,usuk-pop,https://music.youtube.com/watch?v=8AR1dKawCi8,https://i.ytimg.com/vi/8AR1dKawCi8/maxresdefault.jpg,Taylor Swift/Single/Taylor Swift - Mean (Taylor's Version) (Lyric Video).mp3
Taylor Swift - Dear Reader (Official Lyric Video),Taylor Swift,Taylor Swift,Single,usuk-pop,https://music.youtube.com/watch?v=X0Jti9F-oQA,https://i.ytimg.com/vi/X0Jti9F-oQA/maxresdefault.jpg,Taylor Swift/Single/Taylor Swift - Dear Reader (Official Lyric Video).mp3
Taylor Swift - Hey Stephen (Taylor's Version) (Lyric Video),Taylor Swift,Taylor Swift,Single,usuk-pop,https://music.youtube.com/watch?v=tMhiHrL7rPE,https://i.ytimg.com/vi/tMhiHrL7rPE/maxresdefault.jpg,Taylor Swift/Single/Taylor Swift - Hey Stephen (Taylor's Version) (Lyric Video).mp3
Taylor Swift ft. Maren Morris - You All Over Me (From The Vault) (Official Lyric Video),Taylor Swift,Taylor Swift,Single,usuk-pop,https://music.youtube.com/watch?v=XKaMUm7YwZc,https://i.ytimg.com/vi/XKaMUm7YwZc/maxresdefault.jpg,Taylor Swift/Single/Taylor Swift ft. Maren Morris - You All Over Me (From The Vault) (Official Lyric Video).mp3
Taylor Swift - Fifteen (Taylor's Version) (Lyric Video),Taylor Swift,Taylor Swift,Single,usuk-pop,https://music.youtube.com/watch?v=rLCol1C3ouc,https://i.ytimg.com/vi/rLCol1C3ouc/maxresdefault.jpg,Taylor Swift/Single/Taylor Swift - Fifteen (Taylor's Version) (Lyric Video).mp3
Taylor Swift - When Emma Falls in Love (Taylor’s Version) (Lyric Video),Taylor Swift,Taylor Swift,Single,usuk-pop,https://music.youtube.com/watch?v=IYqgVYjN3Go,https://i.ytimg.com/vi/IYqgVYjN3Go/maxresdefault.jpg,Taylor Swift/Single/Taylor Swift - When Emma Falls in Love (Taylor’s Version) (Lyric Video).mp3
Taylor Swift - Robin (Official Lyric Video),Taylor Swift,Taylor Swift,Single,usuk-pop,https://music.youtube.com/watch?v=FQyEZZPbOb0,https://i.ytimg.com/vi/FQyEZZPbOb0/maxresdefault.jpg,Taylor Swift/Single/Taylor Swift - Robin (Official Lyric Video).mp3
Ariana Grande - 7 rings (Official Video),Ariana Grande,Ariana Grande,Single,usuk-pop,https://music.youtube.com/watch?v=QYh6mYIJG2Y,https://i.ytimg.com/vi/QYh6mYIJG2Y/maxresdefault.jpg,Ariana Grande/Single/Ariana Grande - 7 rings (Official Video).mp3
Ariana Grande ft. Nicki Minaj - Side To Side (Official Video) ft. Nicki Minaj,Ariana Grande,Ariana Grande,Single,usuk-pop,https://music.youtube.com/watch?v=SXiSVQZLje8,https://i.ytimg.com/vi/SXiSVQZLje8/maxresdefault.jpg,Ariana Grande/Single/Ariana Grande ft. Nicki Minaj - Side To Side (Official Video) ft. Nicki Minaj.mp3
Ariana Grande - the boy is mine (Official Music Video),Ariana Grande,Ariana Grande,Single,usuk-pop,https://music.youtube.com/watch?v=KwRxeZ9Ro24,https://i.ytimg.com/vi/KwRxeZ9Ro24/maxresdefault.jpg,Ariana Grande/Single/Ariana Grande - the boy is mine (Official Music Video).mp3
Ariana Grande - positions (official video),Ariana Grande,Ariana Grande,Single,usuk-pop,https://music.youtube.com/watch?v=tcYodQoapMg,https://i.ytimg.com/vi/tcYodQoapMg/maxresdefault.jpg,Ariana Grande/Single/Ariana Grande - positions (official video).mp3
Ariana Grande - God is a woman (Official Video),Ariana Grande,Ariana Grande,Single,usuk-pop,https://music.youtube.com/watch?v=kHLHSlExFis,https://i.ytimg.com/vi/kHLHSlExFis/maxresdefault.jpg,Ariana Grande/Single/Ariana Grande - God is a woman (Official Video).mp3
Ariana Grande - we can't be friends (wait for your love) (official music video),Ariana Grande,Ariana Grande,Single,usuk-pop,https://music.youtube.com/watch?v=KNtJGQkC-WI,https://i.ytimg.com/vi/KNtJGQkC-WI/maxresdefault.jpg,Ariana Grande/Single/Ariana Grande - we can't be friends (wait for your love) (official music video).mp3
"Ariana Grande - thank u, next (Official Video)",Ariana Grande,Ariana Grande,Single,usuk-pop,https://music.youtube.com/watch?v=gl1aHhXnN1k,https://i.ytimg.com/vi/gl1aHhXnN1k/maxresdefault.jpg,"Ariana Grande/Single/Ariana Grande - thank u, next (Official Video).mp3"
Ariana Grande - Into You (Official Video),Ariana Grande,Ariana Grande,Single,usuk-pop,https://music.youtube.com/watch?v=1ekZEVeXwek,https://i.ytimg.com/vi/1ekZEVeXwek/maxresdefault.jpg,Ariana Grande/Single/Ariana Grande - Into You (Official Video).mp3
Ariana Grande - Problem ft. Iggy Azalea,Ariana Grande,Ariana Grande,Single,usuk-pop,https://music.youtube.com/watch?v=iS1g8G_njx8,https://i.ytimg.com/vi/iS1g8G_njx8/maxresdefault.jpg,Ariana Grande/Single/Ariana Grande - Problem ft. Iggy Azalea.mp3
The Weeknd & Ariana Grande - Save Your Tears (Remix) (Official Video),Ariana Grande,The Weeknd,Single,usuk-pop,https://music.youtube.com/watch?v=LIIDh-qI9oI,https://i.ytimg.com/vi/LIIDh-qI9oI/maxresdefault.jpg,Ariana Grande/Single/The Weeknd & Ariana Grande - Save Your Tears (Remix) (Official Video).mp3
Ariana Grande - no tears left to cry (Official Video),Ariana Grande,Ariana Grande,Single,usuk-pop,https://music.youtube.com/watch?v=ffxKSjUwKdU,https://i.ytimg.com/vi/ffxKSjUwKdU/maxresdefault.jpg,Ariana Grande/Single/Ariana Grande - no tears left to cry (Official Video).mp3
Ariana Grande - Dangerous Woman (Official Video),Ariana Grande,Ariana Grande,Single,usuk-pop,https://music.youtube.com/watch?v=9WbCfHutDSE,https://i.ytimg.com/vi/9WbCfHutDSE/maxresdefault.jpg,Ariana Grande/Single/Ariana Grande - Dangerous Woman (Official Video).mp3
"Ariana Grande - break up with your girlfriend, i'm bored (Official Video)",Ariana Grande,Ariana Grande,Single,usuk-pop,https://music.youtube.com/watch?v=LH4Y1ZUUx2g,https://i.ytimg.com/vi/LH4Y1ZUUx2g/maxresdefault.jpg,"Ariana Grande/Single/Ariana Grande - break up with your girlfriend, i'm bored (Official Video).mp3"
"Ariana Grande - yes, and? (official music video)",Ariana Grande,Ariana Grande,Single,usuk-pop,https://music.youtube.com/watch?v=eB6txyhHFG4,https://i.ytimg.com/vi/eB6txyhHFG4/maxresdefault.jpg,"Ariana Grande/Single/Ariana Grande - yes, and? (official music video).mp3"
"Ariana Grande, The Weeknd - Love Me Harder",Ariana Grande,Ariana Grande,Single,usuk-pop,https://music.youtube.com/watch?v=g5qU7p7yOY8,https://i.ytimg.com/vi/g5qU7p7yOY8/maxresdefault.jpg,"Ariana Grande/Single/Ariana Grande, The Weeknd - Love Me Harder.mp3"
Ariana Grande - pov (official lyric video),Ariana Grande,Ariana Grande,Single,usuk-pop,https://music.youtube.com/watch?v=Cvofj7K_5Iw,https://i.ytimg.com/vi/Cvofj7K_5Iw/maxresdefault.jpg,Ariana Grande/Single/Ariana Grande - pov (official lyric video).mp3
Ariana Grande - 34+35 (official lyric video),Ariana Grande,Ariana Grande,Single,usuk-pop,https://music.youtube.com/watch?v=cnyCcF20pRo,https://i.ytimg.com/vi/cnyCcF20pRo/maxresdefault.jpg,Ariana Grande/Single/Ariana Grande - 34+35 (official lyric video).mp3
Ariana Grande & Justin Bieber - Stuck with U,Ariana Grande,Ariana Grande,Single,usuk-pop,https://music.youtube.com/watch?v=pE49WK-oNjU,https://i.ytimg.com/vi/pE49WK-oNjU/maxresdefault.jpg,Ariana Grande/Single/Ariana Grande & Justin Bieber - Stuck with U.mp3
"Ariana Grande, Doja Cat - motive (official audio)",Ariana Grande,Ariana Grande,Single,usuk-pop,https://music.youtube.com/watch?v=Lj4-SIa9bbk,https://i.ytimg.com/vi/Lj4-SIa9bbk/maxresdefault.jpg,"Ariana Grande/Single/Ariana Grande, Doja Cat - motive (official audio).mp3"
"Lady Gaga, Ariana Grande - Rain On Me (Official Music Video)",Ariana Grande,Lady Gaga,Single,usuk-pop,https://music.youtube.com/watch?v=AoAm4om0wTs,https://i.ytimg.com/vi/AoAm4om0wTs/maxresdefault.jpg,"Ariana Grande/Single/Lady Gaga, Ariana Grande - Rain On Me (Official Music Video).mp3"
Ariana Grande - imagine (lyric video),Ariana Grande,Ariana Grande,Single,usuk-pop,https://music.youtube.com/watch?v=7_rftpd0u0U,https://i.ytimg.com/vi/7_rftpd0u0U/maxresdefault.jpg,Ariana Grande/Single/Ariana Grande - imagine (lyric video).mp3
Ariana Grande - needy (Audio),Ariana Grande,Ariana Grande,Single,usuk-pop,https://music.youtube.com/watch?v=Km__cJEJ3JI,https://i.ytimg.com/vi/Km__cJEJ3JI/maxresdefault.jpg,Ariana Grande/Single/Ariana Grande - needy (Audio).mp3
Ariana Grande - breathin,Ariana Grande,Ariana Grande,Single,usuk-pop,https://music.youtube.com/watch?v=kN0iD0pI3o0,https://i.ytimg.com/vi/kN0iD0pI3o0/maxresdefault.jpg,Ariana Grande/Single/Ariana Grande - breathin.mp3
Ariana Grande - NASA (Official Audio),Ariana Grande,Ariana Grande,Single,usuk-pop,https://music.youtube.com/watch?v=-_aGvdfLTKY,https://i.ytimg.com/vi/-_aGvdfLTKY/maxresdefault.jpg,Ariana Grande/Single/Ariana Grande - NASA (Official Audio).mp3
Ariana Grande - goodnight n go (Official Audio),Ariana Grande,Ariana Grande,Single,usuk-pop,https://music.youtube.com/watch?v=sXJ2hajo6rw,https://i.ytimg.com/vi/sXJ2hajo6rw/maxresdefault.jpg,Ariana Grande/Single/Ariana Grande - goodnight n go (Official Audio).mp3
Ariana Grande - six thirty (official audio),Ariana Grande,Ariana Grande,Single,usuk-pop,https://music.youtube.com/watch?v=u7GAXfrajHc,https://i.ytimg.com/vi/u7GAXfrajHc/maxresdefault.jpg,Ariana Grande/Single/Ariana Grande - six thirty (official audio).mp3
Ariana Grande - bad idea (Audio),Ariana Grande,Ariana Grande,Single,usuk-pop,https://music.youtube.com/watch?v=m7XHduHsBvk,https://i.ytimg.com/vi/m7XHduHsBvk/maxresdefault.jpg,Ariana Grande/Single/Ariana Grande - bad idea (Audio).mp3
Ariana Grande - fake smile (Official Audio),Ariana Grande,Ariana Grande,Single,usuk-pop,https://music.youtube.com/watch?v=XTZigwkcJhw,https://i.ytimg.com/vi/XTZigwkcJhw/maxresdefault.jpg,Ariana Grande/Single/Ariana Grande - fake smile (Official Audio).mp3
Ariana Grande - the light is coming ft. Nicki Minaj,Ariana Grande,Ariana Grande,Single,usuk-pop,https://music.youtube.com/watch?v=OQitfe8u7i4,https://i.ytimg.com/vi/OQitfe8u7i4/maxresdefault.jpg,Ariana Grande/Single/Ariana Grande - the light is coming ft. Nicki Minaj.mp3
What Is This Feeling?,Ariana Grande,"Ariana Grande, Cynthia Erivo",Wicked: The Soundtrack,usuk-pop,https://music.youtube.com/watch?v=K9pmOxDdq20,https://i.ytimg.com/vi/K9pmOxDdq20/maxresdefault.jpg,Ariana Grande/Wicked_ The Soundtrack/What Is This Feeling?.mp3
Ariana Grande - Sweetener (Audio),Ariana Grande,Ariana Grande,Single,usuk-pop,https://music.youtube.com/watch?v=6vay5SgNPpk,https://i.ytimg.com/vi/6vay5SgNPpk/maxresdefault.jpg,Ariana Grande/Single/Ariana Grande - Sweetener (Audio).mp3
Ariana Grande - bloodline (Audio),Ariana Grande,Ariana Grande,Single,usuk-pop,https://music.youtube.com/watch?v=uKqRAC-JNOM,https://i.ytimg.com/vi/uKqRAC-JNOM/maxresdefault.jpg,Ariana Grande/Single/Ariana Grande - bloodline (Audio).mp3
Ariana Grande - in my head (Official Audio),Ariana Grande,Ariana Grande,Single,usuk-pop,https://music.youtube.com/watch?v=6GcpNvYFMGE,https://i.ytimg.com/vi/6GcpNvYFMGE/maxresdefault.jpg,Ariana Grande/Single/Ariana Grande - in my head (Official Audio).mp3
Ariana Grande - R.E.M. (Official Audio),Ariana Grande,Ariana Grande,Single,usuk-pop,https://music.youtube.com/watch?v=AVPEP_KSldA,https://i.ytimg.com/vi/AVPEP_KSldA/maxresdefault.jpg,Ariana Grande/Single/Ariana Grande - R.E.M. (Official Audio).mp3
Ariana Grande - Santa Tell Me (Official Video),Ariana Grande,Ariana Grande,Single,usuk-pop,https://music.youtube.com/watch?v=nlR0MkrRklg,https://i.ytimg.com/vi/nlR0MkrRklg/maxresdefault.jpg,Ariana Grande/Single/Ariana Grande - Santa Tell Me (Official Video).mp3
Ariana Grande - Break Free (Official Video) ft. Zedd,Ariana Grande,Ariana Grande,Single,usuk-pop,https://music.youtube.com/watch?v=L8eRzOYhLuw,https://i.ytimg.com/vi/L8eRzOYhLuw/maxresdefault.jpg,Ariana Grande/Single/Ariana Grande - Break Free (Official Video) ft. Zedd.mp3
Ariana Grande - The Way (Official Video) ft. Mac Miller,Ariana Grande,Ariana Grande,Single,usuk-pop,https://music.youtube.com/watch?v=_sV0S8qWSy0,https://i.ytimg.com/vi/_sV0S8qWSy0/maxresdefault.jpg,Ariana Grande/Single/Ariana Grande - The Way (Official Video) ft. Mac Miller.mp3
Ariana Grande - One Last Time (Official Video),Ariana Grande,Ariana Grande,Single,usuk-pop,https://music.youtube.com/watch?v=BPgEgaPk62M,https://i.ytimg.com/vi/BPgEgaPk62M/maxresdefault.jpg,Ariana Grande/Single/Ariana Grande - One Last Time (Official Video).mp3
Popular,Ariana Grande,Ariana Grande,Wicked: The Soundtrack,usuk-pop,https://music.youtube.com/watch?v=rpFXOD_olvY,https://i.ytimg.com/vi/rpFXOD_olvY/maxresdefault.jpg,Ariana Grande/Wicked_ The Soundtrack/Popular.mp3
Ariana Grande - Right There (Official Video) ft. Big Sean,Ariana Grande,Ariana Grande,Single,usuk-pop,https://music.youtube.com/watch?v=fhcpubAVdmc,https://i.ytimg.com/vi/fhcpubAVdmc/maxresdefault.jpg,Ariana Grande/Single/Ariana Grande - Right There (Official Video) ft. Big Sean.mp3
Ariana Grande - Let Me Love You ft. Lil Wayne (Official Video),Ariana Grande,Ariana Grande,Single,usuk-pop,https://music.youtube.com/watch?v=5WL672bjJgM,https://i.ytimg.com/vi/5WL672bjJgM/maxresdefault.jpg,Ariana Grande/Single/Ariana Grande - Let Me Love You ft. Lil Wayne (Official Video).mp3
Ariana Grande - Be Alright (Official Audio),Ariana Grande,Ariana Grande,Single,usuk-pop,https://music.youtube.com/watch?v=eBAHqRnSgRw,https://i.ytimg.com/vi/eBAHqRnSgRw/maxresdefault.jpg,Ariana Grande/Single/Ariana Grande - Be Alright (Official Audio).mp3
Ariana Grande - Focus (Official Video),Ariana Grande,Ariana Grande,Single,usuk-pop,https://music.youtube.com/watch?v=lf_wVfwpfp8,https://i.ytimg.com/vi/lf_wVfwpfp8/maxresdefault.jpg,Ariana Grande/Single/Ariana Grande - Focus (Official Video).mp3
Ariana Grande - Everyday (Official Video) ft. Future,Ariana Grande,Ariana Grande,Single,usuk-pop,https://music.youtube.com/watch?v=oHmBf4ExtZk,https://i.ytimg.com/vi/oHmBf4ExtZk/maxresdefault.jpg,Ariana Grande/Single/Ariana Grande - Everyday (Official Video) ft. Future.mp3
Greedy,Ariana Grande,Ariana Grande,Dangerous Woman,usuk-pop,https://music.youtube.com/watch?v=oa11bHIZNaE,https://i.ytimg.com/vi/oa11bHIZNaE/maxresdefault.jpg,Ariana Grande/Dangerous Woman/Greedy.mp3
Touch It,Ariana Grande,Ariana Grande,Dangerous Woman,usuk-pop,https://music.youtube.com/watch?v=hNRjI_biB18,https://i.ytimg.com/vi/hNRjI_biB18/maxresdefault.jpg,Ariana Grande/Dangerous Woman/Touch It.mp3
My Everything,Ariana Grande,Ariana Grande,My Everything,usuk-pop,https://music.youtube.com/watch?v=HxWSDUC-KTU,https://i.ytimg.com/vi/HxWSDUC-KTU/maxresdefault.jpg,Ariana Grande/My Everything/My Everything.mp3
Dua Lipa - Training Season (Official Music Video),Dua Lipa,Dua Lipa,Single,usuk-pop,https://music.youtube.com/watch?v=ZjBZ8MUnB0E,https://i.ytimg.com/vi/ZjBZ8MUnB0E/maxresdefault.jpg,Dua Lipa/Single/Dua Lipa - Training Season (Official Music Video).mp3
Dua Lipa - Levitating Featuring DaBaby (Official Music Video),Dua Lipa,Dua Lipa,Single,usuk-pop,https://music.youtube.com/watch?v=TUVcZfQe-Kw,https://i.ytimg.com/vi/TUVcZfQe-Kw/sddefault.jpg?v=654d72e5,Dua Lipa/Single/Dua Lipa - Levitating Featuring DaBaby (Official Music Video).mp3
"Calvin Harris, Dua Lipa - One Kiss (Official Video)",Dua Lipa,Calvin Harris,Single,usuk-pop,https://music.youtube.com/watch?v=DkeiKbqa02g,https://i.ytimg.com/vi/DkeiKbqa02g/maxresdefault.jpg,"Dua Lipa/Single/Calvin Harris, Dua Lipa - One Kiss (Official Video).mp3"
Dua Lipa - Don't Start Now (Official Music Video),Dua Lipa,Dua Lipa,Single,usuk-pop,https://music.youtube.com/watch?v=oygrmJFKYZY,https://i.ytimg.com/vi/oygrmJFKYZY/maxresdefault.jpg,Dua Lipa/Single/Dua Lipa - Don't Start Now (Official Music Video).mp3
Dua Lipa - Physical (Official Video),Dua Lipa,Dua Lipa,Single,usuk-pop,https://music.youtube.com/watch?v=9HDEHj2yzew,https://i.ytimg.com/vi/9HDEHj2yzew/sddefault.jpg?v=654d7324,Dua Lipa/Single/Dua Lipa - Physical (Official Video).mp3
Dua Lipa - Be The One (Official Music Video),Dua Lipa,Dua Lipa,Single,usuk-pop,https://music.youtube.com/watch?v=-rey3m8SWQI,https://i.ytimg.com/vi/-rey3m8SWQI/sddefault.jpg,Dua Lipa/Single/Dua Lipa - Be The One (Official Music Video).mp3
Dua Lipa - Houdini (Official Music Video),Dua Lipa,Dua Lipa,Single,usuk-pop,https://music.youtube.com/watch?v=suAR1PYFNYA,https://i.ytimg.com/vi/suAR1PYFNYA/maxresdefault.jpg,Dua Lipa/Single/Dua Lipa - Houdini (Official Music Video).mp3
Dua Lipa - New Rules (Official Music Video),Dua Lipa,Dua Lipa,Single,usuk-pop,https://music.youtube.com/watch?v=k2qgadSvNyU,https://i.ytimg.com/vi/k2qgadSvNyU/sddefault.jpg,Dua Lipa/Single/Dua Lipa - New Rules (Official Music Video).mp3
Dua Lipa - Love Again (Official Music Video),Dua Lipa,Dua Lipa,Single,usuk-pop,https://music.youtube.com/watch?v=BC19kwABFwc,https://i.ytimg.com/vi/BC19kwABFwc/maxresdefault.jpg,Dua Lipa/Single/Dua Lipa - Love Again (Official Music Video).mp3
Dua Lipa - Illusion (Official Music Video),Dua Lipa,Dua Lipa,Single,usuk-pop,https://music.youtube.com/watch?v=a9cyG_yfh1k,https://i.ytimg.com/vi/a9cyG_yfh1k/maxresdefault.jpg,Dua Lipa/Single/Dua Lipa - Illusion (Official Music Video).mp3
Dua Lipa - Dance The Night (From Barbie The Album) [Official Music Video],Dua Lipa,Dua Lipa,Single,usuk-pop,https://music.youtube.com/watch?v=OiC1rgCPmUQ,https://i.ytimg.com/vi/OiC1rgCPmUQ/maxresdefault.jpg,Dua Lipa/Single/Dua Lipa - Dance The Night (From Barbie The Album) [Official Music Video].mp3
Dua Lipa - Break My Heart (Official Video),Dua Lipa,Dua Lipa,Single,usuk-pop,https://music.youtube.com/watch?v=Nj2U6rhnucI,https://i.ytimg.com/vi/Nj2U6rhnucI/sddefault.jpg?v=654d71b5,Dua Lipa/Single/Dua Lipa - Break My Heart (Official Video).mp3
Dua Lipa - These Walls (Official Visualiser),Dua Lipa,Dua Lipa,Single,usuk-pop,https://music.youtube.com/watch?v=1TtvG18iSxY,https://i.ytimg.com/vi/1TtvG18iSxY/maxresdefault.jpg,Dua Lipa/Single/Dua Lipa - These Walls (Official Visualiser).mp3
"Elton John, Dua Lipa - Cold Heart (PNAU Remix) (Official Video)",Dua Lipa,Elton John,Single,usuk-pop,https://music.youtube.com/watch?v=qod03PVTLqk,https://i.ytimg.com/vi/qod03PVTLqk/maxresdefault.jpg,"Dua Lipa/Single/Elton John, Dua Lipa - Cold Heart (PNAU Remix) (Official Video).mp3"
Dua Lipa - Blow Your Mind (Mwah) (Official Video),Dua Lipa,Dua Lipa,Single,usuk-pop,https://music.youtube.com/watch?v=1nydxbGhgv8,https://i.ytimg.com/vi/1nydxbGhgv8/sddefault.jpg,Dua Lipa/Single/Dua Lipa - Blow Your Mind (Mwah) (Official Video).mp3
Dua Lipa - IDGAF (Official Music Video),Dua Lipa,Dua Lipa,Single,usuk-pop,https://music.youtube.com/watch?v=Mgfe5tIwOj0,https://i.ytimg.com/vi/Mgfe5tIwOj0/sddefault.jpg,Dua Lipa/Single/Dua Lipa - IDGAF (Official Music Video).mp3
Martin Garrix & Dua Lipa - Scared To Be Lonely (Official Video),Dua Lipa,Martin Garrix,Single,usuk-pop,https://music.youtube.com/watch?v=e2vBLd5Egnk,https://i.ytimg.com/vi/e2vBLd5Egnk/maxresdefault.jpg,Dua Lipa/Single/Martin Garrix & Dua Lipa - Scared To Be Lonely (Official Video).mp3
"J Balvin, Dua Lipa, Bad Bunny, Tainy - UN DIA (ONE DAY)",Dua Lipa,J Balvin,Single,usuk-pop,https://music.youtube.com/watch?v=BjhW3vBA1QU,https://i.ytimg.com/vi/BjhW3vBA1QU/maxresdefault.jpg,"Dua Lipa/Single/J Balvin, Dua Lipa, Bad Bunny, Tainy - UN DIA (ONE DAY).mp3"
Dua Lipa & BLACKPINK - Kiss and Make Up (Official Audio),Dua Lipa,Dua Lipa,Single,usuk-pop,https://music.youtube.com/watch?v=AX3Bsiq-13k,https://i.ytimg.com/vi/AX3Bsiq-13k/maxresdefault.jpg,Dua Lipa/Single/Dua Lipa & BLACKPINK - Kiss and Make Up (Official Audio).mp3
"Dua Lipa, Angèle - Fever (Official Music Video)",Dua Lipa,Dua Lipa,Single,usuk-pop,https://music.youtube.com/watch?v=vs61OHs2g-w,https://i.ytimg.com/vi/vs61OHs2g-w/sddefault.jpg?v=654d7350,"Dua Lipa/Single/Dua Lipa, Angèle - Fever (Official Music Video).mp3"
"Silk City, Dua Lipa - Electricity (Official Video) ft. Diplo, Mark Ronson",Dua Lipa,Mark Ronson,Single,usuk-pop,https://music.youtube.com/watch?v=Q4-jOuHO-z4,https://i.ytimg.com/vi/Q4-jOuHO-z4/maxresdefault.jpg,"Dua Lipa/Single/Silk City, Dua Lipa - Electricity (Official Video) ft. Diplo, Mark Ronson.mp3"
Megan Thee Stallion & Dua Lipa - Sweetest Pie [Official Video],Dua Lipa,Megan Thee Stallion,Single,usuk-pop,https://music.youtube.com/watch?v=K7JrX7PHGBE,https://i.ytimg.com/vi/K7JrX7PHGBE/maxresdefault.jpg,Dua Lipa/Single/Megan Thee Stallion & Dua Lipa - Sweetest Pie [Official Video].mp3
Miley Cyrus - Prisoner (Official Video) ft. Dua Lipa,Dua Lipa,Miley Cyrus,Single,usuk-pop,https://music.youtube.com/watch?v=0ir1qkPXPVM,https://i.ytimg.com/vi/0ir1qkPXPVM/maxresdefault.jpg,Dua Lipa/Single/Miley Cyrus - Prisoner (Official Video) ft. Dua Lipa.mp3
Dua Lipa - Hotter Than Hell (Official Video),Dua Lipa,Dua Lipa,Single,usuk-pop,https://music.youtube.com/watch?v=fEOyePhElr4,https://i.ytimg.com/vi/fEOyePhElr4/sddefault.jpg,Dua Lipa/Single/Dua Lipa - Hotter Than Hell (Official Video).mp3
Dua Lipa - Hallucinate (Official Music Video),Dua Lipa,Dua Lipa,Single,usuk-pop,https://music.youtube.com/watch?v=qcZ7e9EOQTY,https://i.ytimg.com/vi/qcZ7e9EOQTY/sddefault.jpg?v=654d7253,Dua Lipa/Single/Dua Lipa - Hallucinate (Official Music Video).mp3
Dua Lipa - Lost In Your Light feat. Miguel (Official Video),Dua Lipa,Dua Lipa,Single,usuk-pop,https://music.youtube.com/watch?v=r-AuLm7S3XE,https://i.ytimg.com/vi/r-AuLm7S3XE/sddefault.jpg,Dua Lipa/Single/Dua Lipa - Lost In Your Light feat. Miguel (Official Video).mp3
Calvin Harris - Potion (Official Video) ft Dua Lipa & Young Thug,Dua Lipa,Calvin Harris,Single,usuk-pop,https://music.youtube.com/watch?v=FFV6t4Dl_zQ,https://i.ytimg.com/vi/FFV6t4Dl_zQ/maxresdefault.jpg,Dua Lipa/Single/Calvin Harris - Potion (Official Video) ft Dua Lipa & Young Thug.mp3
Dua Lipa - Pretty Please (Official Lyrics Video),Dua Lipa,Dua Lipa,Single,usuk-pop,https://music.youtube.com/watch?v=ylzhMn6MlVc,https://i.ytimg.com/vi/ylzhMn6MlVc/maxresdefault.jpg,Dua Lipa/Single/Dua Lipa - Pretty Please (Official Lyrics Video).mp3
Dua Lipa - Cool (Official Lyrics Video),Dua Lipa,Dua Lipa,Single,usuk-pop,https://music.youtube.com/watch?v=uY8tAKDVxK8,https://i.ytimg.com/vi/uY8tAKDVxK8/maxresdefault.jpg,Dua Lipa/Single/Dua Lipa - Cool (Official Lyrics Video).mp3
Dua Lipa - Happy For You (Official Visualiser),Dua Lipa,Dua Lipa,Single,usuk-pop,https://music.youtube.com/watch?v=uZ5RcAqYym0,https://i.ytimg.com/vi/uZ5RcAqYym0/sddefault.jpg?v=6644999d,Dua Lipa/Single/Dua Lipa - Happy For You (Official Visualiser).mp3
Dua Lipa - End Of An Era (Official Visualiser),Dua Lipa,Dua Lipa,Single,usuk-pop,https://music.youtube.com/watch?v=hWw3dS2cyLc,https://i.ytimg.com/vi/hWw3dS2cyLc/maxresdefault.jpg,Dua Lipa/Single/Dua Lipa - End Of An Era (Official Visualiser).mp3
Dua Lipa - Whatcha Doing (Official Visualiser),Dua Lipa,Dua Lipa,Single,usuk-pop,https://music.youtube.com/watch?v=7x08rpZtzDg,https://i.ytimg.com/vi/7x08rpZtzDg/maxresdefault.jpg,Dua Lipa/Single/Dua Lipa - Whatcha Doing (Official Visualiser).mp3
High,Dua Lipa,"Whethan, Dua Lipa",Fifty Shades Freed,usuk-pop,https://music.youtube.com/watch?v=a-e9IldjlDE,https://i.ytimg.com/vi/a-e9IldjlDE/maxresdefault.jpg,Dua Lipa/Fifty Shades Freed/High.mp3
Dua Lipa - Boys Will Be Boys (Official Lyrics Video),Dua Lipa,Dua Lipa,Single,usuk-pop,https://music.youtube.com/watch?v=k0QWX2M7W7M,https://i.ytimg.com/vi/k0QWX2M7W7M/maxresdefault.jpg,Dua Lipa/Single/Dua Lipa - Boys Will Be Boys (Official Lyrics Video).mp3
Dua Lipa - Homesick [Album Visual] (Official Audio),Dua Lipa,Dua Lipa,Single,usuk-pop,https://music.youtube.com/watch?v=RLlZHvAcUxM,https://i.ytimg.com/vi/RLlZHvAcUxM/hqdefault.jpg?sqp=-oaymwEmCOADEOgC8quKqQMa8AEB-AHeA4AC4AOKAgwIABABGGUgTChSMA8=&rs=AOn4CLDXPXgD8qDpxZy-9JAteSdUaVn-SA,Dua Lipa/Single/Dua Lipa - Homesick [Album Visual] (Official Audio).mp3
Genesis,Dua Lipa,Dua Lipa,Dua Lipa,usuk-pop,https://music.youtube.com/watch?v=Mc-83EbZspM,https://i.ytimg.com/vi/Mc-83EbZspM/maxresdefault.jpg,Dua Lipa/Dua Lipa/Genesis.mp3
Billie Eilish - LUNCH (Official Music Video),Billie Eilish,Billie Eilish,Single,usuk-pop,https://music.youtube.com/watch?v=MB3VkzPdgLA,https://i.ytimg.com/vi/MB3VkzPdgLA/maxresdefault.jpg,Billie Eilish/Single/Billie Eilish - LUNCH (Official Music Video).mp3
Billie Eilish - bad guy,Billie Eilish,Billie Eilish,Single,usuk-pop,https://music.youtube.com/watch?v=DyDfgMOUjCI,https://i.ytimg.com/vi/DyDfgMOUjCI/maxresdefault.jpg,Billie Eilish/Single/Billie Eilish - bad guy.mp3
Billie Eilish - What Was I Made For? (Official Music Video),Billie Eilish,Billie Eilish,Single,usuk-pop,https://music.youtube.com/watch?v=cW8VLC9nnTo,https://i.ytimg.com/vi/cW8VLC9nnTo/maxresdefault.jpg,Billie Eilish/Single/Billie Eilish - What Was I Made For? (Official Music Video).mp3
Billie Eilish - Happier Than Ever (Official Music Video),Billie Eilish,Billie Eilish,Single,usuk-pop,https://music.youtube.com/watch?v=5GJWxDKyk3A,https://i.ytimg.com/vi/5GJWxDKyk3A/maxresdefault.jpg,Billie Eilish/Single/Billie Eilish - Happier Than Ever (Official Music Video).mp3
Billie Eilish - when the party's over,Billie Eilish,Billie Eilish,Single,usuk-pop,https://music.youtube.com/watch?v=pbMwTqkKSps,https://i.ytimg.com/vi/pbMwTqkKSps/maxresdefault.jpg,Billie Eilish/Single/Billie Eilish - when the party's over.mp3
Billie Eilish - Bored (Official Music Video),Billie Eilish,Billie Eilish,Single,usuk-pop,https://music.youtube.com/watch?v=cnGW8NR-toE,https://i.ytimg.com/vi/cnGW8NR-toE/maxresdefault.jpg,Billie Eilish/Single/Billie Eilish - Bored (Official Music Video).mp3
Billie Eilish - everything i wanted,Billie Eilish,Billie Eilish,Single,usuk-pop,https://music.youtube.com/watch?v=EgBJmlPo8Xw,https://i.ytimg.com/vi/EgBJmlPo8Xw/maxresdefault.jpg,Billie Eilish/Single/Billie Eilish - everything i wanted.mp3
Billie Eilish - TV (Official Lyric Video),Billie Eilish,Billie Eilish,Single,usuk-pop,https://music.youtube.com/watch?v=_JGGLJMpVks,https://i.ytimg.com/vi/_JGGLJMpVks/maxresdefault.jpg,Billie Eilish/Single/Billie Eilish - TV (Official Lyric Video).mp3
Billie Eilish - Lost Cause (Official Music Video),Billie Eilish,Billie Eilish,Single,usuk-pop,https://music.youtube.com/watch?v=S2dRcipMCpw,https://i.ytimg.com/vi/S2dRcipMCpw/maxresdefault.jpg,Billie Eilish/Single/Billie Eilish - Lost Cause (Official Music Video).mp3
Billie Eilish - Therefore I Am (Official Music Video),Billie Eilish,Billie Eilish,Single,usuk-pop,https://music.youtube.com/watch?v=RUQl6YcMalg,https://i.ytimg.com/vi/RUQl6YcMalg/maxresdefault.jpg,Billie Eilish/Single/Billie Eilish - Therefore I Am (Official Music Video).mp3
Billie Eilish - ocean eyes (Official Music Video),Billie Eilish,Billie Eilish,Single,usuk-pop,https://music.youtube.com/watch?v=viimfQi_pUw,https://i.ytimg.com/vi/viimfQi_pUw/maxresdefault.jpg,Billie Eilish/Single/Billie Eilish - ocean eyes (Official Music Video).mp3
Billie Eilish - Your Power (Official Music Video),Billie Eilish,Billie Eilish,Single,usuk-pop,https://music.youtube.com/watch?v=fzeWc3zh01g,https://i.ytimg.com/vi/fzeWc3zh01g/maxresdefault.jpg,Billie Eilish/Single/Billie Eilish - Your Power (Official Music Video).mp3
Billie Eilish - all the good girls go to hell,Billie Eilish,Billie Eilish,Single,usuk-pop,https://music.youtube.com/watch?v=-PZsSWwc9xA,https://i.ytimg.com/vi/-PZsSWwc9xA/maxresdefault.jpg,Billie Eilish/Single/Billie Eilish - all the good girls go to hell.mp3
Billie Eilish - The 30th (Official Lyric Video),Billie Eilish,Billie Eilish,Single,usuk-pop,https://music.youtube.com/watch?v=onT3z0lCZz8,https://i.ytimg.com/vi/onT3z0lCZz8/maxresdefault.jpg,Billie Eilish/Single/Billie Eilish - The 30th (Official Lyric Video).mp3
"Billie Eilish, Khalid - lovely",Billie Eilish,Billie Eilish,Single,usuk-pop,https://music.youtube.com/watch?v=V1Pl8CzNzCw,https://i.ytimg.com/vi/V1Pl8CzNzCw/maxresdefault.jpg,"Billie Eilish/Single/Billie Eilish, Khalid - lovely.mp3"
Billie Eilish - NDA (Official Music Video),Billie Eilish,Billie Eilish,Single,usuk-pop,https://music.youtube.com/watch?v=OORBa32WFcM,https://i.ytimg.com/vi/OORBa32WFcM/maxresdefault.jpg,Billie Eilish/Single/Billie Eilish - NDA (Official Music Video).mp3
Billie Eilish - you should see me in a crown (Vertical Video),Billie Eilish,Billie Eilish,Single,usuk-pop,https://music.youtube.com/watch?v=Ah0Ys50CqO8,https://i.ytimg.com/vi/Ah0Ys50CqO8/maxresdefault.jpg,Billie Eilish/Single/Billie Eilish - you should see me in a crown (Vertical Video).mp3
Billie Eilish - Male Fantasy (Official Music Video),Billie Eilish,Billie Eilish,Single,usuk-pop,https://music.youtube.com/watch?v=G_BhUxx-cwk,https://i.ytimg.com/vi/G_BhUxx-cwk/maxresdefault.jpg,Billie Eilish/Single/Billie Eilish - Male Fantasy (Official Music Video).mp3
Billie Eilish - bury a friend,Billie Eilish,Billie Eilish,Single,usuk-pop,https://music.youtube.com/watch?v=HUHC9tYz8ik,https://i.ytimg.com/vi/HUHC9tYz8ik/maxresdefault.jpg,Billie Eilish/Single/Billie Eilish - bury a friend.mp3
Billie Eilish - Bellyache (Official Music Video),Billie Eilish,Billie Eilish,Single,usuk-pop,https://music.youtube.com/watch?v=gBRi6aZJGj4,https://i.ytimg.com/vi/gBRi6aZJGj4/maxresdefault.jpg,Billie Eilish/Single/Billie Eilish - Bellyache (Official Music Video).mp3
Billie Eilish - I Didn’t Change My Number (Official Lyric Video),Billie Eilish,Billie Eilish,Single,usuk-pop,https://music.youtube.com/watch?v=FP-IopSHomc,https://i.ytimg.com/vi/FP-IopSHomc/maxresdefault.jpg,Billie Eilish/Single/Billie Eilish - I Didn’t Change My Number (Official Lyric Video).mp3
Billie Eilish - Billie Bossa Nova (Official Lyric Video),Billie Eilish,Billie Eilish,Single,usuk-pop,https://music.youtube.com/watch?v=4tZ969oc-yI,https://i.ytimg.com/vi/4tZ969oc-yI/maxresdefault.jpg,Billie Eilish/Single/Billie Eilish - Billie Bossa Nova (Official Lyric Video).mp3
wish you were gay,Billie Eilish,Billie Eilish,"WHEN WE ALL FALL ASLEEP, WHERE DO WE GO?",usuk-pop,https://music.youtube.com/watch?v=z0_zOC20jbM,https://i.ytimg.com/vi/z0_zOC20jbM/maxresdefault.jpg,"Billie Eilish/WHEN WE ALL FALL ASLEEP, WHERE DO WE GO?/wish you were gay.mp3"
Billie Eilish - idontwannabeyouanymore (Official Vertical Video),Billie Eilish,Billie Eilish,Single,usuk-pop,https://music.youtube.com/watch?v=-tn2S3kJlyU,https://i.ytimg.com/vi/-tn2S3kJlyU/maxresdefault.jpg,Billie Eilish/Single/Billie Eilish - idontwannabeyouanymore (Official Vertical Video).mp3
Billie Eilish - my future,Billie Eilish,Billie Eilish,Single,usuk-pop,https://music.youtube.com/watch?v=Dm9Zf1WYQ_A,https://i.ytimg.com/vi/Dm9Zf1WYQ_A/maxresdefault.jpg,Billie Eilish/Single/Billie Eilish - my future.mp3
Billie Eilish - Halley’s Comet (Official Lyric Video),Billie Eilish,Billie Eilish,Single,usuk-pop,https://music.youtube.com/watch?v=geUYm3f6ZA4,https://i.ytimg.com/vi/geUYm3f6ZA4/maxresdefault.jpg,Billie Eilish/Single/Billie Eilish - Halley’s Comet (Official Lyric Video).mp3
Billie Eilish - WHEN I WAS OLDER (Music Inspired By The Film ROMA/Audio),Billie Eilish,Billie Eilish,Single,usuk-pop,https://music.youtube.com/watch?v=0I4fD49Gbck,https://i.ytimg.com/vi/0I4fD49Gbck/maxresdefault.jpg,Billie Eilish/Single/Billie Eilish - WHEN I WAS OLDER (Music Inspired By The Film ROMA_Audio).mp3
"Billie Eilish, Vince Staples - &burn (Official Audio)",Billie Eilish,Billie Eilish,Single,usuk-pop,https://music.youtube.com/watch?v=BbQlBOHwZz8,https://i.ytimg.com/vi/BbQlBOHwZz8/maxresdefault.jpg,"Billie Eilish/Single/Billie Eilish, Vince Staples - &burn (Official Audio).mp3"
Billie Eilish - GOLDWING (Official Lyric Video),Billie Eilish,Billie Eilish,Single,usuk-pop,https://music.youtube.com/watch?v=JpL7scu-EmY,https://i.ytimg.com/vi/JpL7scu-EmY/maxresdefault.jpg,Billie Eilish/Single/Billie Eilish - GOLDWING (Official Lyric Video).mp3
Billie Eilish - xanny,Billie Eilish,Billie Eilish,Single,usuk-pop,https://music.youtube.com/watch?v=LZyybvVx-js,https://i.ytimg.com/vi/LZyybvVx-js/maxresdefault.jpg,Billie Eilish/Single/Billie Eilish - xanny.mp3
Billie Eilish - No Time To Die,Billie Eilish,Billie Eilish,Single,usuk-pop,https://music.youtube.com/watch?v=BboMpayJomw,https://i.ytimg.com/vi/BboMpayJomw/maxresdefault.jpg,Billie Eilish/Single/Billie Eilish - No Time To Die.mp3
Billie Eilish - COPYCAT (Official Audio),Billie Eilish,Billie Eilish,Single,usuk-pop,https://music.youtube.com/watch?v=ebb5AinKxWI,https://i.ytimg.com/vi/ebb5AinKxWI/maxresdefault.jpg,Billie Eilish/Single/Billie Eilish - COPYCAT (Official Audio).mp3
Billie Eilish - Oxytocin (Official Lyric Video),Billie Eilish,Billie Eilish,Single,usuk-pop,https://music.youtube.com/watch?v=Fcd8UbutjIg,https://i.ytimg.com/vi/Fcd8UbutjIg/maxresdefault.jpg,Billie Eilish/Single/Billie Eilish - Oxytocin (Official Lyric Video).mp3
my strange addiction,Billie Eilish,Billie Eilish,"WHEN WE ALL FALL ASLEEP, WHERE DO WE GO?",usuk-pop,https://music.youtube.com/watch?v=k1ATPhkVWi0,https://i.ytimg.com/vi/k1ATPhkVWi0/maxresdefault.jpg,"Billie Eilish/WHEN WE ALL FALL ASLEEP, WHERE DO WE GO?/my strange addiction.mp3"
Billie Eilish - bitches broken hearts (Official Audio),Billie Eilish,Billie Eilish,Single,usuk-pop,https://music.youtube.com/watch?v=qpQSjf-0Lc8,https://i.ytimg.com/vi/qpQSjf-0Lc8/maxresdefault.jpg,Billie Eilish/Single/Billie Eilish - bitches broken hearts (Official Audio).mp3
Billie Eilish - party favor (Official Audio),Billie Eilish,Billie Eilish,Single,usuk-pop,https://music.youtube.com/watch?v=tGHTOVw6F4Q,https://i.ytimg.com/vi/tGHTOVw6F4Q/maxresdefault.jpg,Billie Eilish/Single/Billie Eilish - party favor (Official Audio).mp3
i love you,Billie Eilish,Billie Eilish,"WHEN WE ALL FALL ASLEEP, WHERE DO WE GO?",usuk-pop,https://music.youtube.com/watch?v=WiinVuzh4DA,https://i.ytimg.com/vi/WiinVuzh4DA/maxresdefault.jpg,"Billie Eilish/WHEN WE ALL FALL ASLEEP, WHERE DO WE GO?/i love you.mp3"
Billie Eilish - come out and play (Official Audio),Billie Eilish,Billie Eilish,Single,usuk-pop,https://music.youtube.com/watch?v=xXFdnHiGwos,https://i.ytimg.com/vi/xXFdnHiGwos/maxresdefault.jpg,Billie Eilish/Single/Billie Eilish - come out and play (Official Audio).mp3
Billie Eilish - watch (Official Music Video),Billie Eilish,Billie Eilish,Single,usuk-pop,https://music.youtube.com/watch?v=9dobJDxPEzM,https://i.ytimg.com/vi/9dobJDxPEzM/maxresdefault.jpg,Billie Eilish/Single/Billie Eilish - watch (Official Music Video).mp3
"Billie Eilish, ROSALÍA - Lo Vas A Olvidar (Official Music Video)",Billie Eilish,Billie Eilish,Single,usuk-pop,https://music.youtube.com/watch?v=8TsWkuWWXgc,https://i.ytimg.com/vi/8TsWkuWWXgc/maxresdefault.jpg,"Billie Eilish/Single/Billie Eilish, ROSALÍA - Lo Vas A Olvidar (Official Music Video).mp3"
Billie Eilish - ilomilo (Official Audio),Billie Eilish,Billie Eilish,Single,usuk-pop,https://music.youtube.com/watch?v=-e7wiyNO2us,https://i.ytimg.com/vi/-e7wiyNO2us/maxresdefault.jpg,Billie Eilish/Single/Billie Eilish - ilomilo (Official Audio).mp3
8,Billie Eilish,Billie Eilish,"WHEN WE ALL FALL ASLEEP, WHERE DO WE GO?",usuk-pop,https://music.youtube.com/watch?v=OZYd9JxithE,https://i.ytimg.com/vi/OZYd9JxithE/maxresdefault.jpg,"Billie Eilish/WHEN WE ALL FALL ASLEEP, WHERE DO WE GO?/8.mp3"
Billie Eilish - Six Feet Under,Billie Eilish,Billie Eilish,Single,usuk-pop,https://music.youtube.com/watch?v=FQ0iq10ULNA,https://i.ytimg.com/vi/FQ0iq10ULNA/maxresdefault.jpg,Billie Eilish/Single/Billie Eilish - Six Feet Under.mp3
goodbye,Billie Eilish,Billie Eilish,"WHEN WE ALL FALL ASLEEP, WHERE DO WE GO?",usuk-pop,https://music.youtube.com/watch?v=vciZvVJyNYU,https://i.ytimg.com/vi/vciZvVJyNYU/maxresdefault.jpg,"Billie Eilish/WHEN WE ALL FALL ASLEEP, WHERE DO WE GO?/goodbye.mp3"
Adele - Rolling in the Deep (Official Music Video),Adele,Adele,Single,usuk-pop,https://music.youtube.com/watch?v=rYEDA3JcQqw,https://i.ytimg.com/vi/rYEDA3JcQqw/maxresdefault.jpg,Adele/Single/Adele - Rolling in the Deep (Official Music Video).mp3
Adele - Easy On Me (Official Video),Adele,Adele,Single,usuk-pop,https://music.youtube.com/watch?v=U3ASj1L6_sY,https://i.ytimg.com/vi/U3ASj1L6_sY/maxresdefault.jpg,Adele/Single/Adele - Easy On Me (Official Video).mp3
Set Fire to the Rain,Adele,Adele,21,usuk-pop,https://music.youtube.com/watch?v=a2giXO6eyuI,https://i.ytimg.com/vi/a2giXO6eyuI/maxresdefault.jpg,Adele/21/Set Fire to the Rain.mp3
Adele - Oh My God (Official Video),Adele,Adele,Single,usuk-pop,https://music.youtube.com/watch?v=niG3YMU6jFk,https://i.ytimg.com/vi/niG3YMU6jFk/maxresdefault.jpg,Adele/Single/Adele - Oh My God (Official Video).mp3
Adele - Hello (Official Music Video),Adele,Adele,Single,usuk-pop,https://music.youtube.com/watch?v=YQHsXMglC9A,https://i.ytimg.com/vi/YQHsXMglC9A/maxresdefault.jpg,Adele/Single/Adele - Hello (Official Music Video).mp3
Adele - Someone Like You (Official Music Video),Adele,Adele,Single,usuk-pop,https://music.youtube.com/watch?v=hLQl3WQQoQ0,https://i.ytimg.com/vi/hLQl3WQQoQ0/maxresdefault.jpg,Adele/Single/Adele - Someone Like You (Official Music Video).mp3
Adele - Chasing Pavements (Official Music Video),Adele,Adele,Single,usuk-pop,https://music.youtube.com/watch?v=08DjMT-qR9g,https://i.ytimg.com/vi/08DjMT-qR9g/maxresdefault.jpg,Adele/Single/Adele - Chasing Pavements (Official Music Video).mp3
Adele - Skyfall (Official Lyric Video),Adele,Adele,Single,usuk-pop,https://music.youtube.com/watch?v=DeumyOzKqgI,https://i.ytimg.com/vi/DeumyOzKqgI/maxresdefault.jpg,Adele/Single/Adele - Skyfall (Official Lyric Video).mp3
Adele - I Drink Wine (Official Video),Adele,Adele,Single,usuk-pop,https://music.youtube.com/watch?v=jDvYDzFOK9A,https://i.ytimg.com/vi/jDvYDzFOK9A/maxresdefault.jpg,Adele/Single/Adele - I Drink Wine (Official Video).mp3
Adele - Hometown Glory (Official Music Video),Adele,Adele,Single,usuk-pop,https://music.youtube.com/watch?v=BW9Fzwuf43c,https://i.ytimg.com/vi/BW9Fzwuf43c/maxresdefault.jpg,Adele/Single/Adele - Hometown Glory (Official Music Video).mp3
Adele - Send My Love (To Your New Lover),Adele,Adele,Single,usuk-pop,https://music.youtube.com/watch?v=fk4BbF7B29w,https://i.ytimg.com/vi/fk4BbF7B29w/maxresdefault.jpg,Adele/Single/Adele - Send My Love (To Your New Lover).mp3
Adele - Cold Shoulder (Official Video),Adele,XL Recordings,Single,usuk-pop,https://music.youtube.com/watch?v=uGwH-x4VoH8,https://i.ytimg.com/vi/uGwH-x4VoH8/maxresdefault.jpg,Adele/Single/Adele - Cold Shoulder (Official Video).mp3
Adele - To Be Loved (Official Lyric Video),Adele,Adele,Single,usuk-pop,https://music.youtube.com/watch?v=_dlExeOyFh4,https://i.ytimg.com/vi/_dlExeOyFh4/maxresdefault.jpg,Adele/Single/Adele - To Be Loved (Official Lyric Video).mp3
Rumour Has It,Adele,Adele,21,usuk-pop,https://music.youtube.com/watch?v=C1G3jmtoOfk,https://i.ytimg.com/vi/C1G3jmtoOfk/maxresdefault.jpg,Adele/21/Rumour Has It.mp3
Make You Feel My Love,Adele,Adele,19,usuk-pop,https://music.youtube.com/watch?v=9IzKueQ2ZxY,https://i.ytimg.com/vi/9IzKueQ2ZxY/maxresdefault.jpg,Adele/19/Make You Feel My Love.mp3
When We Were Young,Adele,Adele,25,usuk-pop,https://music.youtube.com/watch?v=a1IuJLebHgM,https://i.ytimg.com/vi/a1IuJLebHgM/maxresdefault.jpg,Adele/25/When We Were Young.mp3
Adele - Can I Get It (Official Lyric Video),Adele,Adele,Single,usuk-pop,https://music.youtube.com/watch?v=w6VpznmUoaM,https://i.ytimg.com/vi/w6VpznmUoaM/maxresdefault.jpg,Adele/Single/Adele - Can I Get It (Official Lyric Video).mp3
Turning Tables,Adele,Adele,21,usuk-pop,https://music.youtube.com/watch?v=3SojhAemf34,https://i.ytimg.com/vi/3SojhAemf34/maxresdefault.jpg,Adele/21/Turning Tables.mp3
Water Under the Bridge,Adele,Adele,25,usuk-pop,https://music.youtube.com/watch?v=l8djdhhFuxo,https://i.ytimg.com/vi/l8djdhhFuxo/maxresdefault.jpg,Adele/25/Water Under the Bridge.mp3
All I Ask,Adele,Adele,25,usuk-pop,https://music.youtube.com/watch?v=jb5g4UFHmfQ,https://i.ytimg.com/vi/jb5g4UFHmfQ/maxresdefault.jpg,Adele/25/All I Ask.mp3
Adele - Hold On (Official Lyric Video),Adele,Adele,Single,usuk-pop,https://music.youtube.com/watch?v=yoHS2T32Z5o,https://i.ytimg.com/vi/yoHS2T32Z5o/maxresdefault.jpg,Adele/Single/Adele - Hold On (Official Lyric Video).mp3
Lovesong,Adele,Adele,21,usuk-pop,https://music.youtube.com/watch?v=naUqWQ-of6o,https://i.ytimg.com/vi/naUqWQ-of6o/maxresdefault.jpg,Adele/21/Lovesong.mp3
Remedy,Adele,Adele,25,usuk-pop,https://music.youtube.com/watch?v=-fsCc7Be1H0,https://i.ytimg.com/vi/-fsCc7Be1H0/maxresdefault.jpg,Adele/25/Remedy.mp3
Daydreamer,Adele,Adele,19,usuk-pop,https://music.youtube.com/watch?v=_lKVfZ0RthQ,https://i.ytimg.com/vi/_lKVfZ0RthQ/maxresdefault.jpg,Adele/19/Daydreamer.mp3
I Miss You,Adele,Adele,25,usuk-pop,https://music.youtube.com/watch?v=z7NEG3SGZ_g,https://i.ytimg.com/vi/z7NEG3SGZ_g/maxresdefault.jpg,Adele/25/I Miss You.mp3
First Love,Adele,Adele,19,usuk-pop,https://music.youtube.com/watch?v=_YFEzIceREo,https://i.ytimg.com/vi/_YFEzIceREo/maxresdefault.jpg,Adele/19/First Love.mp3
One And Only,Adele,Adele,21,usuk-pop,https://music.youtube.com/watch?v=dJg4_rL9h7Q,https://i.ytimg.com/vi/dJg4_rL9h7Q/maxresdefault.jpg,Adele/21/One And Only.mp3
Tired,Adele,Adele,19,usuk-pop,https://music.youtube.com/watch?v=MB_cZOoq73o,https://i.ytimg.com/vi/MB_cZOoq73o/maxresdefault.jpg,Adele/19/Tired.mp3
Love In The Dark,Adele,Adele,25,usuk-pop,https://music.youtube.com/watch?v=-hzFTJDJGkQ,https://i.ytimg.com/vi/-hzFTJDJGkQ/maxresdefault.jpg,Adele/25/Love In The Dark.mp3
Million Years Ago,Adele,Adele,25,usuk-pop,https://music.youtube.com/watch?v=Db9ciJPIaEU,https://i.ytimg.com/vi/Db9ciJPIaEU/maxresdefault.jpg,Adele/25/Million Years Ago.mp3
Don't You Remember,Adele,Adele,21,usuk-pop,https://music.youtube.com/watch?v=tQw1_sX9ipc,https://i.ytimg.com/vi/tQw1_sX9ipc/maxresdefault.jpg,Adele/21/Don't You Remember.mp3
River Lea,Adele,Adele,25,usuk-pop,https://music.youtube.com/watch?v=Qiu59lZShCo,https://i.ytimg.com/vi/Qiu59lZShCo/maxresdefault.jpg,Adele/25/River Lea.mp3
He Won't Go,Adele,Adele,21,usuk-pop,https://music.youtube.com/watch?v=IlFL5QykQaE,https://i.ytimg.com/vi/IlFL5QykQaE/maxresdefault.jpg,Adele/21/He Won't Go.mp3
Best for Last,Adele,Adele,19,usuk-pop,https://music.youtube.com/watch?v=WKGjWgPS6go,https://i.ytimg.com/vi/WKGjWgPS6go/maxresdefault.jpg,Adele/19/Best for Last.mp3
Take It All,Adele,Adele,21,usuk-pop,https://music.youtube.com/watch?v=UHE7qT9f3Ok,https://i.ytimg.com/vi/UHE7qT9f3Ok/maxresdefault.jpg,Adele/21/Take It All.mp3
I'll Be Waiting,Adele,Adele,21,usuk-pop,https://music.youtube.com/watch?v=qCCbvS9clVY,https://i.ytimg.com/vi/qCCbvS9clVY/maxresdefault.jpg,Adele/21/I'll Be Waiting.mp3
Melt My Heart to Stone,Adele,Adele,19,usuk-pop,https://music.youtube.com/watch?v=Vy0jd0X3bnU,https://i.ytimg.com/vi/Vy0jd0X3bnU/maxresdefault.jpg,Adele/19/Melt My Heart to Stone.mp3
Sweetest Devotion,Adele,Adele,25,usuk-pop,https://music.youtube.com/watch?v=1kZsaRkVEUY,https://i.ytimg.com/vi/1kZsaRkVEUY/maxresdefault.jpg,Adele/25/Sweetest Devotion.mp3
Lady Gaga - Poker Face (Official Music Video),Lady Gaga,Lady Gaga,Single,usuk-pop,https://music.youtube.com/watch?v=bESGLojNYSo,https://i.ytimg.com/vi/bESGLojNYSo/maxresdefault.jpg,Lady Gaga/Single/Lady Gaga - Poker Face (Official Music Video).mp3
"Lady Gaga, Bruno Mars - Die With A Smile (Official Music Video)",Lady Gaga,Lady Gaga,Single,usuk-pop,https://music.youtube.com/watch?v=kPa7bsKwL-c,https://i.ytimg.com/vi/kPa7bsKwL-c/maxresdefault.jpg,"Lady Gaga/Single/Lady Gaga, Bruno Mars - Die With A Smile (Official Music Video).mp3"
"Lady Gaga, Bradley Cooper - Shallow (from A Star Is Born) (Official Music Video)",Lady Gaga,Lady Gaga,Single,usuk-pop,https://music.youtube.com/watch?v=bo_efYhYU2A,https://i.ytimg.com/vi/bo_efYhYU2A/maxresdefault.jpg,"Lady Gaga/Single/Lady Gaga, Bradley Cooper - Shallow (from A Star Is Born) (Official Music Video).mp3"
Lady Gaga - Abracadabra (Official Music Video),Lady Gaga,Lady Gaga,Single,usuk-pop,https://music.youtube.com/watch?v=vBynw9Isr28,https://i.ytimg.com/vi/vBynw9Isr28/maxresdefault.jpg,Lady Gaga/Single/Lady Gaga - Abracadabra (Official Music Video).mp3
Lady Gaga - Bad Romance (Official Music Video),Lady Gaga,Lady Gaga,Single,usuk-pop,https://music.youtube.com/watch?v=qrO4YZeyl0I,https://i.ytimg.com/vi/qrO4YZeyl0I/maxresdefault.jpg,Lady Gaga/Single/Lady Gaga - Bad Romance (Official Music Video).mp3
Lady Gaga - The Dead Dance (Official Music Video),Lady Gaga,Lady Gaga,Single,usuk-pop,https://music.youtube.com/watch?v=xGaZBfJOyAc,https://i.ytimg.com/vi/xGaZBfJOyAc/maxresdefault.jpg,Lady Gaga/Single/Lady Gaga - The Dead Dance (Official Music Video).mp3
Lady Gaga - Always Remember Us This Way (from A Star Is Born) (Official Music Video),Lady Gaga,Lady Gaga,Single,usuk-pop,https://music.youtube.com/watch?v=5vheNbQlsyU,https://i.ytimg.com/vi/5vheNbQlsyU/maxresdefault.jpg,Lady Gaga/Single/Lady Gaga - Always Remember Us This Way (from A Star Is Born) (Official Music Video).mp3
Lady Gaga - Hold My Hand (From “Top Gun: Maverick”) [Official Music Video],Lady Gaga,Lady Gaga,Single,usuk-pop,https://music.youtube.com/watch?v=O2CIAKVTOrc,https://i.ytimg.com/vi/O2CIAKVTOrc/maxresdefault.jpg,Lady Gaga/Single/Lady Gaga - Hold My Hand (From “Top Gun_ Maverick”) [Official Music Video].mp3
"Lady Gaga, Ariana Grande - Rain On Me (Official Music Video)",Lady Gaga,Lady Gaga,Single,usuk-pop,https://music.youtube.com/watch?v=AoAm4om0wTs,https://i.ytimg.com/vi/AoAm4om0wTs/maxresdefault.jpg,"Lady Gaga/Single/Lady Gaga, Ariana Grande - Rain On Me (Official Music Video).mp3"
Lady Gaga - Judas (Official Music Video),Lady Gaga,Lady Gaga,Single,usuk-pop,https://music.youtube.com/watch?v=wagn8Wrmzuc,https://i.ytimg.com/vi/wagn8Wrmzuc/maxresdefault.jpg,Lady Gaga/Single/Lady Gaga - Judas (Official Music Video).mp3
Lady Gaga - Alejandro (Official Music Video),Lady Gaga,Lady Gaga,Single,usuk-pop,https://music.youtube.com/watch?v=niqrrmev4mA,https://i.ytimg.com/vi/niqrrmev4mA/maxresdefault.jpg,Lady Gaga/Single/Lady Gaga - Alejandro (Official Music Video).mp3
Lady Gaga - Million Reasons (Official Music Video),Lady Gaga,Lady Gaga,Single,usuk-pop,https://music.youtube.com/watch?v=en2D_5TzXCA,https://i.ytimg.com/vi/en2D_5TzXCA/maxresdefault.jpg,Lady Gaga/Single/Lady Gaga - Million Reasons (Official Music Video).mp3
Lady Gaga - Applause,Lady Gaga,Lady Gaga,Single,usuk-pop,https://music.youtube.com/watch?v=pco91kroVgQ,https://i.ytimg.com/vi/pco91kroVgQ/maxresdefault.jpg,Lady Gaga/Single/Lady Gaga - Applause.mp3
Lady Gaga - Disease (Official Music Video),Lady Gaga,Lady Gaga,Single,usuk-pop,https://music.youtube.com/watch?v=fmC6b6_ovZY,https://i.ytimg.com/vi/fmC6b6_ovZY/maxresdefault.jpg,Lady Gaga/Single/Lady Gaga - Disease (Official Music Video).mp3
Lady Gaga - Telephone ft. Beyoncé (Official Music Video) ft. Beyoncé,Lady Gaga,Lady Gaga,Single,usuk-pop,https://music.youtube.com/watch?v=EVBsypHzF3U,https://i.ytimg.com/vi/EVBsypHzF3U/maxresdefault.jpg,Lady Gaga/Single/Lady Gaga - Telephone ft. Beyoncé (Official Music Video) ft. Beyoncé.mp3
Lady Gaga - Just Dance (Official Music Video) ft. Colby O'Donis,Lady Gaga,Lady Gaga,Single,usuk-pop,https://music.youtube.com/watch?v=2Abk1jAONjw,https://i.ytimg.com/vi/2Abk1jAONjw/maxresdefault.jpg,Lady Gaga/Single/Lady Gaga - Just Dance (Official Music Video) ft. Colby O'Donis.mp3
Lady Gaga - Stupid Love (Official Music Video),Lady Gaga,Lady Gaga,Single,usuk-pop,https://music.youtube.com/watch?v=5L6xyaeiV58,https://i.ytimg.com/vi/5L6xyaeiV58/maxresdefault.jpg,Lady Gaga/Single/Lady Gaga - Stupid Love (Official Music Video).mp3
"Lady Gaga, BLACKPINK - Sour Candy (Audio)",Lady Gaga,Lady Gaga,Single,usuk-pop,https://music.youtube.com/watch?v=fnPn6At3v28,https://i.ytimg.com/vi/fnPn6At3v28/maxresdefault.jpg,"Lady Gaga/Single/Lady Gaga, BLACKPINK - Sour Candy (Audio).mp3"
Lady Gaga - Born This Way (Official Music Video),Lady Gaga,Lady Gaga,Single,usuk-pop,https://music.youtube.com/watch?v=wV1FrqwZyKw,https://i.ytimg.com/vi/wV1FrqwZyKw/maxresdefault.jpg,Lady Gaga/Single/Lady Gaga - Born This Way (Official Music Video).mp3
Lady Gaga - Paparazzi (Official Music Video),Lady Gaga,Lady Gaga,Single,usuk-pop,https://music.youtube.com/watch?v=d2smz_1L2_0,https://i.ytimg.com/vi/d2smz_1L2_0/maxresdefault.jpg,Lady Gaga/Single/Lady Gaga - Paparazzi (Official Music Video).mp3
Lady Gaga - Perfect Illusion (Official Music Video),Lady Gaga,Lady Gaga,Single,usuk-pop,https://music.youtube.com/watch?v=Xn599R0ZBwg,https://i.ytimg.com/vi/Xn599R0ZBwg/maxresdefault.jpg,Lady Gaga/Single/Lady Gaga - Perfect Illusion (Official Music Video).mp3
Bloody Mary,Lady Gaga,Lady Gaga,Born This Way,usuk-pop,https://music.youtube.com/watch?v=1e32cgJrbBo,https://i.ytimg.com/vi/1e32cgJrbBo/maxresdefault.jpg,Lady Gaga/Born This Way/Bloody Mary.mp3
Lady Gaga - 911 (Short Film),Lady Gaga,Lady Gaga,Single,usuk-pop,https://music.youtube.com/watch?v=58hoktsqk_Q,https://i.ytimg.com/vi/58hoktsqk_Q/maxresdefault.jpg,Lady Gaga/Single/Lady Gaga - 911 (Short Film).mp3
Lady Gaga - The Edge Of Glory,Lady Gaga,Lady Gaga,Single,usuk-pop,https://music.youtube.com/watch?v=QeWBS0JBNzQ,https://i.ytimg.com/vi/QeWBS0JBNzQ/maxresdefault.jpg,Lady Gaga/Single/Lady Gaga - The Edge Of Glory.mp3
Lady Gaga - Vanish Into You (Official Audio),Lady Gaga,Lady Gaga,Single,usuk-pop,https://music.youtube.com/watch?v=tQHLIRCcfio,https://i.ytimg.com/vi/tQHLIRCcfio/maxresdefault.jpg,Lady Gaga/Single/Lady Gaga - Vanish Into You (Official Audio).mp3
Lady Gaga - Yoü And I,Lady Gaga,Lady Gaga,Single,usuk-pop,https://music.youtube.com/watch?v=X9YMU0WeBwU,https://i.ytimg.com/vi/X9YMU0WeBwU/maxresdefault.jpg,Lady Gaga/Single/Lady Gaga - Yoü And I.mp3
Lady Gaga - Look What I Found (from A Star Is Born) (Official Music Video),Lady Gaga,Lady Gaga,Single,usuk-pop,https://music.youtube.com/watch?v=8uGVZoqJjn4,https://i.ytimg.com/vi/8uGVZoqJjn4/maxresdefault.jpg,Lady Gaga/Single/Lady Gaga - Look What I Found (from A Star Is Born) (Official Music Video).mp3
Lady Gaga - G.U.Y. (An ARTPOP Film) (Broadcast Edit),Lady Gaga,Lady Gaga,Single,usuk-pop,https://music.youtube.com/watch?v=ohs0a-QnFF4,https://i.ytimg.com/vi/ohs0a-QnFF4/maxresdefault.jpg,Lady Gaga/Single/Lady Gaga - G.U.Y. (An ARTPOP Film) (Broadcast Edit).mp3
Beyoncé - Video Phone (Extended Remix featuring Lady Gaga),Lady Gaga,Beyoncé,Single,usuk-pop,https://music.youtube.com/watch?v=CGkvXp0vdng,https://i.ytimg.com/vi/CGkvXp0vdng/maxresdefault.jpg,Lady Gaga/Single/Beyoncé - Video Phone (Extended Remix featuring Lady Gaga).mp3
Lady Gaga - John Wayne (Official Music Video),Lady Gaga,Lady Gaga,Single,usuk-pop,https://music.youtube.com/watch?v=o9iQ8lIfyEs,https://i.ytimg.com/vi/o9iQ8lIfyEs/maxresdefault.jpg,Lady Gaga/Single/Lady Gaga - John Wayne (Official Music Video).mp3
"Lady Gaga - Eh, Eh (Nothing Else I Can Say) (Official Music Video)",Lady Gaga,Lady Gaga,Single,usuk-pop,https://music.youtube.com/watch?v=mVEG793G3N4,https://i.ytimg.com/vi/mVEG793G3N4/maxresdefault.jpg,"Lady Gaga/Single/Lady Gaga - Eh, Eh (Nothing Else I Can Say) (Official Music Video).mp3"
Lady Gaga - A-YO (Official Audio),Lady Gaga,Lady Gaga,Single,usuk-pop,https://music.youtube.com/watch?v=-l5G5BT8-fQ,https://i.ytimg.com/vi/-l5G5BT8-fQ/maxresdefault.jpg,Lady Gaga/Single/Lady Gaga - A-YO (Official Audio).mp3
Lady Gaga - The Cure (Official Lyric Video),Lady Gaga,Lady Gaga,Single,usuk-pop,https://music.youtube.com/watch?v=I4IXxzioDAk,https://i.ytimg.com/vi/I4IXxzioDAk/maxresdefault.jpg,Lady Gaga/Single/Lady Gaga - The Cure (Official Lyric Video).mp3
Lady Gaga - Your Song (Official Audio),Lady Gaga,Lady Gaga,Single,usuk-pop,https://music.youtube.com/watch?v=T8lWjQRhQXY,https://i.ytimg.com/vi/T8lWjQRhQXY/maxresdefault.jpg,Lady Gaga/Single/Lady Gaga - Your Song (Official Audio).mp3
"Tony Bennett, Lady Gaga - I Get A Kick Out Of You (Official Music Video)",Lady Gaga,Lady Gaga,Single,usuk-pop,https://music.youtube.com/watch?v=iTdHQ065A_o,https://i.ytimg.com/vi/iTdHQ065A_o/maxresdefault.jpg,"Lady Gaga/Single/Tony Bennett, Lady Gaga - I Get A Kick Out Of You (Official Music Video).mp3"
Hair Body Face,Lady Gaga,Lady Gaga,A Star Is Born Soundtrack,usuk-pop,https://music.youtube.com/watch?v=01nGbIaT4Wk,https://i.ytimg.com/vi/01nGbIaT4Wk/maxresdefault.jpg,Lady Gaga/A Star Is Born Soundtrack/Hair Body Face.mp3
Dance In The Dark,Lady Gaga,Lady Gaga,The Fame Monster,usuk-pop,https://music.youtube.com/watch?v=_Ry3wbHai08,https://i.ytimg.com/vi/_Ry3wbHai08/maxresdefault.jpg,Lady Gaga/The Fame Monster/Dance In The Dark.mp3
MANiCURE,Lady Gaga,Lady Gaga,ARTPOP,usuk-pop,https://music.youtube.com/watch?v=_egdLnIYq-s,https://i.ytimg.com/vi/_egdLnIYq-s/maxresdefault.jpg,Lady Gaga/ARTPOP/MANiCURE.mp3
Joanne,Lady Gaga,Lady Gaga,Joanne,usuk-pop,https://music.youtube.com/watch?v=qEEIwlPmJTU,https://i.ytimg.com/vi/qEEIwlPmJTU/maxresdefault.jpg,Lady Gaga/Joanne/Joanne.mp3
Lady Gaga - 911 (Charli XCX & A.G. Cook Remix) (Official Audio),Lady Gaga,Lady Gaga,Single,usuk-pop,https://music.youtube.com/watch?v=lLbKy0iiKzM,https://i.ytimg.com/vi/lLbKy0iiKzM/maxresdefault.jpg,Lady Gaga/Single/Lady Gaga - 911 (Charli XCX & A.G. Cook Remix) (Official Audio).mp3
Gypsy,Lady Gaga,Lady Gaga,ARTPOP,usuk-pop,https://music.youtube.com/watch?v=hsqaZK_oB9Y,https://i.ytimg.com/vi/hsqaZK_oB9Y/maxresdefault.jpg,Lady Gaga/ARTPOP/Gypsy.mp3
Speechless,Lady Gaga,Lady Gaga,The Fame Monster,usuk-pop,https://music.youtube.com/watch?v=hIesMX_3BgQ,https://i.ytimg.com/vi/hIesMX_3BgQ/maxresdefault.jpg,Lady Gaga/The Fame Monster/Speechless.mp3
Lady Gaga - Free Woman (Rina Sawayama & Clarence Clarity Remix) (Official Audio),Lady Gaga,Lady Gaga,Single,usuk-pop,https://music.youtube.com/watch?v=FVqa_3esRqk,https://i.ytimg.com/vi/FVqa_3esRqk/maxresdefault.jpg,Lady Gaga/Single/Lady Gaga - Free Woman (Rina Sawayama & Clarence Clarity Remix) (Official Audio).mp3
Rihanna - Diamonds,Rihanna,Rihanna,Single,usuk-pop,https://music.youtube.com/watch?v=lWA2pjMjpBs,https://i.ytimg.com/vi/lWA2pjMjpBs/maxresdefault.jpg,Rihanna/Single/Rihanna - Diamonds.mp3
Rihanna - We Found Love ft. Calvin Harris,Rihanna,Rihanna,Single,usuk-pop,https://music.youtube.com/watch?v=tg00YEETFzg,https://i.ytimg.com/vi/tg00YEETFzg/maxresdefault.jpg,Rihanna/Single/Rihanna - We Found Love ft. Calvin Harris.mp3
Rihanna - Work (Explicit) ft. Drake,Rihanna,Rihanna,Single,usuk-pop,https://music.youtube.com/watch?v=HL1UzIK-flA,https://i.ytimg.com/vi/HL1UzIK-flA/maxresdefault.jpg,Rihanna/Single/Rihanna - Work (Explicit) ft. Drake.mp3
Rihanna - Rude Boy,Rihanna,Rihanna,Single,usuk-pop,https://music.youtube.com/watch?v=e82VE8UtW8A,https://i.ytimg.com/vi/e82VE8UtW8A/maxresdefault.jpg,Rihanna/Single/Rihanna - Rude Boy.mp3
Rihanna - Where Have You Been,Rihanna,Rihanna,Single,usuk-pop,https://music.youtube.com/watch?v=HBxt_v0WF6Y,https://i.ytimg.com/vi/HBxt_v0WF6Y/maxresdefault.jpg,Rihanna/Single/Rihanna - Where Have You Been.mp3
Breakin' Dishes,Rihanna,Rihanna,Good Girl Gone Bad: Reloaded,usuk-pop,https://music.youtube.com/watch?v=LO71pC20BDI,https://i.ytimg.com/vi/LO71pC20BDI/maxresdefault.jpg,Rihanna/Good Girl Gone Bad_ Reloaded/Breakin' Dishes.mp3
Rihanna - Pon de Replay (Internet Version),Rihanna,Rihanna,Single,usuk-pop,https://music.youtube.com/watch?v=oEauWw9ZGrA,https://i.ytimg.com/vi/oEauWw9ZGrA/maxresdefault.jpg,Rihanna/Single/Rihanna - Pon de Replay (Internet Version).mp3
"JAŸ-Z - Run This Town ft. Rihanna, Kanye West",Rihanna,JAŸ-Z,Single,usuk-pop,https://music.youtube.com/watch?v=ztygmWtWCjQ,https://i.ytimg.com/vi/ztygmWtWCjQ/maxresdefault.jpg,"Rihanna/Single/JAŸ-Z - Run This Town ft. Rihanna, Kanye West.mp3"
Rihanna - Kiss It Better (Explicit),Rihanna,Rihanna,Single,usuk-pop,https://music.youtube.com/watch?v=49lY0HqqUVc,https://i.ytimg.com/vi/49lY0HqqUVc/maxresdefault.jpg,Rihanna/Single/Rihanna - Kiss It Better (Explicit).mp3
Rihanna - Stay ft. Mikky Ekko,Rihanna,Rihanna,Single,usuk-pop,https://music.youtube.com/watch?v=JF8BRvqGCNs,https://i.ytimg.com/vi/JF8BRvqGCNs/maxresdefault.jpg,Rihanna/Single/Rihanna - Stay ft. Mikky Ekko.mp3
Rihanna - Born Again,Rihanna,Rihanna,Single,usuk-pop,https://music.youtube.com/watch?v=k5E6CExu204,https://i.ytimg.com/vi/k5E6CExu204/maxresdefault.jpg,Rihanna/Single/Rihanna - Born Again.mp3
Rihanna - Umbrella (Orange Version) (Official Music Video) ft. JAŸ-Z,Rihanna,Rihanna,Single,usuk-pop,https://music.youtube.com/watch?v=CvBfHwUxHIk,https://i.ytimg.com/vi/CvBfHwUxHIk/maxresdefault.jpg,Rihanna/Single/Rihanna - Umbrella (Orange Version) (Official Music Video) ft. JAŸ-Z.mp3
Rihanna - Don't Stop The Music,Rihanna,Rihanna,Single,usuk-pop,https://music.youtube.com/watch?v=yd8jh9QYfEs,https://i.ytimg.com/vi/yd8jh9QYfEs/maxresdefault.jpg,Rihanna/Single/Rihanna - Don't Stop The Music.mp3
Bitch Better Have My Money,Rihanna,Rihanna,Bitch Better Have My Money,usuk-pop,https://music.youtube.com/watch?v=KIhaSBYVRNM,https://i.ytimg.com/vi/KIhaSBYVRNM/maxresdefault.jpg,Rihanna/Bitch Better Have My Money/Bitch Better Have My Money.mp3
"Calvin Harris, Rihanna - This Is What You Came For (Official Video)",Rihanna,Calvin Harris,Single,usuk-pop,https://music.youtube.com/watch?v=kOkQ4T5WO9E,https://i.ytimg.com/vi/kOkQ4T5WO9E/maxresdefault.jpg,"Rihanna/Single/Calvin Harris, Rihanna - This Is What You Came For (Official Video).mp3"
Loveeeeeee Song,Rihanna,"Rihanna, Future",Unapologetic,usuk-pop,https://music.youtube.com/watch?v=SybwPySl-fs,https://i.ytimg.com/vi/SybwPySl-fs/maxresdefault.jpg,Rihanna/Unapologetic/Loveeeeeee Song.mp3
Eminem - Love The Way You Lie ft. Rihanna,Rihanna,EminemMusic,Single,usuk-pop,https://music.youtube.com/watch?v=uelHwf8o7_U,https://i.ytimg.com/vi/uelHwf8o7_U/maxresdefault.jpg,Rihanna/Single/Eminem - Love The Way You Lie ft. Rihanna.mp3
Rihanna - Friend Of Mine (from the Smurfs Movie Soundtrack),Rihanna,Rihanna,Single,usuk-pop,https://music.youtube.com/watch?v=_MQnZgH0ZmQ,https://i.ytimg.com/vi/_MQnZgH0ZmQ/maxresdefault.jpg,Rihanna/Single/Rihanna - Friend Of Mine (from the Smurfs Movie Soundtrack).mp3
Rihanna - What's My Name? ft. Drake,Rihanna,Rihanna,Single,usuk-pop,https://music.youtube.com/watch?v=U0CGsw6h60k,https://i.ytimg.com/vi/U0CGsw6h60k/maxresdefault.jpg,Rihanna/Single/Rihanna - What's My Name? ft. Drake.mp3
Rihanna - Disturbia,Rihanna,Rihanna,Single,usuk-pop,https://music.youtube.com/watch?v=E1mU6h4Xdxc,https://i.ytimg.com/vi/E1mU6h4Xdxc/maxresdefault.jpg,Rihanna/Single/Rihanna - Disturbia.mp3
Rihanna - Pour It Up (Explicit),Rihanna,Rihanna,Single,usuk-pop,https://music.youtube.com/watch?v=ehcVomMexkY,https://i.ytimg.com/vi/ehcVomMexkY/maxresdefault.jpg,Rihanna/Single/Rihanna - Pour It Up (Explicit).mp3
Rihanna - Only Girl (In The World),Rihanna,Rihanna,Single,usuk-pop,https://music.youtube.com/watch?v=pa14VNsdSYM,https://i.ytimg.com/vi/pa14VNsdSYM/maxresdefault.jpg,Rihanna/Single/Rihanna - Only Girl (In The World).mp3
Rihanna - Take A Bow,Rihanna,Rihanna,Single,usuk-pop,https://music.youtube.com/watch?v=J3UjJ4wKLkg,https://i.ytimg.com/vi/J3UjJ4wKLkg/maxresdefault.jpg,Rihanna/Single/Rihanna - Take A Bow.mp3
Rihanna - If It's Lovin' That You Want (Official Music Video),Rihanna,Rihanna,Single,usuk-pop,https://music.youtube.com/watch?v=hD5MRBzY1uM,https://i.ytimg.com/vi/hD5MRBzY1uM/maxresdefault.jpg,Rihanna/Single/Rihanna - If It's Lovin' That You Want (Official Music Video).mp3
Rihanna - Cheers (Drink To That),Rihanna,Rihanna,Single,usuk-pop,https://music.youtube.com/watch?v=ZR0v0i63PQ4,https://i.ytimg.com/vi/ZR0v0i63PQ4/maxresdefault.jpg,Rihanna/Single/Rihanna - Cheers (Drink To That).mp3
Rihanna - Hard ft. Jeezy,Rihanna,Rihanna,Single,usuk-pop,https://music.youtube.com/watch?v=Xcwd_Nz6Zog,https://i.ytimg.com/vi/Xcwd_Nz6Zog/maxresdefault.jpg,Rihanna/Single/Rihanna - Hard ft. Jeezy.mp3
Rihanna - Lift Me Up (Visualizer),Rihanna,Rihanna,Single,usuk-pop,https://music.youtube.com/watch?v=ospQ06jJe-I,https://i.ytimg.com/vi/ospQ06jJe-I/maxresdefault.jpg,Rihanna/Single/Rihanna - Lift Me Up (Visualizer).mp3
Rihanna - SOS (Official Music Video),Rihanna,Rihanna,Single,usuk-pop,https://music.youtube.com/watch?v=IXmF4GbA86E,https://i.ytimg.com/vi/IXmF4GbA86E/maxresdefault.jpg,Rihanna/Single/Rihanna - SOS (Official Music Video).mp3
"DJ Khaled - Wild Thoughts (Official Video) ft. Rihanna, Bryson Tiller",Rihanna,DJ Khaled,Single,usuk-pop,https://music.youtube.com/watch?v=fyaI4-5849w,https://i.ytimg.com/vi/fyaI4-5849w/maxresdefault.jpg,"Rihanna/Single/DJ Khaled - Wild Thoughts (Official Video) ft. Rihanna, Bryson Tiller.mp3"
"Rihanna, Kanye West, Paul McCartney - FourFiveSeconds",Rihanna,Rihanna,Single,usuk-pop,https://music.youtube.com/watch?v=kt0g4dWxEBo,https://i.ytimg.com/vi/kt0g4dWxEBo/maxresdefault.jpg,"Rihanna/Single/Rihanna, Kanye West, Paul McCartney - FourFiveSeconds.mp3"
T.I. - Live Your Life ft. Rihanna [Official Video],Rihanna,T.I.,Single,usuk-pop,https://music.youtube.com/watch?v=koVHN6eO4Xg,https://i.ytimg.com/vi/koVHN6eO4Xg/maxresdefault.jpg,Rihanna/Single/T.I. - Live Your Life ft. Rihanna [Official Video].mp3
Love On The Brain,Rihanna,Rihanna,ANTI,usuk-pop,https://music.youtube.com/watch?v=QMP-o8WXSPM,https://i.ytimg.com/vi/QMP-o8WXSPM/maxresdefault.jpg,Rihanna/ANTI/Love On The Brain.mp3
Rihanna - Unfaithful (Official Music Video),Rihanna,Rihanna,Single,usuk-pop,https://music.youtube.com/watch?v=rp4UwPZfRis,https://i.ytimg.com/vi/rp4UwPZfRis/maxresdefault.jpg,Rihanna/Single/Rihanna - Unfaithful (Official Music Video).mp3
Rihanna - S&M,Rihanna,Rihanna,Single,usuk-pop,https://music.youtube.com/watch?v=KdS6HFQ_LUc,https://i.ytimg.com/vi/KdS6HFQ_LUc/maxresdefault.jpg,Rihanna/Single/Rihanna - S&M.mp3
Eminem ft. Rihanna - The Monster (Explicit) [Official Video],Rihanna,EminemMusic,Single,usuk-pop,https://music.youtube.com/watch?v=EHkozMIXZ8w,https://i.ytimg.com/vi/EHkozMIXZ8w/maxresdefault.jpg,Rihanna/Single/Eminem ft. Rihanna - The Monster (Explicit) [Official Video].mp3
Rihanna - California King Bed,Rihanna,Rihanna,Single,usuk-pop,https://music.youtube.com/watch?v=nhBorPm6JjQ,https://i.ytimg.com/vi/nhBorPm6JjQ/maxresdefault.jpg,Rihanna/Single/Rihanna - California King Bed.mp3
Woo,Rihanna,Rihanna,ANTI,usuk-pop,https://music.youtube.com/watch?v=i0S40arGfCQ,https://i.ytimg.com/vi/i0S40arGfCQ/maxresdefault.jpg,Rihanna/ANTI/Woo.mp3
Rihanna - Shut Up And Drive,Rihanna,Rihanna,Single,usuk-pop,https://music.youtube.com/watch?v=up7pvPqNkuU,https://i.ytimg.com/vi/up7pvPqNkuU/maxresdefault.jpg,Rihanna/Single/Rihanna - Shut Up And Drive.mp3
Rihanna - Te Amo,Rihanna,Rihanna,Single,usuk-pop,https://music.youtube.com/watch?v=Oe4Ic7fHWf8,https://i.ytimg.com/vi/Oe4Ic7fHWf8/maxresdefault.jpg,Rihanna/Single/Rihanna - Te Amo.mp3
Nicki Minaj - Fly ft. Rihanna,Rihanna,Nicki Minaj,Single,usuk-pop,https://music.youtube.com/watch?v=3n71KUiWn1I,https://i.ytimg.com/vi/3n71KUiWn1I/maxresdefault.jpg,Rihanna/Single/Nicki Minaj - Fly ft. Rihanna.mp3
Rihanna - You Da One,Rihanna,Rihanna,Single,usuk-pop,https://music.youtube.com/watch?v=b3HeLs8Yosw,https://i.ytimg.com/vi/b3HeLs8Yosw/maxresdefault.jpg,Rihanna/Single/Rihanna - You Da One.mp3
Rihanna - Hate That I Love You ft. Ne-Yo,Rihanna,Rihanna,Single,usuk-pop,https://music.youtube.com/watch?v=KMOOr7GEkj8,https://i.ytimg.com/vi/KMOOr7GEkj8/maxresdefault.jpg,Rihanna/Single/Rihanna - Hate That I Love You ft. Ne-Yo.mp3
Rihanna - Talk That Talk (Audio) ft. JAŸ-Z,Rihanna,Rihanna,Single,usuk-pop,https://music.youtube.com/watch?v=Z8FarCnm1mE,https://i.ytimg.com/vi/Z8FarCnm1mE/maxresdefault.jpg,Rihanna/Single/Rihanna - Talk That Talk (Audio) ft. JAŸ-Z.mp3
Rihanna - Russian Roulette,Rihanna,Rihanna,Single,usuk-pop,https://music.youtube.com/watch?v=ZQ2nCGawrSY,https://i.ytimg.com/vi/ZQ2nCGawrSY/maxresdefault.jpg,Rihanna/Single/Rihanna - Russian Roulette.mp3
Rihanna - Man Down,Rihanna,Rihanna,Single,usuk-pop,https://music.youtube.com/watch?v=sEhy-RXkNo0,https://i.ytimg.com/vi/sEhy-RXkNo0/maxresdefault.jpg,Rihanna/Single/Rihanna - Man Down.mp3
Beyoncé - TEXAS HOLD 'EM (Official Visualizer),Beyoncé,Beyoncé,Single,usuk-pop,https://music.youtube.com/watch?v=238Z4YaAr1g,https://i.ytimg.com/vi/238Z4YaAr1g/maxresdefault.jpg,Beyoncé/Single/Beyoncé - TEXAS HOLD 'EM (Official Visualizer).mp3
Beyoncé - Halo,Beyoncé,Beyoncé,Single,usuk-pop,https://music.youtube.com/watch?v=bnVUHWCynig,https://i.ytimg.com/vi/bnVUHWCynig/maxresdefault.jpg,Beyoncé/Single/Beyoncé - Halo.mp3
Beyoncé - 16 CARRIAGES (Official Visualizer),Beyoncé,Beyoncé,Single,usuk-pop,https://music.youtube.com/watch?v=hhKNjTb6U1Y,https://i.ytimg.com/vi/hhKNjTb6U1Y/maxresdefault.jpg,Beyoncé/Single/Beyoncé - 16 CARRIAGES (Official Visualizer).mp3
Beyoncé - Love On Top (Official Video),Beyoncé,Beyoncé,Single,usuk-pop,https://music.youtube.com/watch?v=Ob7vObnFUJc,https://i.ytimg.com/vi/Ob7vObnFUJc/maxresdefault.jpg,Beyoncé/Single/Beyoncé - Love On Top (Official Video).mp3
Beyoncé - CUFF IT (Official Lyric Video),Beyoncé,Beyoncé,Single,usuk-pop,https://music.youtube.com/watch?v=yrtWLyp5gLI,https://i.ytimg.com/vi/yrtWLyp5gLI/maxresdefault.jpg,Beyoncé/Single/Beyoncé - CUFF IT (Official Lyric Video).mp3
Beyoncé - Single Ladies (Put a Ring on It) (Video Version),Beyoncé,Beyoncé,Single,usuk-pop,https://music.youtube.com/watch?v=4m1EFMoRFvY,https://i.ytimg.com/vi/4m1EFMoRFvY/maxresdefault.jpg,Beyoncé/Single/Beyoncé - Single Ladies (Put a Ring on It) (Video Version).mp3
Beyoncé - Crazy In Love ft. JAY Z,Beyoncé,Beyoncé,Single,usuk-pop,https://music.youtube.com/watch?v=ViwtNLUqkMY,https://i.ytimg.com/vi/ViwtNLUqkMY/maxresdefault.jpg,Beyoncé/Single/Beyoncé - Crazy In Love ft. JAY Z.mp3
Beyoncé - Irreplaceable,Beyoncé,Beyoncé,Single,usuk-pop,https://music.youtube.com/watch?v=2EwViQxSJJQ,https://i.ytimg.com/vi/2EwViQxSJJQ/sddefault.jpg,Beyoncé/Single/Beyoncé - Irreplaceable.mp3
Beyoncé - Drunk in Love (Explicit) ft. JAY Z,Beyoncé,Beyoncé,Single,usuk-pop,https://music.youtube.com/watch?v=p1JPKLa-Ofc,https://i.ytimg.com/vi/p1JPKLa-Ofc/maxresdefault.jpg,Beyoncé/Single/Beyoncé - Drunk in Love (Explicit) ft. JAY Z.mp3
Before I Let Go (Homecoming Live Bonus Track),Beyoncé,Beyoncé,HOMECOMING: THE LIVE ALBUM,usuk-pop,https://music.youtube.com/watch?v=yLRa773SV4U,https://i.ytimg.com/vi/yLRa773SV4U/maxresdefault.jpg,Beyoncé/HOMECOMING_ THE LIVE ALBUM/Before I Let Go (Homecoming Live Bonus Track).mp3
Beyoncé - 7/11,Beyoncé,Beyoncé,Single,usuk-pop,https://music.youtube.com/watch?v=k4YRWT_Aldo,https://i.ytimg.com/vi/k4YRWT_Aldo/maxresdefault.jpg,Beyoncé/Single/Beyoncé - 7_11.mp3
Beyoncé - Run the World (Girls) (Official Video),Beyoncé,Beyoncé,Single,usuk-pop,https://music.youtube.com/watch?v=VBmMU_iwe6U,https://i.ytimg.com/vi/VBmMU_iwe6U/maxresdefault.jpg,Beyoncé/Single/Beyoncé - Run the World (Girls) (Official Video).mp3
Beyoncé - If I Were A Boy,Beyoncé,Beyoncé,Single,usuk-pop,https://music.youtube.com/watch?v=AWpsOqh8q0M,https://i.ytimg.com/vi/AWpsOqh8q0M/maxresdefault.jpg,Beyoncé/Single/Beyoncé - If I Were A Boy.mp3
THE CARTERS - APESHIT (Official Video),Beyoncé,Beyoncé,Single,usuk-pop,https://music.youtube.com/watch?v=kbMqWXnpXcA,https://i.ytimg.com/vi/kbMqWXnpXcA/maxresdefault.jpg,Beyoncé/Single/THE CARTERS - APESHIT (Official Video).mp3
Beyoncé - Sorry (Video),Beyoncé,Beyoncé,Single,usuk-pop,https://music.youtube.com/watch?v=QxsmWxxouIM,https://i.ytimg.com/vi/QxsmWxxouIM/maxresdefault.jpg,Beyoncé/Single/Beyoncé - Sorry (Video).mp3
Beyoncé - Formation (Official Video),Beyoncé,Beyoncé,Single,usuk-pop,https://music.youtube.com/watch?v=WDZJPJV__bQ,https://i.ytimg.com/vi/WDZJPJV__bQ/maxresdefault.jpg,Beyoncé/Single/Beyoncé - Formation (Official Video).mp3
Lady Gaga - Telephone ft. Beyoncé (Official Music Video) ft. Beyoncé,Beyoncé,Lady Gaga,Single,usuk-pop,https://music.youtube.com/watch?v=EVBsypHzF3U,https://i.ytimg.com/vi/EVBsypHzF3U/maxresdefault.jpg,Beyoncé/Single/Lady Gaga - Telephone ft. Beyoncé (Official Music Video) ft. Beyoncé.mp3
Beyoncé - Best Thing I Never Had (Video),Beyoncé,Beyoncé,Single,usuk-pop,https://music.youtube.com/watch?v=FHp2KgyQUFk,https://i.ytimg.com/vi/FHp2KgyQUFk/maxresdefault.jpg,Beyoncé/Single/Beyoncé - Best Thing I Never Had (Video).mp3
Destiny's Child - Say My Name (Official Video),Beyoncé,Destiny's Child,Single,usuk-pop,https://music.youtube.com/watch?v=sQgd6MccwZc,https://i.ytimg.com/vi/sQgd6MccwZc/maxresdefault.jpg,Beyoncé/Single/Destiny's Child - Say My Name (Official Video).mp3
Beyoncé - Partition (Explicit Video),Beyoncé,Beyoncé,Single,usuk-pop,https://music.youtube.com/watch?v=pZ12_E5R3qc,https://i.ytimg.com/vi/pZ12_E5R3qc/maxresdefault.jpg,Beyoncé/Single/Beyoncé - Partition (Explicit Video).mp3
Beyoncé - Hold Up (Video),Beyoncé,Beyoncé,Single,usuk-pop,https://music.youtube.com/watch?v=PeonBmeFR8o,https://i.ytimg.com/vi/PeonBmeFR8o/maxresdefault.jpg,Beyoncé/Single/Beyoncé - Hold Up (Video).mp3
Beyoncé - Dance for You (Video),Beyoncé,Beyoncé,Single,usuk-pop,https://music.youtube.com/watch?v=PGc9n6BiWXA,https://i.ytimg.com/vi/PGc9n6BiWXA/maxresdefault.jpg,Beyoncé/Single/Beyoncé - Dance for You (Video).mp3
Beyoncé - Diva,Beyoncé,Beyoncé,Single,usuk-pop,https://music.youtube.com/watch?v=rNM5HW13_O8,https://i.ytimg.com/vi/rNM5HW13_O8/maxresdefault.jpg,Beyoncé/Single/Beyoncé - Diva.mp3
Beyoncé - Countdown (Official Video),Beyoncé,Beyoncé,Single,usuk-pop,https://music.youtube.com/watch?v=2XY3AvVgDns,https://i.ytimg.com/vi/2XY3AvVgDns/maxresdefault.jpg,Beyoncé/Single/Beyoncé - Countdown (Official Video).mp3
Beyoncé - Baby Boy ft. Sean Paul,Beyoncé,Beyoncé,Single,usuk-pop,https://music.youtube.com/watch?v=8ucz_pm3LX8,https://i.ytimg.com/vi/8ucz_pm3LX8/maxresdefault.jpg,Beyoncé/Single/Beyoncé - Baby Boy ft. Sean Paul.mp3
Beyoncé - Upgrade U (Video) ft. Jay-Z,Beyoncé,Beyoncé,Single,usuk-pop,https://music.youtube.com/watch?v=6nr8hPnZfMU,https://i.ytimg.com/vi/6nr8hPnZfMU/maxresdefault.jpg,Beyoncé/Single/Beyoncé - Upgrade U (Video) ft. Jay-Z.mp3
Beyoncé - Sweet Dreams,Beyoncé,Beyoncé,Single,usuk-pop,https://music.youtube.com/watch?v=JlxByc0-V40,https://i.ytimg.com/vi/JlxByc0-V40/maxresdefault.jpg,Beyoncé/Single/Beyoncé - Sweet Dreams.mp3
"J Balvin, Willy William - Mi Gente ft. Beyoncé",Beyoncé,J Balvin,Single,usuk-pop,https://music.youtube.com/watch?v=APHgDFRpCi0,https://i.ytimg.com/vi/APHgDFRpCi0/maxresdefault.jpg,"Beyoncé/Single/J Balvin, Willy William - Mi Gente ft. Beyoncé.mp3"
"Beyoncé, Blue Ivy, SAINt JHN, WizKid - BROWN SKIN GIRL (Official Video)",Beyoncé,Beyoncé,Single,usuk-pop,https://music.youtube.com/watch?v=vRFS0MYTC1I,https://i.ytimg.com/vi/vRFS0MYTC1I/maxresdefault.jpg,"Beyoncé/Single/Beyoncé, Blue Ivy, SAINt JHN, WizKid - BROWN SKIN GIRL (Official Video).mp3"
Beyoncé - Naughty Girl,Beyoncé,Beyoncé,Single,usuk-pop,https://music.youtube.com/watch?v=RZuJ_OHBN78,https://i.ytimg.com/vi/RZuJ_OHBN78/maxresdefault.jpg,Beyoncé/Single/Beyoncé - Naughty Girl.mp3
Destiny's Child - Cater 2 U,Beyoncé,Destiny's Child,Single,usuk-pop,https://music.youtube.com/watch?v=juqws1LIH-I,https://i.ytimg.com/vi/juqws1LIH-I/maxresdefault.jpg,Beyoncé/Single/Destiny's Child - Cater 2 U.mp3
"Beyoncé - Check On It (Official Video) ft. Bun B, Slim Thug",Beyoncé,Beyoncé,Single,usuk-pop,https://music.youtube.com/watch?v=Q1dUDzBdnmI,https://i.ytimg.com/vi/Q1dUDzBdnmI/maxresdefault.jpg,"Beyoncé/Single/Beyoncé - Check On It (Official Video) ft. Bun B, Slim Thug.mp3"
Beyoncé - ALIEN SUPERSTAR (Official Lyric Video),Beyoncé,Beyoncé,Single,usuk-pop,https://music.youtube.com/watch?v=e_aT9pAGQo8,https://i.ytimg.com/vi/e_aT9pAGQo8/maxresdefault.jpg,Beyoncé/Single/Beyoncé - ALIEN SUPERSTAR (Official Lyric Video).mp3
Beyoncé - Deja Vu (MTV Video Version) ft. JAY-Z,Beyoncé,Beyoncé,Single,usuk-pop,https://music.youtube.com/watch?v=RQ9BWndKEgs,https://i.ytimg.com/vi/RQ9BWndKEgs/maxresdefault.jpg,Beyoncé/Single/Beyoncé - Deja Vu (MTV Video Version) ft. JAY-Z.mp3
Beyoncé - Party ft. J. Cole,Beyoncé,Beyoncé,Single,usuk-pop,https://music.youtube.com/watch?v=XWCwc1_sYMY,https://i.ytimg.com/vi/XWCwc1_sYMY/maxresdefault.jpg,Beyoncé/Single/Beyoncé - Party ft. J. Cole.mp3
"Destiny's Child - Bills, Bills, Bills",Beyoncé,Destiny's Child,Single,usuk-pop,https://music.youtube.com/watch?v=NiF6-0UTqtc,https://i.ytimg.com/vi/NiF6-0UTqtc/maxresdefault.jpg,"Beyoncé/Single/Destiny's Child - Bills, Bills, Bills.mp3"
Beyoncé - HEATED (Official Lyric Video),Beyoncé,Beyoncé,Single,usuk-pop,https://music.youtube.com/watch?v=o3WqRPM6M0A,https://i.ytimg.com/vi/o3WqRPM6M0A/maxresdefault.jpg,Beyoncé/Single/Beyoncé - HEATED (Official Lyric Video).mp3
Beyoncé - JOLENE (Official Lyric Video),Beyoncé,Beyoncé,Single,usuk-pop,https://music.youtube.com/watch?v=x9XHMK3nWr4,https://i.ytimg.com/vi/x9XHMK3nWr4/maxresdefault.jpg,Beyoncé/Single/Beyoncé - JOLENE (Official Lyric Video).mp3
Destiny's Child - Independent Women Part I (Official HD Video),Beyoncé,Destiny's Child,Single,usuk-pop,https://music.youtube.com/watch?v=0lPQZni7I18,https://i.ytimg.com/vi/0lPQZni7I18/maxresdefault.jpg,Beyoncé/Single/Destiny's Child - Independent Women Part I (Official HD Video).mp3
I'd Rather Go Blind (Album Version),Beyoncé,Beyoncé,Music From The Motion Picture Cadillac Records,usuk-pop,https://music.youtube.com/watch?v=s7FRpMiaa4Q,https://i.ytimg.com/vi/s7FRpMiaa4Q/maxresdefault.jpg,Beyoncé/Music From The Motion Picture Cadillac Records/I'd Rather Go Blind (Album Version).mp3
Beyoncé - BREAK MY SOUL (Official Visualizer),Beyoncé,Beyoncé,Single,usuk-pop,https://music.youtube.com/watch?v=iz1rIp1-b-Y,https://i.ytimg.com/vi/iz1rIp1-b-Y/maxresdefault.jpg,Beyoncé/Single/Beyoncé - BREAK MY SOUL (Official Visualizer).mp3
Beyoncé - AMERICA HAS A PROBLEM (Official Lyric Video),Beyoncé,Beyoncé,Single,usuk-pop,https://music.youtube.com/watch?v=GUWVpSKA6OM,https://i.ytimg.com/vi/GUWVpSKA6OM/maxresdefault.jpg,Beyoncé/Single/Beyoncé - AMERICA HAS A PROBLEM (Official Lyric Video).mp3
Beyoncé - Get Me Bodied (Timbaland Remix) ft. Voltio,Beyoncé,Beyoncé,Single,usuk-pop,https://music.youtube.com/watch?v=WNCC7tIcChY,https://i.ytimg.com/vi/WNCC7tIcChY/maxresdefault.jpg,Beyoncé/Single/Beyoncé - Get Me Bodied (Timbaland Remix) ft. Voltio.mp3
"Beyoncé, Miley Cyrus - II MOST WANTED (Official Lyric Video)",Beyoncé,Beyoncé,Single,usuk-pop,https://music.youtube.com/watch?v=SyXfJi2KZ-A,https://i.ytimg.com/vi/SyXfJi2KZ-A/maxresdefault.jpg,"Beyoncé/Single/Beyoncé, Miley Cyrus - II MOST WANTED (Official Lyric Video).mp3"
Beyoncé - PURE/HONEY (Official Lyric Video),Beyoncé,Beyoncé,Single,usuk-pop,https://music.youtube.com/watch?v=WM133A3vqLE,https://i.ytimg.com/vi/WM133A3vqLE/maxresdefault.jpg,Beyoncé/Single/Beyoncé - PURE_HONEY (Official Lyric Video).mp3
Beyoncé – BLACK PARADE (Official Audio),Beyoncé,Beyoncé,Single,usuk-pop,https://music.youtube.com/watch?v=EJT1m1ele00,https://i.ytimg.com/vi/EJT1m1ele00/maxresdefault.jpg,Beyoncé/Single/Beyoncé – BLACK PARADE (Official Audio).mp3
MY POWER,Beyoncé,"Nija, Beyoncé, Busiswa, Yemi Alade, Tierra Whack, Moonchild Sanelly, DJ Lag",The Lion King: The Gift,usuk-pop,https://music.youtube.com/watch?v=Y6cMZ7DxmHU,https://i.ytimg.com/vi/Y6cMZ7DxmHU/maxresdefault.jpg,Beyoncé/The Lion King_ The Gift/MY POWER.mp3
Flawless Remix,Beyoncé,"Beyoncé, Nicki Minaj",BEYONCÉ [Platinum Edition],usuk-pop,https://music.youtube.com/watch?v=qZaLAAcehX4,https://i.ytimg.com/vi/qZaLAAcehX4/maxresdefault.jpg,Beyoncé/BEYONCÉ [Platinum Edition]/Flawless Remix.mp3
Beyoncé & Post Malone - LEVII'S JEANS (Official Lyric Video),Beyoncé,Beyoncé,Single,usuk-pop,https://music.youtube.com/watch?v=esnhbIbQHgM,https://i.ytimg.com/vi/esnhbIbQHgM/maxresdefault.jpg,Beyoncé/Single/Beyoncé & Post Malone - LEVII'S JEANS (Official Lyric Video).mp3
Beyoncé - MY HOUSE (Official Lyric Video),Beyoncé,Beyoncé,Single,usuk-pop,https://music.youtube.com/watch?v=hAsDiZn61Wo,https://i.ytimg.com/vi/hAsDiZn61Wo/maxresdefault.jpg,Beyoncé/Single/Beyoncé - MY HOUSE (Official Lyric Video).mp3
Daddy Lessons,Beyoncé,Beyoncé,Lemonade,usuk-pop,https://music.youtube.com/watch?v=6Mm9ae_qg9I,https://i.ytimg.com/vi/6Mm9ae_qg9I/maxresdefault.jpg,Beyoncé/Lemonade/Daddy Lessons.mp3
Justin Bieber - LOVE SONG (Audio),Justin Bieber,Justin Bieber,Single,usuk-pop,https://music.youtube.com/watch?v=BEsAhEAjC8Y,https://i.ytimg.com/vi/BEsAhEAjC8Y/maxresdefault.jpg,Justin Bieber/Single/Justin Bieber - LOVE SONG (Audio).mp3
Justin Bieber - DAISIES (Audio),Justin Bieber,Justin Bieber,Single,usuk-pop,https://music.youtube.com/watch?v=msGuqelopMA,https://i.ytimg.com/vi/msGuqelopMA/maxresdefault.jpg,Justin Bieber/Single/Justin Bieber - DAISIES (Audio).mp3
"The Kid LAROI, Justin Bieber - STAY (Official Video)",Justin Bieber,The Kid LAROI.,Single,usuk-pop,https://music.youtube.com/watch?v=kTJczUoc26U,https://i.ytimg.com/vi/kTJczUoc26U/maxresdefault.jpg,"Justin Bieber/Single/The Kid LAROI, Justin Bieber - STAY (Official Video).mp3"
Justin Bieber - Intentions ft. Quavo (Official Video),Justin Bieber,Justin Bieber,Single,usuk-pop,https://music.youtube.com/watch?v=9p2wMpVVtXg,https://i.ytimg.com/vi/9p2wMpVVtXg/maxresdefault.jpg,Justin Bieber/Single/Justin Bieber - Intentions ft. Quavo (Official Video).mp3
Justin Bieber - YUKON,Justin Bieber,Justin Bieber,Single,usuk-pop,https://music.youtube.com/watch?v=fXivMSJm_kA,https://i.ytimg.com/vi/fXivMSJm_kA/maxresdefault.jpg,Justin Bieber/Single/Justin Bieber - YUKON.mp3
Justin Bieber - Sorry (PURPOSE : The Movement),Justin Bieber,Justin Bieber,Single,usuk-pop,https://music.youtube.com/watch?v=fRh_vgS2dFE,https://i.ytimg.com/vi/fRh_vgS2dFE/maxresdefault.jpg,Justin Bieber/Single/Justin Bieber - Sorry (PURPOSE _ The Movement).mp3
Justin Bieber - Baby ft. Ludacris,Justin Bieber,Justin Bieber,Single,usuk-pop,https://music.youtube.com/watch?v=kffacxfA7G4,https://i.ytimg.com/vi/kffacxfA7G4/maxresdefault.jpg,Justin Bieber/Single/Justin Bieber - Baby ft. Ludacris.mp3
Justin Bieber - What Do You Mean?,Justin Bieber,Justin Bieber,Single,usuk-pop,https://music.youtube.com/watch?v=DK_0jXPuIr0,https://i.ytimg.com/vi/DK_0jXPuIr0/maxresdefault.jpg,Justin Bieber/Single/Justin Bieber - What Do You Mean?.mp3
DJ Snake - Let Me Love You (Official Music Video) ft. Justin Bieber,Justin Bieber,DJ Snake,Single,usuk-pop,https://music.youtube.com/watch?v=euCqAq6BRa4,https://i.ytimg.com/vi/euCqAq6BRa4/maxresdefault.jpg,Justin Bieber/Single/DJ Snake - Let Me Love You (Official Music Video) ft. Justin Bieber.mp3
"DJ Khaled - I'm The One ft. Justin Bieber, Quavo, Chance the Rapper, Lil Wayne",Justin Bieber,DJ Khaled,Single,usuk-pop,https://music.youtube.com/watch?v=weeI1G46q0o,https://i.ytimg.com/vi/weeI1G46q0o/maxresdefault.jpg,"Justin Bieber/Single/DJ Khaled - I'm The One ft. Justin Bieber, Quavo, Chance the Rapper, Lil Wayne.mp3"
Justin Bieber - Love Yourself (PURPOSE : The Movement),Justin Bieber,Justin Bieber,Single,usuk-pop,https://music.youtube.com/watch?v=oyEuk8j8imI,https://i.ytimg.com/vi/oyEuk8j8imI/maxresdefault.jpg,Justin Bieber/Single/Justin Bieber - Love Yourself (PURPOSE _ The Movement).mp3
"Justin Bieber - Peaches ft. Daniel Caesar, Giveon",Justin Bieber,Justin Bieber,Single,usuk-pop,https://music.youtube.com/watch?v=tQ0yjYUFKAE,https://i.ytimg.com/vi/tQ0yjYUFKAE/maxresdefault.jpg,"Justin Bieber/Single/Justin Bieber - Peaches ft. Daniel Caesar, Giveon.mp3"
Justin Bieber - Yummy (Official Video),Justin Bieber,Justin Bieber,Single,usuk-pop,https://music.youtube.com/watch?v=8EJ3zbKTWQ8,https://i.ytimg.com/vi/8EJ3zbKTWQ8/maxresdefault.jpg,Justin Bieber/Single/Justin Bieber - Yummy (Official Video).mp3
"Skrillex and Diplo - ""Where Are Ü Now"" with Justin Bieber (Official Video)",Justin Bieber,Jack Ü,Single,usuk-pop,https://music.youtube.com/watch?v=nntGTK2Fhb0,https://i.ytimg.com/vi/nntGTK2Fhb0/sddefault.jpg,Justin Bieber/Single/Skrillex and Diplo - Where Are Ü Now with Justin Bieber (Official Video).mp3
Justin Bieber - Ghost,Justin Bieber,Justin Bieber,Single,usuk-pop,https://music.youtube.com/watch?v=Fp8msa5uYsc,https://i.ytimg.com/vi/Fp8msa5uYsc/maxresdefault.jpg,Justin Bieber/Single/Justin Bieber - Ghost.mp3
Justin Bieber - Beauty And A Beat (Official Music Video) ft. Nicki Minaj,Justin Bieber,Justin Bieber,Single,usuk-pop,https://music.youtube.com/watch?v=Ys7-6_t7OEQ,https://i.ytimg.com/vi/Ys7-6_t7OEQ/maxresdefault.jpg,Justin Bieber/Single/Justin Bieber - Beauty And A Beat (Official Music Video) ft. Nicki Minaj.mp3
Ed Sheeran & Justin Bieber - I Don't Care [Official Music Video],Justin Bieber,Ed Sheeran,Single,usuk-pop,https://music.youtube.com/watch?v=y83x7MgzWOA,https://i.ytimg.com/vi/y83x7MgzWOA/sddefault.jpg?v=5cdeca1d,Justin Bieber/Single/Ed Sheeran & Justin Bieber - I Don't Care [Official Music Video].mp3
Justin Bieber - Never Say Never ft. Jaden,Justin Bieber,Justin Bieber,Single,usuk-pop,https://music.youtube.com/watch?v=_Z5-P9v3F8w,https://i.ytimg.com/vi/_Z5-P9v3F8w/maxresdefault.jpg,Justin Bieber/Single/Justin Bieber - Never Say Never ft. Jaden.mp3
Justin Bieber - Company,Justin Bieber,Justin Bieber,Single,usuk-pop,https://music.youtube.com/watch?v=gdx7gN1UyX0,https://i.ytimg.com/vi/gdx7gN1UyX0/maxresdefault.jpg,Justin Bieber/Single/Justin Bieber - Company.mp3
Justin Bieber - Boyfriend,Justin Bieber,Justin Bieber,Single,usuk-pop,https://music.youtube.com/watch?v=4GuqB1BQVr4,https://i.ytimg.com/vi/4GuqB1BQVr4/maxresdefault.jpg,Justin Bieber/Single/Justin Bieber - Boyfriend.mp3
Justin Bieber - One Time (Official Music Video),Justin Bieber,Justin Bieber,Single,usuk-pop,https://music.youtube.com/watch?v=CHVhwcOg6y8,https://i.ytimg.com/vi/CHVhwcOg6y8/maxresdefault.jpg,Justin Bieber/Single/Justin Bieber - One Time (Official Music Video).mp3
Justin Bieber - I'll Show You,Justin Bieber,Justin Bieber,Single,usuk-pop,https://music.youtube.com/watch?v=PfGaX8G0f2E,https://i.ytimg.com/vi/PfGaX8G0f2E/maxresdefault.jpg,Justin Bieber/Single/Justin Bieber - I'll Show You.mp3
"DJ Khaled - No Brainer (Official Video) ft. Justin Bieber, Chance the Rapper, Quavo",Justin Bieber,DJ Khaled,Single,usuk-pop,https://music.youtube.com/watch?v=kxloC1MKTpg,https://i.ytimg.com/vi/kxloC1MKTpg/maxresdefault.jpg,"Justin Bieber/Single/DJ Khaled - No Brainer (Official Video) ft. Justin Bieber, Chance the Rapper, Quavo.mp3"
"Dan + Shay, Justin Bieber - 10,000 Hours (Official Music Video)",Justin Bieber,Dan + Shay,Single,usuk-pop,https://music.youtube.com/watch?v=Y2E71oe0aSM,https://i.ytimg.com/vi/Y2E71oe0aSM/maxresdefault.jpg,"Justin Bieber/Single/Dan + Shay, Justin Bieber - 10,000 Hours (Official Music Video).mp3"
"Shawn Mendes, Justin Bieber - Monster",Justin Bieber,Shawn Mendes,Single,usuk-pop,https://music.youtube.com/watch?v=MPbUaIZAaeA,https://i.ytimg.com/vi/MPbUaIZAaeA/maxresdefault.jpg,"Justin Bieber/Single/Shawn Mendes, Justin Bieber - Monster.mp3"
Justin Bieber - Holy ft. Chance The Rapper,Justin Bieber,Justin Bieber,Single,usuk-pop,https://music.youtube.com/watch?v=pvPsJFRGleA,https://i.ytimg.com/vi/pvPsJFRGleA/maxresdefault.jpg,Justin Bieber/Single/Justin Bieber - Holy ft. Chance The Rapper.mp3
Ariana Grande & Justin Bieber - Stuck with U,Justin Bieber,Ariana Grande,Single,usuk-pop,https://music.youtube.com/watch?v=pE49WK-oNjU,https://i.ytimg.com/vi/pE49WK-oNjU/maxresdefault.jpg,Justin Bieber/Single/Ariana Grande & Justin Bieber - Stuck with U.mp3
Justin Bieber - As Long As You Love Me ft. Big Sean,Justin Bieber,Justin Bieber,Single,usuk-pop,https://music.youtube.com/watch?v=R4em3LKQCAQ,https://i.ytimg.com/vi/R4em3LKQCAQ/maxresdefault.jpg,Justin Bieber/Single/Justin Bieber - As Long As You Love Me ft. Big Sean.mp3
Justin Bieber & benny blanco - Lonely (Official Music Video),Justin Bieber,Justin Bieber,Single,usuk-pop,https://music.youtube.com/watch?v=xQOO2xGQ1Pc,https://i.ytimg.com/vi/xQOO2xGQ1Pc/maxresdefault.jpg,Justin Bieber/Single/Justin Bieber & benny blanco - Lonely (Official Music Video).mp3
Justin Bieber - Confident ft. Chance The Rapper,Justin Bieber,Justin Bieber,Single,usuk-pop,https://music.youtube.com/watch?v=47YClVMlthI,https://i.ytimg.com/vi/47YClVMlthI/maxresdefault.jpg,Justin Bieber/Single/Justin Bieber - Confident ft. Chance The Rapper.mp3
Justin Bieber - SPEED DEMON,Justin Bieber,Justin Bieber,Single,usuk-pop,https://music.youtube.com/watch?v=4WcD2ncHMVs,https://i.ytimg.com/vi/4WcD2ncHMVs/maxresdefault.jpg,Justin Bieber/Single/Justin Bieber - SPEED DEMON.mp3
Justin Bieber - One Less Lonely Girl,Justin Bieber,Justin Bieber,Single,usuk-pop,https://music.youtube.com/watch?v=LXUSaVw3Mvk,https://i.ytimg.com/vi/LXUSaVw3Mvk/maxresdefault.jpg,Justin Bieber/Single/Justin Bieber - One Less Lonely Girl.mp3
Justin Bieber - Anyone,Justin Bieber,Justin Bieber,Single,usuk-pop,https://music.youtube.com/watch?v=KIK3azN4w34,https://i.ytimg.com/vi/KIK3azN4w34/maxresdefault.jpg,Justin Bieber/Single/Justin Bieber - Anyone.mp3
Justin Bieber - Hold On,Justin Bieber,Justin Bieber,Single,usuk-pop,https://music.youtube.com/watch?v=LWeiydKl0mU,https://i.ytimg.com/vi/LWeiydKl0mU/maxresdefault.jpg,Justin Bieber/Single/Justin Bieber - Hold On.mp3
Justin Bieber - All That Matters,Justin Bieber,Justin Bieber,Single,usuk-pop,https://music.youtube.com/watch?v=JC2yu2a9sHk,https://i.ytimg.com/vi/JC2yu2a9sHk/maxresdefault.jpg,Justin Bieber/Single/Justin Bieber - All That Matters.mp3
Justin Bieber - GO BABY (Audio),Justin Bieber,Justin Bieber,Single,usuk-pop,https://music.youtube.com/watch?v=cfhRITCzKGE,https://i.ytimg.com/vi/cfhRITCzKGE/maxresdefault.jpg,Justin Bieber/Single/Justin Bieber - GO BABY (Audio).mp3
Justin Bieber - BAD HONEY,Justin Bieber,Justin Bieber,Single,usuk-pop,https://music.youtube.com/watch?v=euBEwEENOr0,https://i.ytimg.com/vi/euBEwEENOr0/maxresdefault.jpg,Justin Bieber/Single/Justin Bieber - BAD HONEY.mp3
"Justin Bieber, BloodPop® - Friends (Official Lyric Video)",Justin Bieber,BloodPop®,Single,usuk-pop,https://music.youtube.com/watch?v=8e4f9f-j-5Y,https://i.ytimg.com/vi/8e4f9f-j-5Y/maxresdefault.jpg,"Justin Bieber/Single/Justin Bieber, BloodPop® - Friends (Official Lyric Video).mp3"
Justin Bieber - U Smile,Justin Bieber,Justin Bieber,Single,usuk-pop,https://music.youtube.com/watch?v=r2ozuCXpVJY,https://i.ytimg.com/vi/r2ozuCXpVJY/maxresdefault.jpg,Justin Bieber/Single/Justin Bieber - U Smile.mp3
Justin Bieber - Honest ft. Don Toliver,Justin Bieber,Justin Bieber,Single,usuk-pop,https://music.youtube.com/watch?v=n1khwOk5dN8,https://i.ytimg.com/vi/n1khwOk5dN8/maxresdefault.jpg,Justin Bieber/Single/Justin Bieber - Honest ft. Don Toliver.mp3
"DJ Khaled - LET IT GO (Official Music Video) ft. Justin Bieber, 21 Savage",Justin Bieber,DJ Khaled,Single,usuk-pop,https://music.youtube.com/watch?v=QRZJNqoJQFY,https://i.ytimg.com/vi/QRZJNqoJQFY/maxresdefault.jpg,"Justin Bieber/Single/DJ Khaled - LET IT GO (Official Music Video) ft. Justin Bieber, 21 Savage.mp3"
"Skrillex, Justin Bieber & Don Toliver - Don't Go (Official Music Video)",Justin Bieber,Skrillex,Single,usuk-pop,https://music.youtube.com/watch?v=cds_rfHsJ3Y,https://i.ytimg.com/vi/cds_rfHsJ3Y/maxresdefault.jpg,"Justin Bieber/Single/Skrillex, Justin Bieber & Don Toliver - Don't Go (Official Music Video).mp3"
Justin Bieber - ALL I CAN TAKE (Audio),Justin Bieber,Justin Bieber,Single,usuk-pop,https://music.youtube.com/watch?v=ogVL5Hdh8Po,https://i.ytimg.com/vi/ogVL5Hdh8Po/maxresdefault.jpg,Justin Bieber/Single/Justin Bieber - ALL I CAN TAKE (Audio).mp3
"Justin Bieber, Tems - I THINK YOU'RE SPECIAL (Audio)",Justin Bieber,Justin Bieber,Single,usuk-pop,https://music.youtube.com/watch?v=u-NC-8sgTd4,https://i.ytimg.com/vi/u-NC-8sgTd4/maxresdefault.jpg,"Justin Bieber/Single/Justin Bieber, Tems - I THINK YOU'RE SPECIAL (Audio).mp3"
Billie Eilish - bad guy (with Justin Bieber) [Audio],Justin Bieber,Billie Eilish,Single,usuk-pop,https://music.youtube.com/watch?v=2pnXjQCegVc,https://i.ytimg.com/vi/2pnXjQCegVc/maxresdefault.jpg,Justin Bieber/Single/Billie Eilish - bad guy (with Justin Bieber) [Audio].mp3
Justin Bieber - Forever (feat. Post Malone & Clever)(Audio),Justin Bieber,Justin Bieber,Single,usuk-pop,https://music.youtube.com/watch?v=ZdRfOV5XNNE,https://i.ytimg.com/vi/ZdRfOV5XNNE/maxresdefault.jpg,Justin Bieber/Single/Justin Bieber - Forever (feat. Post Malone & Clever)(Audio).mp3
Justin Bieber - Heartbreaker (Audio),Justin Bieber,Justin Bieber,Single,usuk-pop,https://music.youtube.com/watch?v=nP-DQK8YIzM,https://i.ytimg.com/vi/nP-DQK8YIzM/maxresdefault.jpg,Justin Bieber/Single/Justin Bieber - Heartbreaker (Audio).mp3
Justin Bieber - THINGS YOU DO (Audio),Justin Bieber,Justin Bieber,Single,usuk-pop,https://music.youtube.com/watch?v=-VsIU-7cPeQ,https://i.ytimg.com/vi/-VsIU-7cPeQ/maxresdefault.jpg,Justin Bieber/Single/Justin Bieber - THINGS YOU DO (Audio).mp3
"Justin Bieber, Gunna - WAY IT IS (Audio)",Justin Bieber,Justin Bieber,Single,usuk-pop,https://music.youtube.com/watch?v=27ZV7_fRHiQ,https://i.ytimg.com/vi/27ZV7_fRHiQ/maxresdefault.jpg,"Justin Bieber/Single/Justin Bieber, Gunna - WAY IT IS (Audio).mp3"
Despacito (Remix),Justin Bieber,"Luis Fonsi, Daddy Yankee, Justin Bieber",VIDA,usuk-pop,https://music.youtube.com/watch?v=FdMG84qN_98,https://i.ytimg.com/vi/FdMG84qN_98/maxresdefault.jpg,Justin Bieber/VIDA/Despacito (Remix).mp3
Omah Lay & Justin Bieber - Attention (Official Music Video),Justin Bieber,Omah Lay,Single,usuk-pop,https://music.youtube.com/watch?v=ZtC7-OpjzOc,https://i.ytimg.com/vi/ZtC7-OpjzOc/maxresdefault.jpg,Justin Bieber/Single/Omah Lay & Justin Bieber - Attention (Official Music Video).mp3
Justin Bieber - BETTER MAN (Audio),Justin Bieber,Justin Bieber,Single,usuk-pop,https://music.youtube.com/watch?v=9q4919iDb9Y,https://i.ytimg.com/vi/9q4919iDb9Y/maxresdefault.jpg,Justin Bieber/Single/Justin Bieber - BETTER MAN (Audio).mp3
Deja Vu,Justin Bieber,"Post Malone, Justin Bieber",Stoney,usuk-pop,https://music.youtube.com/watch?v=q-YzHC6m7Po,https://i.ytimg.com/vi/q-YzHC6m7Po/maxresdefault.jpg,Justin Bieber/Stoney/Deja Vu.mp3
Somebody To Love,Justin Bieber,Justin Bieber,My World 2.0,usuk-pop,https://music.youtube.com/watch?v=bp5SRjnAjrw,https://i.ytimg.com/vi/bp5SRjnAjrw/maxresdefault.jpg,Justin Bieber/My World 2.0/Somebody To Love.mp3
Justin Bieber - As I Am (Visualizer) ft. Khalid,Justin Bieber,Justin Bieber,Single,usuk-pop,https://music.youtube.com/watch?v=33Uh-uNb5Oc,https://i.ytimg.com/vi/33Uh-uNb5Oc/maxresdefault.jpg,Justin Bieber/Single/Justin Bieber - As I Am (Visualizer) ft. Khalid.mp3
Justin Bieber - All Around The World (Lyric Video) ft. Ludacris,Justin Bieber,Justin Bieber,Single,usuk-pop,https://music.youtube.com/watch?v=wlAw48HucqY,https://i.ytimg.com/vi/wlAw48HucqY/maxresdefault.jpg,Justin Bieber/Single/Justin Bieber - All Around The World (Lyric Video) ft. Ludacris.mp3
Justin Bieber X Free Fire - Beautiful Love (Free Fire) [Official Video],Justin Bieber,Justin Bieber,Single,usuk-pop,https://music.youtube.com/watch?v=_lpSCOZ1PCo,https://i.ytimg.com/vi/_lpSCOZ1PCo/maxresdefault.jpg,Justin Bieber/Single/Justin Bieber X Free Fire - Beautiful Love (Free Fire) [Official Video].mp3
Justin Bieber - NEED IT (Audio),Justin Bieber,Justin Bieber,Single,usuk-pop,https://music.youtube.com/watch?v=cfId7qz939c,https://i.ytimg.com/vi/cfId7qz939c/maxresdefault.jpg,Justin Bieber/Single/Justin Bieber - NEED IT (Audio).mp3
Maria,Justin Bieber,Justin Bieber,Believe,usuk-pop,https://music.youtube.com/watch?v=GCx_H4yZtas,https://i.ytimg.com/vi/GCx_H4yZtas/maxresdefault.jpg,Justin Bieber/Believe/Maria.mp3
"Justin Bieber, Hurricane Chris - POPPIN’ MY S*** (Audio)",Justin Bieber,Justin Bieber,Single,usuk-pop,https://music.youtube.com/watch?v=JBDiQfJQ9OQ,https://i.ytimg.com/vi/JBDiQfJQ9OQ/maxresdefault.jpg,"Justin Bieber/Single/Justin Bieber, Hurricane Chris - POPPIN’ MY S*** (Audio).mp3"
Justin Bieber - Get Me (CHANGES: The Movement) ft. Kehlani,Justin Bieber,Justin Bieber,Single,usuk-pop,https://music.youtube.com/watch?v=9uBQ53rM3WU,https://i.ytimg.com/vi/9uBQ53rM3WU/maxresdefault.jpg,Justin Bieber/Single/Justin Bieber - Get Me (CHANGES_ The Movement) ft. Kehlani.mp3
Diddy - Moments (ft. Justin Bieber) [Official Audio],Justin Bieber,Diddy,Single,usuk-pop,https://music.youtube.com/watch?v=F7Ae9NUxXwY,https://i.ytimg.com/vi/F7Ae9NUxXwY/maxresdefault.jpg,Justin Bieber/Single/Diddy - Moments (ft. Justin Bieber) [Official Audio].mp3
Justin Bieber - Recovery (Official Lyric Video),Justin Bieber,Justin Bieber,Single,usuk-pop,https://music.youtube.com/watch?v=scfUHrm-PgA,https://i.ytimg.com/vi/scfUHrm-PgA/maxresdefault.jpg,Justin Bieber/Single/Justin Bieber - Recovery (Official Lyric Video).mp3
Ed Sheeran - Sapphire (Official Music Video),Ed Sheeran,Ed Sheeran,Single,usuk-pop,https://music.youtube.com/watch?v=JgDNFQ2RaLQ,https://i.ytimg.com/vi/JgDNFQ2RaLQ/maxresdefault.jpg,Ed Sheeran/Single/Ed Sheeran - Sapphire (Official Music Video).mp3
Ed Sheeran - Shape of You (Official Music Video),Ed Sheeran,Ed Sheeran,Single,usuk-pop,https://music.youtube.com/watch?v=JGwWNGJdvx8,https://i.ytimg.com/vi/JGwWNGJdvx8/sddefault.jpg,Ed Sheeran/Single/Ed Sheeran - Shape of You (Official Music Video).mp3
Ed Sheeran - Eyes Closed [Official Video],Ed Sheeran,Ed Sheeran,Single,usuk-pop,https://music.youtube.com/watch?v=u6wOyMUs74I,https://i.ytimg.com/vi/u6wOyMUs74I/maxresdefault.jpg,Ed Sheeran/Single/Ed Sheeran - Eyes Closed [Official Video].mp3
Ed Sheeran - Bad Habits [Official Video],Ed Sheeran,Ed Sheeran,Single,usuk-pop,https://music.youtube.com/watch?v=orJSJGHjBLI,https://i.ytimg.com/vi/orJSJGHjBLI/maxresdefault.jpg,Ed Sheeran/Single/Ed Sheeran - Bad Habits [Official Video].mp3
Ed Sheeran - Shivers [Official Video],Ed Sheeran,Ed Sheeran,Single,usuk-pop,https://music.youtube.com/watch?v=Il0S8BoucSA,https://i.ytimg.com/vi/Il0S8BoucSA/maxresdefault.jpg,Ed Sheeran/Single/Ed Sheeran - Shivers [Official Video].mp3
Ed Sheeran - Perfect (Official Music Video),Ed Sheeran,Ed Sheeran,Single,usuk-pop,https://music.youtube.com/watch?v=2Vv-BfVoq4g,https://i.ytimg.com/vi/2Vv-BfVoq4g/sddefault.jpg,Ed Sheeran/Single/Ed Sheeran - Perfect (Official Music Video).mp3
Ed Sheeran - Azizam (Pink Heart Video),Ed Sheeran,Ed Sheeran,Single,usuk-pop,https://music.youtube.com/watch?v=q_48vyHWls4,https://i.ytimg.com/vi/q_48vyHWls4/maxresdefault.jpg,Ed Sheeran/Single/Ed Sheeran - Azizam (Pink Heart Video).mp3
"Ed Sheeran, Pokémon - Celestial [Official Video]",Ed Sheeran,Ed Sheeran,Single,usuk-pop,https://music.youtube.com/watch?v=23g5HBOg3Ic,https://i.ytimg.com/vi/23g5HBOg3Ic/maxresdefault.jpg,"Ed Sheeran/Single/Ed Sheeran, Pokémon - Celestial [Official Video].mp3"
Ed Sheeran - Thinking Out Loud (Official Music Video),Ed Sheeran,Ed Sheeran,Single,usuk-pop,https://music.youtube.com/watch?v=lp-EO5I60KA,https://i.ytimg.com/vi/lp-EO5I60KA/maxresdefault.jpg,Ed Sheeran/Single/Ed Sheeran - Thinking Out Loud (Official Music Video).mp3
Ed Sheeran - Castle On The Hill [Official Music Video],Ed Sheeran,Ed Sheeran,Single,usuk-pop,https://music.youtube.com/watch?v=K0ibBPhiaG0,https://i.ytimg.com/vi/K0ibBPhiaG0/sddefault.jpg,Ed Sheeran/Single/Ed Sheeran - Castle On The Hill [Official Music Video].mp3
Ed Sheeran - Beautiful People (feat. Khalid) [Official Music Video],Ed Sheeran,Ed Sheeran,Single,usuk-pop,https://music.youtube.com/watch?v=mj0XInqZMHY,https://i.ytimg.com/vi/mj0XInqZMHY/sddefault.jpg,Ed Sheeran/Single/Ed Sheeran - Beautiful People (feat. Khalid) [Official Music Video].mp3
Ed Sheeran - Overpass Graffiti [Official Video],Ed Sheeran,Ed Sheeran,Single,usuk-pop,https://music.youtube.com/watch?v=k6ZoE4RrcDs,https://i.ytimg.com/vi/k6ZoE4RrcDs/maxresdefault.jpg,Ed Sheeran/Single/Ed Sheeran - Overpass Graffiti [Official Video].mp3
Ed Sheeran - The A Team [Official Music Video],Ed Sheeran,Ed Sheeran,Single,usuk-pop,https://music.youtube.com/watch?v=UAWcs5H-qgQ,https://i.ytimg.com/vi/UAWcs5H-qgQ/maxresdefault.jpg,Ed Sheeran/Single/Ed Sheeran - The A Team [Official Music Video].mp3
Ed Sheeran - Camera (Official Music Video),Ed Sheeran,Ed Sheeran,Single,usuk-pop,https://music.youtube.com/watch?v=O8WXFI_MSAI,https://i.ytimg.com/vi/O8WXFI_MSAI/maxresdefault.jpg,Ed Sheeran/Single/Ed Sheeran - Camera (Official Music Video).mp3
Ed Sheeran - Life Goes On [Official Video],Ed Sheeran,Ed Sheeran,Single,usuk-pop,https://music.youtube.com/watch?v=JiqDOoghs50,https://i.ytimg.com/vi/JiqDOoghs50/maxresdefault.jpg,Ed Sheeran/Single/Ed Sheeran - Life Goes On [Official Video].mp3
Ed Sheeran - Galway Girl [Official Music Video],Ed Sheeran,Ed Sheeran,Single,usuk-pop,https://music.youtube.com/watch?v=87gWaABqGYs,https://i.ytimg.com/vi/87gWaABqGYs/sddefault.jpg,Ed Sheeran/Single/Ed Sheeran - Galway Girl [Official Music Video].mp3
Ed Sheeran - Take Me Back To London (feat. Stormzy) [Official Lyric Video],Ed Sheeran,Ed Sheeran,Single,usuk-pop,https://music.youtube.com/watch?v=ehQcuKhO5n0,https://i.ytimg.com/vi/ehQcuKhO5n0/sddefault.jpg,Ed Sheeran/Single/Ed Sheeran - Take Me Back To London (feat. Stormzy) [Official Lyric Video].mp3
Ed Sheeran - Sing [Official Music Video],Ed Sheeran,Ed Sheeran,Single,usuk-pop,https://music.youtube.com/watch?v=tlYcUqEPN58,https://i.ytimg.com/vi/tlYcUqEPN58/maxresdefault.jpg,Ed Sheeran/Single/Ed Sheeran - Sing [Official Music Video].mp3
Ed Sheeran & Justin Bieber - I Don't Care [Official Music Video],Ed Sheeran,Ed Sheeran,Single,usuk-pop,https://music.youtube.com/watch?v=y83x7MgzWOA,https://i.ytimg.com/vi/y83x7MgzWOA/sddefault.jpg?v=5cdeca1d,Ed Sheeran/Single/Ed Sheeran & Justin Bieber - I Don't Care [Official Music Video].mp3
Ed Sheeran - Lego House [Official Music Video],Ed Sheeran,Ed Sheeran,Single,usuk-pop,https://music.youtube.com/watch?v=c4BLVznuWnU,https://i.ytimg.com/vi/c4BLVznuWnU/maxresdefault.jpg,Ed Sheeran/Single/Ed Sheeran - Lego House [Official Music Video].mp3
Ed Sheeran - 2step (feat. Lil Baby) - [Official Video],Ed Sheeran,Ed Sheeran,Single,usuk-pop,https://music.youtube.com/watch?v=Z_MvkyuOJgk,https://i.ytimg.com/vi/Z_MvkyuOJgk/maxresdefault.jpg,Ed Sheeran/Single/Ed Sheeran - 2step (feat. Lil Baby) - [Official Video].mp3
Ed Sheeran - The Joker And The Queen (feat. Taylor Swift) [Official Video],Ed Sheeran,Ed Sheeran,Single,usuk-pop,https://music.youtube.com/watch?v=2qzcHLyv3N0,https://i.ytimg.com/vi/2qzcHLyv3N0/maxresdefault.jpg,Ed Sheeran/Single/Ed Sheeran - The Joker And The Queen (feat. Taylor Swift) [Official Video].mp3
Ed Sheeran - Curtains [Official Video],Ed Sheeran,Ed Sheeran,Single,usuk-pop,https://music.youtube.com/watch?v=YxSj3TP90SA,https://i.ytimg.com/vi/YxSj3TP90SA/maxresdefault.jpg,Ed Sheeran/Single/Ed Sheeran - Curtains [Official Video].mp3
Ed Sheeran - Supermarket Flowers [Official Audio],Ed Sheeran,Ed Sheeran,Single,usuk-pop,https://music.youtube.com/watch?v=bIB8EWqCPrQ,https://i.ytimg.com/vi/bIB8EWqCPrQ/sddefault.jpg,Ed Sheeran/Single/Ed Sheeran - Supermarket Flowers [Official Audio].mp3
Ed Sheeran - Photograph (Official Music Video),Ed Sheeran,Ed Sheeran,Single,usuk-pop,https://music.youtube.com/watch?v=nSDgHBxUbVQ,https://i.ytimg.com/vi/nSDgHBxUbVQ/sddefault.jpg,Ed Sheeran/Single/Ed Sheeran - Photograph (Official Music Video).mp3
Ed Sheeran - Boat [Official Video],Ed Sheeran,Ed Sheeran,Single,usuk-pop,https://music.youtube.com/watch?v=mKEphyIbtXo,https://i.ytimg.com/vi/mKEphyIbtXo/maxresdefault.jpg,Ed Sheeran/Single/Ed Sheeran - Boat [Official Video].mp3
Ed Sheeran - Happier (Official Music Video),Ed Sheeran,Ed Sheeran,Single,usuk-pop,https://music.youtube.com/watch?v=iWZmdoY1aTE,https://i.ytimg.com/vi/iWZmdoY1aTE/sddefault.jpg,Ed Sheeran/Single/Ed Sheeran - Happier (Official Music Video).mp3
Ed Sheeran - Visiting Hours [Official Performance Video],Ed Sheeran,Ed Sheeran,Single,usuk-pop,https://music.youtube.com/watch?v=t3CoEyYEf4A,https://i.ytimg.com/vi/t3CoEyYEf4A/maxresdefault.jpg,Ed Sheeran/Single/Ed Sheeran - Visiting Hours [Official Performance Video].mp3
Ed Sheeran - Give Me Love (Official Music Video),Ed Sheeran,Ed Sheeran,Single,usuk-pop,https://music.youtube.com/watch?v=FOjdXSrtUxA,https://i.ytimg.com/vi/FOjdXSrtUxA/maxresdefault.jpg,Ed Sheeran/Single/Ed Sheeran - Give Me Love (Official Music Video).mp3
Ed Sheeran - South of the Border (feat. Camila Cabello & Cardi B) [Official Music Video],Ed Sheeran,Ed Sheeran,Single,usuk-pop,https://music.youtube.com/watch?v=UPOT2tgY9QQ,https://i.ytimg.com/vi/UPOT2tgY9QQ/maxresdefault.jpg,Ed Sheeran/Single/Ed Sheeran - South of the Border (feat. Camila Cabello & Cardi B) [Official Music Video].mp3
Ed Sheeran - A Little More (Official Music Video),Ed Sheeran,Ed Sheeran,Single,usuk-pop,https://music.youtube.com/watch?v=O_0Wn73AnC8,https://i.ytimg.com/vi/O_0Wn73AnC8/maxresdefault.jpg,Ed Sheeran/Single/Ed Sheeran - A Little More (Official Music Video).mp3
Ed Sheeran - Symmetry feat. Karan Aujla (Official Music Video),Ed Sheeran,Ed Sheeran,Single,usuk-pop,https://music.youtube.com/watch?v=32sPcsb9ClQ,https://i.ytimg.com/vi/32sPcsb9ClQ/maxresdefault.jpg,Ed Sheeran/Single/Ed Sheeran - Symmetry feat. Karan Aujla (Official Music Video).mp3
Ed Sheeran - Afterglow [Official Performance Video],Ed Sheeran,Ed Sheeran,Single,usuk-pop,https://music.youtube.com/watch?v=_NGQfFCFUn4,https://i.ytimg.com/vi/_NGQfFCFUn4/maxresdefault.jpg,Ed Sheeran/Single/Ed Sheeran - Afterglow [Official Performance Video].mp3
Ed Sheeran - How Would You Feel (Paean) [Official Audio],Ed Sheeran,Ed Sheeran,Single,usuk-pop,https://music.youtube.com/watch?v=ZZMZiBCRX4c,https://i.ytimg.com/vi/ZZMZiBCRX4c/sddefault.jpg,Ed Sheeran/Single/Ed Sheeran - How Would You Feel (Paean) [Official Audio].mp3
Ed Sheeran - Put It All On Me (feat. Ella Mai) [Official Music Video],Ed Sheeran,Ed Sheeran,Single,usuk-pop,https://music.youtube.com/watch?v=ryJgDL9jzKk,https://i.ytimg.com/vi/ryJgDL9jzKk/maxresdefault.jpg,Ed Sheeran/Single/Ed Sheeran - Put It All On Me (feat. Ella Mai) [Official Music Video].mp3
Ed Sheeran - Drunk [Official Music Video],Ed Sheeran,Ed Sheeran,Single,usuk-pop,https://music.youtube.com/watch?v=G2fOum_KWQU,https://i.ytimg.com/vi/G2fOum_KWQU/maxresdefault.jpg,Ed Sheeran/Single/Ed Sheeran - Drunk [Official Music Video].mp3
"Ed Sheeran - You Need Me, I Don't Need You [Official Music Video]",Ed Sheeran,Ed Sheeran,Single,usuk-pop,https://music.youtube.com/watch?v=ZXvzzTICvJs,https://i.ytimg.com/vi/ZXvzzTICvJs/maxresdefault.jpg,"Ed Sheeran/Single/Ed Sheeran - You Need Me, I Don't Need You [Official Music Video].mp3"
Ed Sheeran - Tenerife Sea (Official Lyric Video),Ed Sheeran,Ed Sheeran,Single,usuk-pop,https://music.youtube.com/watch?v=2tHes1FQfwU,https://i.ytimg.com/vi/2tHes1FQfwU/maxresdefault.jpg,Ed Sheeran/Single/Ed Sheeran - Tenerife Sea (Official Lyric Video).mp3
Kiss Me,Ed Sheeran,Ed Sheeran,+,usuk-pop,https://music.youtube.com/watch?v=bWkQjYH6vmM,https://i.ytimg.com/vi/bWkQjYH6vmM/maxresdefault.jpg,Ed Sheeran/+/Kiss Me.mp3
Ed Sheeran - Vega [Official Video],Ed Sheeran,Ed Sheeran,Single,usuk-pop,https://music.youtube.com/watch?v=xgBd84lK1gE,https://i.ytimg.com/vi/xgBd84lK1gE/maxresdefault.jpg,Ed Sheeran/Single/Ed Sheeran - Vega [Official Video].mp3
F64,Ed Sheeran,Ed Sheeran,F64,usuk-pop,https://music.youtube.com/watch?v=TQTzOeK59Ww,https://i.ytimg.com/vi/TQTzOeK59Ww/maxresdefault.jpg,Ed Sheeran/F64/F64.mp3
Ed Sheeran - Bloodstream (Official Lyric Video),Ed Sheeran,Ed Sheeran,Single,usuk-pop,https://music.youtube.com/watch?v=Vv-n0pgQ8zg,https://i.ytimg.com/vi/Vv-n0pgQ8zg/maxresdefault.jpg,Ed Sheeran/Single/Ed Sheeran - Bloodstream (Official Lyric Video).mp3
Ed Sheeran - American Town (Fan Created Music Video) [USA],Ed Sheeran,Ed Sheeran,Single,usuk-pop,https://music.youtube.com/watch?v=inoTm9GWtyg,https://i.ytimg.com/vi/inoTm9GWtyg/maxresdefault.jpg,Ed Sheeran/Single/Ed Sheeran - American Town (Fan Created Music Video) [USA].mp3
Ed Sheeran - Magical (Fan Created Music Video) [Ireland],Ed Sheeran,Ed Sheeran,Single,usuk-pop,https://music.youtube.com/watch?v=2fZ1WQhwwxM,https://i.ytimg.com/vi/2fZ1WQhwwxM/maxresdefault.jpg,Ed Sheeran/Single/Ed Sheeran - Magical (Fan Created Music Video) [Ireland].mp3
Ed Sheeran - Blue (Fan Created Music Video) [Netherlands],Ed Sheeran,Ed Sheeran,Single,usuk-pop,https://music.youtube.com/watch?v=e39J7EgEtfg,https://i.ytimg.com/vi/e39J7EgEtfg/maxresdefault.jpg,Ed Sheeran/Single/Ed Sheeran - Blue (Fan Created Music Video) [Netherlands].mp3
Bruno Mars - I Just Might [Official Music Video],Bruno Mars,Bruno Mars,Single,usuk-pop,https://music.youtube.com/watch?v=mrV8kK5t0V8,https://i.ytimg.com/vi/mrV8kK5t0V8/maxresdefault.jpg,Bruno Mars/Single/Bruno Mars - I Just Might [Official Music Video].mp3
Bruno Mars - That’s What I Like [Official Music Video],Bruno Mars,Bruno Mars,Single,usuk-pop,https://music.youtube.com/watch?v=PMivT7MJ41M,https://i.ytimg.com/vi/PMivT7MJ41M/sddefault.jpg,Bruno Mars/Single/Bruno Mars - That’s What I Like [Official Music Video].mp3
"Lady Gaga, Bruno Mars - Die With A Smile (Official Music Video)",Bruno Mars,Lady Gaga,Single,usuk-pop,https://music.youtube.com/watch?v=kPa7bsKwL-c,https://i.ytimg.com/vi/kPa7bsKwL-c/maxresdefault.jpg,"Bruno Mars/Single/Lady Gaga, Bruno Mars - Die With A Smile (Official Music Video).mp3"
Bruno Mars - Risk It All [Official Music Video],Bruno Mars,Bruno Mars,Single,usuk-pop,https://music.youtube.com/watch?v=lY5V4hSLWY8,https://i.ytimg.com/vi/lY5V4hSLWY8/maxresdefault.jpg,Bruno Mars/Single/Bruno Mars - Risk It All [Official Music Video].mp3
"Bruno Mars, Anderson .Paak, Silk Sonic - Leave the Door Open [Official Video]",Bruno Mars,Bruno Mars,Single,usuk-pop,https://music.youtube.com/watch?v=adLGHcj_fmA,https://i.ytimg.com/vi/adLGHcj_fmA/maxresdefault.jpg,"Bruno Mars/Single/Bruno Mars, Anderson .Paak, Silk Sonic - Leave the Door Open [Official Video].mp3"
Bruno Mars - 24K Magic (Official Music Video),Bruno Mars,Bruno Mars,Single,usuk-pop,https://music.youtube.com/watch?v=UqyT8IEBkvY,https://i.ytimg.com/vi/UqyT8IEBkvY/maxresdefault.jpg,Bruno Mars/Single/Bruno Mars - 24K Magic (Official Music Video).mp3
Bruno Mars - Treasure (Official Music Video),Bruno Mars,Bruno Mars,Single,usuk-pop,https://music.youtube.com/watch?v=nPvuNsRccVw,https://i.ytimg.com/vi/nPvuNsRccVw/maxresdefault.jpg,Bruno Mars/Single/Bruno Mars - Treasure (Official Music Video).mp3
ROSÉ & Bruno Mars - APT. (Official Music Video),Bruno Mars,ROSÉ,Single,usuk-pop,https://music.youtube.com/watch?v=ekr2nIex040,https://i.ytimg.com/vi/ekr2nIex040/maxresdefault.jpg,Bruno Mars/Single/ROSÉ & Bruno Mars - APT. (Official Music Video).mp3
Mark Ronson - Uptown Funk (Official Video) ft. Bruno Mars,Bruno Mars,Mark Ronson,Single,usuk-pop,https://music.youtube.com/watch?v=OPf0YbXqDm0,https://i.ytimg.com/vi/OPf0YbXqDm0/maxresdefault.jpg,Bruno Mars/Single/Mark Ronson - Uptown Funk (Official Video) ft. Bruno Mars.mp3
Bruno Mars - Just The Way You Are (Official Music Video),Bruno Mars,Bruno Mars,Single,usuk-pop,https://music.youtube.com/watch?v=LjhCEhWiKXk,https://i.ytimg.com/vi/LjhCEhWiKXk/maxresdefault.jpg,Bruno Mars/Single/Bruno Mars - Just The Way You Are (Official Music Video).mp3
"Bruno Mars, Anderson .Paak, Silk Sonic - Smokin Out The Window [Official Music Video]",Bruno Mars,Bruno Mars,Single,usuk-pop,https://music.youtube.com/watch?v=GG7fLOmlhYg,https://i.ytimg.com/vi/GG7fLOmlhYg/maxresdefault.jpg,"Bruno Mars/Single/Bruno Mars, Anderson .Paak, Silk Sonic - Smokin Out The Window [Official Music Video].mp3"
Bruno Mars - Locked Out Of Heaven (Official Music Video),Bruno Mars,Bruno Mars,Single,usuk-pop,https://music.youtube.com/watch?v=e-fA-gBCkj0,https://i.ytimg.com/vi/e-fA-gBCkj0/maxresdefault.jpg,Bruno Mars/Single/Bruno Mars - Locked Out Of Heaven (Official Music Video).mp3
Cardi B & Bruno Mars - Please Me (Official Video),Bruno Mars,Cardi B,Single,usuk-pop,https://music.youtube.com/watch?v=3y-O-4IL-PU,https://i.ytimg.com/vi/3y-O-4IL-PU/sddefault.jpg?v=5c93db21,Bruno Mars/Single/Cardi B & Bruno Mars - Please Me (Official Video).mp3
Bruno Mars - Finesse (Remix) (feat. Cardi B) (Official Music Video),Bruno Mars,Bruno Mars,Single,usuk-pop,https://music.youtube.com/watch?v=LsoLEjrDogU,https://i.ytimg.com/vi/LsoLEjrDogU/sddefault.jpg,Bruno Mars/Single/Bruno Mars - Finesse (Remix) (feat. Cardi B) (Official Music Video).mp3
"Bruno Mars, Anderson .Paak, Silk Sonic - Skate [Official Music Video]",Bruno Mars,Bruno Mars,Single,usuk-pop,https://music.youtube.com/watch?v=CEw-7cMnBDY,https://i.ytimg.com/vi/CEw-7cMnBDY/maxresdefault.jpg,"Bruno Mars/Single/Bruno Mars, Anderson .Paak, Silk Sonic - Skate [Official Music Video].mp3"
Bruno Mars - Grenade (Official Music Video),Bruno Mars,Bruno Mars,Single,usuk-pop,https://music.youtube.com/watch?v=SR6iYWJxHqs,https://i.ytimg.com/vi/SR6iYWJxHqs/maxresdefault.jpg,Bruno Mars/Single/Bruno Mars - Grenade (Official Music Video).mp3
Bruno Mars - The Lazy Song (Official Music Video),Bruno Mars,Bruno Mars,Single,usuk-pop,https://music.youtube.com/watch?v=fLexgOxsZu0,https://i.ytimg.com/vi/fLexgOxsZu0/maxresdefault.jpg,Bruno Mars/Single/Bruno Mars - The Lazy Song (Official Music Video).mp3
Bad Meets Evil - Lighters ft. Bruno Mars,Bruno Mars,BadMeetsEvilVEVO,Single,usuk-pop,https://music.youtube.com/watch?v=YWt4wmZ_EMI,https://i.ytimg.com/vi/YWt4wmZ_EMI/maxresdefault.jpg,Bruno Mars/Single/Bad Meets Evil - Lighters ft. Bruno Mars.mp3
"Bruno Mars, Anderson .Paak, Silk Sonic - Fly As Me [Official Audio]",Bruno Mars,Bruno Mars,Single,usuk-pop,https://music.youtube.com/watch?v=2x2ZbherL-8,https://i.ytimg.com/vi/2x2ZbherL-8/maxresdefault.jpg,"Bruno Mars/Single/Bruno Mars, Anderson .Paak, Silk Sonic - Fly As Me [Official Audio].mp3"
Bruno Mars - When I Was Your Man (Official Music Video),Bruno Mars,Bruno Mars,Single,usuk-pop,https://music.youtube.com/watch?v=ekzHIouo8Q4,https://i.ytimg.com/vi/ekzHIouo8Q4/maxresdefault.jpg,Bruno Mars/Single/Bruno Mars - When I Was Your Man (Official Music Video).mp3
Bruno Mars - Talking To The Moon (Official Lyric Video),Bruno Mars,Bruno Mars,Single,usuk-pop,https://music.youtube.com/watch?v=fXw0jcYbqdo,https://i.ytimg.com/vi/fXw0jcYbqdo/maxresdefault.jpg,Bruno Mars/Single/Bruno Mars - Talking To The Moon (Official Lyric Video).mp3
Bruno Mars - Versace on the Floor (Official Music Video),Bruno Mars,Bruno Mars,Single,usuk-pop,https://music.youtube.com/watch?v=-FyjEnoIgTM,https://i.ytimg.com/vi/-FyjEnoIgTM/sddefault.jpg,Bruno Mars/Single/Bruno Mars - Versace on the Floor (Official Music Video).mp3
Bruno Mars - It Will Rain (Official Music Video),Bruno Mars,Bruno Mars,Single,usuk-pop,https://music.youtube.com/watch?v=W-w3WfgpcGg,https://i.ytimg.com/vi/W-w3WfgpcGg/maxresdefault.jpg,Bruno Mars/Single/Bruno Mars - It Will Rain (Official Music Video).mp3
"Bruno Mars, Anderson .Paak, Silk Sonic - Blast Off [Official Audio]",Bruno Mars,Bruno Mars,Single,usuk-pop,https://music.youtube.com/watch?v=zJkr7T4KUIY,https://i.ytimg.com/vi/zJkr7T4KUIY/maxresdefault.jpg,"Bruno Mars/Single/Bruno Mars, Anderson .Paak, Silk Sonic - Blast Off [Official Audio].mp3"
B.o.B - Nothin' On You (feat. Bruno Mars) [Official Video],Bruno Mars,B.o.B,Single,usuk-pop,https://music.youtube.com/watch?v=8PTDv_szmL0,https://i.ytimg.com/vi/8PTDv_szmL0/maxresdefault.jpg,Bruno Mars/Single/B.o.B - Nothin' On You (feat. Bruno Mars) [Official Video].mp3
Bruno Mars - Marry You (Official Lyric Video),Bruno Mars,Bruno Mars,Single,usuk-pop,https://music.youtube.com/watch?v=dElRVQFqj-k,https://i.ytimg.com/vi/dElRVQFqj-k/maxresdefault.jpg,Bruno Mars/Single/Bruno Mars - Marry You (Official Lyric Video).mp3
Bruno Mars - Gorilla (Official Music Video),Bruno Mars,Bruno Mars,Single,usuk-pop,https://music.youtube.com/watch?v=AHDtXqjgEj4,https://i.ytimg.com/vi/AHDtXqjgEj4/hqdefault.jpg,Bruno Mars/Single/Bruno Mars - Gorilla (Official Music Video).mp3
Bruno Mars - Count on Me (Official Lyric Video),Bruno Mars,Bruno Mars,Single,usuk-pop,https://music.youtube.com/watch?v=6k8cpUkKK4c,https://i.ytimg.com/vi/6k8cpUkKK4c/maxresdefault.jpg,Bruno Mars/Single/Bruno Mars - Count on Me (Official Lyric Video).mp3
Bruno Mars - Runaway Baby (Official Lyric Video),Bruno Mars,Bruno Mars,Single,usuk-pop,https://music.youtube.com/watch?v=HIgvP7B3Hg8,https://i.ytimg.com/vi/HIgvP7B3Hg8/maxresdefault.jpg,Bruno Mars/Single/Bruno Mars - Runaway Baby (Official Lyric Video).mp3
"Bruno Mars, Anderson .Paak, Silk Sonic - 777 [Official Audio]",Bruno Mars,Bruno Mars,Single,usuk-pop,https://music.youtube.com/watch?v=MfpFNRO_hGY,https://i.ytimg.com/vi/MfpFNRO_hGY/maxresdefault.jpg,"Bruno Mars/Single/Bruno Mars, Anderson .Paak, Silk Sonic - 777 [Official Audio].mp3"
Bruno Mars - Show Me (Official Audio),Bruno Mars,Bruno Mars,Single,usuk-pop,https://music.youtube.com/watch?v=RIpzCc7PAlA,https://i.ytimg.com/vi/RIpzCc7PAlA/maxresdefault.jpg,Bruno Mars/Single/Bruno Mars - Show Me (Official Audio).mp3
Bruno Mars - Liquor Store Blues (feat. Damian Marley) (Official Music Video),Bruno Mars,Bruno Mars,Single,usuk-pop,https://music.youtube.com/watch?v=1iBm60uJXvs,https://i.ytimg.com/vi/1iBm60uJXvs/maxresdefault.jpg,Bruno Mars/Single/Bruno Mars - Liquor Store Blues (feat. Damian Marley) (Official Music Video).mp3
Bruno Mars - Young Girls (Official Audio),Bruno Mars,Bruno Mars,Single,usuk-pop,https://music.youtube.com/watch?v=CyM5AjiZris,https://i.ytimg.com/vi/CyM5AjiZris/sddefault.jpg,Bruno Mars/Single/Bruno Mars - Young Girls (Official Audio).mp3
"Bruno Mars, Anderson .Paak, Silk Sonic - After Last Night w/ Thundercat & Bootsy [Official Audio]",Bruno Mars,Bruno Mars,Single,usuk-pop,https://music.youtube.com/watch?v=-cy_tDQPXHk,https://i.ytimg.com/vi/-cy_tDQPXHk/maxresdefault.jpg,"Bruno Mars/Single/Bruno Mars, Anderson .Paak, Silk Sonic - After Last Night w_ Thundercat & Bootsy [Official Audio].mp3"
Bruno Mars - Chunky (Official Audio),Bruno Mars,Bruno Mars,Single,usuk-pop,https://music.youtube.com/watch?v=oacaq_1TkMU,https://i.ytimg.com/vi/oacaq_1TkMU/maxresdefault.jpg,Bruno Mars/Single/Bruno Mars - Chunky (Official Audio).mp3
Travie McCoy: Billionaire ft. Bruno Mars [OFFICIAL VIDEO],Bruno Mars,Fueled By Ramen,Single,usuk-pop,https://music.youtube.com/watch?v=8aRor905cCw,https://i.ytimg.com/vi/8aRor905cCw/maxresdefault.jpg,Bruno Mars/Single/Travie McCoy_ Billionaire ft. Bruno Mars [OFFICIAL VIDEO].mp3
Bruno Mars - Money Make Her Smile (Official Audio),Bruno Mars,Bruno Mars,Single,usuk-pop,https://music.youtube.com/watch?v=_czUZiTbwy0,https://i.ytimg.com/vi/_czUZiTbwy0/maxresdefault.jpg,Bruno Mars/Single/Bruno Mars - Money Make Her Smile (Official Audio).mp3
"Bruno Mars, Anderson .Paak, Silk Sonic - Love's Train (Con Funk Shun Cover) [Official Audio]",Bruno Mars,Bruno Mars,Single,usuk-pop,https://music.youtube.com/watch?v=eEQMtIX61LA,https://i.ytimg.com/vi/eEQMtIX61LA/maxresdefault.jpg,"Bruno Mars/Single/Bruno Mars, Anderson .Paak, Silk Sonic - Love's Train (Con Funk Shun Cover) [Official Audio].mp3"
Calling All My Lovelies,Bruno Mars,Bruno Mars,24K Magic,usuk-pop,https://music.youtube.com/watch?v=QV5fwAiStzo,https://i.ytimg.com/vi/QV5fwAiStzo/maxresdefault.jpg,Bruno Mars/24K Magic/Calling All My Lovelies.mp3
"Snoop Dogg & Wiz Khalifa - Young, Wild and Free ft. Bruno Mars [Official Video]",Bruno Mars,Wiz Khalifa,Single,usuk-pop,https://music.youtube.com/watch?v=Wa5B22KAkEk,https://i.ytimg.com/vi/Wa5B22KAkEk/maxresdefault.jpg,"Bruno Mars/Single/Snoop Dogg & Wiz Khalifa - Young, Wild and Free ft. Bruno Mars [Official Video].mp3"
Bruno Mars - The Other Side (feat. Cee Lo Green & B.o.B) (Official Music Video),Bruno Mars,Bruno Mars,Single,usuk-pop,https://music.youtube.com/watch?v=m8Ed8in9Qng,https://i.ytimg.com/vi/m8Ed8in9Qng/maxresdefault.jpg,Bruno Mars/Single/Bruno Mars - The Other Side (feat. Cee Lo Green & B.o.B) (Official Music Video).mp3
Bruno Mars - Perm (Official Audio),Bruno Mars,Bruno Mars,Single,usuk-pop,https://music.youtube.com/watch?v=ftXmvnL0ZOc,https://i.ytimg.com/vi/ftXmvnL0ZOc/maxresdefault.jpg,Bruno Mars/Single/Bruno Mars - Perm (Official Audio).mp3
Bruno Mars - Somewhere in Brooklyn [Official Lyric Video],Bruno Mars,Bruno Mars,Single,usuk-pop,https://music.youtube.com/watch?v=dzd8Vnx6fmg,https://i.ytimg.com/vi/dzd8Vnx6fmg/maxresdefault.jpg,Bruno Mars/Single/Bruno Mars - Somewhere in Brooklyn [Official Lyric Video].mp3
Lil Wayne - Mirror ft. Bruno Mars (Official Music Video) ft. Bruno Mars,Bruno Mars,Lil Wayne,Single,usuk-pop,https://music.youtube.com/watch?v=OZLUa8JUR18,https://i.ytimg.com/vi/OZLUa8JUR18/maxresdefault.jpg,Bruno Mars/Single/Lil Wayne - Mirror ft. Bruno Mars (Official Music Video) ft. Bruno Mars.mp3
Too Good to Say Goodbye,Bruno Mars,Bruno Mars,24K Magic,usuk-pop,https://music.youtube.com/watch?v=SviE5fHCV0c,https://i.ytimg.com/vi/SviE5fHCV0c/maxresdefault.jpg,Bruno Mars/24K Magic/Too Good to Say Goodbye.mp3
Straight up & Down,Bruno Mars,Bruno Mars,24K Magic,usuk-pop,https://music.youtube.com/watch?v=oDx-65i78BE,https://i.ytimg.com/vi/oDx-65i78BE/maxresdefault.jpg,Bruno Mars/24K Magic/Straight up & Down.mp3
"Bruno Mars, Anderson .Paak, Silk Sonic - Put On A Smile [Official Audio]",Bruno Mars,Bruno Mars,Single,usuk-pop,https://music.youtube.com/watch?v=5twpnDFJpxo,https://i.ytimg.com/vi/5twpnDFJpxo/maxresdefault.jpg,"Bruno Mars/Single/Bruno Mars, Anderson .Paak, Silk Sonic - Put On A Smile [Official Audio].mp3"
Bruno Mars - Our First Time (Official Lyric Video),Bruno Mars,Bruno Mars,Single,usuk-pop,https://music.youtube.com/watch?v=d89v7099mZ0,https://i.ytimg.com/vi/d89v7099mZ0/maxresdefault.jpg,Bruno Mars/Single/Bruno Mars - Our First Time (Official Lyric Video).mp3
Treat You Better,Shawn Mendes,Shawn Mendes,Illuminate,usuk-pop,https://music.youtube.com/watch?v=qSay_8xzijg,https://i.ytimg.com/vi/qSay_8xzijg/maxresdefault.jpg,Shawn Mendes/Illuminate/Treat You Better.mp3
Señorita,Shawn Mendes,"Shawn Mendes, Camila Cabello",Señorita,usuk-pop,https://music.youtube.com/watch?v=VKC_hzJ3jzg,https://i.ytimg.com/vi/VKC_hzJ3jzg/maxresdefault.jpg,Shawn Mendes/Señorita/Señorita.mp3
There's Nothing Holdin' Me Back,Shawn Mendes,Shawn Mendes,Illuminate,usuk-pop,https://music.youtube.com/watch?v=Ztdc7TcPdAA,https://i.ytimg.com/vi/Ztdc7TcPdAA/maxresdefault.jpg,Shawn Mendes/Illuminate/There's Nothing Holdin' Me Back.mp3
Stitches,Shawn Mendes,Shawn Mendes,Handwritten (Revisited),usuk-pop,https://music.youtube.com/watch?v=DqO1lLavWGo,https://i.ytimg.com/vi/DqO1lLavWGo/maxresdefault.jpg,Shawn Mendes/Handwritten (Revisited)/Stitches.mp3
I Know What You Did Last Summer,Shawn Mendes,"Shawn Mendes, Camila Cabello",Handwritten (Revisited),usuk-pop,https://music.youtube.com/watch?v=kSreYw8FibU,https://i.ytimg.com/vi/kSreYw8FibU/maxresdefault.jpg,Shawn Mendes/Handwritten (Revisited)/I Know What You Did Last Summer.mp3
Imagination,Shawn Mendes,Shawn Mendes,Handwritten,usuk-pop,https://music.youtube.com/watch?v=wQN52ySvSeI,https://i.ytimg.com/vi/wQN52ySvSeI/maxresdefault.jpg,Shawn Mendes/Handwritten/Imagination.mp3
Mercy,Shawn Mendes,Shawn Mendes,Illuminate,usuk-pop,https://music.youtube.com/watch?v=YfuyEdCpAp0,https://i.ytimg.com/vi/YfuyEdCpAp0/maxresdefault.jpg,Shawn Mendes/Illuminate/Mercy.mp3
Monster,Shawn Mendes,"Shawn Mendes, Justin Bieber",Drivers License,usuk-pop,https://music.youtube.com/watch?v=xBB-iLvhZJk,https://i.ytimg.com/vi/xBB-iLvhZJk/maxresdefault.jpg,Shawn Mendes/Drivers License/Monster.mp3
Mercy (Acoustic),Shawn Mendes,Shawn Mendes,Illuminate,usuk-pop,https://music.youtube.com/watch?v=q2jSq1r4HmQ,https://i.ytimg.com/vi/q2jSq1r4HmQ/maxresdefault.jpg,Shawn Mendes/Illuminate/Mercy (Acoustic).mp3
If I Can't Have You,Shawn Mendes,Shawn Mendes,If I Can't Have You,usuk-pop,https://music.youtube.com/watch?v=ORgOsy_9WB8,https://i.ytimg.com/vi/ORgOsy_9WB8/maxresdefault.jpg,Shawn Mendes/If I Can't Have You/If I Can't Have You.mp3
There's Nothing Holdin' Me Back (Acoustic),Shawn Mendes,Shawn Mendes,There's Nothing Holdin' Me Back,usuk-pop,https://music.youtube.com/watch?v=EObr0jeNL2Q,https://i.ytimg.com/vi/EObr0jeNL2Q/maxresdefault.jpg,Shawn Mendes/There's Nothing Holdin' Me Back/There's Nothing Holdin' Me Back (Acoustic).mp3
It'll Be Okay,Shawn Mendes,Shawn Mendes,It'll Be Okay,usuk-pop,https://music.youtube.com/watch?v=aVMXW4WyE60,https://i.ytimg.com/vi/aVMXW4WyE60/maxresdefault.jpg,Shawn Mendes/It'll Be Okay/It'll Be Okay.mp3
In My Blood,Shawn Mendes,Shawn Mendes,Shawn Mendes,usuk-pop,https://music.youtube.com/watch?v=oKIT0DkO-ac,https://i.ytimg.com/vi/oKIT0DkO-ac/maxresdefault.jpg,Shawn Mendes/Shawn Mendes/In My Blood.mp3
Summer Of Love,Shawn Mendes,"Shawn Mendes, Tainy",Summer Of Love,usuk-pop,https://music.youtube.com/watch?v=03JKogx3dzo,https://i.ytimg.com/vi/03JKogx3dzo/maxresdefault.jpg,Shawn Mendes/Summer Of Love/Summer Of Love.mp3
Wonder,Shawn Mendes,Shawn Mendes,Wonder,usuk-pop,https://music.youtube.com/watch?v=r2H-M3ZqaGw,https://i.ytimg.com/vi/r2H-M3ZqaGw/maxresdefault.jpg,Shawn Mendes/Wonder/Wonder.mp3
Fallin' All In You,Shawn Mendes,Shawn Mendes,Shawn Mendes,usuk-pop,https://music.youtube.com/watch?v=D5P1R6CRsoM,https://i.ytimg.com/vi/D5P1R6CRsoM/maxresdefault.jpg,Shawn Mendes/Shawn Mendes/Fallin' All In You.mp3
Lost In Japan,Shawn Mendes,Shawn Mendes,Shawn Mendes,usuk-pop,https://music.youtube.com/watch?v=0vGswW61i8g,https://i.ytimg.com/vi/0vGswW61i8g/maxresdefault.jpg,Shawn Mendes/Shawn Mendes/Lost In Japan.mp3
Why Why Why,Shawn Mendes,Shawn Mendes,Shawn,usuk-pop,https://music.youtube.com/watch?v=2Af-bXz1Jj0,https://i.ytimg.com/vi/2Af-bXz1Jj0/maxresdefault.jpg,Shawn Mendes/Shawn/Why Why Why.mp3
Never Be Alone,Shawn Mendes,Shawn Mendes,Handwritten (Revisited),usuk-pop,https://music.youtube.com/watch?v=-BECDBPOFyg,https://i.ytimg.com/vi/-BECDBPOFyg/maxresdefault.jpg,Shawn Mendes/Handwritten (Revisited)/Never Be Alone.mp3
When You're Gone,Shawn Mendes,Shawn Mendes,When You're Gone,usuk-pop,https://music.youtube.com/watch?v=FMZ7lS_Lc2Q,https://i.ytimg.com/vi/FMZ7lS_Lc2Q/maxresdefault.jpg,Shawn Mendes/When You're Gone/When You're Gone.mp3
Monster,Shawn Mendes,"Shawn Mendes, Justin Bieber",Monster,usuk-pop,https://music.youtube.com/watch?v=SctY9_1ylTM,https://i.ytimg.com/vi/SctY9_1ylTM/maxresdefault.jpg,Shawn Mendes/Monster/Monster.mp3
Heart of Gold,Shawn Mendes,Shawn Mendes,Heart of Gold,usuk-pop,https://music.youtube.com/watch?v=KzHznOIq1Tk,https://i.ytimg.com/vi/KzHznOIq1Tk/maxresdefault.jpg,Shawn Mendes/Heart of Gold/Heart of Gold.mp3
Top Of The World,Shawn Mendes,Shawn Mendes,"Lyle, Lyle, Crocodile",usuk-pop,https://music.youtube.com/watch?v=xqW28pc_iLE,https://i.ytimg.com/vi/xqW28pc_iLE/maxresdefault.jpg,"Shawn Mendes/Lyle, Lyle, Crocodile/Top Of The World.mp3"
Where Were You In The Morning?,Shawn Mendes,Shawn Mendes,Shawn Mendes,usuk-pop,https://music.youtube.com/watch?v=RRic28k8sVU,https://i.ytimg.com/vi/RRic28k8sVU/maxresdefault.jpg,Shawn Mendes/Shawn Mendes/Where Were You In The Morning?.mp3
There's Nothing Holdin' Me Back (NOTD Remix),Shawn Mendes,Shawn Mendes,There's Nothing Holdin' Me Back,usuk-pop,https://music.youtube.com/watch?v=sCkLPdRZaUM,https://i.ytimg.com/vi/sCkLPdRZaUM/maxresdefault.jpg,Shawn Mendes/There's Nothing Holdin' Me Back/There's Nothing Holdin' Me Back (NOTD Remix).mp3
KESI (Remix),Shawn Mendes,"Camilo, Shawn Mendes",KESI,usuk-pop,https://music.youtube.com/watch?v=RJ90IIy3rOQ,https://i.ytimg.com/vi/RJ90IIy3rOQ/maxresdefault.jpg,Shawn Mendes/KESI/KESI (Remix).mp3
Something Big,Shawn Mendes,Shawn Mendes,Handwritten (Revisited),usuk-pop,https://music.youtube.com/watch?v=_6wGzsFM0Sg,https://i.ytimg.com/vi/_6wGzsFM0Sg/maxresdefault.jpg,Shawn Mendes/Handwritten (Revisited)/Something Big.mp3
Nervous,Shawn Mendes,Shawn Mendes,Shawn Mendes,usuk-pop,https://music.youtube.com/watch?v=T3m__maw-Mg,https://i.ytimg.com/vi/T3m__maw-Mg/maxresdefault.jpg,Shawn Mendes/Shawn Mendes/Nervous.mp3
305,Shawn Mendes,Shawn Mendes,Wonder,usuk-pop,https://music.youtube.com/watch?v=Tv5MeADp3mU,https://i.ytimg.com/vi/Tv5MeADp3mU/maxresdefault.jpg,Shawn Mendes/Wonder/305.mp3
Particular Taste,Shawn Mendes,Shawn Mendes,Shawn Mendes,usuk-pop,https://music.youtube.com/watch?v=LRt-H3uATzw,https://i.ytimg.com/vi/LRt-H3uATzw/maxresdefault.jpg,Shawn Mendes/Shawn Mendes/Particular Taste.mp3
Show You,Shawn Mendes,Shawn Mendes,Show You,usuk-pop,https://music.youtube.com/watch?v=fjSQaOClR6Q,https://i.ytimg.com/vi/fjSQaOClR6Q/maxresdefault.jpg,Shawn Mendes/Show You/Show You.mp3
Teach Me How To Love,Shawn Mendes,Shawn Mendes,Wonder,usuk-pop,https://music.youtube.com/watch?v=sRFlSv4BNUs,https://i.ytimg.com/vi/sRFlSv4BNUs/maxresdefault.jpg,Shawn Mendes/Wonder/Teach Me How To Love.mp3
Youth,Shawn Mendes,"Shawn Mendes, Khalid",Shawn Mendes,usuk-pop,https://music.youtube.com/watch?v=sUX82hI3bb4,https://i.ytimg.com/vi/sUX82hI3bb4/maxresdefault.jpg,Shawn Mendes/Shawn Mendes/Youth.mp3
Life Of The Party,Shawn Mendes,Shawn Mendes,Handwritten (Revisited),usuk-pop,https://music.youtube.com/watch?v=w0SbZSOamG4,https://i.ytimg.com/vi/w0SbZSOamG4/maxresdefault.jpg,Shawn Mendes/Handwritten (Revisited)/Life Of The Party.mp3
Mercy (Acoustic Guitar),Shawn Mendes,Shawn Mendes,Mercy,usuk-pop,https://music.youtube.com/watch?v=sEEx1LDq84s,https://i.ytimg.com/vi/sEEx1LDq84s/maxresdefault.jpg,Shawn Mendes/Mercy/Mercy (Acoustic Guitar).mp3
Because I Had You,Shawn Mendes,Shawn Mendes,Shawn Mendes,usuk-pop,https://music.youtube.com/watch?v=CV2kjhObtOg,https://i.ytimg.com/vi/CV2kjhObtOg/maxresdefault.jpg,Shawn Mendes/Shawn Mendes/Because I Had You.mp3
Lost In Japan (Remix),Shawn Mendes,"Shawn Mendes, Zedd",Lost In Japan,usuk-pop,https://music.youtube.com/watch?v=LHdw3ptW4fk,https://i.ytimg.com/vi/LHdw3ptW4fk/maxresdefault.jpg,Shawn Mendes/Lost In Japan/Lost In Japan (Remix).mp3
Bad Reputation,Shawn Mendes,Shawn Mendes,Illuminate,usuk-pop,https://music.youtube.com/watch?v=GDPJG0zBvmE,https://i.ytimg.com/vi/GDPJG0zBvmE/maxresdefault.jpg,Shawn Mendes/Illuminate/Bad Reputation.mp3
Why,Shawn Mendes,Shawn Mendes,Shawn Mendes,usuk-pop,https://music.youtube.com/watch?v=s_vSGwtNDoc,https://i.ytimg.com/vi/s_vSGwtNDoc/maxresdefault.jpg,Shawn Mendes/Shawn Mendes/Why.mp3
Mutual,Shawn Mendes,Shawn Mendes,Shawn Mendes,usuk-pop,https://music.youtube.com/watch?v=gYC1z2fkqAs,https://i.ytimg.com/vi/gYC1z2fkqAs/maxresdefault.jpg,Shawn Mendes/Shawn Mendes/Mutual.mp3
Believe,Shawn Mendes,Shawn Mendes,Descendants,usuk-pop,https://music.youtube.com/watch?v=3yINLeyyXcc,https://i.ytimg.com/vi/3yINLeyyXcc/maxresdefault.jpg,Shawn Mendes/Descendants/Believe.mp3
Perfectly Wrong,Shawn Mendes,Shawn Mendes,Shawn Mendes,usuk-pop,https://music.youtube.com/watch?v=Fp47PrA4D_U,https://i.ytimg.com/vi/Fp47PrA4D_U/maxresdefault.jpg,Shawn Mendes/Shawn Mendes/Perfectly Wrong.mp3
"Heartbeat (From “Lyle, Lyle, Crocodile” Soundtrack)",Shawn Mendes,Shawn Mendes,Heartbeat,usuk-pop,https://music.youtube.com/watch?v=fk9pvs5dOo0,https://i.ytimg.com/vi/fk9pvs5dOo0/maxresdefault.jpg,"Shawn Mendes/Heartbeat/Heartbeat (From “Lyle, Lyle, Crocodile” Soundtrack).mp3"
Treat You Better (Ashworth Remix),Shawn Mendes,Shawn Mendes,Treat You Better,usuk-pop,https://music.youtube.com/watch?v=GF8GoqmMqFI,https://i.ytimg.com/vi/GF8GoqmMqFI/maxresdefault.jpg,Shawn Mendes/Treat You Better/Treat You Better (Ashworth Remix).mp3
Roses,Shawn Mendes,Shawn Mendes,Illuminate,usuk-pop,https://music.youtube.com/watch?v=zG-2cRQ1MPk,https://i.ytimg.com/vi/zG-2cRQ1MPk/maxresdefault.jpg,Shawn Mendes/Illuminate/Roses.mp3
Who I Am,Shawn Mendes,Shawn Mendes,Shawn,usuk-pop,https://music.youtube.com/watch?v=I06f1FF4ONI,https://i.ytimg.com/vi/I06f1FF4ONI/maxresdefault.jpg,Shawn Mendes/Shawn/Who I Am.mp3
That’s The Dream,Shawn Mendes,Shawn Mendes,Shawn,usuk-pop,https://music.youtube.com/watch?v=s0yJa3aNh-A,https://i.ytimg.com/vi/s0yJa3aNh-A/maxresdefault.jpg,Shawn Mendes/Shawn/That’s The Dream.mp3
The Weight,Shawn Mendes,Shawn Mendes,Handwritten,usuk-pop,https://music.youtube.com/watch?v=NypOlDeyy_o,https://i.ytimg.com/vi/NypOlDeyy_o/maxresdefault.jpg,Shawn Mendes/Handwritten/The Weight.mp3
Like This,Shawn Mendes,Shawn Mendes,Illuminate,usuk-pop,https://music.youtube.com/watch?v=ncut3ZKTWVs,https://i.ytimg.com/vi/ncut3ZKTWVs/maxresdefault.jpg,Shawn Mendes/Illuminate/Like This.mp3
No Promises,Shawn Mendes,Shawn Mendes,Illuminate,usuk-pop,https://music.youtube.com/watch?v=Em7vKe2sYzA,https://i.ytimg.com/vi/Em7vKe2sYzA/maxresdefault.jpg,Shawn Mendes/Illuminate/No Promises.mp3
Ruin,Shawn Mendes,Shawn Mendes,Illuminate,usuk-pop,https://music.youtube.com/watch?v=EVJoD4MPh4M,https://i.ytimg.com/vi/EVJoD4MPh4M/maxresdefault.jpg,Shawn Mendes/Illuminate/Ruin.mp3
Lost In Japan,Shawn Mendes,Shawn Mendes,Temazos Olvidados,usuk-pop,https://music.youtube.com/watch?v=Wpcep0wsRa8,https://i.ytimg.com/vi/Wpcep0wsRa8/maxresdefault.jpg,Shawn Mendes/Temazos Olvidados/Lost In Japan.mp3
HOME,Shawn Mendes,"Eddie Benjamin, Shawn Mendes",HOME,usuk-pop,https://music.youtube.com/watch?v=paSxpHvButY,https://i.ytimg.com/vi/paSxpHvButY/maxresdefault.jpg,Shawn Mendes/HOME/HOME.mp3
Aftertaste,Shawn Mendes,Shawn Mendes,Handwritten,usuk-pop,https://music.youtube.com/watch?v=jv04jEwAujc,https://i.ytimg.com/vi/jv04jEwAujc/maxresdefault.jpg,Shawn Mendes/Handwritten/Aftertaste.mp3
Wonder (Acoustic),Shawn Mendes,Shawn Mendes,Wonder,usuk-pop,https://music.youtube.com/watch?v=bmYtVuvPIqg,https://i.ytimg.com/vi/bmYtVuvPIqg/maxresdefault.jpg,Shawn Mendes/Wonder/Wonder (Acoustic).mp3
Nobody Knows,Shawn Mendes,Shawn Mendes,Nobody Knows,usuk-pop,https://music.youtube.com/watch?v=bcPPnT9dUcs,https://i.ytimg.com/vi/bcPPnT9dUcs/maxresdefault.jpg,Shawn Mendes/Nobody Knows/Nobody Knows.mp3
Carried Away (From the “Lyle Lyle Crocodile” Original Motion Picture Soundtrack),Shawn Mendes,Shawn Mendes,"Lyle, Lyle, Crocodile",usuk-pop,https://music.youtube.com/watch?v=JiVF6pyTNpY,https://i.ytimg.com/vi/JiVF6pyTNpY/maxresdefault.jpg,"Shawn Mendes/Lyle, Lyle, Crocodile/Carried Away (From the “Lyle Lyle Crocodile” Original Motion Picture Soundtrack).mp3"
Don't Be A Fool,Shawn Mendes,Shawn Mendes,Illuminate,usuk-pop,https://music.youtube.com/watch?v=dCM5cV5nV0E,https://i.ytimg.com/vi/dCM5cV5nV0E/maxresdefault.jpg,Shawn Mendes/Illuminate/Don't Be A Fool.mp3
Piece Of You,Shawn Mendes,Shawn Mendes,Wonder,usuk-pop,https://music.youtube.com/watch?v=cXKrSDJQSBM,https://i.ytimg.com/vi/cXKrSDJQSBM/maxresdefault.jpg,Shawn Mendes/Wonder/Piece Of You.mp3
When You're Ready,Shawn Mendes,Shawn Mendes,Shawn Mendes,usuk-pop,https://music.youtube.com/watch?v=nwCqA7hBTuE,https://i.ytimg.com/vi/nwCqA7hBTuE/maxresdefault.jpg,Shawn Mendes/Shawn Mendes/When You're Ready.mp3
Honest,Shawn Mendes,Shawn Mendes,Illuminate,usuk-pop,https://music.youtube.com/watch?v=RNM4ONvozD4,https://i.ytimg.com/vi/RNM4ONvozD4/maxresdefault.jpg,Shawn Mendes/Illuminate/Honest.mp3
Look Up At The Stars,Shawn Mendes,Shawn Mendes,Wonder,usuk-pop,https://music.youtube.com/watch?v=uhmNeMo9lR4,https://i.ytimg.com/vi/uhmNeMo9lR4/maxresdefault.jpg,Shawn Mendes/Wonder/Look Up At The Stars.mp3
Can’t Take My Eyes Off You (BBC Live Version),Shawn Mendes,Shawn Mendes,Wonder,usuk-pop,https://music.youtube.com/watch?v=LYhTz70nBJA,https://i.ytimg.com/vi/LYhTz70nBJA/maxresdefault.jpg,Shawn Mendes/Wonder/Can’t Take My Eyes Off You (BBC Live Version).mp3
Like To Be You,Shawn Mendes,"Shawn Mendes, Julia Michaels",Shawn Mendes,usuk-pop,https://music.youtube.com/watch?v=9HQ-bC3g-Jw,https://i.ytimg.com/vi/9HQ-bC3g-Jw/maxresdefault.jpg,Shawn Mendes/Shawn Mendes/Like To Be You.mp3
Lights On,Shawn Mendes,Shawn Mendes,Illuminate,usuk-pop,https://music.youtube.com/watch?v=gcIIpdPvCws,https://i.ytimg.com/vi/gcIIpdPvCws/maxresdefault.jpg,Shawn Mendes/Illuminate/Lights On.mp3
Always Been You,Shawn Mendes,Shawn Mendes,Wonder,usuk-pop,https://music.youtube.com/watch?v=7wQXlbn0kuw,https://i.ytimg.com/vi/7wQXlbn0kuw/maxresdefault.jpg,Shawn Mendes/Wonder/Always Been You.mp3
Queen,Shawn Mendes,Shawn Mendes,Shawn Mendes,usuk-pop,https://music.youtube.com/watch?v=hXjwr3Hfn60,https://i.ytimg.com/vi/hXjwr3Hfn60/maxresdefault.jpg,Shawn Mendes/Shawn Mendes/Queen.mp3
Higher,Shawn Mendes,Shawn Mendes,Wonder,usuk-pop,https://music.youtube.com/watch?v=tT4kXAYeX_Y,https://i.ytimg.com/vi/tT4kXAYeX_Y/maxresdefault.jpg,Shawn Mendes/Wonder/Higher.mp3
A Little Too Much,Shawn Mendes,Shawn Mendes,Handwritten,usuk-pop,https://music.youtube.com/watch?v=o1UaTmF-QgE,https://i.ytimg.com/vi/o1UaTmF-QgE/maxresdefault.jpg,Shawn Mendes/Handwritten/A Little Too Much.mp3
Rip Up The Recipe (From the “Lyle Lyle Crocodile” Original Motion Picture Soundtrack),Shawn Mendes,"Shawn Mendes, Constance Wu","Lyle, Lyle, Crocodile",usuk-pop,https://music.youtube.com/watch?v=OEgKT1FOBeM,https://i.ytimg.com/vi/OEgKT1FOBeM/maxresdefault.jpg,"Shawn Mendes/Lyle, Lyle, Crocodile/Rip Up The Recipe (From the “Lyle Lyle Crocodile” Original Motion Picture Soundtrack).mp3"
When You're Gone (Acoustic),Shawn Mendes,Shawn Mendes,When You're Gone,usuk-pop,https://music.youtube.com/watch?v=gt5TcV8HEkU,https://i.ytimg.com/vi/gt5TcV8HEkU/maxresdefault.jpg,Shawn Mendes/When You're Gone/When You're Gone (Acoustic).mp3
Patience,Shawn Mendes,Shawn Mendes,Illuminate,usuk-pop,https://music.youtube.com/watch?v=1UQ9FdlfxXQ,https://i.ytimg.com/vi/1UQ9FdlfxXQ/maxresdefault.jpg,Shawn Mendes/Illuminate/Patience.mp3
Take A Look At Us Now (From the “Lyle Lyle Crocodile” Original Motion Picture Soundtrack),Shawn Mendes,"Javier Bardem, Shawn Mendes","Lyle, Lyle, Crocodile",usuk-pop,https://music.youtube.com/watch?v=QWDWx-WYiMg,https://i.ytimg.com/vi/QWDWx-WYiMg/maxresdefault.jpg,"Shawn Mendes/Lyle, Lyle, Crocodile/Take A Look At Us Now (From the “Lyle Lyle Crocodile” Original Motion Picture Soundtrack).mp3"
Running Low,Shawn Mendes,Shawn Mendes,Handwritten (Revisited),usuk-pop,https://music.youtube.com/watch?v=kVbEvgk2T7M,https://i.ytimg.com/vi/kVbEvgk2T7M/maxresdefault.jpg,Shawn Mendes/Handwritten (Revisited)/Running Low.mp3
Kid In Love,Shawn Mendes,Shawn Mendes,Handwritten,usuk-pop,https://music.youtube.com/watch?v=om-NTgz59M4,https://i.ytimg.com/vi/om-NTgz59M4/maxresdefault.jpg,Shawn Mendes/Handwritten/Kid In Love.mp3
Memories,Shawn Mendes,Shawn Mendes,Handwritten (Revisited),usuk-pop,https://music.youtube.com/watch?v=r5w4Ig2nC70,https://i.ytimg.com/vi/r5w4Ig2nC70/maxresdefault.jpg,Shawn Mendes/Handwritten (Revisited)/Memories.mp3
Three Empty Words,Shawn Mendes,Shawn Mendes,Illuminate,usuk-pop,https://music.youtube.com/watch?v=BaP3buXXdlU,https://i.ytimg.com/vi/BaP3buXXdlU/maxresdefault.jpg,Shawn Mendes/Illuminate/Three Empty Words.mp3
That’ll Be The Day,Shawn Mendes,Shawn Mendes,Shawn,usuk-pop,https://music.youtube.com/watch?v=aiSs_utg4Oo,https://i.ytimg.com/vi/aiSs_utg4Oo/maxresdefault.jpg,Shawn Mendes/Shawn/That’ll Be The Day.mp3
Stitches (Seeb Remix),Shawn Mendes,Shawn Mendes,Stitches,usuk-pop,https://music.youtube.com/watch?v=O-j9kev-tlU,https://i.ytimg.com/vi/O-j9kev-tlU/maxresdefault.jpg,Shawn Mendes/Stitches/Stitches (Seeb Remix).mp3
WHAT THE HELL ARE WE DYING FOR ?,Shawn Mendes,Shawn Mendes,WHAT THE HELL ARE WE DYING FOR ?,usuk-pop,https://music.youtube.com/watch?v=44T_oXU6OVQ,https://i.ytimg.com/vi/44T_oXU6OVQ/maxresdefault.jpg,Shawn Mendes/WHAT THE HELL ARE WE DYING FOR ?/WHAT THE HELL ARE WE DYING FOR ?.mp3
Heavy,Shawn Mendes,Shawn Mendes,Shawn,usuk-pop,https://music.youtube.com/watch?v=P-WVBYymzAE,https://i.ytimg.com/vi/P-WVBYymzAE/maxresdefault.jpg,Shawn Mendes/Shawn/Heavy.mp3
Bad Reputation (MTV Unplugged),Shawn Mendes,Shawn Mendes,MTV Unplugged,usuk-pop,https://music.youtube.com/watch?v=zSVWZAGZEGs,https://i.ytimg.com/vi/zSVWZAGZEGs/maxresdefault.jpg,Shawn Mendes/MTV Unplugged/Bad Reputation (MTV Unplugged).mp3
This Is What It Takes,Shawn Mendes,Shawn Mendes,Handwritten,usuk-pop,https://music.youtube.com/watch?v=9W6N8NyZgX8,https://i.ytimg.com/vi/9W6N8NyZgX8/maxresdefault.jpg,Shawn Mendes/Handwritten/This Is What It Takes.mp3
Act Like You Love Me,Shawn Mendes,Shawn Mendes,Handwritten (Revisited),usuk-pop,https://music.youtube.com/watch?v=oEc1suDzRDM,https://i.ytimg.com/vi/oEc1suDzRDM/maxresdefault.jpg,Shawn Mendes/Handwritten (Revisited)/Act Like You Love Me.mp3
I Don't Even Know Your Name,Shawn Mendes,Shawn Mendes,Handwritten,usuk-pop,https://music.youtube.com/watch?v=GcqL8QBgK-Y,https://i.ytimg.com/vi/GcqL8QBgK-Y/maxresdefault.jpg,Shawn Mendes/Handwritten/I Don't Even Know Your Name.mp3
Intro,Shawn Mendes,Shawn Mendes,Wonder,usuk-pop,https://music.youtube.com/watch?v=AuvJ7t5ILk8,https://i.ytimg.com/vi/AuvJ7t5ILk8/maxresdefault.jpg,Shawn Mendes/Wonder/Intro.mp3
Bring It Back,Shawn Mendes,Shawn Mendes,Handwritten,usuk-pop,https://music.youtube.com/watch?v=_Jc6WRKO1Gc,https://i.ytimg.com/vi/_Jc6WRKO1Gc/maxresdefault.jpg,Shawn Mendes/Handwritten/Bring It Back.mp3
Crazy,Shawn Mendes,Shawn Mendes,Handwritten,usuk-pop,https://music.youtube.com/watch?v=77jl1vUL5ag,https://i.ytimg.com/vi/77jl1vUL5ag/maxresdefault.jpg,Shawn Mendes/Handwritten/Crazy.mp3
Hallelujah,Shawn Mendes,Shawn Mendes,Shawn,usuk-pop,https://music.youtube.com/watch?v=cBo5TY0QkOI,https://i.ytimg.com/vi/cBo5TY0QkOI/maxresdefault.jpg,Shawn Mendes/Shawn/Hallelujah.mp3
Never Be Alone (MTV Unplugged),Shawn Mendes,Shawn Mendes,MTV Unplugged,usuk-pop,https://music.youtube.com/watch?v=H2jO7MkVIZU,https://i.ytimg.com/vi/H2jO7MkVIZU/maxresdefault.jpg,Shawn Mendes/MTV Unplugged/Never Be Alone (MTV Unplugged).mp3
Hold On,Shawn Mendes,Shawn Mendes,Illuminate,usuk-pop,https://music.youtube.com/watch?v=rE7X2EdpeRE,https://i.ytimg.com/vi/rE7X2EdpeRE/maxresdefault.jpg,Shawn Mendes/Illuminate/Hold On.mp3
Strings,Shawn Mendes,Shawn Mendes,Handwritten,usuk-pop,https://music.youtube.com/watch?v=9F30nazZUO0,https://i.ytimg.com/vi/9F30nazZUO0/maxresdefault.jpg,Shawn Mendes/Handwritten/Strings.mp3
Air,Shawn Mendes,"Shawn Mendes, Astrid S",Handwritten,usuk-pop,https://music.youtube.com/watch?v=fYe3xYkkEtU,https://i.ytimg.com/vi/fYe3xYkkEtU/maxresdefault.jpg,Shawn Mendes/Handwritten/Air.mp3
Isn’t That Enough,Shawn Mendes,Shawn Mendes,Shawn,usuk-pop,https://music.youtube.com/watch?v=_IXp5TQyts4,https://i.ytimg.com/vi/_IXp5TQyts4/maxresdefault.jpg,Shawn Mendes/Shawn/Isn’t That Enough.mp3
24 Hours,Shawn Mendes,Shawn Mendes,Wonder,usuk-pop,https://music.youtube.com/watch?v=niS8aNVvzU4,https://i.ytimg.com/vi/niS8aNVvzU4/maxresdefault.jpg,Shawn Mendes/Wonder/24 Hours.mp3
If I Can't Have You (Gryffin Remix),Shawn Mendes,"Shawn Mendes, Gryffin",If I Can't Have You,usuk-pop,https://music.youtube.com/watch?v=TMTg8f4scYM,https://i.ytimg.com/vi/TMTg8f4scYM/maxresdefault.jpg,Shawn Mendes/If I Can't Have You/If I Can't Have You (Gryffin Remix).mp3
Dream,Shawn Mendes,Shawn Mendes,Wonder,usuk-pop,https://music.youtube.com/watch?v=JvXtPx2z9Ys,https://i.ytimg.com/vi/JvXtPx2z9Ys/maxresdefault.jpg,Shawn Mendes/Wonder/Dream.mp3
Stitches (MTV Unplugged),Shawn Mendes,Shawn Mendes,MTV Unplugged,usuk-pop,https://music.youtube.com/watch?v=_2S9dOTXgaA,https://i.ytimg.com/vi/_2S9dOTXgaA/maxresdefault.jpg,Shawn Mendes/MTV Unplugged/Stitches (MTV Unplugged).mp3
Call My Friends,Shawn Mendes,Shawn Mendes,Wonder,usuk-pop,https://music.youtube.com/watch?v=WZ1YBuP1IZY,https://i.ytimg.com/vi/WZ1YBuP1IZY/maxresdefault.jpg,Shawn Mendes/Wonder/Call My Friends.mp3
Wonder (Live From The Wonder Residencies),Shawn Mendes,Shawn Mendes,Wonder,usuk-pop,https://music.youtube.com/watch?v=0rAWC_-DCX8,https://i.ytimg.com/vi/0rAWC_-DCX8/maxresdefault.jpg,Shawn Mendes/Wonder/Wonder (Live From The Wonder Residencies).mp3
The Mountain,Shawn Mendes,Shawn Mendes,Shawn,usuk-pop,https://music.youtube.com/watch?v=T_aL84BIJ2Q,https://i.ytimg.com/vi/T_aL84BIJ2Q/maxresdefault.jpg,Shawn Mendes/Shawn/The Mountain.mp3
Mercy (Loote Remix),Shawn Mendes,Shawn Mendes,Mercy,usuk-pop,https://music.youtube.com/watch?v=wXKG_QdZQZg,https://i.ytimg.com/vi/wXKG_QdZQZg/maxresdefault.jpg,Shawn Mendes/Mercy/Mercy (Loote Remix).mp3
Use Somebody/Treat You Better (MTV Unplugged),Shawn Mendes,Shawn Mendes,MTV Unplugged,usuk-pop,https://music.youtube.com/watch?v=U-o4NA1UepA,https://i.ytimg.com/vi/U-o4NA1UepA/maxresdefault.jpg,Shawn Mendes/MTV Unplugged/Use Somebody_Treat You Better (MTV Unplugged).mp3
Take A Look At Us Now (Finale),Shawn Mendes,"Shawn Mendes, Winslow Fegley, Lyle， Lyle Crocodile Ensemble","Lyle, Lyle, Crocodile",usuk-pop,https://music.youtube.com/watch?v=75TDfrAV6fY,https://i.ytimg.com/vi/75TDfrAV6fY/maxresdefault.jpg,"Shawn Mendes/Lyle, Lyle, Crocodile/Take A Look At Us Now (Finale).mp3"
Understand,Shawn Mendes,Shawn Mendes,Illuminate,usuk-pop,https://music.youtube.com/watch?v=FBsI3YTdZjw,https://i.ytimg.com/vi/FBsI3YTdZjw/maxresdefault.jpg,Shawn Mendes/Illuminate/Understand.mp3
Mercy (MTV Unplugged),Shawn Mendes,Shawn Mendes,MTV Unplugged,usuk-pop,https://music.youtube.com/watch?v=0J9VpbHSSoA,https://i.ytimg.com/vi/0J9VpbHSSoA/maxresdefault.jpg,Shawn Mendes/MTV Unplugged/Mercy (MTV Unplugged).mp3
Rollin’ Right Along,Shawn Mendes,Shawn Mendes,Shawn,usuk-pop,https://music.youtube.com/watch?v=JMY5akAQdPQ,https://i.ytimg.com/vi/JMY5akAQdPQ/maxresdefault.jpg,Shawn Mendes/Shawn/Rollin’ Right Along.mp3
In Between,Shawn Mendes,Shawn Mendes,Shawn,usuk-pop,https://music.youtube.com/watch?v=_TueljNmAi0,https://i.ytimg.com/vi/_TueljNmAi0/maxresdefault.jpg,Shawn Mendes/Shawn/In Between.mp3
Lost In Japan,Shawn Mendes,Shawn Mendes,Fall Vibes,usuk-pop,https://music.youtube.com/watch?v=ZqXCSqI349Q,https://i.ytimg.com/vi/ZqXCSqI349Q/maxresdefault.jpg,Shawn Mendes/Fall Vibes/Lost In Japan.mp3
One Of Those Nights,Shawn Mendes,Shawn Mendes,One Of Those Nights,usuk-pop,https://music.youtube.com/watch?v=3mLlk898k4k,https://i.ytimg.com/vi/3mLlk898k4k/maxresdefault.jpg,Shawn Mendes/One Of Those Nights/One Of Those Nights.mp3
Use Somebody,Shawn Mendes,Shawn Mendes,Live Version,usuk-pop,https://music.youtube.com/watch?v=-kUFZQjteKg,https://i.ytimg.com/vi/-kUFZQjteKg/maxresdefault.jpg,Shawn Mendes/Live Version/Use Somebody.mp3
Youth (Remix),Shawn Mendes,"Shawn Mendes, Khalid, Jessie Reyez",The Album,usuk-pop,https://music.youtube.com/watch?v=q4QX-IqlVgI,https://i.ytimg.com/vi/q4QX-IqlVgI/maxresdefault.jpg,Shawn Mendes/The Album/Youth (Remix).mp3
Song For No One,Shawn Mendes,Shawn Mendes,Wonder,usuk-pop,https://music.youtube.com/watch?v=pzOAWCuFrk0,https://i.ytimg.com/vi/pzOAWCuFrk0/maxresdefault.jpg,Shawn Mendes/Wonder/Song For No One.mp3
Don't Be A Fool (MTV Unplugged),Shawn Mendes,Shawn Mendes,MTV Unplugged,usuk-pop,https://music.youtube.com/watch?v=XjxZHWex7dE,https://i.ytimg.com/vi/XjxZHWex7dE/maxresdefault.jpg,Shawn Mendes/MTV Unplugged/Don't Be A Fool (MTV Unplugged).mp3
Look Up At The Stars (Live From The Wonder Residencies),Shawn Mendes,Shawn Mendes,Wonder,usuk-pop,https://music.youtube.com/watch?v=X8gyr5cAtLc,https://i.ytimg.com/vi/X8gyr5cAtLc/maxresdefault.jpg,Shawn Mendes/Wonder/Look Up At The Stars (Live From The Wonder Residencies).mp3
In My Blood (Acoustic),Shawn Mendes,Shawn Mendes,In My Blood,usuk-pop,https://music.youtube.com/watch?v=pKWdoUxZRUE,https://i.ytimg.com/vi/pKWdoUxZRUE/maxresdefault.jpg,Shawn Mendes/In My Blood/In My Blood (Acoustic).mp3
Roses (MTV Unplugged),Shawn Mendes,Shawn Mendes,MTV Unplugged,usuk-pop,https://music.youtube.com/watch?v=EJO0brYrwZg,https://i.ytimg.com/vi/EJO0brYrwZg/maxresdefault.jpg,Shawn Mendes/MTV Unplugged/Roses (MTV Unplugged).mp3
Can’t Imagine,Shawn Mendes,Shawn Mendes,Wonder,usuk-pop,https://music.youtube.com/watch?v=QNAAYvVADJY,https://i.ytimg.com/vi/QNAAYvVADJY/maxresdefault.jpg,Shawn Mendes/Wonder/Can’t Imagine.mp3
Always Been You (Live From The Wonder Residencies),Shawn Mendes,Shawn Mendes,Wonder,usuk-pop,https://music.youtube.com/watch?v=nzTU3WNBlUE,https://i.ytimg.com/vi/nzTU3WNBlUE/maxresdefault.jpg,Shawn Mendes/Wonder/Always Been You (Live From The Wonder Residencies).mp3
There's Nothing Holdin' Me Back (MTV Unplugged),Shawn Mendes,Shawn Mendes,MTV Unplugged,usuk-pop,https://music.youtube.com/watch?v=Jjh0NNVsSRo,https://i.ytimg.com/vi/Jjh0NNVsSRo/maxresdefault.jpg,Shawn Mendes/MTV Unplugged/There's Nothing Holdin' Me Back (MTV Unplugged).mp3
Life Of The Party,Shawn Mendes,Shawn Mendes,Acoustix 3,usuk-pop,https://music.youtube.com/watch?v=VsxM0SU7f-8,https://i.ytimg.com/vi/VsxM0SU7f-8/maxresdefault.jpg,Shawn Mendes/Acoustix 3/Life Of The Party.mp3
The Christmas Song,Shawn Mendes,"Shawn Mendes, Camila Cabello",Wonder,usuk-pop,https://music.youtube.com/watch?v=Snq3IBhgpcI,https://i.ytimg.com/vi/Snq3IBhgpcI/maxresdefault.jpg,Shawn Mendes/Wonder/The Christmas Song.mp3
Dream (Live From The Wonder Residencies),Shawn Mendes,Shawn Mendes,Wonder,usuk-pop,https://music.youtube.com/watch?v=DaWHaYszM3w,https://i.ytimg.com/vi/DaWHaYszM3w/maxresdefault.jpg,Shawn Mendes/Wonder/Dream (Live From The Wonder Residencies).mp3
Take A Look At Us Now (Lyle Reprise),Shawn Mendes,Shawn Mendes,"Lyle, Lyle, Crocodile",usuk-pop,https://music.youtube.com/watch?v=u3_z9-CpbQo,https://i.ytimg.com/vi/u3_z9-CpbQo/maxresdefault.jpg,"Shawn Mendes/Lyle, Lyle, Crocodile/Take A Look At Us Now (Lyle Reprise).mp3"
Why (Remix),Shawn Mendes,"Shawn Mendes, Leon Bridges",The Album,usuk-pop,https://music.youtube.com/watch?v=UC7IdpeaI-s,https://i.ytimg.com/vi/UC7IdpeaI-s/maxresdefault.jpg,Shawn Mendes/The Album/Why (Remix).mp3
Under Pressure,Shawn Mendes,"Shawn Mendes, teddyᐸ3",Under Pressure,usuk-pop,https://music.youtube.com/watch?v=pd3YxPkWxBc,https://i.ytimg.com/vi/pd3YxPkWxBc/maxresdefault.jpg,Shawn Mendes/Under Pressure/Under Pressure.mp3
Patience (MTV Unplugged),Shawn Mendes,Shawn Mendes,MTV Unplugged,usuk-pop,https://music.youtube.com/watch?v=SC4xYZS9iwo,https://i.ytimg.com/vi/SC4xYZS9iwo/maxresdefault.jpg,Shawn Mendes/MTV Unplugged/Patience (MTV Unplugged).mp3
Song For No One (Live From The Wonder Residencies),Shawn Mendes,Shawn Mendes,Wonder,usuk-pop,https://music.youtube.com/watch?v=-q-j7XpAgnY,https://i.ytimg.com/vi/-q-j7XpAgnY/maxresdefault.jpg,Shawn Mendes/Wonder/Song For No One (Live From The Wonder Residencies).mp3
Wonder (Surf Mesa Remix),Shawn Mendes,Shawn Mendes,Wonder,usuk-pop,https://music.youtube.com/watch?v=7ItxU1uQT54,https://i.ytimg.com/vi/7ItxU1uQT54/maxresdefault.jpg,Shawn Mendes/Wonder/Wonder (Surf Mesa Remix).mp3
Three Empty Words (MTV Unplugged),Shawn Mendes,Shawn Mendes,MTV Unplugged,usuk-pop,https://music.youtube.com/watch?v=PINoWY1fIBE,https://i.ytimg.com/vi/PINoWY1fIBE/maxresdefault.jpg,Shawn Mendes/MTV Unplugged/Three Empty Words (MTV Unplugged).mp3
Never Be Alone / Hey There Delilah (Live Medley),Shawn Mendes,Shawn Mendes,Live At Madison Square Garden,usuk-pop,https://music.youtube.com/watch?v=O6KBjItp2Go,https://i.ytimg.com/vi/O6KBjItp2Go/maxresdefault.jpg,Shawn Mendes/Live At Madison Square Garden/Never Be Alone _ Hey There Delilah (Live Medley).mp3
Treat You Better (Live),Shawn Mendes,Shawn Mendes,Live At Madison Square Garden,usuk-pop,https://music.youtube.com/watch?v=Uh9xsmg8Hxs,https://i.ytimg.com/vi/Uh9xsmg8Hxs/maxresdefault.jpg,Shawn Mendes/Live At Madison Square Garden/Treat You Better (Live).mp3
Stitches (Live),Shawn Mendes,Shawn Mendes,Live At Madison Square Garden,usuk-pop,https://music.youtube.com/watch?v=WZeZtmkfca8,https://i.ytimg.com/vi/WZeZtmkfca8/maxresdefault.jpg,Shawn Mendes/Live At Madison Square Garden/Stitches (Live).mp3
Take A Look At Us Now (Reprise),Shawn Mendes,"Javier Bardem, Shawn Mendes","Lyle, Lyle, Crocodile",usuk-pop,https://music.youtube.com/watch?v=LmEDoiR6bhI,https://i.ytimg.com/vi/LmEDoiR6bhI/maxresdefault.jpg,"Shawn Mendes/Lyle, Lyle, Crocodile/Take A Look At Us Now (Reprise).mp3"
Where Were You In The Morning? (Remix),Shawn Mendes,Shawn Mendes,The Album,usuk-pop,https://music.youtube.com/watch?v=gtoeH6OzMyQ,https://i.ytimg.com/vi/gtoeH6OzMyQ/maxresdefault.jpg,Shawn Mendes/The Album/Where Were You In The Morning? (Remix).mp3
I Don't Even Know Your Name / Aftertaste / Kid In Love / I Want You Back (Live Medley),Shawn Mendes,Shawn Mendes,Live At Madison Square Garden,usuk-pop,https://music.youtube.com/watch?v=17P7chz8YSg,https://i.ytimg.com/vi/17P7chz8YSg/maxresdefault.jpg,Shawn Mendes/Live At Madison Square Garden/I Don't Even Know Your Name _ Aftertaste _ Kid In Love _ I Want You Back (Live Medley).mp3
Ruin (MTV Unplugged),Shawn Mendes,Shawn Mendes,MTV Unplugged,usuk-pop,https://music.youtube.com/watch?v=3EMLshSiCBE,https://i.ytimg.com/vi/3EMLshSiCBE/maxresdefault.jpg,Shawn Mendes/MTV Unplugged/Ruin (MTV Unplugged).mp3
A Little Too Much (Live),Shawn Mendes,Shawn Mendes,Handwritten (Revisited),usuk-pop,https://music.youtube.com/watch?v=7Ps9_VHheEo,https://i.ytimg.com/vi/7Ps9_VHheEo/maxresdefault.jpg,Shawn Mendes/Handwritten (Revisited)/A Little Too Much (Live).mp3
Mercy (Live),Shawn Mendes,Shawn Mendes,Live At Madison Square Garden,usuk-pop,https://music.youtube.com/watch?v=l8axzBRPlk0,https://i.ytimg.com/vi/l8axzBRPlk0/maxresdefault.jpg,Shawn Mendes/Live At Madison Square Garden/Mercy (Live).mp3
The Weight (Live),Shawn Mendes,Shawn Mendes,Live At Madison Square Garden,usuk-pop,https://music.youtube.com/watch?v=pPahXrxGJ3U,https://i.ytimg.com/vi/pPahXrxGJ3U/maxresdefault.jpg,Shawn Mendes/Live At Madison Square Garden/The Weight (Live).mp3
Bad Reputation (Live),Shawn Mendes,Shawn Mendes,Live At Madison Square Garden,usuk-pop,https://music.youtube.com/watch?v=R7kNYnSJtHE,https://i.ytimg.com/vi/R7kNYnSJtHE/maxresdefault.jpg,Shawn Mendes/Live At Madison Square Garden/Bad Reputation (Live).mp3
If I Can Dream (from the NBC Elvis All-Star Tribute),Shawn Mendes,"Elvis Presley, Post Malone, Shawn Mendes, Darius Rucker, Blake Shelton, Carrie Underwood",The Best of The '68 Comeback Special,usuk-pop,https://music.youtube.com/watch?v=6Y77FpBTC1I,https://i.ytimg.com/vi/6Y77FpBTC1I/maxresdefault.jpg,Shawn Mendes/The Best of The '68 Comeback Special/If I Can Dream (from the NBC Elvis All-Star Tribute).mp3
Lights On (Live),Shawn Mendes,Shawn Mendes,Live At Madison Square Garden,usuk-pop,https://music.youtube.com/watch?v=V5YK3jHOe7c,https://i.ytimg.com/vi/V5YK3jHOe7c/maxresdefault.jpg,Shawn Mendes/Live At Madison Square Garden/Lights On (Live).mp3
Ruin (Live),Shawn Mendes,Shawn Mendes,Live At Madison Square Garden,usuk-pop,https://music.youtube.com/watch?v=TMEoUGIDVEs,https://i.ytimg.com/vi/TMEoUGIDVEs/maxresdefault.jpg,Shawn Mendes/Live At Madison Square Garden/Ruin (Live).mp3
Kid In Love (Live),Shawn Mendes,Shawn Mendes,Handwritten (Revisited),usuk-pop,https://music.youtube.com/watch?v=hlCr7X029JA,https://i.ytimg.com/vi/hlCr7X029JA/maxresdefault.jpg,Shawn Mendes/Handwritten (Revisited)/Kid In Love (Live).mp3
Life Of The Party (Live),Shawn Mendes,Shawn Mendes,Live At Madison Square Garden,usuk-pop,https://music.youtube.com/watch?v=nWw-aMVfjIo,https://i.ytimg.com/vi/nWw-aMVfjIo/maxresdefault.jpg,Shawn Mendes/Live At Madison Square Garden/Life Of The Party (Live).mp3
Aftertaste (Live),Shawn Mendes,Shawn Mendes,Handwritten (Revisited),usuk-pop,https://music.youtube.com/watch?v=omAkktm5Bqc,https://i.ytimg.com/vi/omAkktm5Bqc/maxresdefault.jpg,Shawn Mendes/Handwritten (Revisited)/Aftertaste (Live).mp3
Strings (Live),Shawn Mendes,Shawn Mendes,Handwritten (Revisited),usuk-pop,https://music.youtube.com/watch?v=Ticm0axkUVk,https://i.ytimg.com/vi/Ticm0axkUVk/maxresdefault.jpg,Shawn Mendes/Handwritten (Revisited)/Strings (Live).mp3
I Don't Even Know Your Name (Live),Shawn Mendes,Shawn Mendes,Handwritten (Revisited),usuk-pop,https://music.youtube.com/watch?v=C7hVCa9uovQ,https://i.ytimg.com/vi/C7hVCa9uovQ/maxresdefault.jpg,Shawn Mendes/Handwritten (Revisited)/I Don't Even Know Your Name (Live).mp3
Don't Be A Fool (Live),Shawn Mendes,Shawn Mendes,Live At Madison Square Garden,usuk-pop,https://music.youtube.com/watch?v=JsAwy0hHHpc,https://i.ytimg.com/vi/JsAwy0hHHpc/maxresdefault.jpg,Shawn Mendes/Live At Madison Square Garden/Don't Be A Fool (Live).mp3
Charlie Puth - We Don't Talk Anymore (feat. Selena Gomez) [Official Video],Charlie Puth,Charlie Puth,Single,usuk-pop,https://music.youtube.com/watch?v=3AtDnEC4zak,https://i.ytimg.com/vi/3AtDnEC4zak/maxresdefault.jpg,Charlie Puth/Single/Charlie Puth - We Don't Talk Anymore (feat. Selena Gomez) [Official Video].mp3
Charlie Puth - Light Switch [Official Music Video],Charlie Puth,Charlie Puth,Single,usuk-pop,https://music.youtube.com/watch?v=WFsAon_TWPQ,https://i.ytimg.com/vi/WFsAon_TWPQ/maxresdefault.jpg,Charlie Puth/Single/Charlie Puth - Light Switch [Official Music Video].mp3
"Charlie Puth - ""How Long"" [Official Video]",Charlie Puth,Charlie Puth,Single,usuk-pop,https://music.youtube.com/watch?v=CwfoyVa980U,https://i.ytimg.com/vi/CwfoyVa980U/sddefault.jpg,Charlie Puth/Single/Charlie Puth - How Long [Official Video].mp3
Charlie Puth - I Don't Think That I Like Her (Official Audio),Charlie Puth,Charlie Puth,Single,usuk-pop,https://music.youtube.com/watch?v=9voN0gkdlS4,https://i.ytimg.com/vi/9voN0gkdlS4/maxresdefault.jpg,Charlie Puth/Single/Charlie Puth - I Don't Think That I Like Her (Official Audio).mp3
Charlie Puth - Changes (Official Video),Charlie Puth,Charlie Puth,Single,usuk-pop,https://music.youtube.com/watch?v=Jrf8N1EMUhg,https://i.ytimg.com/vi/Jrf8N1EMUhg/maxresdefault.jpg,Charlie Puth/Single/Charlie Puth - Changes (Official Video).mp3
Charlie Puth - Attention [Official Video],Charlie Puth,Charlie Puth,Single,usuk-pop,https://music.youtube.com/watch?v=nfs8NYg7yQM,https://i.ytimg.com/vi/nfs8NYg7yQM/sddefault.jpg,Charlie Puth/Single/Charlie Puth - Attention [Official Video].mp3
Charlie Puth - Loser (Official Music Video),Charlie Puth,Charlie Puth,Single,usuk-pop,https://music.youtube.com/watch?v=Sp6BS-rSr98,https://i.ytimg.com/vi/Sp6BS-rSr98/maxresdefault.jpg,Charlie Puth/Single/Charlie Puth - Loser (Official Music Video).mp3
Charlie Puth - Dangerously [Official Video],Charlie Puth,Charlie Puth,Single,usuk-pop,https://music.youtube.com/watch?v=TBXQu8ORnBQ,https://i.ytimg.com/vi/TBXQu8ORnBQ/maxresdefault.jpg,Charlie Puth/Single/Charlie Puth - Dangerously [Official Video].mp3
Charlie Puth - Hero (Official Audio),Charlie Puth,Charlie Puth,Single,usuk-pop,https://music.youtube.com/watch?v=OM5cVB81aT8,https://i.ytimg.com/vi/OM5cVB81aT8/maxresdefault.jpg,Charlie Puth/Single/Charlie Puth - Hero (Official Audio).mp3
Charlie Puth - Marvin Gaye ft. Meghan Trainor [Official Video],Charlie Puth,Charlie Puth,Single,usuk-pop,https://music.youtube.com/watch?v=igNVdlXhKcI,https://i.ytimg.com/vi/igNVdlXhKcI/sddefault.jpg,Charlie Puth/Single/Charlie Puth - Marvin Gaye ft. Meghan Trainor [Official Video].mp3
Charlie Puth - That's Hilarious [Official Video],Charlie Puth,Charlie Puth,Single,usuk-pop,https://music.youtube.com/watch?v=Nq3x1AkwgpY,https://i.ytimg.com/vi/Nq3x1AkwgpY/maxresdefault.jpg,Charlie Puth/Single/Charlie Puth - That's Hilarious [Official Video].mp3
"Stray Kids ""Lose My Breath (Feat. Charlie Puth)"" M/V",Charlie Puth,JYP Entertainment,Single,usuk-pop,https://music.youtube.com/watch?v=SQ1yPMTIwCU,https://i.ytimg.com/vi/SQ1yPMTIwCU/maxresdefault.jpg,Charlie Puth/Single/Stray Kids Lose My Breath (Feat. Charlie Puth) M_V.mp3
Charlie Puth - Left And Right (feat. Jung Kook of BTS) [Official Video],Charlie Puth,Charlie Puth,Single,usuk-pop,https://music.youtube.com/watch?v=a7GITgqwDVg,https://i.ytimg.com/vi/a7GITgqwDVg/maxresdefault.jpg,Charlie Puth/Single/Charlie Puth - Left And Right (feat. Jung Kook of BTS) [Official Video].mp3
Charlie Puth - Smells Like Me (Official Audio),Charlie Puth,Charlie Puth,Single,usuk-pop,https://music.youtube.com/watch?v=KyBHXjh0mzo,https://i.ytimg.com/vi/KyBHXjh0mzo/maxresdefault.jpg,Charlie Puth/Single/Charlie Puth - Smells Like Me (Official Audio).mp3
Charlie Puth - Lipstick (Official Audio),Charlie Puth,Charlie Puth,Single,usuk-pop,https://music.youtube.com/watch?v=Azo4AvIjkmQ,https://i.ytimg.com/vi/Azo4AvIjkmQ/maxresdefault.jpg,Charlie Puth/Single/Charlie Puth - Lipstick (Official Audio).mp3
Wiz Khalifa - See You Again ft. Charlie Puth [Official Video] Furious 7 Soundtrack,Charlie Puth,Wiz Khalifa,Single,usuk-pop,https://music.youtube.com/watch?v=RgKAFK5djSk,https://i.ytimg.com/vi/RgKAFK5djSk/maxresdefault.jpg,Charlie Puth/Single/Wiz Khalifa - See You Again ft. Charlie Puth [Official Video] Furious 7 Soundtrack.mp3
Charlie Puth - Charlie Be Quiet! (Official Audio),Charlie Puth,Charlie Puth,Single,usuk-pop,https://music.youtube.com/watch?v=vo_XZmKlJ3A,https://i.ytimg.com/vi/vo_XZmKlJ3A/maxresdefault.jpg,Charlie Puth/Single/Charlie Puth - Charlie Be Quiet! (Official Audio).mp3
CHARLIE PUTH - THAT'S NOT HOW THIS WORKS (FEAT. DAN + SHAY) [official music video],Charlie Puth,Charlie Puth,Single,usuk-pop,https://music.youtube.com/watch?v=PAKFzFqJa58,https://i.ytimg.com/vi/PAKFzFqJa58/maxresdefault.jpg,Charlie Puth/Single/CHARLIE PUTH - THAT'S NOT HOW THIS WORKS (FEAT. DAN + SHAY) [official music video].mp3
Charlie Puth - One Call Away [Official Video],Charlie Puth,Charlie Puth,Single,usuk-pop,https://music.youtube.com/watch?v=BxuY9FET9Y4,https://i.ytimg.com/vi/BxuY9FET9Y4/sddefault.jpg,Charlie Puth/Single/Charlie Puth - One Call Away [Official Video].mp3
Girlfriend,Charlie Puth,Charlie Puth,Girlfriend,usuk-pop,https://music.youtube.com/watch?v=l9XL5lFccq8,https://i.ytimg.com/vi/l9XL5lFccq8/maxresdefault.jpg,Charlie Puth/Girlfriend/Girlfriend.mp3
Charlie Puth - There's A First Time For Everything (Official Audio),Charlie Puth,Charlie Puth,Single,usuk-pop,https://music.youtube.com/watch?v=9mzSgnOxXtw,https://i.ytimg.com/vi/9mzSgnOxXtw/maxresdefault.jpg,Charlie Puth/Single/Charlie Puth - There's A First Time For Everything (Official Audio).mp3
Charlie Puth - Done For Me (feat. Kehlani) [Official Video],Charlie Puth,Charlie Puth,Single,usuk-pop,https://music.youtube.com/watch?v=TdyllLZeviY,https://i.ytimg.com/vi/TdyllLZeviY/sddefault.jpg,Charlie Puth/Single/Charlie Puth - Done For Me (feat. Kehlani) [Official Video].mp3
Charlie Puth - The Way I Am [Official Video],Charlie Puth,Charlie Puth,Single,usuk-pop,https://music.youtube.com/watch?v=EQnk-h-LCpQ,https://i.ytimg.com/vi/EQnk-h-LCpQ/sddefault.jpg,Charlie Puth/Single/Charlie Puth - The Way I Am [Official Video].mp3
Charlie Puth - Mother [Official Video],Charlie Puth,Charlie Puth,Single,usuk-pop,https://music.youtube.com/watch?v=jTMzLbz9_r0,https://i.ytimg.com/vi/jTMzLbz9_r0/maxresdefault.jpg,Charlie Puth/Single/Charlie Puth - Mother [Official Video].mp3
Charlie Puth - Marks On My Neck (Official Audio),Charlie Puth,Charlie Puth,Single,usuk-pop,https://music.youtube.com/watch?v=Ibx6cg2vTMk,https://i.ytimg.com/vi/Ibx6cg2vTMk/sddefault.jpg,Charlie Puth/Single/Charlie Puth - Marks On My Neck (Official Audio).mp3
Charlie Puth - Left Right Left [Official Audio],Charlie Puth,Charlie Puth,Single,usuk-pop,https://music.youtube.com/watch?v=z-eg-bBCQJM,https://i.ytimg.com/vi/z-eg-bBCQJM/maxresdefault.jpg,Charlie Puth/Single/Charlie Puth - Left Right Left [Official Audio].mp3
Charlie Puth - Up All Night [Official Audio],Charlie Puth,Charlie Puth,Single,usuk-pop,https://music.youtube.com/watch?v=vBLQFGHtSzg,https://i.ytimg.com/vi/vBLQFGHtSzg/maxresdefault.jpg,Charlie Puth/Single/Charlie Puth - Up All Night [Official Audio].mp3
Charlie Puth - Patient [Official Audio],Charlie Puth,Charlie Puth,Single,usuk-pop,https://music.youtube.com/watch?v=uKmA0nHe4no,https://i.ytimg.com/vi/uKmA0nHe4no/maxresdefault.jpg,Charlie Puth/Single/Charlie Puth - Patient [Official Audio].mp3
Charlie Puth - LA Girls [Official Audio],Charlie Puth,Charlie Puth,Single,usuk-pop,https://music.youtube.com/watch?v=iW3Than5jrs,https://i.ytimg.com/vi/iW3Than5jrs/maxresdefault.jpg,Charlie Puth/Single/Charlie Puth - LA Girls [Official Audio].mp3
Charlie Puth - When You're Sad I'm Sad (Official Audio),Charlie Puth,Charlie Puth,Single,usuk-pop,https://music.youtube.com/watch?v=pcqUZMgMnVM,https://i.ytimg.com/vi/pcqUZMgMnVM/sddefault.jpg,Charlie Puth/Single/Charlie Puth - When You're Sad I'm Sad (Official Audio).mp3
Gabby Barrett - I Hope (ft. Charlie Puth) (Audio),Charlie Puth,Gabby Barrett,Single,usuk-pop,https://music.youtube.com/watch?v=fDFdVIp6rHg,https://i.ytimg.com/vi/fDFdVIp6rHg/maxresdefault.jpg,Charlie Puth/Single/Gabby Barrett - I Hope (ft. Charlie Puth) (Audio).mp3
Charlie Puth - Tears On My Piano (Official Audio),Charlie Puth,Charlie Puth,Single,usuk-pop,https://music.youtube.com/watch?v=kX6wgd9QUxw,https://i.ytimg.com/vi/kX6wgd9QUxw/sddefault.jpg,Charlie Puth/Single/Charlie Puth - Tears On My Piano (Official Audio).mp3
Charlie Puth - River [Official Audio],Charlie Puth,Charlie Puth,Single,usuk-pop,https://music.youtube.com/watch?v=Q7VK0WwAoXQ,https://i.ytimg.com/vi/Q7VK0WwAoXQ/maxresdefault.jpg,Charlie Puth/Single/Charlie Puth - River [Official Audio].mp3
Charlie Puth - BOY [Official Audio],Charlie Puth,Charlie Puth,Single,usuk-pop,https://music.youtube.com/watch?v=iILJvqrAQ_w,https://i.ytimg.com/vi/iILJvqrAQ_w/maxresdefault.jpg,Charlie Puth/Single/Charlie Puth - BOY [Official Audio].mp3
Charlie Puth - Slow It Down [Official Audio],Charlie Puth,Charlie Puth,Single,usuk-pop,https://music.youtube.com/watch?v=JFVtb5_Pec4,https://i.ytimg.com/vi/JFVtb5_Pec4/maxresdefault.jpg,Charlie Puth/Single/Charlie Puth - Slow It Down [Official Audio].mp3
Charlie Puth - As You Are feat. Shy Carter [Official Audio],Charlie Puth,Charlie Puth,Single,usuk-pop,https://music.youtube.com/watch?v=sjKlK0njMcw,https://i.ytimg.com/vi/sjKlK0njMcw/maxresdefault.jpg,Charlie Puth/Single/Charlie Puth - As You Are feat. Shy Carter [Official Audio].mp3
Charlie Puth - Some Type of Love [Official Audio],Charlie Puth,Charlie Puth,Single,usuk-pop,https://music.youtube.com/watch?v=sC1_7GDADRU,https://i.ytimg.com/vi/sC1_7GDADRU/sddefault.jpg,Charlie Puth/Single/Charlie Puth - Some Type of Love [Official Audio].mp3
Charlie Puth - Then There's You [Official Audio],Charlie Puth,Charlie Puth,Single,usuk-pop,https://music.youtube.com/watch?v=goJBI5tqOUg,https://i.ytimg.com/vi/goJBI5tqOUg/maxresdefault.jpg,Charlie Puth/Single/Charlie Puth - Then There's You [Official Audio].mp3
Charlie Puth - Through It All [Official Audio],Charlie Puth,Charlie Puth,Single,usuk-pop,https://music.youtube.com/watch?v=t62zPl44H4I,https://i.ytimg.com/vi/t62zPl44H4I/maxresdefault.jpg,Charlie Puth/Single/Charlie Puth - Through It All [Official Audio].mp3
Charlie Puth - Somebody Told Me [Official Audio],Charlie Puth,Charlie Puth,Single,usuk-pop,https://music.youtube.com/watch?v=uIpZY56noT8,https://i.ytimg.com/vi/uIpZY56noT8/maxresdefault.jpg,Charlie Puth/Single/Charlie Puth - Somebody Told Me [Official Audio].mp3
Charlie Puth - Does It Feel [Official Audio],Charlie Puth,Charlie Puth,Single,usuk-pop,https://music.youtube.com/watch?v=1Fgzc8nyWr4,https://i.ytimg.com/vi/1Fgzc8nyWr4/maxresdefault.jpg,Charlie Puth/Single/Charlie Puth - Does It Feel [Official Audio].mp3
Charlie Puth - My Gospel [Official Audio],Charlie Puth,Charlie Puth,Single,usuk-pop,https://music.youtube.com/watch?v=ADcVtF2cTWc,https://i.ytimg.com/vi/ADcVtF2cTWc/maxresdefault.jpg,Charlie Puth/Single/Charlie Puth - My Gospel [Official Audio].mp3
Charlie Puth - Cheating on You [Official Video],Charlie Puth,Charlie Puth,Single,usuk-pop,https://music.youtube.com/watch?v=fOoSbUoayQE,https://i.ytimg.com/vi/fOoSbUoayQE/sddefault.jpg?v=5d93e8be,Charlie Puth/Single/Charlie Puth - Cheating on You [Official Video].mp3
Charlie Puth - No More Drama (Official Audio),Charlie Puth,Charlie Puth,Single,usuk-pop,https://music.youtube.com/watch?v=dFU2X5CFp5I,https://i.ytimg.com/vi/dFU2X5CFp5I/maxresdefault.jpg,Charlie Puth/Single/Charlie Puth - No More Drama (Official Audio).mp3
Harry Styles - Aperture (Official Video),Harry Styles,Harry Styles,Single,usuk-pop,https://music.youtube.com/watch?v=7sxVHYZ_PnA,https://i.ytimg.com/vi/7sxVHYZ_PnA/maxresdefault.jpg,Harry Styles/Single/Harry Styles - Aperture (Official Video).mp3
Harry Styles - As It Was (Official Video),Harry Styles,Harry Styles,Single,usuk-pop,https://music.youtube.com/watch?v=H5v3kku4y6Q,https://i.ytimg.com/vi/H5v3kku4y6Q/maxresdefault.jpg,Harry Styles/Single/Harry Styles - As It Was (Official Video).mp3
Harry Styles - Late Night Talking (Official Video),Harry Styles,Harry Styles,Single,usuk-pop,https://music.youtube.com/watch?v=4VaqA-5aQTM,https://i.ytimg.com/vi/4VaqA-5aQTM/maxresdefault.jpg,Harry Styles/Single/Harry Styles - Late Night Talking (Official Video).mp3
Harry Styles - Watermelon Sugar (Official Video),Harry Styles,Harry Styles,Single,usuk-pop,https://music.youtube.com/watch?v=E07s5ZYygMg,https://i.ytimg.com/vi/E07s5ZYygMg/maxresdefault.jpg,Harry Styles/Single/Harry Styles - Watermelon Sugar (Official Video).mp3
Harry Styles - Sign of the Times (Official Video),Harry Styles,Harry Styles,Single,usuk-pop,https://music.youtube.com/watch?v=qN4ooNx77u0,https://i.ytimg.com/vi/qN4ooNx77u0/maxresdefault.jpg,Harry Styles/Single/Harry Styles - Sign of the Times (Official Video).mp3
Harry Styles - Golden (Official Video),Harry Styles,Harry Styles,Single,usuk-pop,https://music.youtube.com/watch?v=P3cffdsEXXw,https://i.ytimg.com/vi/P3cffdsEXXw/maxresdefault.jpg,Harry Styles/Single/Harry Styles - Golden (Official Video).mp3
Harry Styles - Satellite (Official Video),Harry Styles,Harry Styles,Single,usuk-pop,https://music.youtube.com/watch?v=bGZplqeIb3w,https://i.ytimg.com/vi/bGZplqeIb3w/maxresdefault.jpg,Harry Styles/Single/Harry Styles - Satellite (Official Video).mp3
Harry Styles - Lights Up (Official Video),Harry Styles,Harry Styles,Single,usuk-pop,https://music.youtube.com/watch?v=9NZvM1918_E,https://i.ytimg.com/vi/9NZvM1918_E/maxresdefault.jpg,Harry Styles/Single/Harry Styles - Lights Up (Official Video).mp3
Harry Styles - Music For a Sushi Restaurant (Official Video),Harry Styles,Harry Styles,Single,usuk-pop,https://music.youtube.com/watch?v=CiwMDFh_Rog,https://i.ytimg.com/vi/CiwMDFh_Rog/maxresdefault.jpg,Harry Styles/Single/Harry Styles - Music For a Sushi Restaurant (Official Video).mp3
Harry Styles - Adore You (Official Video – Extended Version),Harry Styles,Harry Styles,Single,usuk-pop,https://music.youtube.com/watch?v=yezDEWako8U,https://i.ytimg.com/vi/yezDEWako8U/maxresdefault.jpg,Harry Styles/Single/Harry Styles - Adore You (Official Video – Extended Version).mp3
Harry Styles - Matilda (Audio),Harry Styles,Harry Styles,Single,usuk-pop,https://music.youtube.com/watch?v=lVnzO7opqNs,https://i.ytimg.com/vi/lVnzO7opqNs/maxresdefault.jpg,Harry Styles/Single/Harry Styles - Matilda (Audio).mp3
Harry Styles - Daydreaming (Audio),Harry Styles,Harry Styles,Single,usuk-pop,https://music.youtube.com/watch?v=G2BYATpr4uY,https://i.ytimg.com/vi/G2BYATpr4uY/maxresdefault.jpg,Harry Styles/Single/Harry Styles - Daydreaming (Audio).mp3
Harry Styles - Little Freak (Audio),Harry Styles,Harry Styles,Single,usuk-pop,https://music.youtube.com/watch?v=hJpvI3w3tDc,https://i.ytimg.com/vi/hJpvI3w3tDc/maxresdefault.jpg,Harry Styles/Single/Harry Styles - Little Freak (Audio).mp3
Harry Styles - Falling (Official Video),Harry Styles,Harry Styles,Single,usuk-pop,https://music.youtube.com/watch?v=olGSAVOkkTI,https://i.ytimg.com/vi/olGSAVOkkTI/maxresdefault.jpg,Harry Styles/Single/Harry Styles - Falling (Official Video).mp3
Harry Styles - Cinema (Audio),Harry Styles,Harry Styles,Single,usuk-pop,https://music.youtube.com/watch?v=_ecXNJP-ERY,https://i.ytimg.com/vi/_ecXNJP-ERY/maxresdefault.jpg,Harry Styles/Single/Harry Styles - Cinema (Audio).mp3
Harry Styles - Daylight (Official Video),Harry Styles,Harry Styles,Single,usuk-pop,https://music.youtube.com/watch?v=-UJCMfuFtSQ,https://i.ytimg.com/vi/-UJCMfuFtSQ/maxresdefault.jpg,Harry Styles/Single/Harry Styles - Daylight (Official Video).mp3
Harry Styles - Grapejuice (Audio),Harry Styles,Harry Styles,Single,usuk-pop,https://music.youtube.com/watch?v=95pX92cUwV8,https://i.ytimg.com/vi/95pX92cUwV8/maxresdefault.jpg,Harry Styles/Single/Harry Styles - Grapejuice (Audio).mp3
Harry Styles - Fine Line (Official Audio),Harry Styles,Harry Styles,Single,usuk-pop,https://music.youtube.com/watch?v=Ojp71GGm-LQ,https://i.ytimg.com/vi/Ojp71GGm-LQ/maxresdefault.jpg,Harry Styles/Single/Harry Styles - Fine Line (Official Audio).mp3
Harry Styles - Love Of My Life (Audio),Harry Styles,Harry Styles,Single,usuk-pop,https://music.youtube.com/watch?v=hkK5e7CY_h0,https://i.ytimg.com/vi/hkK5e7CY_h0/maxresdefault.jpg,Harry Styles/Single/Harry Styles - Love Of My Life (Audio).mp3
Harry Styles - American Girls (Official Video),Harry Styles,Harry Styles,Single,usuk-pop,https://music.youtube.com/watch?v=o6jQo3-iCao,https://i.ytimg.com/vi/o6jQo3-iCao/maxresdefault.jpg,Harry Styles/Single/Harry Styles - American Girls (Official Video).mp3
Harry Styles - Kiwi,Harry Styles,Harry Styles,Single,usuk-pop,https://music.youtube.com/watch?v=9wg3v-01yKQ,https://i.ytimg.com/vi/9wg3v-01yKQ/maxresdefault.jpg,Harry Styles/Single/Harry Styles - Kiwi.mp3
Harry Styles - Treat People With Kindness (Official Audio),Harry Styles,Harry Styles,Single,usuk-pop,https://music.youtube.com/watch?v=Pi2Gy7DG75g,https://i.ytimg.com/vi/Pi2Gy7DG75g/maxresdefault.jpg,Harry Styles/Single/Harry Styles - Treat People With Kindness (Official Audio).mp3
"Harry Styles - Sunflower, Vol. 6 (Official Audio)",Harry Styles,Harry Styles,Single,usuk-pop,https://music.youtube.com/watch?v=tUUElxEGo0U,https://i.ytimg.com/vi/tUUElxEGo0U/maxresdefault.jpg,"Harry Styles/Single/Harry Styles - Sunflower, Vol. 6 (Official Audio).mp3"
Harry Styles - Sweet Creature (Audio),Harry Styles,Harry Styles,Single,usuk-pop,https://music.youtube.com/watch?v=8uD6s-X3590,https://i.ytimg.com/vi/8uD6s-X3590/maxresdefault.jpg,Harry Styles/Single/Harry Styles - Sweet Creature (Audio).mp3
Harry Styles - Cherry (Official Audio),Harry Styles,Harry Styles,Single,usuk-pop,https://music.youtube.com/watch?v=rGeJ73yAAhQ,https://i.ytimg.com/vi/rGeJ73yAAhQ/maxresdefault.jpg,Harry Styles/Single/Harry Styles - Cherry (Official Audio).mp3
Harry Styles - Carolina (Audio),Harry Styles,Harry Styles,Single,usuk-pop,https://music.youtube.com/watch?v=BarDOBWuVg4,https://i.ytimg.com/vi/BarDOBWuVg4/maxresdefault.jpg,Harry Styles/Single/Harry Styles - Carolina (Audio).mp3
Harry Styles - Dance No More (Official Video),Harry Styles,Harry Styles,Single,usuk-pop,https://music.youtube.com/watch?v=-rkjE0xc730,https://i.ytimg.com/vi/-rkjE0xc730/maxresdefault.jpg,Harry Styles/Single/Harry Styles - Dance No More (Official Video).mp3
Harry Styles - Two Ghosts (Audio),Harry Styles,Harry Styles,Single,usuk-pop,https://music.youtube.com/watch?v=iSqLLiuHicw,https://i.ytimg.com/vi/iSqLLiuHicw/maxresdefault.jpg,Harry Styles/Single/Harry Styles - Two Ghosts (Audio).mp3
Harry Styles - To Be So Lonely (Official Audio),Harry Styles,Harry Styles,Single,usuk-pop,https://music.youtube.com/watch?v=6PPK-6FeJ9A,https://i.ytimg.com/vi/6PPK-6FeJ9A/maxresdefault.jpg,Harry Styles/Single/Harry Styles - To Be So Lonely (Official Audio).mp3
Eminem - The Real Slim Shady (Official Video - Clean Version),Eminem,EminemMusic,Single,usuk-rap,https://music.youtube.com/watch?v=eJO5HU_7_1w,https://i.ytimg.com/vi/eJO5HU_7_1w/maxresdefault.jpg,Eminem/Single/Eminem - The Real Slim Shady (Official Video - Clean Version).mp3
Eminem - Lose Yourself,Eminem,EminemMusic,Single,usuk-rap,https://music.youtube.com/watch?v=xFYQQPAOz7Y,https://i.ytimg.com/vi/xFYQQPAOz7Y/hqdefault.jpg?sqp=-oaymwEmCOADEOgC8quKqQMa8AEB-AG-AoAC8AGKAgwIABABGD8gZShJMA8=&rs=AOn4CLCIPlkfNXQjlRFA1r3yRQTH7Ch9cA,Eminem/Single/Eminem - Lose Yourself.mp3
Eminem - Without Me (Official Music Video),Eminem,EminemMusic,Single,usuk-rap,https://music.youtube.com/watch?v=YVkUvmDQ3HY,https://i.ytimg.com/vi/YVkUvmDQ3HY/maxresdefault.jpg,Eminem/Single/Eminem - Without Me (Official Music Video).mp3
Eminem - Mockingbird [Official Music Video],Eminem,EminemMusic,Single,usuk-rap,https://music.youtube.com/watch?v=S9bCLPwzSC0,https://i.ytimg.com/vi/S9bCLPwzSC0/maxresdefault.jpg,Eminem/Single/Eminem - Mockingbird [Official Music Video].mp3
Eminem - Rap God (Explicit),Eminem,EminemMusic,Single,usuk-rap,https://music.youtube.com/watch?v=XbGs_qK2PQA,https://i.ytimg.com/vi/XbGs_qK2PQA/maxresdefault.jpg,Eminem/Single/Eminem - Rap God (Explicit).mp3
Eminem - Houdini [Official Music Video],Eminem,EminemMusic,Single,usuk-rap,https://music.youtube.com/watch?v=22tVWwmTie8,https://i.ytimg.com/vi/22tVWwmTie8/maxresdefault.jpg,Eminem/Single/Eminem - Houdini [Official Music Video].mp3
Eminem - Stan (Long Version) ft. Dido,Eminem,EminemMusic,Single,usuk-rap,https://music.youtube.com/watch?v=gOMhN-hfMtY,https://i.ytimg.com/vi/gOMhN-hfMtY/maxresdefault.jpg,Eminem/Single/Eminem - Stan (Long Version) ft. Dido.mp3
Godzilla (feat. Juice WRLD) [Official Audio],Eminem,EminemMusic,Single,usuk-rap,https://music.youtube.com/watch?v=9XvXF1LrWgA,https://i.ytimg.com/vi/9XvXF1LrWgA/maxresdefault.jpg,Eminem/Single/Godzilla (feat. Juice WRLD) [Official Audio].mp3
Eminem - Venom,Eminem,EminemMusic,Single,usuk-rap,https://music.youtube.com/watch?v=8CdcCD5V-d8,https://i.ytimg.com/vi/8CdcCD5V-d8/maxresdefault.jpg,Eminem/Single/Eminem - Venom.mp3
Eminem - Not Afraid,Eminem,EminemMusic,Single,usuk-rap,https://music.youtube.com/watch?v=j5-yKhDd64s,https://i.ytimg.com/vi/j5-yKhDd64s/maxresdefault.jpg,Eminem/Single/Eminem - Not Afraid.mp3
Eminem - Love The Way You Lie ft. Rihanna,Eminem,EminemMusic,Single,usuk-rap,https://music.youtube.com/watch?v=uelHwf8o7_U,https://i.ytimg.com/vi/uelHwf8o7_U/maxresdefault.jpg,Eminem/Single/Eminem - Love The Way You Lie ft. Rihanna.mp3
Eminem ft. Rihanna - The Monster (Explicit) [Official Video],Eminem,EminemMusic,Single,usuk-rap,https://music.youtube.com/watch?v=EHkozMIXZ8w,https://i.ytimg.com/vi/EHkozMIXZ8w/maxresdefault.jpg,Eminem/Single/Eminem ft. Rihanna - The Monster (Explicit) [Official Video].mp3
KILLSHOT [Official Audio],Eminem,EminemMusic,Single,usuk-rap,https://music.youtube.com/watch?v=FxQTY-W6GIo,https://i.ytimg.com/vi/FxQTY-W6GIo/maxresdefault.jpg,Eminem/Single/KILLSHOT [Official Audio].mp3
Eminem - When I'm Gone (Official Music Video),Eminem,EminemMusic,Single,usuk-rap,https://music.youtube.com/watch?v=1wYNFfgrXTI,https://i.ytimg.com/vi/1wYNFfgrXTI/maxresdefault.jpg,Eminem/Single/Eminem - When I'm Gone (Official Music Video).mp3
Till I Collapse,Eminem,"Eminem, Nate Dogg",The Eminem Show,usuk-rap,https://music.youtube.com/watch?v=Obim8BYGnOE,https://i.ytimg.com/vi/Obim8BYGnOE/maxresdefault.jpg,Eminem/The Eminem Show/Till I Collapse.mp3
Eminem - Sing For The Moment (Official Music Video),Eminem,EminemMusic,Single,usuk-rap,https://music.youtube.com/watch?v=D4hAVemuQXY,https://i.ytimg.com/vi/D4hAVemuQXY/maxresdefault.jpg,Eminem/Single/Eminem - Sing For The Moment (Official Music Video).mp3
"Dr. Dre - I Need A Doctor (Explicit) ft. Eminem, Skylar Grey",Eminem,Dr. Dre,Single,usuk-rap,https://music.youtube.com/watch?v=VA770wpLX-Q,https://i.ytimg.com/vi/VA770wpLX-Q/maxresdefault.jpg,"Eminem/Single/Dr. Dre - I Need A Doctor (Explicit) ft. Eminem, Skylar Grey.mp3"
Eminem - Fall (Official Music Video),Eminem,EminemMusic,Single,usuk-rap,https://music.youtube.com/watch?v=MfTbHITdhEI,https://i.ytimg.com/vi/MfTbHITdhEI/maxresdefault.jpg,Eminem/Single/Eminem - Fall (Official Music Video).mp3
Eminem & Snoop Dogg - From The D 2 The LBC [Official Music Video],Eminem,EminemMusic,Single,usuk-rap,https://music.youtube.com/watch?v=RjrA-slMoZ4,https://i.ytimg.com/vi/RjrA-slMoZ4/maxresdefault.jpg,Eminem/Single/Eminem & Snoop Dogg - From The D 2 The LBC [Official Music Video].mp3
Eminem - Like Toy Soldiers (Official Music Video),Eminem,EminemMusic,Single,usuk-rap,https://music.youtube.com/watch?v=lexLAjh8fPA,https://i.ytimg.com/vi/lexLAjh8fPA/maxresdefault.jpg,Eminem/Single/Eminem - Like Toy Soldiers (Official Music Video).mp3
Eminem - Beautiful (Official Music Video),Eminem,EminemMusic,Single,usuk-rap,https://music.youtube.com/watch?v=lgT1AidzRWM,https://i.ytimg.com/vi/lgT1AidzRWM/maxresdefault.jpg,Eminem/Single/Eminem - Beautiful (Official Music Video).mp3
Eminem - Cleanin' Out My Closet (Official Music Video),Eminem,EminemMusic,Single,usuk-rap,https://music.youtube.com/watch?v=RQ9_TKayu9s,https://i.ytimg.com/vi/RQ9_TKayu9s/maxresdefault.jpg,Eminem/Single/Eminem - Cleanin' Out My Closet (Official Music Video).mp3
Eminem - Lucky You (Official Music Video) ft. Joyner Lucas,Eminem,EminemMusic,Single,usuk-rap,https://music.youtube.com/watch?v=mvSItvjFE1c,https://i.ytimg.com/vi/mvSItvjFE1c/maxresdefault.jpg,Eminem/Single/Eminem - Lucky You (Official Music Video) ft. Joyner Lucas.mp3
"Drake, Kanye West, Lil Wayne, Eminem - Forever (Explicit Version) (Official Music Video)",Eminem,Drake,Single,usuk-rap,https://music.youtube.com/watch?v=eDuRoPIOBjE,https://i.ytimg.com/vi/eDuRoPIOBjE/maxresdefault.jpg,"Eminem/Single/Drake, Kanye West, Lil Wayne, Eminem - Forever (Explicit Version) (Official Music Video).mp3"
Eminem - River ft. Ed Sheeran,Eminem,EminemMusic,Single,usuk-rap,https://music.youtube.com/watch?v=wfWIs2gFTAM,https://i.ytimg.com/vi/wfWIs2gFTAM/maxresdefault.jpg,Eminem/Single/Eminem - River ft. Ed Sheeran.mp3
Eminem - Berzerk (Official) (Explicit),Eminem,EminemMusic,Single,usuk-rap,https://music.youtube.com/watch?v=ab9176Srb5Y,https://i.ytimg.com/vi/ab9176Srb5Y/maxresdefault.jpg,Eminem/Single/Eminem - Berzerk (Official) (Explicit).mp3
Eminem - Just Lose It (Official Music Video),Eminem,EminemMusic,Single,usuk-rap,https://music.youtube.com/watch?v=9dcVOmEQzKA,https://i.ytimg.com/vi/9dcVOmEQzKA/maxresdefault.jpg,Eminem/Single/Eminem - Just Lose It (Official Music Video).mp3
"Eminem, Dr. Dre - Forgot About Dre (Explicit) (Official Music Video) ft. Hittman",Eminem,Dr. Dre,Single,usuk-rap,https://music.youtube.com/watch?v=QFcv5Ma8u8k,https://i.ytimg.com/vi/QFcv5Ma8u8k/maxresdefault.jpg,"Eminem/Single/Eminem, Dr. Dre - Forgot About Dre (Explicit) (Official Music Video) ft. Hittman.mp3"
What's The Difference,Eminem,"Dr. Dre, Eminem, Xzibit",2001,usuk-rap,https://music.youtube.com/watch?v=-Ubyt7iWJ8Q,https://i.ytimg.com/vi/-Ubyt7iWJ8Q/maxresdefault.jpg,Eminem/2001/What's The Difference.mp3
Eminem - My Name Is (Official Music Video),Eminem,EminemMusic,Single,usuk-rap,https://music.youtube.com/watch?v=sNPnbI1arSE,https://i.ytimg.com/vi/sNPnbI1arSE/maxresdefault.jpg,Eminem/Single/Eminem - My Name Is (Official Music Video).mp3
Logic - Homicide ft. Eminem (Official Video),Eminem,Logic,Single,usuk-rap,https://music.youtube.com/watch?v=eQkSArQxYJg,https://i.ytimg.com/vi/eQkSArQxYJg/maxresdefault.jpg,Eminem/Single/Logic - Homicide ft. Eminem (Official Video).mp3
Eminem - We Made You (Official Music Video),Eminem,EminemMusic,Single,usuk-rap,https://music.youtube.com/watch?v=RSdKmX2BH7o,https://i.ytimg.com/vi/RSdKmX2BH7o/maxresdefault.jpg,Eminem/Single/Eminem - We Made You (Official Music Video).mp3
Bad Meets Evil - Lighters ft. Bruno Mars,Eminem,BadMeetsEvilVEVO,Single,usuk-rap,https://music.youtube.com/watch?v=YWt4wmZ_EMI,https://i.ytimg.com/vi/YWt4wmZ_EMI/maxresdefault.jpg,Eminem/Single/Bad Meets Evil - Lighters ft. Bruno Mars.mp3
Eminem - Superman (Clean Version) ft. Dina Rae,Eminem,EminemMusic,Single,usuk-rap,https://music.youtube.com/watch?v=8kYkciD9VjU,https://i.ytimg.com/vi/8kYkciD9VjU/maxresdefault.jpg,Eminem/Single/Eminem - Superman (Clean Version) ft. Dina Rae.mp3
Eminem - The Way I Am (Clean Version),Eminem,EminemMusic,Single,usuk-rap,https://music.youtube.com/watch?v=mQvteoFiMlg,https://i.ytimg.com/vi/mQvteoFiMlg/maxresdefault.jpg,Eminem/Single/Eminem - The Way I Am (Clean Version).mp3
Eminem - Doomsday 2 (Official Music Video),Eminem,Lyrical Lemonade,Single,usuk-rap,https://music.youtube.com/watch?v=Evut8BfrZ2U,https://i.ytimg.com/vi/Evut8BfrZ2U/maxresdefault.jpg,Eminem/Single/Eminem - Doomsday 2 (Official Music Video).mp3
Business,Eminem,Eminem,The Eminem Show,usuk-rap,https://music.youtube.com/watch?v=P05bTId-92A,https://i.ytimg.com/vi/P05bTId-92A/maxresdefault.jpg,Eminem/The Eminem Show/Business.mp3
Eminem - Higher (Official Video) Explicit,Eminem,EminemMusic,Single,usuk-rap,https://music.youtube.com/watch?v=jfobiCq0YUc,https://i.ytimg.com/vi/jfobiCq0YUc/sddefault.jpg?sqp=-oaymwEmCIAFEOAD8quKqQMa8AEB-AHUBoAC4AOKAgwIABABGGUgZShlMA8=&rs=AOn4CLDN8wFJQkFqNhiPf1Gr7KA_6LVaNg,Eminem/Single/Eminem - Higher (Official Video) Explicit.mp3
"Juice WRLD, Eminem & benny blanco - Lace It (Official Audio)",Eminem,Juice WRLD,Single,usuk-rap,https://music.youtube.com/watch?v=T4CY4wVqhPU,https://i.ytimg.com/vi/T4CY4wVqhPU/maxresdefault.jpg,"Eminem/Single/Juice WRLD, Eminem & benny blanco - Lace It (Official Audio).mp3"
"Eminem, Dr. Dre, & 50 Cent - Crack A Bottle (Official Music Video)",Eminem,EminemMusic,Single,usuk-rap,https://music.youtube.com/watch?v=_wN3wl473M0,https://i.ytimg.com/vi/_wN3wl473M0/maxresdefault.jpg,"Eminem/Single/Eminem, Dr. Dre, & 50 Cent - Crack A Bottle (Official Music Video).mp3"
Hello Operator / 'Till I Collapse (Live),Eminem,"Jack White, Eminem",Live at Ford Field,usuk-rap,https://music.youtube.com/watch?v=U1rMBxWFDH8,https://i.ytimg.com/vi/U1rMBxWFDH8/maxresdefault.jpg,Eminem/Live at Ford Field/Hello Operator _ 'Till I Collapse (Live).mp3
Renegade,Eminem,"JAŸ-Z, Eminem",The Blueprint Collector's Edition,usuk-rap,https://music.youtube.com/watch?v=4J7tJjjZGbE,https://i.ytimg.com/vi/4J7tJjjZGbE/maxresdefault.jpg,Eminem/The Blueprint Collector's Edition/Renegade.mp3
Drake - God's Plan,Drake,Drake,Single,usuk-rap,https://music.youtube.com/watch?v=xpVfcZ0ZcFM,https://i.ytimg.com/vi/xpVfcZ0ZcFM/maxresdefault.jpg,Drake/Single/Drake - God's Plan.mp3
Which One,Drake,"Drake, Central Cee",Which One,usuk-rap,https://music.youtube.com/watch?v=9-dEHfSCZUQ,https://i.ytimg.com/vi/9-dEHfSCZUQ/maxresdefault.jpg,Drake/Which One/Which One.mp3
Cheetah Print,Drake,"Drake, Sexyy Red",MAID OF HONOUR,usuk-rap,https://music.youtube.com/watch?v=KtXb1jdVz8k,https://i.ytimg.com/vi/KtXb1jdVz8k/maxresdefault.jpg,Drake/MAID OF HONOUR/Cheetah Print.mp3
Drake - Laugh Now Cry Later (Official Music Video) ft. Lil Durk,Drake,Drake,Single,usuk-rap,https://music.youtube.com/watch?v=JFm7YDVlqnI,https://i.ytimg.com/vi/JFm7YDVlqnI/maxresdefault.jpg,Drake/Single/Drake - Laugh Now Cry Later (Official Music Video) ft. Lil Durk.mp3
Future - Life Is Good (Official Music Video) ft. Drake,Drake,Future,Single,usuk-rap,https://music.youtube.com/watch?v=l0U7SxXHkPY,https://i.ytimg.com/vi/l0U7SxXHkPY/maxresdefault.jpg,Drake/Single/Future - Life Is Good (Official Music Video) ft. Drake.mp3
DRAKE - FAMILY MATTERS,Drake,Drake,Single,usuk-rap,https://music.youtube.com/watch?v=ZkXG3ZrXlbc,https://i.ytimg.com/vi/ZkXG3ZrXlbc/maxresdefault.jpg,Drake/Single/DRAKE - FAMILY MATTERS.mp3
Drake - NOKIA (Official Music Video),Drake,Drake,Single,usuk-rap,https://music.youtube.com/watch?v=8ekJMC8OtGU,https://i.ytimg.com/vi/8ekJMC8OtGU/maxresdefault.jpg,Drake/Single/Drake - NOKIA (Official Music Video).mp3
DRAKE - WHAT DID I MISS,Drake,Drake,Single,usuk-rap,https://music.youtube.com/watch?v=weU76DGHKU0,https://i.ytimg.com/vi/weU76DGHKU0/maxresdefault.jpg,Drake/Single/DRAKE - WHAT DID I MISS.mp3
Drake - Nonstop,Drake,Drake,Single,usuk-rap,https://music.youtube.com/watch?v=lJTRVX9R5EA,https://i.ytimg.com/vi/lJTRVX9R5EA/maxresdefault.jpg,Drake/Single/Drake - Nonstop.mp3
Drake and 21 Savage - Rich Flex Her Loss Recap,Drake,Drake,Single,usuk-rap,https://music.youtube.com/watch?v=PrSBuEFdRFU,https://i.ytimg.com/vi/PrSBuEFdRFU/maxresdefault.jpg,Drake/Single/Drake and 21 Savage - Rich Flex Her Loss Recap.mp3
Drake - First Person Shooter ft. J. Cole,Drake,Drake,Single,usuk-rap,https://music.youtube.com/watch?v=Xty2gi5cMa8,https://i.ytimg.com/vi/Xty2gi5cMa8/maxresdefault.jpg,Drake/Single/Drake - First Person Shooter ft. J. Cole.mp3
Push Ups,Drake,Drake,Push Ups,usuk-rap,https://music.youtube.com/watch?v=HKH9p19PRLA,https://i.ytimg.com/vi/HKH9p19PRLA/maxresdefault.jpg,Drake/Push Ups/Push Ups.mp3
PARTYNEXTDOOR & DRAKE - GIMME A HUG (Official Lyric Video),Drake,Drake,Single,usuk-rap,https://music.youtube.com/watch?v=Ga8vFYYC9cY,https://i.ytimg.com/vi/Ga8vFYYC9cY/maxresdefault.jpg,Drake/Single/PARTYNEXTDOOR & DRAKE - GIMME A HUG (Official Lyric Video).mp3
Drake - IDGAF (Audio) ft. Yeat,Drake,Drake,Single,usuk-rap,https://music.youtube.com/watch?v=fCRCLsJQWUQ,https://i.ytimg.com/vi/fCRCLsJQWUQ/maxresdefault.jpg,Drake/Single/Drake - IDGAF (Audio) ft. Yeat.mp3
"Drake, Future, Molly Santana - Ran To Atlanta",Drake,Drake,Single,usuk-rap,https://music.youtube.com/watch?v=ipOSrQNrp1U,https://i.ytimg.com/vi/ipOSrQNrp1U/maxresdefault.jpg,"Drake/Single/Drake, Future, Molly Santana - Ran To Atlanta.mp3"
BAD BUNNY x DRAKE - MÍA (Video Oficial),Drake,Bad Bunny,Single,usuk-rap,https://music.youtube.com/watch?v=OSUxrSe5GbI,https://i.ytimg.com/vi/OSUxrSe5GbI/maxresdefault.jpg,Drake/Single/BAD BUNNY x DRAKE - MÍA (Video Oficial).mp3
Drake - Hotline Bling,Drake,Drake,Single,usuk-rap,https://music.youtube.com/watch?v=uxpDa-c-4Mc,https://i.ytimg.com/vi/uxpDa-c-4Mc/maxresdefault.jpg,Drake/Single/Drake - Hotline Bling.mp3
Rihanna - Work (Explicit) ft. Drake,Drake,Rihanna,Single,usuk-rap,https://music.youtube.com/watch?v=HL1UzIK-flA,https://i.ytimg.com/vi/HL1UzIK-flA/maxresdefault.jpg,Drake/Single/Rihanna - Work (Explicit) ft. Drake.mp3
Drake - 2 Hard 4 The Radio,Drake,Drake,Single,usuk-rap,https://music.youtube.com/watch?v=ESRCdJHbvnU,https://i.ytimg.com/vi/ESRCdJHbvnU/maxresdefault.jpg,Drake/Single/Drake - 2 Hard 4 The Radio.mp3
"Drake, 21 Savage - B’s On The Table",Drake,Drake,Single,usuk-rap,https://music.youtube.com/watch?v=Z8wKeg_nRVI,https://i.ytimg.com/vi/Z8wKeg_nRVI/maxresdefault.jpg,"Drake/Single/Drake, 21 Savage - B’s On The Table.mp3"
DJ Khaled ft. Drake - POPSTAR (Official Music Video - Starring Justin Bieber),Drake,DJ Khaled,Single,usuk-rap,https://music.youtube.com/watch?v=3CxtK7-XtE0,https://i.ytimg.com/vi/3CxtK7-XtE0/maxresdefault.jpg,Drake/Single/DJ Khaled ft. Drake - POPSTAR (Official Music Video - Starring Justin Bieber).mp3
Drake - Nice For What,Drake,Drake,Single,usuk-rap,https://music.youtube.com/watch?v=U9BwWKXjVaI,https://i.ytimg.com/vi/U9BwWKXjVaI/maxresdefault.jpg,Drake/Single/Drake - Nice For What.mp3
New Bestie,Drake,Drake,MAID OF HONOUR,usuk-rap,https://music.youtube.com/watch?v=nuuy5XKhl0A,https://i.ytimg.com/vi/nuuy5XKhl0A/maxresdefault.jpg,Drake/MAID OF HONOUR/New Bestie.mp3
Drake - Started From the Bottom,Drake,Drake,Single,usuk-rap,https://music.youtube.com/watch?v=RubBzkZzpUA,https://i.ytimg.com/vi/RubBzkZzpUA/maxresdefault.jpg,Drake/Single/Drake - Started From the Bottom.mp3
Passionfruit,Drake,Drake,More Life,usuk-rap,https://music.youtube.com/watch?v=COz9lDCFHjw,https://i.ytimg.com/vi/COz9lDCFHjw/maxresdefault.jpg,Drake/More Life/Passionfruit.mp3
Drake - In My Feelings,Drake,Drake,Single,usuk-rap,https://music.youtube.com/watch?v=DRS_PpOrUZ4,https://i.ytimg.com/vi/DRS_PpOrUZ4/maxresdefault.jpg,Drake/Single/Drake - In My Feelings.mp3
Drake - Take Care ft. Rihanna,Drake,Drake,Single,usuk-rap,https://music.youtube.com/watch?v=-zzP29emgpg,https://i.ytimg.com/vi/-zzP29emgpg/maxresdefault.jpg,Drake/Single/Drake - Take Care ft. Rihanna.mp3
Drake - Energy,Drake,Drake,Single,usuk-rap,https://music.youtube.com/watch?v=7LnBvuzjpr4,https://i.ytimg.com/vi/7LnBvuzjpr4/maxresdefault.jpg,Drake/Single/Drake - Energy.mp3
Drake - Jimmy Cooks (Audio) ft. 21 Savage,Drake,Drake,Single,usuk-rap,https://music.youtube.com/watch?v=V7UgPHjN9qE,https://i.ytimg.com/vi/V7UgPHjN9qE/maxresdefault.jpg,Drake/Single/Drake - Jimmy Cooks (Audio) ft. 21 Savage.mp3
Drake - Fair Trade (Audio) ft. Travis Scott,Drake,Drake,Single,usuk-rap,https://music.youtube.com/watch?v=THVbtGqEO1o,https://i.ytimg.com/vi/THVbtGqEO1o/maxresdefault.jpg,Drake/Single/Drake - Fair Trade (Audio) ft. Travis Scott.mp3
Marvins Room,Drake,Drake,Take Care,usuk-rap,https://music.youtube.com/watch?v=JDb3ZZD4bA0,https://i.ytimg.com/vi/JDb3ZZD4bA0/maxresdefault.jpg,Drake/Take Care/Marvins Room.mp3
"Rick Ross - Aston Martin Music ft. Drake, Chrisette Michele",Drake,Rick Ro$$,Single,usuk-rap,https://music.youtube.com/watch?v=a35rNEBNiO4,https://i.ytimg.com/vi/a35rNEBNiO4/maxresdefault.jpg,"Drake/Single/Rick Ross - Aston Martin Music ft. Drake, Chrisette Michele.mp3"
"Drake - Knife Talk (Official Video) ft. 21 Savage, Project Pat",Drake,Drake,Single,usuk-rap,https://music.youtube.com/watch?v=XqpQpt_cmhE,https://i.ytimg.com/vi/XqpQpt_cmhE/maxresdefault.jpg,"Drake/Single/Drake - Knife Talk (Official Video) ft. 21 Savage, Project Pat.mp3"
"Big Sean - Blessings ft. Drake, Kanye West",Drake,Big Sean,Single,usuk-rap,https://music.youtube.com/watch?v=M6t47RI4bns,https://i.ytimg.com/vi/M6t47RI4bns/maxresdefault.jpg,"Drake/Single/Big Sean - Blessings ft. Drake, Kanye West.mp3"
"Drake, Kanye West, Lil Wayne, Eminem - Forever (Explicit Version) (Official Music Video)",Drake,Drake,Single,usuk-rap,https://music.youtube.com/watch?v=eDuRoPIOBjE,https://i.ytimg.com/vi/eDuRoPIOBjE/maxresdefault.jpg,"Drake/Single/Drake, Kanye West, Lil Wayne, Eminem - Forever (Explicit Version) (Official Music Video).mp3"
Wants and Needs,Drake,"Drake, Lil Baby",Scary Hours 2,usuk-rap,https://music.youtube.com/watch?v=U6k5dIhB6AM,https://i.ytimg.com/vi/U6k5dIhB6AM/maxresdefault.jpg,Drake/Scary Hours 2/Wants and Needs.mp3
Toosie Slide,Drake,Drake,Toosie Slide,usuk-rap,https://music.youtube.com/watch?v=eqMj9DTQcAQ,https://i.ytimg.com/vi/eqMj9DTQcAQ/maxresdefault.jpg,Drake/Toosie Slide/Toosie Slide.mp3
Drake ft. Future and Young Thug - Way 2 Sexy (Official Video),Drake,Drake,Single,usuk-rap,https://music.youtube.com/watch?v=vX9msKu75qs,https://i.ytimg.com/vi/vX9msKu75qs/maxresdefault.jpg,Drake/Single/Drake ft. Future and Young Thug - Way 2 Sexy (Official Video).mp3
Drake - Headlines (Explicit),Drake,Drake,Single,usuk-rap,https://music.youtube.com/watch?v=cimoNqiulUE,https://i.ytimg.com/vi/cimoNqiulUE/maxresdefault.jpg,Drake/Single/Drake - Headlines (Explicit).mp3
"Drake, 21 Savage - Spin Bout U",Drake,Drake,Single,usuk-rap,https://music.youtube.com/watch?v=T8nbNQpRwNo,https://i.ytimg.com/vi/T8nbNQpRwNo/maxresdefault.jpg,"Drake/Single/Drake, 21 Savage - Spin Bout U.mp3"
Drake - Search & Rescue (Official Visualizer),Drake,Drake,Single,usuk-rap,https://music.youtube.com/watch?v=ntp9_iznQ-0,https://i.ytimg.com/vi/ntp9_iznQ-0/maxresdefault.jpg,Drake/Single/Drake - Search & Rescue (Official Visualizer).mp3
Drake - Girls Want Girls (Audio) ft. Lil Baby,Drake,Drake,Single,usuk-rap,https://music.youtube.com/watch?v=b8M6N0FTpNc,https://i.ytimg.com/vi/b8M6N0FTpNc/maxresdefault.jpg,Drake/Single/Drake - Girls Want Girls (Audio) ft. Lil Baby.mp3
"Drake - Hold On, We’re Going Home ft. Majid Jordan",Drake,Drake,Single,usuk-rap,https://music.youtube.com/watch?v=GxgqpCdOKak,https://i.ytimg.com/vi/GxgqpCdOKak/maxresdefault.jpg,"Drake/Single/Drake - Hold On, We’re Going Home ft. Majid Jordan.mp3"
"Drake ft. Sexyy Red & SZA - Rich Baby Daddy (Official Music Video) ft. Sexyy Red, SZA",Drake,Drake,Single,usuk-rap,https://music.youtube.com/watch?v=UcsSdIXHCWM,https://i.ytimg.com/vi/UcsSdIXHCWM/maxresdefault.jpg,"Drake/Single/Drake ft. Sexyy Red & SZA - Rich Baby Daddy (Official Music Video) ft. Sexyy Red, SZA.mp3"
DJ Khaled ft. Drake - GREECE (Official Visualizer),Drake,DJ Khaled,Single,usuk-rap,https://music.youtube.com/watch?v=NMlBB2pK5qo,https://i.ytimg.com/vi/NMlBB2pK5qo/maxresdefault.jpg,Drake/Single/DJ Khaled ft. Drake - GREECE (Official Visualizer).mp3
Do Not Disturb,Drake,Drake,More Life,usuk-rap,https://music.youtube.com/watch?v=zhY_0DoQCQs,https://i.ytimg.com/vi/zhY_0DoQCQs/maxresdefault.jpg,Drake/More Life/Do Not Disturb.mp3
Drake - When To Say When & Chicago Freestyle,Drake,Drake,Single,usuk-rap,https://music.youtube.com/watch?v=0jz0GAFNNIo,https://i.ytimg.com/vi/0jz0GAFNNIo/maxresdefault.jpg,Drake/Single/Drake - When To Say When & Chicago Freestyle.mp3
Best I Ever Had,Drake,Drake,So Far Gone,usuk-rap,https://music.youtube.com/watch?v=Zfp3KfYH0xA,https://i.ytimg.com/vi/Zfp3KfYH0xA/maxresdefault.jpg,Drake/So Far Gone/Best I Ever Had.mp3
Drake - Sticky (Official Music Video),Drake,Drake,Single,usuk-rap,https://music.youtube.com/watch?v=AnZcWgXZOKM,https://i.ytimg.com/vi/AnZcWgXZOKM/maxresdefault.jpg,Drake/Single/Drake - Sticky (Official Music Video).mp3
Drake - Jumbotron Shit Poppin,Drake,Drake,Single,usuk-rap,https://music.youtube.com/watch?v=Iu9xmEaHwpU,https://i.ytimg.com/vi/Iu9xmEaHwpU/maxresdefault.jpg,Drake/Single/Drake - Jumbotron Shit Poppin.mp3
Drake - War,Drake,Drake,Single,usuk-rap,https://music.youtube.com/watch?v=lIlMtVGI5Pg,https://i.ytimg.com/vi/lIlMtVGI5Pg/maxresdefault.jpg,Drake/Single/Drake - War.mp3
Teenage Fever,Drake,Drake,More Life,usuk-rap,https://music.youtube.com/watch?v=Uc57OKGTDXk,https://i.ytimg.com/vi/Uc57OKGTDXk/maxresdefault.jpg,Drake/More Life/Teenage Fever.mp3
Drake - Virginia Beach (Audio),Drake,Drake,Single,usuk-rap,https://music.youtube.com/watch?v=k20wnICXpps,https://i.ytimg.com/vi/k20wnICXpps/maxresdefault.jpg,Drake/Single/Drake - Virginia Beach (Audio).mp3
Lil Wayne - She Will (Visualizer) ft. Drake,Drake,Lil Wayne,Single,usuk-rap,https://music.youtube.com/watch?v=Fw3H8R5hHEY,https://i.ytimg.com/vi/Fw3H8R5hHEY/maxresdefault.jpg,Drake/Single/Lil Wayne - She Will (Visualizer) ft. Drake.mp3
Drake - Massive,Drake,Drake,Single,usuk-rap,https://music.youtube.com/watch?v=ay1l_u6vltY,https://i.ytimg.com/vi/ay1l_u6vltY/maxresdefault.jpg,Drake/Single/Drake - Massive.mp3
Drake - What's Next (Official Music Video),Drake,Drake,Single,usuk-rap,https://music.youtube.com/watch?v=7EUVJaKJtBY,https://i.ytimg.com/vi/7EUVJaKJtBY/maxresdefault.jpg,Drake/Single/Drake - What's Next (Official Music Video).mp3
Circadian Rhythm,Drake,Drake,100 GIGS,usuk-rap,https://music.youtube.com/watch?v=_zq1Squ-Uqs,https://i.ytimg.com/vi/_zq1Squ-Uqs/maxresdefault.jpg,Drake/100 GIGS/Circadian Rhythm.mp3
0 To 100 / The Catch Up,Drake,Drake,0 To 100 / The Catch Up,usuk-rap,https://music.youtube.com/watch?v=s0PZYWA4LoM,https://i.ytimg.com/vi/s0PZYWA4LoM/maxresdefault.jpg,Drake/0 To 100 _ The Catch Up/0 To 100 _ The Catch Up.mp3
No Face,Drake,Drake,No Face,usuk-rap,https://music.youtube.com/watch?v=bdg3Zxb9r4g,https://i.ytimg.com/vi/bdg3Zxb9r4g/maxresdefault.jpg,Drake/No Face/No Face.mp3
"Drake - The Motto (Explicit) ft. Lil Wayne, Tyga",Drake,Drake,Single,usuk-rap,https://music.youtube.com/watch?v=BYDKK95cpfM,https://i.ytimg.com/vi/BYDKK95cpfM/maxresdefault.jpg,"Drake/Single/Drake - The Motto (Explicit) ft. Lil Wayne, Tyga.mp3"
It’s Up,Drake,"Drake, Young Thug, 21 Savage",100 GIGS,usuk-rap,https://music.youtube.com/watch?v=ufCoLHEvsmk,https://i.ytimg.com/vi/ufCoLHEvsmk/maxresdefault.jpg,Drake/100 GIGS/It’s Up.mp3
Crew Love,Drake,"Drake, The Weeknd",Take Care,usuk-rap,https://music.youtube.com/watch?v=WL-3zvnUomk,https://i.ytimg.com/vi/WL-3zvnUomk/maxresdefault.jpg,Drake/Take Care/Crew Love.mp3
Drake - HYFR (Hell Ya Fucking Right) (Explicit) ft. Lil Wayne,Drake,Drake,Single,usuk-rap,https://music.youtube.com/watch?v=0KCWqnldEag,https://i.ytimg.com/vi/0KCWqnldEag/maxresdefault.jpg,Drake/Single/Drake - HYFR (Hell Ya Fucking Right) (Explicit) ft. Lil Wayne.mp3
Rick Ross - Gold Roses (Official Audio) ft. Drake,Drake,Rick Ro$$,Single,usuk-rap,https://music.youtube.com/watch?v=-HmtzK0VDio,https://i.ytimg.com/vi/-HmtzK0VDio/maxresdefault.jpg,Drake/Single/Rick Ross - Gold Roses (Official Audio) ft. Drake.mp3
Drake - Money In The Grave (Music Video) ft. Rick Ross,Drake,Popular Songs,Single,usuk-rap,https://music.youtube.com/watch?v=_xaininqyEE,https://i.ytimg.com/vi/_xaininqyEE/maxresdefault.jpg,Drake/Single/Drake - Money In The Grave (Music Video) ft. Rick Ross.mp3
J Hus - Who Told You (Official Audio) ft. Drake,Drake,J Hus,Single,usuk-rap,https://music.youtube.com/watch?v=FlJQudt_OtU,https://i.ytimg.com/vi/FlJQudt_OtU/maxresdefault.jpg,Drake/Single/J Hus - Who Told You (Official Audio) ft. Drake.mp3
DOG HOUSE,Drake,"Drake, Julia Wolf, Yeat",DOG HOUSE,usuk-rap,https://music.youtube.com/watch?v=NESMSBcqfVI,https://i.ytimg.com/vi/NESMSBcqfVI/maxresdefault.jpg,Drake/DOG HOUSE/DOG HOUSE.mp3
Make Me Proud,Drake,"Drake, Nicki Minaj",Take Care,usuk-rap,https://music.youtube.com/watch?v=vtEL0uKO4tA,https://i.ytimg.com/vi/vtEL0uKO4tA/maxresdefault.jpg,Drake/Take Care/Make Me Proud.mp3
Drake - No Friends In The Industry,Drake,Drake,Single,usuk-rap,https://music.youtube.com/watch?v=_dSN9EaQotw,https://i.ytimg.com/vi/_dSN9EaQotw/maxresdefault.jpg,Drake/Single/Drake - No Friends In The Industry.mp3
Uptown,Drake,"Drake, Bun B, Lil Wayne",So Far Gone,usuk-rap,https://music.youtube.com/watch?v=f0Gx2VTCnr4,https://i.ytimg.com/vi/f0Gx2VTCnr4/maxresdefault.jpg,Drake/So Far Gone/Uptown.mp3
"DJ Khaled - No New Friends (Explicit) ft. Drake, Rick Ross, Lil Wayne",Drake,DJ Khaled,Single,usuk-rap,https://music.youtube.com/watch?v=E2Lw9YWLVts,https://i.ytimg.com/vi/E2Lw9YWLVts/maxresdefault.jpg,"Drake/Single/DJ Khaled - No New Friends (Explicit) ft. Drake, Rick Ross, Lil Wayne.mp3"
Drake - 8am in Charlotte,Drake,Drake,Single,usuk-rap,https://music.youtube.com/watch?v=VEW9E1EIQ1M,https://i.ytimg.com/vi/VEW9E1EIQ1M/maxresdefault.jpg,Drake/Single/Drake - 8am in Charlotte.mp3
Get It Together,Drake,"Drake, Black Coffee, Jorja Smith",More Life,usuk-rap,https://music.youtube.com/watch?v=CzmiPn1BJms,https://i.ytimg.com/vi/CzmiPn1BJms/maxresdefault.jpg,Drake/More Life/Get It Together.mp3
Drake - 5AM In Toronto (Official Video),Drake,Drake,Single,usuk-rap,https://music.youtube.com/watch?v=3t195yz9xCc,https://i.ytimg.com/vi/3t195yz9xCc/sddefault.jpg,Drake/Single/Drake - 5AM In Toronto (Official Video).mp3
"Drake, 21 Savage - Major Distribution (Audio)",Drake,Drake,Single,usuk-rap,https://music.youtube.com/watch?v=LfPYX03_4rA,https://i.ytimg.com/vi/LfPYX03_4rA/maxresdefault.jpg,"Drake/Single/Drake, 21 Savage - Major Distribution (Audio).mp3"
Blem,Drake,Drake,More Life,usuk-rap,https://music.youtube.com/watch?v=0GIWWFdOw_0,https://i.ytimg.com/vi/0GIWWFdOw_0/maxresdefault.jpg,Drake/More Life/Blem.mp3
Too Much,Drake,"Drake, Sampha",Nothing Was The Same,usuk-rap,https://music.youtube.com/watch?v=kS8E9O4yF9U,https://i.ytimg.com/vi/kS8E9O4yF9U/maxresdefault.jpg,Drake/Nothing Was The Same/Too Much.mp3
Drake - Calling For You (Audio) ft. 21 Savage,Drake,Drake,Single,usuk-rap,https://music.youtube.com/watch?v=Z06HSkhGuK4,https://i.ytimg.com/vi/Z06HSkhGuK4/maxresdefault.jpg,Drake/Single/Drake - Calling For You (Audio) ft. 21 Savage.mp3
"Drake ""Slime You Out"" ft. SZA (Lyric Video)",Drake,Drake,Single,usuk-rap,https://music.youtube.com/watch?v=s0WIUpETeok,https://i.ytimg.com/vi/s0WIUpETeok/maxresdefault.jpg,Drake/Single/Drake Slime You Out ft. SZA (Lyric Video).mp3
KMT,Drake,"Drake, Giggs",More Life,usuk-rap,https://music.youtube.com/watch?v=DaR957nAyUc,https://i.ytimg.com/vi/DaR957nAyUc/maxresdefault.jpg,Drake/More Life/KMT.mp3
Blue Tint,Drake,Drake,Scorpion,usuk-rap,https://music.youtube.com/watch?v=CYDVqc_PwsM,https://i.ytimg.com/vi/CYDVqc_PwsM/maxresdefault.jpg,Drake/Scorpion/Blue Tint.mp3
Housekeeping Knows,Drake,"Drake, Latto",100 GIGS,usuk-rap,https://music.youtube.com/watch?v=LvBZI0Qw_YA,https://i.ytimg.com/vi/LvBZI0Qw_YA/maxresdefault.jpg,Drake/100 GIGS/Housekeeping Knows.mp3
Drake & Central Cee - On The Radar Freestyle (Lyric Video),Drake,OVO Sound,Single,usuk-rap,https://music.youtube.com/watch?v=8M8SkFGKevs,https://i.ytimg.com/vi/8M8SkFGKevs/maxresdefault.jpg,Drake/Single/Drake & Central Cee - On The Radar Freestyle (Lyric Video).mp3
All Me,Drake,"Drake, 2 Chainz, Big Sean",Nothing Was The Same,usuk-rap,https://music.youtube.com/watch?v=15pXs8puB8Y,https://i.ytimg.com/vi/15pXs8puB8Y/maxresdefault.jpg,Drake/Nothing Was The Same/All Me.mp3
"All The Stars (From ""Black Panther: The Album"")",Kendrick Lamar,"Kendrick Lamar, SZA",All The Stars,usuk-rap,https://music.youtube.com/watch?v=9jdLnFYQh4s,https://i.ytimg.com/vi/9jdLnFYQh4s/maxresdefault.jpg,Kendrick Lamar/All The Stars/All The Stars (From Black Panther_ The Album).mp3
Not Like Us,Kendrick Lamar,Kendrick Lamar,Not Like Us,usuk-rap,https://music.youtube.com/watch?v=phLb_SoPBlA,https://i.ytimg.com/vi/phLb_SoPBlA/maxresdefault.jpg,Kendrick Lamar/Not Like Us/Not Like Us.mp3
Money Trees,Kendrick Lamar,"Kendrick Lamar, Jay Rock","good kid, m.A.A.d city",usuk-rap,https://music.youtube.com/watch?v=Iy-dJwHVX84,https://i.ytimg.com/vi/Iy-dJwHVX84/maxresdefault.jpg,"Kendrick Lamar/good kid, m.A.A.d city/Money Trees.mp3"
HUMBLE.,Kendrick Lamar,Kendrick Lamar,DAMN. COLLECTORS EDITION.,usuk-rap,https://music.youtube.com/watch?v=H4RELGc9su8,https://i.ytimg.com/vi/H4RELGc9su8/maxresdefault.jpg,Kendrick Lamar/DAMN. COLLECTORS EDITION./HUMBLE..mp3
luther,Kendrick Lamar,"Kendrick Lamar, SZA",GNX,usuk-rap,https://music.youtube.com/watch?v=XVveECQmiAk,https://i.ytimg.com/vi/XVveECQmiAk/maxresdefault.jpg,Kendrick Lamar/GNX/luther.mp3
tv off,Kendrick Lamar,"Kendrick Lamar, Lefty Gunplay",GNX,usuk-rap,https://music.youtube.com/watch?v=Rh3bJKkEhk8,https://i.ytimg.com/vi/Rh3bJKkEhk8/maxresdefault.jpg,Kendrick Lamar/GNX/tv off.mp3
Swimming Pools (Drank),Kendrick Lamar,Kendrick Lamar,Swimming Pools (Drank),usuk-rap,https://music.youtube.com/watch?v=T_OWvLDIyno,https://i.ytimg.com/vi/T_OWvLDIyno/maxresdefault.jpg,Kendrick Lamar/Swimming Pools (Drank)/Swimming Pools (Drank).mp3
LOVE.,Kendrick Lamar,"Kendrick Lamar, Zacari",DAMN. COLLECTORS EDITION.,usuk-rap,https://music.youtube.com/watch?v=XKkV2j9DbIQ,https://i.ytimg.com/vi/XKkV2j9DbIQ/maxresdefault.jpg,Kendrick Lamar/DAMN. COLLECTORS EDITION./LOVE..mp3
"Bitch, Don’t Kill My Vibe",Kendrick Lamar,Kendrick Lamar,"good kid, m.A.A.d city",usuk-rap,https://music.youtube.com/watch?v=hDgPW4kIdUI,https://i.ytimg.com/vi/hDgPW4kIdUI/maxresdefault.jpg,"Kendrick Lamar/good kid, m.A.A.d city/Bitch, Don’t Kill My Vibe.mp3"
squabble up,Kendrick Lamar,Kendrick Lamar,GNX,usuk-rap,https://music.youtube.com/watch?v=U0KTVVMvcc4,https://i.ytimg.com/vi/U0KTVVMvcc4/maxresdefault.jpg,Kendrick Lamar/GNX/squabble up.mp3
PRIDE.,Kendrick Lamar,Kendrick Lamar,DAMN. COLLECTORS EDITION.,usuk-rap,https://music.youtube.com/watch?v=J87pJrxvJ5E,https://i.ytimg.com/vi/J87pJrxvJ5E/maxresdefault.jpg,Kendrick Lamar/DAMN. COLLECTORS EDITION./PRIDE..mp3
Pray For Me,Kendrick Lamar,"The Weeknd, Kendrick Lamar",Pray For Me,usuk-rap,https://music.youtube.com/watch?v=FL-0pJsDz7k,https://i.ytimg.com/vi/FL-0pJsDz7k/maxresdefault.jpg,Kendrick Lamar/Pray For Me/Pray For Me.mp3
DNA.,Kendrick Lamar,Kendrick Lamar,DAMN. COLLECTORS EDITION.,usuk-rap,https://music.youtube.com/watch?v=Fb3j_yuFh1s,https://i.ytimg.com/vi/Fb3j_yuFh1s/maxresdefault.jpg,Kendrick Lamar/DAMN. COLLECTORS EDITION./DNA..mp3
family ties,Kendrick Lamar,"Baby Keem, Kendrick Lamar",The Melodic Blue,usuk-rap,https://music.youtube.com/watch?v=YqAt8-QiBcI,https://i.ytimg.com/vi/YqAt8-QiBcI/maxresdefault.jpg,Kendrick Lamar/The Melodic Blue/family ties.mp3
peekaboo,Kendrick Lamar,"Kendrick Lamar, AzChike",GNX,usuk-rap,https://music.youtube.com/watch?v=dJOtB4lZzMc,https://i.ytimg.com/vi/dJOtB4lZzMc/maxresdefault.jpg,Kendrick Lamar/GNX/peekaboo.mp3
euphoria,Kendrick Lamar,Kendrick Lamar,euphoria,usuk-rap,https://music.youtube.com/watch?v=fAqa1ozCuj8,https://i.ytimg.com/vi/fAqa1ozCuj8/maxresdefault.jpg,Kendrick Lamar/euphoria/euphoria.mp3
Alright,Kendrick Lamar,Kendrick Lamar,To Pimp A Butterfly,usuk-rap,https://music.youtube.com/watch?v=67vr-3kpX3Q,https://i.ytimg.com/vi/67vr-3kpX3Q/maxresdefault.jpg,Kendrick Lamar/To Pimp A Butterfly/Alright.mp3
Count Me Out,Kendrick Lamar,Kendrick Lamar,Mr. Morale & The Big Steppers,usuk-rap,https://music.youtube.com/watch?v=NXi9scTzyxM,https://i.ytimg.com/vi/NXi9scTzyxM/maxresdefault.jpg,Kendrick Lamar/Mr. Morale & The Big Steppers/Count Me Out.mp3
m.A.A.d city,Kendrick Lamar,"Kendrick Lamar, MC Eiht","good kid, m.A.A.d city",usuk-rap,https://music.youtube.com/watch?v=mprkqDNUQb0,https://i.ytimg.com/vi/mprkqDNUQb0/maxresdefault.jpg,"Kendrick Lamar/good kid, m.A.A.d city/m.A.A.d city.mp3"
LOYALTY.,Kendrick Lamar,"Kendrick Lamar, Rihanna",DAMN. COLLECTORS EDITION.,usuk-rap,https://music.youtube.com/watch?v=ZxGMK9Hb6n8,https://i.ytimg.com/vi/ZxGMK9Hb6n8/maxresdefault.jpg,Kendrick Lamar/DAMN. COLLECTORS EDITION./LOYALTY..mp3
N95,Kendrick Lamar,Kendrick Lamar,Mr. Morale & The Big Steppers,usuk-rap,https://music.youtube.com/watch?v=fhCkGKiP95I,https://i.ytimg.com/vi/fhCkGKiP95I/maxresdefault.jpg,Kendrick Lamar/Mr. Morale & The Big Steppers/N95.mp3
Poetic Justice,Kendrick Lamar,"Kendrick Lamar, Drake","good kid, m.A.A.d city",usuk-rap,https://music.youtube.com/watch?v=TbqmJ5K6iNI,https://i.ytimg.com/vi/TbqmJ5K6iNI/maxresdefault.jpg,"Kendrick Lamar/good kid, m.A.A.d city/Poetic Justice.mp3"
Rich Spirit,Kendrick Lamar,Kendrick Lamar,Mr. Morale & The Big Steppers,usuk-rap,https://music.youtube.com/watch?v=aPjOWYsxLpw,https://i.ytimg.com/vi/aPjOWYsxLpw/maxresdefault.jpg,Kendrick Lamar/Mr. Morale & The Big Steppers/Rich Spirit.mp3
wacced out murals,Kendrick Lamar,Kendrick Lamar,GNX,usuk-rap,https://music.youtube.com/watch?v=O0Id0olaeFw,https://i.ytimg.com/vi/O0Id0olaeFw/maxresdefault.jpg,Kendrick Lamar/GNX/wacced out murals.mp3
United In Grief,Kendrick Lamar,Kendrick Lamar,Mr. Morale & The Big Steppers,usuk-rap,https://music.youtube.com/watch?v=JndNN8pOaIo,https://i.ytimg.com/vi/JndNN8pOaIo/maxresdefault.jpg,Kendrick Lamar/Mr. Morale & The Big Steppers/United In Grief.mp3
meet the grahams,Kendrick Lamar,Kendrick Lamar,meet the grahams,usuk-rap,https://music.youtube.com/watch?v=J_tchksaJCM,https://i.ytimg.com/vi/J_tchksaJCM/maxresdefault.jpg,Kendrick Lamar/meet the grahams/meet the grahams.mp3
Die Hard,Kendrick Lamar,"Kendrick Lamar, Blxst, Amanda Reifer",Mr. Morale & The Big Steppers,usuk-rap,https://music.youtube.com/watch?v=irbyzwoMZ_Q,https://i.ytimg.com/vi/irbyzwoMZ_Q/maxresdefault.jpg,Kendrick Lamar/Mr. Morale & The Big Steppers/Die Hard.mp3
King Kunta,Kendrick Lamar,Kendrick Lamar,To Pimp A Butterfly,usuk-rap,https://music.youtube.com/watch?v=g0NVaX8DRN4,https://i.ytimg.com/vi/g0NVaX8DRN4/maxresdefault.jpg,Kendrick Lamar/To Pimp A Butterfly/King Kunta.mp3
A.D.H.D,Kendrick Lamar,Kendrick Lamar,Section.80,usuk-rap,https://music.youtube.com/watch?v=s4z2CE_21fA,https://i.ytimg.com/vi/s4z2CE_21fA/maxresdefault.jpg,Kendrick Lamar/Section.80/A.D.H.D.mp3
The Recipe (Bonus Track),Kendrick Lamar,"Kendrick Lamar, Dr. Dre","good kid, m.A.A.d city",usuk-rap,https://music.youtube.com/watch?v=dIPh15ZRI_o,https://i.ytimg.com/vi/dIPh15ZRI_o/maxresdefault.jpg,"Kendrick Lamar/good kid, m.A.A.d city/The Recipe (Bonus Track).mp3"
ELEMENT.,Kendrick Lamar,Kendrick Lamar,DAMN. COLLECTORS EDITION.,usuk-rap,https://music.youtube.com/watch?v=SwvzXM-EVrQ,https://i.ytimg.com/vi/SwvzXM-EVrQ/maxresdefault.jpg,Kendrick Lamar/DAMN. COLLECTORS EDITION./ELEMENT..mp3
reincarnated,Kendrick Lamar,Kendrick Lamar,GNX,usuk-rap,https://music.youtube.com/watch?v=rGqcIf-RFt4,https://i.ytimg.com/vi/rGqcIf-RFt4/maxresdefault.jpg,Kendrick Lamar/GNX/reincarnated.mp3
hey now,Kendrick Lamar,"Kendrick Lamar, Dody6",GNX,usuk-rap,https://music.youtube.com/watch?v=ZnG0WdA6wug,https://i.ytimg.com/vi/ZnG0WdA6wug/maxresdefault.jpg,Kendrick Lamar/GNX/hey now.mp3
Backseat Freestyle,Kendrick Lamar,Kendrick Lamar,"good kid, m.A.A.d city",usuk-rap,https://music.youtube.com/watch?v=qDEk9FCON5Q,https://i.ytimg.com/vi/qDEk9FCON5Q/maxresdefault.jpg,"Kendrick Lamar/good kid, m.A.A.d city/Backseat Freestyle.mp3"
heart pt. 6,Kendrick Lamar,Kendrick Lamar,GNX,usuk-rap,https://music.youtube.com/watch?v=HFwqHVxBXao,https://i.ytimg.com/vi/HFwqHVxBXao/maxresdefault.jpg,Kendrick Lamar/GNX/heart pt. 6.mp3
King's Dead,Kendrick Lamar,"Jay Rock, Kendrick Lamar, Future, James Blake",King's Dead,usuk-rap,https://music.youtube.com/watch?v=rNRPgnjZQVo,https://i.ytimg.com/vi/rNRPgnjZQVo/maxresdefault.jpg,Kendrick Lamar/King's Dead/King's Dead.mp3
dodger blue,Kendrick Lamar,"Kendrick Lamar, Wallie the Sensei, Siete7x, Roddy Ricch",GNX,usuk-rap,https://music.youtube.com/watch?v=fpho72p5n2w,https://i.ytimg.com/vi/fpho72p5n2w/maxresdefault.jpg,Kendrick Lamar/GNX/dodger blue.mp3
"Sing About Me, I'm Dying Of Thirst",Kendrick Lamar,Kendrick Lamar,"good kid, m.A.A.d city",usuk-rap,https://music.youtube.com/watch?v=75wmW7xjyog,https://i.ytimg.com/vi/75wmW7xjyog/maxresdefault.jpg,"Kendrick Lamar/good kid, m.A.A.d city/Sing About Me, I'm Dying Of Thirst.mp3"
DUCKWORTH.,Kendrick Lamar,Kendrick Lamar,DAMN. COLLECTORS EDITION.,usuk-rap,https://music.youtube.com/watch?v=Dm-foWGDBF0,https://i.ytimg.com/vi/Dm-foWGDBF0/maxresdefault.jpg,Kendrick Lamar/DAMN. COLLECTORS EDITION./DUCKWORTH..mp3
Chains & Whips,Kendrick Lamar,"Clipse, Kendrick Lamar, Pharrell Williams, Pusha T, Malice",Let God Sort Em Out,usuk-rap,https://music.youtube.com/watch?v=pg_4w8ZXna0,https://i.ytimg.com/vi/pg_4w8ZXna0/maxresdefault.jpg,Kendrick Lamar/Let God Sort Em Out/Chains & Whips.mp3
FEAR.,Kendrick Lamar,Kendrick Lamar,DAMN. COLLECTORS EDITION.,usuk-rap,https://music.youtube.com/watch?v=jdbQYDkNjfk,https://i.ytimg.com/vi/jdbQYDkNjfk/maxresdefault.jpg,Kendrick Lamar/DAMN. COLLECTORS EDITION./FEAR..mp3
man at the garden,Kendrick Lamar,Kendrick Lamar,GNX,usuk-rap,https://music.youtube.com/watch?v=T9Sw9s_VMSI,https://i.ytimg.com/vi/T9Sw9s_VMSI/maxresdefault.jpg,Kendrick Lamar/GNX/man at the garden.mp3
i,Kendrick Lamar,Kendrick Lamar,i,usuk-rap,https://music.youtube.com/watch?v=z5vHSXXZRDo,https://i.ytimg.com/vi/z5vHSXXZRDo/maxresdefault.jpg,Kendrick Lamar/i/i.mp3
GOOD CREDIT,Kendrick Lamar,"Playboi Carti, Kendrick Lamar",MUSIC,usuk-rap,https://music.youtube.com/watch?v=MsTsW8aIcH4,https://i.ytimg.com/vi/MsTsW8aIcH4/maxresdefault.jpg,Kendrick Lamar/MUSIC/GOOD CREDIT.mp3
Wesley's Theory,Kendrick Lamar,"Kendrick Lamar, George Clinton, Thundercat",To Pimp A Butterfly,usuk-rap,https://music.youtube.com/watch?v=l9fN-8NjrvI,https://i.ytimg.com/vi/l9fN-8NjrvI/maxresdefault.jpg,Kendrick Lamar/To Pimp A Butterfly/Wesley's Theory.mp3
XXX.,Kendrick Lamar,"Kendrick Lamar, U2",DAMN. COLLECTORS EDITION.,usuk-rap,https://music.youtube.com/watch?v=TFr4br_GrSc,https://i.ytimg.com/vi/TFr4br_GrSc/maxresdefault.jpg,Kendrick Lamar/DAMN. COLLECTORS EDITION./XXX..mp3
"Bitch, Don’t Kill My Vibe (Remix)",Kendrick Lamar,"Kendrick Lamar, JAŸ-Z","good kid, m.A.A.d city",usuk-rap,https://music.youtube.com/watch?v=q__FOzY_X_U,https://i.ytimg.com/vi/q__FOzY_X_U/maxresdefault.jpg,"Kendrick Lamar/good kid, m.A.A.d city/Bitch, Don’t Kill My Vibe (Remix).mp3"
Father Time,Kendrick Lamar,"Kendrick Lamar, Sampha",Mr. Morale & The Big Steppers,usuk-rap,https://music.youtube.com/watch?v=dW0-daIJT50,https://i.ytimg.com/vi/dW0-daIJT50/maxresdefault.jpg,Kendrick Lamar/Mr. Morale & The Big Steppers/Father Time.mp3
HUMBLE. (SKRILLEX Remix),Kendrick Lamar,"Skrillex, Kendrick Lamar",HUMBLE.,usuk-rap,https://music.youtube.com/watch?v=R9oiV0GS09M,https://i.ytimg.com/vi/R9oiV0GS09M/maxresdefault.jpg,Kendrick Lamar/HUMBLE./HUMBLE. (SKRILLEX Remix).mp3
Rigamortus,Kendrick Lamar,Kendrick Lamar,Section.80,usuk-rap,https://music.youtube.com/watch?v=7hJet9ExK30,https://i.ytimg.com/vi/7hJet9ExK30/maxresdefault.jpg,Kendrick Lamar/Section.80/Rigamortus.mp3
FEEL.,Kendrick Lamar,Kendrick Lamar,DAMN. COLLECTORS EDITION.,usuk-rap,https://music.youtube.com/watch?v=cQtFTqh1mwM,https://i.ytimg.com/vi/cQtFTqh1mwM/maxresdefault.jpg,Kendrick Lamar/DAMN. COLLECTORS EDITION./FEEL..mp3
Silent Hill,Kendrick Lamar,"Kendrick Lamar, Kodak Black",Mr. Morale & The Big Steppers,usuk-rap,https://music.youtube.com/watch?v=rhed981WqtE,https://i.ytimg.com/vi/rhed981WqtE/maxresdefault.jpg,Kendrick Lamar/Mr. Morale & The Big Steppers/Silent Hill.mp3
gloria,Kendrick Lamar,"Kendrick Lamar, SZA",GNX,usuk-rap,https://music.youtube.com/watch?v=oBcZSHdGmR8,https://i.ytimg.com/vi/oBcZSHdGmR8/maxresdefault.jpg,Kendrick Lamar/GNX/gloria.mp3
The Heart Part 5,Kendrick Lamar,Kendrick Lamar,Mr. Morale & The Big Steppers,usuk-rap,https://music.youtube.com/watch?v=kAbhILeXwGE,https://i.ytimg.com/vi/kAbhILeXwGE/maxresdefault.jpg,Kendrick Lamar/Mr. Morale & The Big Steppers/The Heart Part 5.mp3
Real,Kendrick Lamar,"Kendrick Lamar, Anna Wise","good kid, m.A.A.d city",usuk-rap,https://music.youtube.com/watch?v=71SsVUmT1ys,https://i.ytimg.com/vi/71SsVUmT1ys/maxresdefault.jpg,"Kendrick Lamar/good kid, m.A.A.d city/Real.mp3"
u,Kendrick Lamar,Kendrick Lamar,To Pimp A Butterfly,usuk-rap,https://music.youtube.com/watch?v=XGC4QpDIpJc,https://i.ytimg.com/vi/XGC4QpDIpJc/maxresdefault.jpg,Kendrick Lamar/To Pimp A Butterfly/u.mp3
The Hillbillies,Kendrick Lamar,"Baby Keem, Kendrick Lamar",The Hillbillies,usuk-rap,https://music.youtube.com/watch?v=nsCsM1xqiTY,https://i.ytimg.com/vi/nsCsM1xqiTY/maxresdefault.jpg,Kendrick Lamar/The Hillbillies/The Hillbillies.mp3
good kid,Kendrick Lamar,Kendrick Lamar,"good kid, m.A.A.d city",usuk-rap,https://music.youtube.com/watch?v=raZ03s1rzd0,https://i.ytimg.com/vi/raZ03s1rzd0/maxresdefault.jpg,"Kendrick Lamar/good kid, m.A.A.d city/good kid.mp3"
gnx,Kendrick Lamar,"Kendrick Lamar, Hitta J3, YoungThreat, Peysoh",GNX,usuk-rap,https://music.youtube.com/watch?v=GWDODnFZDRs,https://i.ytimg.com/vi/GWDODnFZDRs/maxresdefault.jpg,Kendrick Lamar/GNX/gnx.mp3
These Walls,Kendrick Lamar,"Kendrick Lamar, Bilal, Anna Wise, Thundercat",To Pimp A Butterfly,usuk-rap,https://music.youtube.com/watch?v=AHNK4k3Cr24,https://i.ytimg.com/vi/AHNK4k3Cr24/maxresdefault.jpg,Kendrick Lamar/To Pimp A Butterfly/These Walls.mp3
Savior,Kendrick Lamar,"Kendrick Lamar, Baby Keem, Sam Dew",Mr. Morale & The Big Steppers,usuk-rap,https://music.youtube.com/watch?v=HMIrpcNtk9E,https://i.ytimg.com/vi/HMIrpcNtk9E/maxresdefault.jpg,Kendrick Lamar/Mr. Morale & The Big Steppers/Savior.mp3
HiiiPoWeR,Kendrick Lamar,Kendrick Lamar,HiiiPoWeR,usuk-rap,https://music.youtube.com/watch?v=zCtN16EU7ZY,https://i.ytimg.com/vi/zCtN16EU7ZY/maxresdefault.jpg,Kendrick Lamar/HiiiPoWeR/HiiiPoWeR.mp3
untitled 02 | 06.23.2014.,Kendrick Lamar,Kendrick Lamar,untitled unmastered.,usuk-rap,https://music.youtube.com/watch?v=_GghFQ8ryEU,https://i.ytimg.com/vi/_GghFQ8ryEU/maxresdefault.jpg,Kendrick Lamar/untitled unmastered./untitled 02 _ 06.23.2014..mp3
Now Or Never (Bonus Track),Kendrick Lamar,"Kendrick Lamar, Mary J. Blige","good kid, m.A.A.d city",usuk-rap,https://music.youtube.com/watch?v=o0yLdYf6OVY,https://i.ytimg.com/vi/o0yLdYf6OVY/maxresdefault.jpg,"Kendrick Lamar/good kid, m.A.A.d city/Now Or Never (Bonus Track).mp3"
Mirror,Kendrick Lamar,Kendrick Lamar,Mr. Morale & The Big Steppers,usuk-rap,https://music.youtube.com/watch?v=HCPjVeFR6NU,https://i.ytimg.com/vi/HCPjVeFR6NU/maxresdefault.jpg,Kendrick Lamar/Mr. Morale & The Big Steppers/Mirror.mp3
LUST.,Kendrick Lamar,Kendrick Lamar,DAMN. COLLECTORS EDITION.,usuk-rap,https://music.youtube.com/watch?v=qUx8EwR0Otg,https://i.ytimg.com/vi/qUx8EwR0Otg/maxresdefault.jpg,Kendrick Lamar/DAMN. COLLECTORS EDITION./LUST..mp3
The Art of Peer Pressure,Kendrick Lamar,Kendrick Lamar,"good kid, m.A.A.d city",usuk-rap,https://music.youtube.com/watch?v=t93uK0DKvEk,https://i.ytimg.com/vi/t93uK0DKvEk/maxresdefault.jpg,"Kendrick Lamar/good kid, m.A.A.d city/The Art of Peer Pressure.mp3"
How Much A Dollar Cost,Kendrick Lamar,"Kendrick Lamar, James Fauntleroy, Ronald Isley",To Pimp A Butterfly,usuk-rap,https://music.youtube.com/watch?v=y8kEiL81_R4,https://i.ytimg.com/vi/y8kEiL81_R4/maxresdefault.jpg,Kendrick Lamar/To Pimp A Butterfly/How Much A Dollar Cost.mp3
Mr. Morale,Kendrick Lamar,"Kendrick Lamar, Tanna Leone",Mr. Morale & The Big Steppers,usuk-rap,https://music.youtube.com/watch?v=iYN-5gxSfmQ,https://i.ytimg.com/vi/iYN-5gxSfmQ/maxresdefault.jpg,Kendrick Lamar/Mr. Morale & The Big Steppers/Mr. Morale.mp3
The Blacker The Berry,Kendrick Lamar,Kendrick Lamar,To Pimp A Butterfly,usuk-rap,https://music.youtube.com/watch?v=VdPtVZDspIY,https://i.ytimg.com/vi/VdPtVZDspIY/maxresdefault.jpg,Kendrick Lamar/To Pimp A Butterfly/The Blacker The Berry.mp3
YAH.,Kendrick Lamar,Kendrick Lamar,DAMN. COLLECTORS EDITION.,usuk-rap,https://music.youtube.com/watch?v=kL9QqLugfLU,https://i.ytimg.com/vi/kL9QqLugfLU/maxresdefault.jpg,Kendrick Lamar/DAMN. COLLECTORS EDITION./YAH..mp3
Hol' Up,Kendrick Lamar,Kendrick Lamar,Section.80,usuk-rap,https://music.youtube.com/watch?v=Hu2Jobd2D18,https://i.ytimg.com/vi/Hu2Jobd2D18/maxresdefault.jpg,Kendrick Lamar/Section.80/Hol' Up.mp3
Blow My High (Members Only),Kendrick Lamar,Kendrick Lamar,Section.80,usuk-rap,https://music.youtube.com/watch?v=1bZCLEyAx6c,https://i.ytimg.com/vi/1bZCLEyAx6c/maxresdefault.jpg,Kendrick Lamar/Section.80/Blow My High (Members Only).mp3
Sherane a.k.a Master Splinter’s Daughter,Kendrick Lamar,Kendrick Lamar,"good kid, m.A.A.d city",usuk-rap,https://music.youtube.com/watch?v=REtSNvjxBXE,https://i.ytimg.com/vi/REtSNvjxBXE/maxresdefault.jpg,"Kendrick Lamar/good kid, m.A.A.d city/Sherane a.k.a Master Splinter’s Daughter.mp3"
Chapter Six,Kendrick Lamar,Kendrick Lamar,Section.80,usuk-rap,https://music.youtube.com/watch?v=RfNUQM9vx_g,https://i.ytimg.com/vi/RfNUQM9vx_g/maxresdefault.jpg,Kendrick Lamar/Section.80/Chapter Six.mp3
We Cry Together,Kendrick Lamar,"Kendrick Lamar, Taylour Paige",Mr. Morale & The Big Steppers,usuk-rap,https://music.youtube.com/watch?v=uK0y77IXm1M,https://i.ytimg.com/vi/uK0y77IXm1M/maxresdefault.jpg,Kendrick Lamar/Mr. Morale & The Big Steppers/We Cry Together.mp3
GOD.,Kendrick Lamar,Kendrick Lamar,DAMN. COLLECTORS EDITION.,usuk-rap,https://music.youtube.com/watch?v=bBTeAg5CFRA,https://i.ytimg.com/vi/bBTeAg5CFRA/maxresdefault.jpg,Kendrick Lamar/DAMN. COLLECTORS EDITION./GOD..mp3
Poe Mans Dreams (His Vice),Kendrick Lamar,Kendrick Lamar,Section.80,usuk-rap,https://music.youtube.com/watch?v=32UTjA8AUSg,https://i.ytimg.com/vi/32UTjA8AUSg/maxresdefault.jpg,Kendrick Lamar/Section.80/Poe Mans Dreams (His Vice).mp3
Institutionalized,Kendrick Lamar,"Kendrick Lamar, Bilal, Anna Wise, Snoop Dogg",To Pimp A Butterfly,usuk-rap,https://music.youtube.com/watch?v=7L1POXocFIQ,https://i.ytimg.com/vi/7L1POXocFIQ/maxresdefault.jpg,Kendrick Lamar/To Pimp A Butterfly/Institutionalized.mp3
For Free? (Interlude),Kendrick Lamar,Kendrick Lamar,To Pimp A Butterfly,usuk-rap,https://music.youtube.com/watch?v=qh4nXtTpTEE,https://i.ytimg.com/vi/qh4nXtTpTEE/maxresdefault.jpg,Kendrick Lamar/To Pimp A Butterfly/For Free? (Interlude).mp3
Purple Hearts,Kendrick Lamar,"Kendrick Lamar, Summer Walker, Ghostface Killah",Mr. Morale & The Big Steppers,usuk-rap,https://music.youtube.com/watch?v=DQkBaVY-bJU,https://i.ytimg.com/vi/DQkBaVY-bJU/maxresdefault.jpg,Kendrick Lamar/Mr. Morale & The Big Steppers/Purple Hearts.mp3
BLOOD.,Kendrick Lamar,Kendrick Lamar,DAMN. COLLECTORS EDITION.,usuk-rap,https://music.youtube.com/watch?v=hcnNvy_svTE,https://i.ytimg.com/vi/hcnNvy_svTE/maxresdefault.jpg,Kendrick Lamar/DAMN. COLLECTORS EDITION./BLOOD..mp3
Hood Politics,Kendrick Lamar,Kendrick Lamar,To Pimp A Butterfly,usuk-rap,https://music.youtube.com/watch?v=iIsHg3BHpB0,https://i.ytimg.com/vi/iIsHg3BHpB0/maxresdefault.jpg,Kendrick Lamar/To Pimp A Butterfly/Hood Politics.mp3
range brothers,Kendrick Lamar,"Baby Keem, Kendrick Lamar",The Melodic Blue,usuk-rap,https://music.youtube.com/watch?v=6MA2a-cpbkA,https://i.ytimg.com/vi/6MA2a-cpbkA/maxresdefault.jpg,Kendrick Lamar/The Melodic Blue/range brothers.mp3
You Ain't Gotta Lie (Momma Said),Kendrick Lamar,Kendrick Lamar,To Pimp A Butterfly,usuk-rap,https://music.youtube.com/watch?v=78bSAKX_4vs,https://i.ytimg.com/vi/78bSAKX_4vs/maxresdefault.jpg,Kendrick Lamar/To Pimp A Butterfly/You Ain't Gotta Lie (Momma Said).mp3
Worldwide Steppers,Kendrick Lamar,Kendrick Lamar,Mr. Morale & The Big Steppers,usuk-rap,https://music.youtube.com/watch?v=fWqOWXbUkb0,https://i.ytimg.com/vi/fWqOWXbUkb0/maxresdefault.jpg,Kendrick Lamar/Mr. Morale & The Big Steppers/Worldwide Steppers.mp3
i,Kendrick Lamar,Kendrick Lamar,To Pimp A Butterfly,usuk-rap,https://music.youtube.com/watch?v=tt2-GsPA9kk,https://i.ytimg.com/vi/tt2-GsPA9kk/maxresdefault.jpg,Kendrick Lamar/To Pimp A Butterfly/i.mp3
Momma,Kendrick Lamar,Kendrick Lamar,To Pimp A Butterfly,usuk-rap,https://music.youtube.com/watch?v=q1AOP6NtGuc,https://i.ytimg.com/vi/q1AOP6NtGuc/maxresdefault.jpg,Kendrick Lamar/To Pimp A Butterfly/Momma.mp3
Mortal Man,Kendrick Lamar,Kendrick Lamar,To Pimp A Butterfly,usuk-rap,https://music.youtube.com/watch?v=axwpgn3GRMs,https://i.ytimg.com/vi/axwpgn3GRMs/maxresdefault.jpg,Kendrick Lamar/To Pimp A Butterfly/Mortal Man.mp3
untitled 05 | 09.21.2014.,Kendrick Lamar,Kendrick Lamar,untitled unmastered.,usuk-rap,https://music.youtube.com/watch?v=inOEtUwSasc,https://i.ytimg.com/vi/inOEtUwSasc/maxresdefault.jpg,Kendrick Lamar/untitled unmastered./untitled 05 _ 09.21.2014..mp3
The Spiteful Chant,Kendrick Lamar,Kendrick Lamar,Section.80,usuk-rap,https://music.youtube.com/watch?v=dzFEPJK45iQ,https://i.ytimg.com/vi/dzFEPJK45iQ/maxresdefault.jpg,Kendrick Lamar/Section.80/The Spiteful Chant.mp3
Mother I Sober,Kendrick Lamar,"Kendrick Lamar, Beth Gibbons",Mr. Morale & The Big Steppers,usuk-rap,https://music.youtube.com/watch?v=jVUm1BggWcQ,https://i.ytimg.com/vi/jVUm1BggWcQ/maxresdefault.jpg,Kendrick Lamar/Mr. Morale & The Big Steppers/Mother I Sober.mp3
Rich (Interlude),Kendrick Lamar,Kendrick Lamar,Mr. Morale & The Big Steppers,usuk-rap,https://music.youtube.com/watch?v=p79Udghre78,https://i.ytimg.com/vi/p79Udghre78/maxresdefault.jpg,Kendrick Lamar/Mr. Morale & The Big Steppers/Rich (Interlude).mp3
Compton,Kendrick Lamar,"Kendrick Lamar, Dr. Dre","good kid, m.A.A.d city",usuk-rap,https://music.youtube.com/watch?v=9PovU-C2osU,https://i.ytimg.com/vi/9PovU-C2osU/maxresdefault.jpg,"Kendrick Lamar/good kid, m.A.A.d city/Compton.mp3"
Crown,Kendrick Lamar,Kendrick Lamar,Mr. Morale & The Big Steppers,usuk-rap,https://music.youtube.com/watch?v=tSgbainJyuQ,https://i.ytimg.com/vi/tSgbainJyuQ/maxresdefault.jpg,Kendrick Lamar/Mr. Morale & The Big Steppers/Crown.mp3
F*ck Your Ethnicity,Kendrick Lamar,Kendrick Lamar,Section.80,usuk-rap,https://music.youtube.com/watch?v=HVulYPJOXHI,https://i.ytimg.com/vi/HVulYPJOXHI/maxresdefault.jpg,Kendrick Lamar/Section.80/F*ck Your Ethnicity.mp3
The Heart Part 4,Kendrick Lamar,Kendrick Lamar,The Heart Part 4,usuk-rap,https://music.youtube.com/watch?v=qvE0MbqycXs,https://i.ytimg.com/vi/qvE0MbqycXs/maxresdefault.jpg,Kendrick Lamar/The Heart Part 4/The Heart Part 4.mp3
Complexion (A Zulu Love),Kendrick Lamar,"Kendrick Lamar, Rapsody",To Pimp A Butterfly,usuk-rap,https://music.youtube.com/watch?v=Wt4dUK4uce0,https://i.ytimg.com/vi/Wt4dUK4uce0/maxresdefault.jpg,Kendrick Lamar/To Pimp A Butterfly/Complexion (A Zulu Love).mp3
untitled 08 | 09.06.2014.,Kendrick Lamar,Kendrick Lamar,untitled unmastered.,usuk-rap,https://music.youtube.com/watch?v=JXikcHwPolM,https://i.ytimg.com/vi/JXikcHwPolM/maxresdefault.jpg,Kendrick Lamar/untitled unmastered./untitled 08 _ 09.06.2014..mp3
Big Shot,Kendrick Lamar,"Kendrick Lamar, Travis Scott",Black Panther The Album Music From And Inspired By,usuk-rap,https://music.youtube.com/watch?v=17rFEzznMGo,https://i.ytimg.com/vi/17rFEzznMGo/maxresdefault.jpg,Kendrick Lamar/Black Panther The Album Music From And Inspired By/Big Shot.mp3
Travis Scott - FE!N ft. Playboi Carti,Travis Scott,Travis Scott,Single,usuk-rap,https://music.youtube.com/watch?v=B9synWjqBn8,https://i.ytimg.com/vi/B9synWjqBn8/maxresdefault.jpg,Travis Scott/Single/Travis Scott - FE!N ft. Playboi Carti.mp3
Travis Scott - SICKO MODE (Official Video) ft. Drake,Travis Scott,Travis Scott,Single,usuk-rap,https://music.youtube.com/watch?v=6ONRf7h3Mdk,https://i.ytimg.com/vi/6ONRf7h3Mdk/maxresdefault.jpg,Travis Scott/Single/Travis Scott - SICKO MODE (Official Video) ft. Drake.mp3
Travis Scott - goosebumps (Official Video) ft. Kendrick Lamar,Travis Scott,Travis Scott,Single,usuk-rap,https://music.youtube.com/watch?v=Dst9gZkq1a8,https://i.ytimg.com/vi/Dst9gZkq1a8/maxresdefault.jpg,Travis Scott/Single/Travis Scott - goosebumps (Official Video) ft. Kendrick Lamar.mp3
"Travis Scott, Playboi Carti, Future - WHERE WAS YOU (Official Audio)",Travis Scott,Travis Scott,Single,usuk-rap,https://music.youtube.com/watch?v=um-uRGkT8GU,https://i.ytimg.com/vi/um-uRGkT8GU/maxresdefault.jpg,"Travis Scott/Single/Travis Scott, Playboi Carti, Future - WHERE WAS YOU (Official Audio).mp3"
Travis Scott - BUTTERFLY EFFECT (Official Video),Travis Scott,Travis Scott,Single,usuk-rap,https://music.youtube.com/watch?v=_EyZUTDAH0U,https://i.ytimg.com/vi/_EyZUTDAH0U/maxresdefault.jpg,Travis Scott/Single/Travis Scott - BUTTERFLY EFFECT (Official Video).mp3
Travis Scott - ASTROTHUNDER (Audio),Travis Scott,Travis Scott,Single,usuk-rap,https://music.youtube.com/watch?v=Pa67b28h0vY,https://i.ytimg.com/vi/Pa67b28h0vY/maxresdefault.jpg,Travis Scott/Single/Travis Scott - ASTROTHUNDER (Audio).mp3
Travis Scott - HIGHEST IN THE ROOM (Official Music Video),Travis Scott,Travis Scott,Single,usuk-rap,https://music.youtube.com/watch?v=tfSS1e3kYeo,https://i.ytimg.com/vi/tfSS1e3kYeo/maxresdefault.jpg,Travis Scott/Single/Travis Scott - HIGHEST IN THE ROOM (Official Music Video).mp3
Travis Scott - Antidote (Official Video),Travis Scott,Travis Scott,Single,usuk-rap,https://music.youtube.com/watch?v=KnZ8h3MRuYg,https://i.ytimg.com/vi/KnZ8h3MRuYg/maxresdefault.jpg,Travis Scott/Single/Travis Scott - Antidote (Official Video).mp3
"Metro Boomin, Travis Scott, Young Thug - Trance (Visualizer)",Travis Scott,Metro Boomin,Single,usuk-rap,https://music.youtube.com/watch?v=TxUdlC0057s,https://i.ytimg.com/vi/TxUdlC0057s/maxresdefault.jpg,"Travis Scott/Single/Metro Boomin, Travis Scott, Young Thug - Trance (Visualizer).mp3"
Travis Scott - CAN'T SAY (Official Video),Travis Scott,Travis Scott,Single,usuk-rap,https://music.youtube.com/watch?v=2LegcNVM_nM,https://i.ytimg.com/vi/2LegcNVM_nM/maxresdefault.jpg,Travis Scott/Single/Travis Scott - CAN'T SAY (Official Video).mp3
"JACKBOYS, Pop Smoke, Travis Scott - GATTI (Official Music Video)",Travis Scott,Travis Scott,Single,usuk-rap,https://music.youtube.com/watch?v=kx7P_ENnDPE,https://i.ytimg.com/vi/kx7P_ENnDPE/maxresdefault.jpg,"Travis Scott/Single/JACKBOYS, Pop Smoke, Travis Scott - GATTI (Official Music Video).mp3"
Travis Scott - MY EYES (Official Audio),Travis Scott,Travis Scott,Single,usuk-rap,https://music.youtube.com/watch?v=pildU9lK6vM,https://i.ytimg.com/vi/pildU9lK6vM/maxresdefault.jpg,Travis Scott/Single/Travis Scott - MY EYES (Official Audio).mp3
Travis Scott - STARGAZING (Audio),Travis Scott,Travis Scott,Single,usuk-rap,https://music.youtube.com/watch?v=2a8PgqWrc_4,https://i.ytimg.com/vi/2a8PgqWrc_4/maxresdefault.jpg,Travis Scott/Single/Travis Scott - STARGAZING (Audio).mp3
"Travis Scott, Bad Bunny, The Weeknd - K-POP (Official Music Video)",Travis Scott,Travis Scott,Single,usuk-rap,https://music.youtube.com/watch?v=_kS7F4VpJa0,https://i.ytimg.com/vi/_kS7F4VpJa0/maxresdefault.jpg,"Travis Scott/Single/Travis Scott, Bad Bunny, The Weeknd - K-POP (Official Music Video).mp3"
"Travis Scott, Tyla, Vybz Kartel - PBT (Official Music Video)",Travis Scott,Travis Scott,Single,usuk-rap,https://music.youtube.com/watch?v=6i8ed5GT1-0,https://i.ytimg.com/vi/6i8ed5GT1-0/maxresdefault.jpg,"Travis Scott/Single/Travis Scott, Tyla, Vybz Kartel - PBT (Official Music Video).mp3"
Travis Scott - beibs in the trap (Official Video) ft. NAV,Travis Scott,Travis Scott,Single,usuk-rap,https://music.youtube.com/watch?v=zmFm9Yp80dE,https://i.ytimg.com/vi/zmFm9Yp80dE/maxresdefault.jpg,Travis Scott/Single/Travis Scott - beibs in the trap (Official Video) ft. NAV.mp3
JACKBOYS & Travis Scott feat. Young Thug - OUT WEST (Official Music Video),Travis Scott,Travis Scott,Single,usuk-rap,https://music.youtube.com/watch?v=qAlF70MdfwU,https://i.ytimg.com/vi/qAlF70MdfwU/maxresdefault.jpg,Travis Scott/Single/JACKBOYS & Travis Scott feat. Young Thug - OUT WEST (Official Music Video).mp3
"Travis Scott - Mamacita (Official Video) ft. Rich Homie Quan, Young Thug",Travis Scott,Travis Scott,Single,usuk-rap,https://music.youtube.com/watch?v=RH9kl6XZixo,https://i.ytimg.com/vi/RH9kl6XZixo/maxresdefault.jpg,"Travis Scott/Single/Travis Scott - Mamacita (Official Video) ft. Rich Homie Quan, Young Thug.mp3"
Travis Scott - STOP TRYING TO BE GOD (Official Video),Travis Scott,Travis Scott,Single,usuk-rap,https://music.youtube.com/watch?v=YqvCptqhHfs,https://i.ytimg.com/vi/YqvCptqhHfs/maxresdefault.jpg,Travis Scott/Single/Travis Scott - STOP TRYING TO BE GOD (Official Video).mp3
Travis Scott - YOSEMITE (Official Video),Travis Scott,Travis Scott,Single,usuk-rap,https://music.youtube.com/watch?v=PJWHAiDARMQ,https://i.ytimg.com/vi/PJWHAiDARMQ/maxresdefault.jpg,Travis Scott/Single/Travis Scott - YOSEMITE (Official Video).mp3
"THE SCOTTS, Travis Scott, Kid Cudi - THE SCOTTS (FORTNITE ASTRONOMICAL EVENT)",Travis Scott,Travis Scott,Single,usuk-rap,https://music.youtube.com/watch?v=8oaW16lGNxE,https://i.ytimg.com/vi/8oaW16lGNxE/maxresdefault.jpg,"Travis Scott/Single/THE SCOTTS, Travis Scott, Kid Cudi - THE SCOTTS (FORTNITE ASTRONOMICAL EVENT).mp3"
JACKBOYS & TRAVIS SCOTT - 2000 EXCURSION,Travis Scott,Travis Scott,Single,usuk-rap,https://music.youtube.com/watch?v=dwuYa2DcC-o,https://i.ytimg.com/vi/dwuYa2DcC-o/maxresdefault.jpg,Travis Scott/Single/JACKBOYS & TRAVIS SCOTT - 2000 EXCURSION.mp3
"Travis Scott - TELEKINESIS (Official Audio) ft. SZA, Future",Travis Scott,Travis Scott,Single,usuk-rap,https://music.youtube.com/watch?v=xl5LunV-OkU,https://i.ytimg.com/vi/xl5LunV-OkU/maxresdefault.jpg,"Travis Scott/Single/Travis Scott - TELEKINESIS (Official Audio) ft. SZA, Future.mp3"
"Metro Boomin, Travis Scott, 21 Savage - Niagara Falls (Foot or 2) (Visualizer)",Travis Scott,Metro Boomin,Single,usuk-rap,https://music.youtube.com/watch?v=Z8vDU6vUTj4,https://i.ytimg.com/vi/Z8vDU6vUTj4/maxresdefault.jpg,"Travis Scott/Single/Metro Boomin, Travis Scott, 21 Savage - Niagara Falls (Foot or 2) (Visualizer).mp3"
Travis Scott - WAKE UP (Official Video),Travis Scott,Travis Scott,Single,usuk-rap,https://music.youtube.com/watch?v=yChnkXhauwM,https://i.ytimg.com/vi/yChnkXhauwM/maxresdefault.jpg,Travis Scott/Single/Travis Scott - WAKE UP (Official Video).mp3
Travis Scott - Drugs You Should Try It,Travis Scott,Travis Scott,Single,usuk-rap,https://music.youtube.com/watch?v=sS8ELauHmGM,https://i.ytimg.com/vi/sS8ELauHmGM/maxresdefault.jpg,Travis Scott/Single/Travis Scott - Drugs You Should Try It.mp3
Travis Scott - ESCAPE PLAN (Official Music Video),Travis Scott,Travis Scott,Single,usuk-rap,https://music.youtube.com/watch?v=KPz33BLkvho,https://i.ytimg.com/vi/KPz33BLkvho/maxresdefault.jpg,Travis Scott/Single/Travis Scott - ESCAPE PLAN (Official Music Video).mp3
Travis Scott - MELTDOWN (Official Audio) ft. Drake,Travis Scott,Travis Scott,Single,usuk-rap,https://music.youtube.com/watch?v=LuKm4L9ryB0,https://i.ytimg.com/vi/LuKm4L9ryB0/maxresdefault.jpg,Travis Scott/Single/Travis Scott - MELTDOWN (Official Audio) ft. Drake.mp3
Travis Scott - MAFIA (Official Audio),Travis Scott,Travis Scott,Single,usuk-rap,https://music.youtube.com/watch?v=89hJPNSNlFM,https://i.ytimg.com/vi/89hJPNSNlFM/maxresdefault.jpg,Travis Scott/Single/Travis Scott - MAFIA (Official Audio).mp3
"Travis Scott - TOPIA TWINS (Official Music Video) ft. Rob49, 21 Savage",Travis Scott,Travis Scott,Single,usuk-rap,https://music.youtube.com/watch?v=BsHcPP9KQdU,https://i.ytimg.com/vi/BsHcPP9KQdU/maxresdefault.jpg,"Travis Scott/Single/Travis Scott - TOPIA TWINS (Official Music Video) ft. Rob49, 21 Savage.mp3"
"Travis Scott, Don Toliver - CHAMPAIN & VACAY (Official Audio)",Travis Scott,Travis Scott,Single,usuk-rap,https://music.youtube.com/watch?v=K3crzpqVcQQ,https://i.ytimg.com/vi/K3crzpqVcQQ/maxresdefault.jpg,"Travis Scott/Single/Travis Scott, Don Toliver - CHAMPAIN & VACAY (Official Audio).mp3"
Travis Scott - 5% TINT (Audio),Travis Scott,Travis Scott,Single,usuk-rap,https://music.youtube.com/watch?v=6SLD1ZQZ_4Y,https://i.ytimg.com/vi/6SLD1ZQZ_4Y/maxresdefault.jpg,Travis Scott/Single/Travis Scott - 5% TINT (Audio).mp3
"Southside, Future - Hold That Heat (Official Music Video) ft. Travis Scott",Travis Scott,Southside,Single,usuk-rap,https://music.youtube.com/watch?v=nYFDHftXido,https://i.ytimg.com/vi/nYFDHftXido/maxresdefault.jpg,"Travis Scott/Single/Southside, Future - Hold That Heat (Official Music Video) ft. Travis Scott.mp3"
"Travis Scott - The Plan (From the Motion Picture ""TENET"" - Official Audio)",Travis Scott,Travis Scott,Single,usuk-rap,https://music.youtube.com/watch?v=iYKXdt0LRs8,https://i.ytimg.com/vi/iYKXdt0LRs8/maxresdefault.jpg,Travis Scott/Single/Travis Scott - The Plan (From the Motion Picture TENET - Official Audio).mp3
"Travi$ Scott - Don't Play (Official Video) ft. Big Sean, The 1975",Travis Scott,Travis Scott,Single,usuk-rap,https://music.youtube.com/watch?v=iQhLccjeHYI,https://i.ytimg.com/vi/iQhLccjeHYI/maxresdefault.jpg,"Travis Scott/Single/Travi$ Scott - Don't Play (Official Video) ft. Big Sean, The 1975.mp3"
"Travis Scott - Watch (Audio) ft. Lil Uzi Vert, Kanye West",Travis Scott,Travis Scott,Single,usuk-rap,https://music.youtube.com/watch?v=P3iLo_JI9oY,https://i.ytimg.com/vi/P3iLo_JI9oY/maxresdefault.jpg,"Travis Scott/Single/Travis Scott - Watch (Audio) ft. Lil Uzi Vert, Kanye West.mp3"
Travis Scott - MODERN JAM,Travis Scott,Travis Scott,Single,usuk-rap,https://music.youtube.com/watch?v=g8IvO7OwdaM,https://i.ytimg.com/vi/g8IvO7OwdaM/maxresdefault.jpg,Travis Scott/Single/Travis Scott - MODERN JAM.mp3
sdp interlude,Travis Scott,Travis Scott,Birds In The Trap Sing McKnight,usuk-rap,https://music.youtube.com/watch?v=vVXCtDXgfz0,https://i.ytimg.com/vi/vVXCtDXgfz0/maxresdefault.jpg,Travis Scott/Birds In The Trap Sing McKnight/sdp interlude.mp3
Travis Scott - HYAENA (Official Audio),Travis Scott,Travis Scott,Single,usuk-rap,https://music.youtube.com/watch?v=N20q-391r48,https://i.ytimg.com/vi/N20q-391r48/maxresdefault.jpg,Travis Scott/Single/Travis Scott - HYAENA (Official Audio).mp3
"NAV, Travis Scott - Never Sleep ft. Lil Baby",Travis Scott,NAV,Single,usuk-rap,https://music.youtube.com/watch?v=k6F-jm-GzI0,https://i.ytimg.com/vi/k6F-jm-GzI0/maxresdefault.jpg,"Travis Scott/Single/NAV, Travis Scott - Never Sleep ft. Lil Baby.mp3"
"Travi$ Scott - Upper Echelon (Official Video) ft. T.I., 2 Chainz",Travis Scott,Travis Scott,Single,usuk-rap,https://music.youtube.com/watch?v=X4MSlFq8bNI,https://i.ytimg.com/vi/X4MSlFq8bNI/maxresdefault.jpg,"Travis Scott/Single/Travi$ Scott - Upper Echelon (Official Video) ft. T.I., 2 Chainz.mp3"
Travis Scott - DELRESTO (ECHOES) (Official Audio) ft. Beyoncé,Travis Scott,Travis Scott,Single,usuk-rap,https://music.youtube.com/watch?v=vM34QWOrz4A,https://i.ytimg.com/vi/vM34QWOrz4A/maxresdefault.jpg,Travis Scott/Single/Travis Scott - DELRESTO (ECHOES) (Official Audio) ft. Beyoncé.mp3
Travis Scott feat. Young Thug & M.I.A. - FRANCHISE (Official Visualizer),Travis Scott,Travis Scott,Single,usuk-rap,https://music.youtube.com/watch?v=C81_4PpYhRY,https://i.ytimg.com/vi/C81_4PpYhRY/maxresdefault.jpg,Travis Scott/Single/Travis Scott feat. Young Thug & M.I.A. - FRANCHISE (Official Visualizer).mp3
"HUNCHO JACK, Travis Scott, Quavo - Huncho Jack (Audio)",Travis Scott,HunchoJackVEVO,Single,usuk-rap,https://music.youtube.com/watch?v=wdrAUrsZdzs,https://i.ytimg.com/vi/wdrAUrsZdzs/maxresdefault.jpg,"Travis Scott/Single/HUNCHO JACK, Travis Scott, Quavo - Huncho Jack (Audio).mp3"
Travis Scott - Grey (Official Audio),Travis Scott,Travis Scott,Single,usuk-rap,https://music.youtube.com/watch?v=3S9Nbw_qKrI,https://i.ytimg.com/vi/3S9Nbw_qKrI/maxresdefault.jpg,Travis Scott/Single/Travis Scott - Grey (Official Audio).mp3
Doja Cat - Gorgeous (Official Video),Doja Cat,Doja Cat,Single,usuk-rap,https://music.youtube.com/watch?v=nBJRaflBDBg,https://i.ytimg.com/vi/nBJRaflBDBg/maxresdefault.jpg,Doja Cat/Single/Doja Cat - Gorgeous (Official Video).mp3
Doja Cat - Paint The Town Red (Official Video),Doja Cat,Doja Cat,Single,usuk-rap,https://music.youtube.com/watch?v=m4_9TFeMfJE,https://i.ytimg.com/vi/m4_9TFeMfJE/maxresdefault.jpg,Doja Cat/Single/Doja Cat - Paint The Town Red (Official Video).mp3
Doja Cat - Kiss Me More (Official Video) ft. SZA,Doja Cat,Doja Cat,Single,usuk-rap,https://music.youtube.com/watch?v=0EVVKs6DQLo,https://i.ytimg.com/vi/0EVVKs6DQLo/maxresdefault.jpg,Doja Cat/Single/Doja Cat - Kiss Me More (Official Video) ft. SZA.mp3
Doja Cat - Need to Know (Official Video),Doja Cat,Doja Cat,Single,usuk-rap,https://music.youtube.com/watch?v=dI3xkL7qUAc,https://i.ytimg.com/vi/dI3xkL7qUAc/maxresdefault.jpg,Doja Cat/Single/Doja Cat - Need to Know (Official Video).mp3
Doja Cat - Streets (Official Video),Doja Cat,Doja Cat,Single,usuk-rap,https://music.youtube.com/watch?v=jJdlgKzVsnI,https://i.ytimg.com/vi/jJdlgKzVsnI/maxresdefault.jpg,Doja Cat/Single/Doja Cat - Streets (Official Video).mp3
"Doja Cat, The Weeknd - You Right (Official Video)",Doja Cat,Doja Cat,Single,usuk-rap,https://music.youtube.com/watch?v=JXgV1rXUoME,https://i.ytimg.com/vi/JXgV1rXUoME/maxresdefault.jpg,"Doja Cat/Single/Doja Cat, The Weeknd - You Right (Official Video).mp3"
Doja Cat - Woman (Official Video),Doja Cat,Doja Cat,Single,usuk-rap,https://music.youtube.com/watch?v=yxW5yuzVi8w,https://i.ytimg.com/vi/yxW5yuzVi8w/maxresdefault.jpg,Doja Cat/Single/Doja Cat - Woman (Official Video).mp3
Doja Cat - Boss B*tch (from Birds of Prey: The Album) [Official Music Video],Doja Cat,Atlantic Records,Single,usuk-rap,https://music.youtube.com/watch?v=RsW66teC0BQ,https://i.ytimg.com/vi/RsW66teC0BQ/maxresdefault.jpg,Doja Cat/Single/Doja Cat - Boss B*tch (from Birds of Prey_ The Album) [Official Music Video].mp3
Saweetie - Best Friend (feat. Doja Cat) [Official Music Video],Doja Cat,Official Saweetie,Single,usuk-rap,https://music.youtube.com/watch?v=_xJUCsyMQes,https://i.ytimg.com/vi/_xJUCsyMQes/sddefault.jpg,Doja Cat/Single/Saweetie - Best Friend (feat. Doja Cat) [Official Music Video].mp3
"Doja Cat, Tyga - Juicy (Official Video)",Doja Cat,Doja Cat,Single,usuk-rap,https://music.youtube.com/watch?v=YIALlhlyqO4,https://i.ytimg.com/vi/YIALlhlyqO4/maxresdefault.jpg,"Doja Cat/Single/Doja Cat, Tyga - Juicy (Official Video).mp3"
Post Malone - I Like You (A Happier Song) w. Doja Cat [Official Music Video],Doja Cat,Post Malone,Single,usuk-rap,https://music.youtube.com/watch?v=7aekxC_monc,https://i.ytimg.com/vi/7aekxC_monc/maxresdefault.jpg,Doja Cat/Single/Post Malone - I Like You (A Happier Song) w. Doja Cat [Official Music Video].mp3
Doja Cat - Vegas (From the Original Motion Picture Soundtrack ELVIS) (Official Video),Doja Cat,Doja Cat,Single,usuk-rap,https://music.youtube.com/watch?v=QZp2biJul1c,https://i.ytimg.com/vi/QZp2biJul1c/maxresdefault.jpg,Doja Cat/Single/Doja Cat - Vegas (From the Original Motion Picture Soundtrack ELVIS) (Official Video).mp3
Doja Cat - Rules (Official Video),Doja Cat,Doja Cat,Single,usuk-rap,https://music.youtube.com/watch?v=UVadfCxNnoY,https://i.ytimg.com/vi/UVadfCxNnoY/maxresdefault.jpg,Doja Cat/Single/Doja Cat - Rules (Official Video).mp3
Say So,Doja Cat,Doja Cat,Hot Pink,usuk-rap,https://music.youtube.com/watch?v=mEhYtnHQAUw,https://i.ytimg.com/vi/mEhYtnHQAUw/maxresdefault.jpg,Doja Cat/Hot Pink/Say So.mp3
Doja Cat - Agora Hills (Official Video),Doja Cat,Doja Cat,Single,usuk-rap,https://music.youtube.com/watch?v=0c66ksfigtU,https://i.ytimg.com/vi/0c66ksfigtU/maxresdefault.jpg,Doja Cat/Single/Doja Cat - Agora Hills (Official Video).mp3
Doja Cat - Get Into It (Yuh) (Official Video),Doja Cat,Doja Cat,Single,usuk-rap,https://music.youtube.com/watch?v=9Ko-nEYJ1GE,https://i.ytimg.com/vi/9Ko-nEYJ1GE/maxresdefault.jpg,Doja Cat/Single/Doja Cat - Get Into It (Yuh) (Official Video).mp3
"Tyga, Doja Cat - Freaky Deaky (Official Video)",Doja Cat,Tyga,Single,usuk-rap,https://music.youtube.com/watch?v=5ZHXYnGVlcg,https://i.ytimg.com/vi/5ZHXYnGVlcg/maxresdefault.jpg,"Doja Cat/Single/Tyga, Doja Cat - Freaky Deaky (Official Video).mp3"
"Ariana Grande - 34+35 (Remix) ft. Doja Cat, Megan Thee Stallion",Doja Cat,Ariana Grande,Single,usuk-rap,https://music.youtube.com/watch?v=ssq6X6alZ3w,https://i.ytimg.com/vi/ssq6X6alZ3w/maxresdefault.jpg,"Doja Cat/Single/Ariana Grande - 34+35 (Remix) ft. Doja Cat, Megan Thee Stallion.mp3"
Doja Cat - Ain't Shit (Official Live Performance) | Vevo,Doja Cat,Doja Cat,Single,usuk-rap,https://music.youtube.com/watch?v=13MvatpPQv4,https://i.ytimg.com/vi/13MvatpPQv4/maxresdefault.jpg,Doja Cat/Single/Doja Cat - Ain't Shit (Official Live Performance) _ Vevo.mp3
Doja Cat - Candy (Official Audio),Doja Cat,Doja Cat,Single,usuk-rap,https://music.youtube.com/watch?v=ZRHHOttkM1A,https://i.ytimg.com/vi/ZRHHOttkM1A/maxresdefault.jpg,Doja Cat/Single/Doja Cat - Candy (Official Audio).mp3
"Doja Cat - ""Mooo!"" (Official Video)",Doja Cat,Doja Cat,Single,usuk-rap,https://music.youtube.com/watch?v=mXnJqYwebF8,https://i.ytimg.com/vi/mXnJqYwebF8/maxresdefault.jpg,Doja Cat/Single/Doja Cat - Mooo! (Official Video).mp3
Doja Cat - Tia Tamera (Official Video) ft. Rico Nasty,Doja Cat,Doja Cat,Single,usuk-rap,https://music.youtube.com/watch?v=C_yI2959DYU,https://i.ytimg.com/vi/C_yI2959DYU/maxresdefault.jpg,Doja Cat/Single/Doja Cat - Tia Tamera (Official Video) ft. Rico Nasty.mp3
Doja Cat - Like That (Official Audio) ft. Gucci Mane,Doja Cat,Doja Cat,Single,usuk-rap,https://music.youtube.com/watch?v=gap-zS1VBKo,https://i.ytimg.com/vi/gap-zS1VBKo/maxresdefault.jpg,Doja Cat/Single/Doja Cat - Like That (Official Audio) ft. Gucci Mane.mp3
Doja Cat - Demons (Official Video),Doja Cat,Doja Cat,Single,usuk-rap,https://music.youtube.com/watch?v=qwtyEKTGGQ8,https://i.ytimg.com/vi/qwtyEKTGGQ8/maxresdefault.jpg,Doja Cat/Single/Doja Cat - Demons (Official Video).mp3
Doja Cat - Freak (Official Audio),Doja Cat,Doja Cat,Single,usuk-rap,https://music.youtube.com/watch?v=Wc9_dsv5YYA,https://i.ytimg.com/vi/Wc9_dsv5YYA/maxresdefault.jpg,Doja Cat/Single/Doja Cat - Freak (Official Audio).mp3
Doja Cat - Attention (Official Video),Doja Cat,Doja Cat,Single,usuk-rap,https://music.youtube.com/watch?v=agXQQDasq0U,https://i.ytimg.com/vi/agXQQDasq0U/maxresdefault.jpg,Doja Cat/Single/Doja Cat - Attention (Official Video).mp3
"Ariana Grande, Doja Cat - motive (official audio)",Doja Cat,Ariana Grande,Single,usuk-rap,https://music.youtube.com/watch?v=Lj4-SIa9bbk,https://i.ytimg.com/vi/Lj4-SIa9bbk/maxresdefault.jpg,"Doja Cat/Single/Ariana Grande, Doja Cat - motive (official audio).mp3"
Doja Cat - So High (Official Video),Doja Cat,Doja Cat,Single,usuk-rap,https://music.youtube.com/watch?v=8LJsMUkxIWY,https://i.ytimg.com/vi/8LJsMUkxIWY/maxresdefault.jpg,Doja Cat/Single/Doja Cat - So High (Official Video).mp3
Doja Cat - Stranger (Official Video),Doja Cat,Doja Cat,Single,usuk-rap,https://music.youtube.com/watch?v=U-124RmcV7I,https://i.ytimg.com/vi/U-124RmcV7I/maxresdefault.jpg,Doja Cat/Single/Doja Cat - Stranger (Official Video).mp3
Doja Cat - Cyber Sex (Official Video),Doja Cat,Doja Cat,Single,usuk-rap,https://music.youtube.com/watch?v=uDr9hRJqPX4,https://i.ytimg.com/vi/uDr9hRJqPX4/maxresdefault.jpg,Doja Cat/Single/Doja Cat - Cyber Sex (Official Video).mp3
Doja Cat - Bottom Bitch (Official Video),Doja Cat,Doja Cat,Single,usuk-rap,https://music.youtube.com/watch?v=ik0qg-O_2DM,https://i.ytimg.com/vi/ik0qg-O_2DM/maxresdefault.jpg,Doja Cat/Single/Doja Cat - Bottom Bitch (Official Video).mp3
Doja Cat - AAAHH MEN! (Audio),Doja Cat,Doja Cat,Single,usuk-rap,https://music.youtube.com/watch?v=w6VZ4qm-e0w,https://i.ytimg.com/vi/w6VZ4qm-e0w/maxresdefault.jpg,Doja Cat/Single/Doja Cat - AAAHH MEN! (Audio).mp3
SZA - Kill Bill Feat. Doja Cat (Remix),Doja Cat,Doja Cat,Single,usuk-rap,https://music.youtube.com/watch?v=ZFjIMowsudA,https://i.ytimg.com/vi/ZFjIMowsudA/sddefault.jpg?sqp=-oaymwEmCIAFEOAD8quKqQMa8AEB-AH-CYAC0AWKAgwIABABGH8gGCgTMA8=&rs=AOn4CLAhpDdmo9Y4q4Y4FOkBf-sz1VVL-A,Doja Cat/Single/SZA - Kill Bill Feat. Doja Cat (Remix).mp3
Doja Cat - Payday (Visualizer) ft. Young Thug,Doja Cat,Doja Cat,Single,usuk-rap,https://music.youtube.com/watch?v=Qn8v3si_mDI,https://i.ytimg.com/vi/Qn8v3si_mDI/maxresdefault.jpg,Doja Cat/Single/Doja Cat - Payday (Visualizer) ft. Young Thug.mp3
Doja Cat - Go Off (Audio),Doja Cat,Doja Cat,Single,usuk-rap,https://music.youtube.com/watch?v=ykJm1CepxNs,https://i.ytimg.com/vi/ykJm1CepxNs/maxresdefault.jpg,Doja Cat/Single/Doja Cat - Go Off (Audio).mp3
Cardi B - Bodak Yellow [OFFICIAL MUSIC VIDEO],Cardi B,Cardi B,Single,usuk-rap,https://music.youtube.com/watch?v=PEGccV-NOm8,https://i.ytimg.com/vi/PEGccV-NOm8/sddefault.jpg,Cardi B/Single/Cardi B - Bodak Yellow [OFFICIAL MUSIC VIDEO].mp3
Cardi B - WAP feat. Megan Thee Stallion [Official Music Video],Cardi B,Cardi B,Single,usuk-rap,https://music.youtube.com/watch?v=hsm4poTWjMs,https://i.ytimg.com/vi/hsm4poTWjMs/sddefault.jpg?v=5f32bb54,Cardi B/Single/Cardi B - WAP feat. Megan Thee Stallion [Official Music Video].mp3
"Cardi B, Bad Bunny & J Balvin - I Like It [Official Music Video]",Cardi B,Cardi B,Single,usuk-rap,https://music.youtube.com/watch?v=xTlNMmZKwpA,https://i.ytimg.com/vi/xTlNMmZKwpA/sddefault.jpg,"Cardi B/Single/Cardi B, Bad Bunny & J Balvin - I Like It [Official Music Video].mp3"
Cardi B - Bodega Baddie [Lyric Video],Cardi B,Cardi B,Single,usuk-rap,https://music.youtube.com/watch?v=xaW48sjI-JU,https://i.ytimg.com/vi/xaW48sjI-JU/maxresdefault.jpg,Cardi B/Single/Cardi B - Bodega Baddie [Lyric Video].mp3
"G-Eazy - No Limit (Official Audio) ft. A$AP Rocky, Cardi B",Cardi B,G-Eazy,Single,usuk-rap,https://music.youtube.com/watch?v=PGfSaVDymjk,https://i.ytimg.com/vi/PGfSaVDymjk/maxresdefault.jpg,"Cardi B/Single/G-Eazy - No Limit (Official Audio) ft. A$AP Rocky, Cardi B.mp3"
"Cardi B Feat. Offset ""Lick"" (WSHH Exclusive - Official Music Video)",Cardi B,WORLDSTARHIPHOP,Single,usuk-rap,https://music.youtube.com/watch?v=yQGI6JcB7gs,https://i.ytimg.com/vi/yQGI6JcB7gs/maxresdefault.jpg,Cardi B/Single/Cardi B Feat. Offset Lick (WSHH Exclusive - Official Music Video).mp3
"Migos, Nicki Minaj, Cardi B - MotorSport (Official Video)",Cardi B,Migos ATL,Single,usuk-rap,https://music.youtube.com/watch?v=9v_rtaye2yY,https://i.ytimg.com/vi/9v_rtaye2yY/maxresdefault.jpg,"Cardi B/Single/Migos, Nicki Minaj, Cardi B - MotorSport (Official Video).mp3"
Cardi B - Foreva,Cardi B,Cardi B,Single,usuk-rap,https://music.youtube.com/watch?v=wDaxmHJuFgA,https://i.ytimg.com/vi/wDaxmHJuFgA/maxresdefault.jpg,Cardi B/Single/Cardi B - Foreva.mp3
Cardi B & Bruno Mars - Please Me (Official Video),Cardi B,Cardi B,Single,usuk-rap,https://music.youtube.com/watch?v=3y-O-4IL-PU,https://i.ytimg.com/vi/3y-O-4IL-PU/sddefault.jpg?v=5c93db21,Cardi B/Single/Cardi B & Bruno Mars - Please Me (Official Video).mp3
Cardi B - Safe (feat. Kehlani) [Official Music Video],Cardi B,Cardi B,Single,usuk-rap,https://music.youtube.com/watch?v=E_0y8bmIATM,https://i.ytimg.com/vi/E_0y8bmIATM/maxresdefault.jpg,Cardi B/Single/Cardi B - Safe (feat. Kehlani) [Official Music Video].mp3
Cardi B - Up [Official Music Video],Cardi B,Cardi B,Single,usuk-rap,https://music.youtube.com/watch?v=rCiBgLOcuKU,https://i.ytimg.com/vi/rCiBgLOcuKU/maxresdefault.jpg,Cardi B/Single/Cardi B - Up [Official Music Video].mp3
"GloRilla, Cardi B - Tomorrow 2 (Official Music Video)",Cardi B,theofficialGloRilla,Single,usuk-rap,https://music.youtube.com/watch?v=zwa7NzNBQig,https://i.ytimg.com/vi/zwa7NzNBQig/maxresdefault.jpg,"Cardi B/Single/GloRilla, Cardi B - Tomorrow 2 (Official Music Video).mp3"
Cardi B - Outside [Official Lyric Video],Cardi B,Cardi B,Single,usuk-rap,https://music.youtube.com/watch?v=F8FQIDV23ss,https://i.ytimg.com/vi/F8FQIDV23ss/maxresdefault.jpg,Cardi B/Single/Cardi B - Outside [Official Lyric Video].mp3
Cardi B - Drip feat. Migos [Official Audio],Cardi B,Cardi B,Single,usuk-rap,https://music.youtube.com/watch?v=H4Hb6HcCm_E,https://i.ytimg.com/vi/H4Hb6HcCm_E/sddefault.jpg,Cardi B/Single/Cardi B - Drip feat. Migos [Official Audio].mp3
Cardi B - Imaginary Playerz [Official Music Video],Cardi B,Cardi B,Single,usuk-rap,https://music.youtube.com/watch?v=cg2MY3F2iAk,https://i.ytimg.com/vi/cg2MY3F2iAk/sddefault.jpg,Cardi B/Single/Cardi B - Imaginary Playerz [Official Music Video].mp3
"Kay Flock - Shake It feat. Cardi B, Dougie B & Bory300 (Official Video)",Cardi B,Kay Flock,Single,usuk-rap,https://music.youtube.com/watch?v=L7P68k8jWbI,https://i.ytimg.com/vi/L7P68k8jWbI/maxresdefault.jpg,"Cardi B/Single/Kay Flock - Shake It feat. Cardi B, Dougie B & Bory300 (Official Video).mp3"
Maroon 5 - Girls Like You ft. Cardi B (Official Music Video),Cardi B,Maroon 5,Single,usuk-rap,https://music.youtube.com/watch?v=aJOTlE1K90k,https://i.ytimg.com/vi/aJOTlE1K90k/maxresdefault.jpg,Cardi B/Single/Maroon 5 - Girls Like You ft. Cardi B (Official Music Video).mp3
Bruno Mars - Finesse (Remix) (feat. Cardi B) (Official Music Video),Cardi B,Bruno Mars,Single,usuk-rap,https://music.youtube.com/watch?v=LsoLEjrDogU,https://i.ytimg.com/vi/LsoLEjrDogU/sddefault.jpg,Cardi B/Single/Bruno Mars - Finesse (Remix) (feat. Cardi B) (Official Music Video).mp3
Offset - Clout ft. Cardi B (Official Video),Cardi B,Migos ATL,Single,usuk-rap,https://music.youtube.com/watch?v=mt2zvsvkKKo,https://i.ytimg.com/vi/mt2zvsvkKKo/maxresdefault.jpg,Cardi B/Single/Offset - Clout ft. Cardi B (Official Video).mp3
Cardi B - Ring (feat. Kehlani) [Official Video],Cardi B,Cardi B,Single,usuk-rap,https://music.youtube.com/watch?v=kcRWyLMVrFM,https://i.ytimg.com/vi/kcRWyLMVrFM/sddefault.jpg,Cardi B/Single/Cardi B - Ring (feat. Kehlani) [Official Video].mp3
Anitta feat. Cardi B & Myke Towers - Me Gusta [Official Music Video],Cardi B,Anitta,Single,usuk-rap,https://music.youtube.com/watch?v=kIbjHtE4fd8,https://i.ytimg.com/vi/kIbjHtE4fd8/maxresdefault.jpg,Cardi B/Single/Anitta feat. Cardi B & Myke Towers - Me Gusta [Official Music Video].mp3
Pardison Fontaine - Backin' It Up (feat. Cardi B) [Official Video],Cardi B,Pardison Fontaine,Single,usuk-rap,https://music.youtube.com/watch?v=hDfsD6G8E_g,https://i.ytimg.com/vi/hDfsD6G8E_g/maxresdefault.jpg,Cardi B/Single/Pardison Fontaine - Backin' It Up (feat. Cardi B) [Official Video].mp3
Cardi B - Be Careful [Official Video],Cardi B,Cardi B,Single,usuk-rap,https://music.youtube.com/watch?v=8zSRkr1nQNw,https://i.ytimg.com/vi/8zSRkr1nQNw/sddefault.jpg,Cardi B/Single/Cardi B - Be Careful [Official Video].mp3
Cardi B - Money [Official Music Video],Cardi B,Cardi B,Single,usuk-rap,https://music.youtube.com/watch?v=zUOh09GoQgk,https://i.ytimg.com/vi/zUOh09GoQgk/sddefault.jpg?v=5c9fbd13,Cardi B/Single/Cardi B - Money [Official Music Video].mp3
"Fat Joe, Cardi B, Anuel AA - YES (Official Video) ft. Dre",Cardi B,Fat Joe,Single,usuk-rap,https://music.youtube.com/watch?v=mwwvOwhNF6M,https://i.ytimg.com/vi/mwwvOwhNF6M/maxresdefault.jpg,"Cardi B/Single/Fat Joe, Cardi B, Anuel AA - YES (Official Video) ft. Dre.mp3"
Cardi B - Thru Your Phone [Official Audio],Cardi B,Cardi B,Single,usuk-rap,https://music.youtube.com/watch?v=6C_wxlp_QS0,https://i.ytimg.com/vi/6C_wxlp_QS0/sddefault.jpg,Cardi B/Single/Cardi B - Thru Your Phone [Official Audio].mp3
Cardi B - Bartier Cardi (feat. 21 Savage) [Official Video],Cardi B,Cardi B,Single,usuk-rap,https://music.youtube.com/watch?v=hXnMSaK6C2w,https://i.ytimg.com/vi/hXnMSaK6C2w/sddefault.jpg,Cardi B/Single/Cardi B - Bartier Cardi (feat. 21 Savage) [Official Video].mp3
Lizzo - Rumors feat. Cardi B [Official Video],Cardi B,Lizzo Music,Single,usuk-rap,https://music.youtube.com/watch?v=4P9XUrniiK4,https://i.ytimg.com/vi/4P9XUrniiK4/maxresdefault.jpg,Cardi B/Single/Lizzo - Rumors feat. Cardi B [Official Video].mp3
"French Montana - Writing on the Wall (Official Video) ft. Post Malone, Cardi B, Rvssian",Cardi B,French Montana,Single,usuk-rap,https://music.youtube.com/watch?v=VZiVePJCpZI,https://i.ytimg.com/vi/VZiVePJCpZI/maxresdefault.jpg,"Cardi B/Single/French Montana - Writing on the Wall (Official Video) ft. Post Malone, Cardi B, Rvssian.mp3"
"Summer Walker, SZA, & Cardi B - No Love (Extended Version) [Official Video]",Cardi B,Summer Walker,Single,usuk-rap,https://music.youtube.com/watch?v=VmB0Q7qkweM,https://i.ytimg.com/vi/VmB0Q7qkweM/maxresdefault.jpg,"Cardi B/Single/Summer Walker, SZA, & Cardi B - No Love (Extended Version) [Official Video].mp3"
Cardi B - Hot Shit feat. Kanye West & Lil Durk [Official Music Video],Cardi B,Cardi B,Single,usuk-rap,https://music.youtube.com/watch?v=vjbBaai9ZA8,https://i.ytimg.com/vi/vjbBaai9ZA8/maxresdefault.jpg,Cardi B/Single/Cardi B - Hot Shit feat. Kanye West & Lil Durk [Official Music Video].mp3
Cardi B - I Do feat. SZA [Official Audio],Cardi B,Cardi B,Single,usuk-rap,https://music.youtube.com/watch?v=Psn0fiNaHOw,https://i.ytimg.com/vi/Psn0fiNaHOw/sddefault.jpg,Cardi B/Single/Cardi B - I Do feat. SZA [Official Audio].mp3
Cardi B & YG - She Bad [Official Audio],Cardi B,Cardi B,Single,usuk-rap,https://music.youtube.com/watch?v=aiYfOWu5ZhY,https://i.ytimg.com/vi/aiYfOWu5ZhY/sddefault.jpg,Cardi B/Single/Cardi B & YG - She Bad [Official Audio].mp3
"Cardi B ""Cheap Ass Weave"" (WSHH Exclusive - Official Music Video)",Cardi B,WORLDSTARHIPHOP,Single,usuk-rap,https://music.youtube.com/watch?v=6_aqO8m7qss,https://i.ytimg.com/vi/6_aqO8m7qss/maxresdefault.jpg,Cardi B/Single/Cardi B Cheap Ass Weave (WSHH Exclusive - Official Music Video).mp3
On Fleek,Cardi B,Cardi B,Gangsta Bitch Music Vol 1,usuk-rap,https://music.youtube.com/watch?v=C-L5Fsd32ss,https://i.ytimg.com/vi/C-L5Fsd32ss/maxresdefault.jpg,Cardi B/Gangsta Bitch Music Vol 1/On Fleek.mp3
DJ Khaled ft. Cardi B - BIG PAPER (Official Visualizer),Cardi B,DJ Khaled,Single,usuk-rap,https://music.youtube.com/watch?v=cT39De77CdM,https://i.ytimg.com/vi/cT39De77CdM/maxresdefault.jpg,Cardi B/Single/DJ Khaled ft. Cardi B - BIG PAPER (Official Visualizer).mp3
Trick,Cardi B,Cardi B,Gangsta Bitch Music Vol 1,usuk-rap,https://music.youtube.com/watch?v=e0HcBv-CNcM,https://i.ytimg.com/vi/e0HcBv-CNcM/maxresdefault.jpg,Cardi B/Gangsta Bitch Music Vol 1/Trick.mp3
Stripper Hoe,Cardi B,Cardi B,Stripper Hoe - Single,usuk-rap,https://music.youtube.com/watch?v=9thmIkAE9ZM,https://i.ytimg.com/vi/9thmIkAE9ZM/maxresdefault.jpg,Cardi B/Stripper Hoe - Single/Stripper Hoe.mp3
Nicki Minaj - Starships (Explicit) (Official Video),Nicki Minaj,Nicki Minaj,Single,usuk-rap,https://music.youtube.com/watch?v=SeIJmciN8mo,https://i.ytimg.com/vi/SeIJmciN8mo/maxresdefault.jpg,Nicki Minaj/Single/Nicki Minaj - Starships (Explicit) (Official Video).mp3
Nicki Minaj - Beez In The Trap (Explicit) ft. 2 Chainz,Nicki Minaj,Nicki Minaj,Single,usuk-rap,https://music.youtube.com/watch?v=EmZvOhHF85I,https://i.ytimg.com/vi/EmZvOhHF85I/maxresdefault.jpg,Nicki Minaj/Single/Nicki Minaj - Beez In The Trap (Explicit) ft. 2 Chainz.mp3
Nicki Minaj - High School ft. Lil Wayne,Nicki Minaj,Nicki Minaj,Single,usuk-rap,https://music.youtube.com/watch?v=RnpyRe_7jZA,https://i.ytimg.com/vi/RnpyRe_7jZA/maxresdefault.jpg,Nicki Minaj/Single/Nicki Minaj - High School ft. Lil Wayne.mp3
Ariana Grande ft. Nicki Minaj - Side To Side (Official Video) ft. Nicki Minaj,Nicki Minaj,Ariana Grande,Single,usuk-rap,https://music.youtube.com/watch?v=SXiSVQZLje8,https://i.ytimg.com/vi/SXiSVQZLje8/maxresdefault.jpg,Nicki Minaj/Single/Ariana Grande ft. Nicki Minaj - Side To Side (Official Video) ft. Nicki Minaj.mp3
Up All Night,Nicki Minaj,"Drake, Nicki Minaj",Thank Me Later,usuk-rap,https://music.youtube.com/watch?v=BfCJ_Az698g,https://i.ytimg.com/vi/BfCJ_Az698g/maxresdefault.jpg,Nicki Minaj/Thank Me Later/Up All Night.mp3
Nicki Minaj - Anaconda,Nicki Minaj,Nicki Minaj,Single,usuk-rap,https://music.youtube.com/watch?v=LDZX4ooRsWs,https://i.ytimg.com/vi/LDZX4ooRsWs/maxresdefault.jpg,Nicki Minaj/Single/Nicki Minaj - Anaconda.mp3
Nicki Minaj - Everybody (Visualizer) ft. Lil Uzi Vert,Nicki Minaj,Nicki Minaj,Single,usuk-rap,https://music.youtube.com/watch?v=3g5AbGTqvt0,https://i.ytimg.com/vi/3g5AbGTqvt0/maxresdefault.jpg,Nicki Minaj/Single/Nicki Minaj - Everybody (Visualizer) ft. Lil Uzi Vert.mp3
Nicki Minaj - Super Bass (Official Video),Nicki Minaj,Nicki Minaj,Single,usuk-rap,https://music.youtube.com/watch?v=4JipHEz53sU,https://i.ytimg.com/vi/4JipHEz53sU/maxresdefault.jpg,Nicki Minaj/Single/Nicki Minaj - Super Bass (Official Video).mp3
Nicki Minaj - Itty Bitty Piggy (Official Audio),Nicki Minaj,Nicki Minaj,Single,usuk-rap,https://music.youtube.com/watch?v=9zRe5wnqSi4,https://i.ytimg.com/vi/9zRe5wnqSi4/maxresdefault.jpg,Nicki Minaj/Single/Nicki Minaj - Itty Bitty Piggy (Official Audio).mp3
Nicki Minaj - Red Ruby Da Sleeze (Official Video),Nicki Minaj,Nicki Minaj,Single,usuk-rap,https://music.youtube.com/watch?v=QBGX9QirWaU,https://i.ytimg.com/vi/QBGX9QirWaU/maxresdefault.jpg,Nicki Minaj/Single/Nicki Minaj - Red Ruby Da Sleeze (Official Video).mp3
"KAROL G, Nicki Minaj - Tusa (Official Video)",Nicki Minaj,KAROL G,Single,usuk-rap,https://music.youtube.com/watch?v=tbneQDc2H3I,https://i.ytimg.com/vi/tbneQDc2H3I/maxresdefault.jpg,"Nicki Minaj/Single/KAROL G, Nicki Minaj - Tusa (Official Video).mp3"
"Jessie J - Bang Bang ft. Ariana Grande, Nicki Minaj",Nicki Minaj,Jessie J,Single,usuk-rap,https://music.youtube.com/watch?v=0HDdjwpPM3Y,https://i.ytimg.com/vi/0HDdjwpPM3Y/maxresdefault.jpg,"Nicki Minaj/Single/Jessie J - Bang Bang ft. Ariana Grande, Nicki Minaj.mp3"
Doja Cat - Say So (Official Video),Nicki Minaj,Doja Cat,Single,usuk-rap,https://music.youtube.com/watch?v=pok8H_KF1FA,https://i.ytimg.com/vi/pok8H_KF1FA/maxresdefault.jpg,Nicki Minaj/Single/Doja Cat - Say So (Official Video).mp3
Justin Bieber - Beauty And A Beat (Official Music Video) ft. Nicki Minaj,Nicki Minaj,Justin Bieber,Single,usuk-rap,https://music.youtube.com/watch?v=Ys7-6_t7OEQ,https://i.ytimg.com/vi/Ys7-6_t7OEQ/maxresdefault.jpg,Nicki Minaj/Single/Justin Bieber - Beauty And A Beat (Official Music Video) ft. Nicki Minaj.mp3
TROLLZ - 6ix9ine & Nicki Minaj  (Official Music Video),Nicki Minaj,Tekashi 6ix9ine,Single,usuk-rap,https://music.youtube.com/watch?v=oNg3M9IJJlY,https://i.ytimg.com/vi/oNg3M9IJJlY/sddefault.jpg,Nicki Minaj/Single/TROLLZ - 6ix9ine & Nicki Minaj  (Official Music Video).mp3
Nicki Minaj & Ice Spice – Barbie World (with Aqua) [Official Music Video],Nicki Minaj,Nicki Minaj,Single,usuk-rap,https://music.youtube.com/watch?v=CUj2AWEJnwQ,https://i.ytimg.com/vi/CUj2AWEJnwQ/maxresdefault.jpg,Nicki Minaj/Single/Nicki Minaj & Ice Spice – Barbie World (with Aqua) [Official Music Video].mp3
"Nicki Minaj - Only ft. Drake, Lil Wayne, Chris Brown",Nicki Minaj,Nicki Minaj,Single,usuk-rap,https://music.youtube.com/watch?v=zXtsGAkyeIo,https://i.ytimg.com/vi/zXtsGAkyeIo/maxresdefault.jpg,"Nicki Minaj/Single/Nicki Minaj - Only ft. Drake, Lil Wayne, Chris Brown.mp3"
Alicia Keys - Girl on Fire (Official Video),Nicki Minaj,Alicia Keys,Single,usuk-rap,https://music.youtube.com/watch?v=J91ti_MpdHA,https://i.ytimg.com/vi/J91ti_MpdHA/maxresdefault.jpg,Nicki Minaj/Single/Alicia Keys - Girl on Fire (Official Video).mp3
David Guetta - Turn Me On ft. Nicki Minaj (Official Video),Nicki Minaj,David Guetta,Single,usuk-rap,https://music.youtube.com/watch?v=YVw7eJ0vGfM,https://i.ytimg.com/vi/YVw7eJ0vGfM/sddefault.jpg,Nicki Minaj/Single/David Guetta - Turn Me On ft. Nicki Minaj (Official Video).mp3
"David Guetta - Where Them Girls At ft. Nicki Minaj, Flo Rida (Official Video)",Nicki Minaj,David Guetta,Single,usuk-rap,https://music.youtube.com/watch?v=p4kVWCSzfK4,https://i.ytimg.com/vi/p4kVWCSzfK4/sddefault.jpg,"Nicki Minaj/Single/David Guetta - Where Them Girls At ft. Nicki Minaj, Flo Rida (Official Video).mp3"
Nicki Minaj - Chun-Li,Nicki Minaj,Nicki Minaj,Single,usuk-rap,https://music.youtube.com/watch?v=Wpm07-BGJnE,https://i.ytimg.com/vi/Wpm07-BGJnE/maxresdefault.jpg,Nicki Minaj/Single/Nicki Minaj - Chun-Li.mp3
Nicki Minaj - Pills N Potions,Nicki Minaj,Nicki Minaj,Single,usuk-rap,https://music.youtube.com/watch?v=f7ld-3nZUxA,https://i.ytimg.com/vi/f7ld-3nZUxA/maxresdefault.jpg,Nicki Minaj/Single/Nicki Minaj - Pills N Potions.mp3
Nicki Minaj - MEGATRON,Nicki Minaj,Nicki Minaj,Single,usuk-rap,https://music.youtube.com/watch?v=C3a1sz2Bp_E,https://i.ytimg.com/vi/C3a1sz2Bp_E/maxresdefault.jpg,Nicki Minaj/Single/Nicki Minaj - MEGATRON.mp3
Nicki Minaj - Pound The Alarm (Explicit),Nicki Minaj,Nicki Minaj,Single,usuk-rap,https://music.youtube.com/watch?v=vdrqA93sW-8,https://i.ytimg.com/vi/vdrqA93sW-8/maxresdefault.jpg,Nicki Minaj/Single/Nicki Minaj - Pound The Alarm (Explicit).mp3
Megan Thee Stallion - Hot Girl Summer ft. Nicki Minaj & Ty Dolla $ign [Official Video],Nicki Minaj,Megan Thee Stallion,Single,usuk-rap,https://music.youtube.com/watch?v=FbcLcSY2au4,https://i.ytimg.com/vi/FbcLcSY2au4/sddefault.jpg,Nicki Minaj/Single/Megan Thee Stallion - Hot Girl Summer ft. Nicki Minaj & Ty Dolla $ign [Official Video].mp3
Nicki Minaj - Barbie Dreams,Nicki Minaj,Nicki Minaj,Single,usuk-rap,https://music.youtube.com/watch?v=_bvLphVWHpo,https://i.ytimg.com/vi/_bvLphVWHpo/maxresdefault.jpg,Nicki Minaj/Single/Nicki Minaj - Barbie Dreams.mp3
Nicki Minaj - Moment 4 Life (Clean Version) (Official Music Video) ft. Drake,Nicki Minaj,Nicki Minaj,Single,usuk-rap,https://music.youtube.com/watch?v=D7GW8TYCEG4,https://i.ytimg.com/vi/D7GW8TYCEG4/maxresdefault.jpg,Nicki Minaj/Single/Nicki Minaj - Moment 4 Life (Clean Version) (Official Music Video) ft. Drake.mp3
Nicki Minaj - Barbie Tingz,Nicki Minaj,Nicki Minaj,Single,usuk-rap,https://music.youtube.com/watch?v=eppa0RXRU-I,https://i.ytimg.com/vi/eppa0RXRU-I/maxresdefault.jpg,Nicki Minaj/Single/Nicki Minaj - Barbie Tingz.mp3
Nicki Minaj - Super Freaky Girl (Official Music Video),Nicki Minaj,Nicki Minaj,Single,usuk-rap,https://music.youtube.com/watch?v=j5uAR9w7LBg,https://i.ytimg.com/vi/j5uAR9w7LBg/maxresdefault.jpg,Nicki Minaj/Single/Nicki Minaj - Super Freaky Girl (Official Music Video).mp3
Nicki Minaj - Fly ft. Rihanna,Nicki Minaj,Nicki Minaj,Single,usuk-rap,https://music.youtube.com/watch?v=3n71KUiWn1I,https://i.ytimg.com/vi/3n71KUiWn1I/maxresdefault.jpg,Nicki Minaj/Single/Nicki Minaj - Fly ft. Rihanna.mp3
Nicki Minaj - Bed (feat. Ariana Grande) ft. Ariana Grande,Nicki Minaj,Nicki Minaj,Single,usuk-rap,https://music.youtube.com/watch?v=zxtl5ExJmag,https://i.ytimg.com/vi/zxtl5ExJmag/maxresdefault.jpg,Nicki Minaj/Single/Nicki Minaj - Bed (feat. Ariana Grande) ft. Ariana Grande.mp3
Nicki Minaj - Feeling Myself (Official Audio) ft. Beyoncé,Nicki Minaj,Nicki Minaj,Single,usuk-rap,https://music.youtube.com/watch?v=0Kg9xRooTVk,https://i.ytimg.com/vi/0Kg9xRooTVk/maxresdefault.jpg,Nicki Minaj/Single/Nicki Minaj - Feeling Myself (Official Audio) ft. Beyoncé.mp3
Nicki Minaj - Your Love (Official Video),Nicki Minaj,Nicki Minaj,Single,usuk-rap,https://music.youtube.com/watch?v=pSFyrrhKj1Q,https://i.ytimg.com/vi/pSFyrrhKj1Q/maxresdefault.jpg,Nicki Minaj/Single/Nicki Minaj - Your Love (Official Video).mp3
Coi Leray & Nicki Minaj - Blick Blick! (Official Music Video),Nicki Minaj,Coi Leray,Single,usuk-rap,https://music.youtube.com/watch?v=1N1RwMOcjks,https://i.ytimg.com/vi/1N1RwMOcjks/maxresdefault.jpg,Nicki Minaj/Single/Coi Leray & Nicki Minaj - Blick Blick! (Official Music Video).mp3
Nicki Minaj - FTCU (Official Audio),Nicki Minaj,Nicki Minaj,Single,usuk-rap,https://music.youtube.com/watch?v=zE53Otfrr0k,https://i.ytimg.com/vi/zE53Otfrr0k/maxresdefault.jpg,Nicki Minaj/Single/Nicki Minaj - FTCU (Official Audio).mp3
Nicki Minaj - Va Va Voom (Explicit),Nicki Minaj,Nicki Minaj,Single,usuk-rap,https://music.youtube.com/watch?v=3U72hzeBLOw,https://i.ytimg.com/vi/3U72hzeBLOw/maxresdefault.jpg,Nicki Minaj/Single/Nicki Minaj - Va Va Voom (Explicit).mp3
Ludacris - My Chick Bad ft. Nicki Minaj,Nicki Minaj,Ludacris,Single,usuk-rap,https://music.youtube.com/watch?v=JqHliQijgvA,https://i.ytimg.com/vi/JqHliQijgvA/maxresdefault.jpg,Nicki Minaj/Single/Ludacris - My Chick Bad ft. Nicki Minaj.mp3
Trey Songz - Bottoms Up ft. Nicki Minaj [Official Music Video],Nicki Minaj,Trey Songz,Single,usuk-rap,https://music.youtube.com/watch?v=ekAXPCphKXQ,https://i.ytimg.com/vi/ekAXPCphKXQ/maxresdefault.jpg,Nicki Minaj/Single/Trey Songz - Bottoms Up ft. Nicki Minaj [Official Music Video].mp3
Nicki Minaj ft. Lil Baby - Do We Have A Problem? (Official Music Video),Nicki Minaj,Nicki Minaj,Single,usuk-rap,https://music.youtube.com/watch?v=yrGR11TDRYM,https://i.ytimg.com/vi/yrGR11TDRYM/maxresdefault.jpg,Nicki Minaj/Single/Nicki Minaj ft. Lil Baby - Do We Have A Problem? (Official Music Video).mp3
Nicki Minaj - Stupid Hoe (Explicit)(Official Video),Nicki Minaj,Nicki Minaj,Single,usuk-rap,https://music.youtube.com/watch?v=T6j4f8cHBIM,https://i.ytimg.com/vi/T6j4f8cHBIM/maxresdefault.jpg,Nicki Minaj/Single/Nicki Minaj - Stupid Hoe (Explicit)(Official Video).mp3
Nicki Minaj ft. Fivio Foreign - We Go Up (Official Video),Nicki Minaj,Nicki Minaj,Single,usuk-rap,https://music.youtube.com/watch?v=KSd4nGoNftg,https://i.ytimg.com/vi/KSd4nGoNftg/maxresdefault.jpg,Nicki Minaj/Single/Nicki Minaj ft. Fivio Foreign - We Go Up (Official Video).mp3
"will.i.am, Nicki Minaj - Check It Out",Nicki Minaj,will i am,Single,usuk-rap,https://music.youtube.com/watch?v=pqky5B179nM,https://i.ytimg.com/vi/pqky5B179nM/maxresdefault.jpg,"Nicki Minaj/Single/will.i.am, Nicki Minaj - Check It Out.mp3"
Mike WiLL Made-It - What That Speed Bout?! (feat. Nicki Minaj & YoungBoy Never Broke Again),Nicki Minaj,Mike WiLL Made-It,Single,usuk-rap,https://music.youtube.com/watch?v=BmzFSKGwx54,https://i.ytimg.com/vi/BmzFSKGwx54/maxresdefault.jpg,Nicki Minaj/Single/Mike WiLL Made-It - What That Speed Bout?! (feat. Nicki Minaj & YoungBoy Never Broke Again).mp3
Nicki Minaj - Right Thru Me (Clean) (Official Video),Nicki Minaj,Nicki Minaj,Single,usuk-rap,https://music.youtube.com/watch?v=5FJO6b8GL3M,https://i.ytimg.com/vi/5FJO6b8GL3M/maxresdefault.jpg,Nicki Minaj/Single/Nicki Minaj - Right Thru Me (Clean) (Official Video).mp3
Nicki Minaj - Yikes (Official Audio),Nicki Minaj,Nicki Minaj,Single,usuk-rap,https://music.youtube.com/watch?v=LOVxwVvUe_c,https://i.ytimg.com/vi/LOVxwVvUe_c/maxresdefault.jpg,Nicki Minaj/Single/Nicki Minaj - Yikes (Official Audio).mp3
"Nicki Minaj - Truffle Butter (Official Lyric Video) (Explicit) ft. Drake, Lil Wayne",Nicki Minaj,Nicki Minaj,Single,usuk-rap,https://music.youtube.com/watch?v=EUS_ONfxRnQ,https://i.ytimg.com/vi/EUS_ONfxRnQ/maxresdefault.jpg,"Nicki Minaj/Single/Nicki Minaj - Truffle Butter (Official Lyric Video) (Explicit) ft. Drake, Lil Wayne.mp3"
Monster,Nicki Minaj,"Kanye West, JAŸ-Z, Rick Ross, Nicki Minaj, Bon Iver",My Beautiful Dark Twisted Fantasy,usuk-rap,https://music.youtube.com/watch?v=pS6HRKZQLFA,https://i.ytimg.com/vi/pS6HRKZQLFA/maxresdefault.jpg,Nicki Minaj/My Beautiful Dark Twisted Fantasy/Monster.mp3
Nicki Minaj - Hard White,Nicki Minaj,Nicki Minaj,Single,usuk-rap,https://music.youtube.com/watch?v=ChotWwHqLpg,https://i.ytimg.com/vi/ChotWwHqLpg/maxresdefault.jpg,Nicki Minaj/Single/Nicki Minaj - Hard White.mp3
Nicki Minaj - Massive Attack ft. Sean Garrett,Nicki Minaj,Nicki Minaj,Single,usuk-rap,https://music.youtube.com/watch?v=2ZCUtnuAXg8,https://i.ytimg.com/vi/2ZCUtnuAXg8/maxresdefault.jpg,Nicki Minaj/Single/Nicki Minaj - Massive Attack ft. Sean Garrett.mp3
Make Me Proud,Nicki Minaj,"Drake, Nicki Minaj",Take Care,usuk-rap,https://music.youtube.com/watch?v=vtEL0uKO4tA,https://i.ytimg.com/vi/vtEL0uKO4tA/maxresdefault.jpg,Nicki Minaj/Take Care/Make Me Proud.mp3
Nicki Minaj - Big Foot (Official Audio),Nicki Minaj,Nicki Minaj,Single,usuk-rap,https://music.youtube.com/watch?v=vKkoBUPav3s,https://i.ytimg.com/vi/vKkoBUPav3s/maxresdefault.jpg,Nicki Minaj/Single/Nicki Minaj - Big Foot (Official Audio).mp3
"Nicki Minaj, Mike WiLL Made-It - Black Barbies (Audio)",Nicki Minaj,Mike WiLL Made-It,Single,usuk-rap,https://music.youtube.com/watch?v=cWFpjZkBbnU,https://i.ytimg.com/vi/cWFpjZkBbnU/maxresdefault.jpg,"Nicki Minaj/Single/Nicki Minaj, Mike WiLL Made-It - Black Barbies (Audio).mp3"
Sada Baby - Whole Lotta Choppas [Remix] (feat. Nicki Minaj) (Lyric Video),Nicki Minaj,Sada Baby,Single,usuk-rap,https://music.youtube.com/watch?v=KV3fVY0nHw4,https://i.ytimg.com/vi/KV3fVY0nHw4/maxresdefault.jpg,Nicki Minaj/Single/Sada Baby - Whole Lotta Choppas [Remix] (feat. Nicki Minaj) (Lyric Video).mp3
Nicki Minaj - Let Me Calm Down (Visualizer) ft. J. Cole,Nicki Minaj,Nicki Minaj,Single,usuk-rap,https://music.youtube.com/watch?v=BmYSeOIMLq4,https://i.ytimg.com/vi/BmYSeOIMLq4/maxresdefault.jpg,Nicki Minaj/Single/Nicki Minaj - Let Me Calm Down (Visualizer) ft. J. Cole.mp3
Nicki Minaj - Barbie Dangerous (Official Audio),Nicki Minaj,Nicki Minaj,Single,usuk-rap,https://music.youtube.com/watch?v=9UyqYiAZpsg,https://i.ytimg.com/vi/9UyqYiAZpsg/maxresdefault.jpg,Nicki Minaj/Single/Nicki Minaj - Barbie Dangerous (Official Audio).mp3
Nicki Minaj - Needle (feat. Drake) [Official Audio],Nicki Minaj,Nicki Minaj,Single,usuk-rap,https://music.youtube.com/watch?v=5KDy94cpTS4,https://i.ytimg.com/vi/5KDy94cpTS4/maxresdefault.jpg,Nicki Minaj/Single/Nicki Minaj - Needle (feat. Drake) [Official Audio].mp3
"Yung Bleu, Nicki Minaj - Love In The Way (Official Video)",Nicki Minaj,Yung Bleu,Single,usuk-rap,https://music.youtube.com/watch?v=FJM9DUzCKwE,https://i.ytimg.com/vi/FJM9DUzCKwE/maxresdefault.jpg,"Nicki Minaj/Single/Yung Bleu, Nicki Minaj - Love In The Way (Official Video).mp3"
Nicki Minaj - Last Time I Saw You (Official Lyric Video),Nicki Minaj,Nicki Minaj,Single,usuk-rap,https://music.youtube.com/watch?v=BPV6LuDn-fk,https://i.ytimg.com/vi/BPV6LuDn-fk/maxresdefault.jpg,Nicki Minaj/Single/Nicki Minaj - Last Time I Saw You (Official Lyric Video).mp3
"Nicki Minaj, Drake, Lil Wayne - Seeing Green (Behind the Scenes)",Nicki Minaj,Nicki Minaj,Single,usuk-rap,https://music.youtube.com/watch?v=CCLU07Kb_bY,https://i.ytimg.com/vi/CCLU07Kb_bY/maxresdefault.jpg,"Nicki Minaj/Single/Nicki Minaj, Drake, Lil Wayne - Seeing Green (Behind the Scenes).mp3"
Nicki Minaj - Fractions (Audio),Nicki Minaj,Nicki Minaj,Single,usuk-rap,https://music.youtube.com/watch?v=FLAvp6HtXf0,https://i.ytimg.com/vi/FLAvp6HtXf0/maxresdefault.jpg,Nicki Minaj/Single/Nicki Minaj - Fractions (Audio).mp3
Nicki Minaj - Did It On Em (Clean) (Official Video),Nicki Minaj,Nicki Minaj,Single,usuk-rap,https://music.youtube.com/watch?v=xzXDSWz3Nbw,https://i.ytimg.com/vi/xzXDSWz3Nbw/maxresdefault.jpg,Nicki Minaj/Single/Nicki Minaj - Did It On Em (Clean) (Official Video).mp3
Nicki Minaj - My Life (Official Audio),Nicki Minaj,Nicki Minaj,Single,usuk-rap,https://music.youtube.com/watch?v=7by2Cpx460A,https://i.ytimg.com/vi/7by2Cpx460A/maxresdefault.jpg,Nicki Minaj/Single/Nicki Minaj - My Life (Official Audio).mp3
"A$AP Ferg - Move Ya Hips (Official Video) ft. Nicki Minaj, MadeinTYO",Nicki Minaj,FERG,Single,usuk-rap,https://music.youtube.com/watch?v=ArYlvBGI5Vk,https://i.ytimg.com/vi/ArYlvBGI5Vk/maxresdefault.jpg,"Nicki Minaj/Single/A$AP Ferg - Move Ya Hips (Official Video) ft. Nicki Minaj, MadeinTYO.mp3"
Win Again,Nicki Minaj,Nicki Minaj,The Pinkprint,usuk-rap,https://music.youtube.com/watch?v=81AB_Rvy6DI,https://i.ytimg.com/vi/81AB_Rvy6DI/maxresdefault.jpg,Nicki Minaj/The Pinkprint/Win Again.mp3
Bed Of Lies,Nicki Minaj,"Nicki Minaj, Skylar Grey",The Pinkprint,usuk-rap,https://music.youtube.com/watch?v=nQelmot7LBU,https://i.ytimg.com/vi/nQelmot7LBU/maxresdefault.jpg,Nicki Minaj/The Pinkprint/Bed Of Lies.mp3
Megan Thee Stallion - Savage Remix (feat. Beyoncé) [TikTok Compilation],Megan Thee Stallion,Megan Thee Stallion,Single,usuk-rap,https://music.youtube.com/watch?v=VMWKgiohHaE,https://i.ytimg.com/vi/VMWKgiohHaE/sddefault.jpg,Megan Thee Stallion/Single/Megan Thee Stallion - Savage Remix (feat. Beyoncé) [TikTok Compilation].mp3
Megan Thee Stallion - HISS [Official Video],Megan Thee Stallion,Megan Thee Stallion,Single,usuk-rap,https://music.youtube.com/watch?v=XVgCLQ_JQfU,https://i.ytimg.com/vi/XVgCLQ_JQfU/maxresdefault.jpg,Megan Thee Stallion/Single/Megan Thee Stallion - HISS [Official Video].mp3
Cardi B - WAP feat. Megan Thee Stallion [Official Music Video],Megan Thee Stallion,Cardi B,Single,usuk-rap,https://music.youtube.com/watch?v=hsm4poTWjMs,https://i.ytimg.com/vi/hsm4poTWjMs/sddefault.jpg?v=5f32bb54,Megan Thee Stallion/Single/Cardi B - WAP feat. Megan Thee Stallion [Official Music Video].mp3
"GloRilla, Megan Thee Stallion - Wanna Be",Megan Thee Stallion,theofficialGloRilla,Single,usuk-rap,https://music.youtube.com/watch?v=BT_83vSP1es,https://i.ytimg.com/vi/BT_83vSP1es/maxresdefault.jpg,"Megan Thee Stallion/Single/GloRilla, Megan Thee Stallion - Wanna Be.mp3"
Megan Thee Stallion - Big Ole Freak [Official Video],Megan Thee Stallion,Megan Thee Stallion,Single,usuk-rap,https://music.youtube.com/watch?v=oBYf6gpVvRA,https://i.ytimg.com/vi/oBYf6gpVvRA/sddefault.jpg,Megan Thee Stallion/Single/Megan Thee Stallion - Big Ole Freak [Official Video].mp3
Megan Thee Stallion - Body [Official Video],Megan Thee Stallion,Megan Thee Stallion,Single,usuk-rap,https://music.youtube.com/watch?v=7PBYGu4Az8s,https://i.ytimg.com/vi/7PBYGu4Az8s/maxresdefault.jpg,Megan Thee Stallion/Single/Megan Thee Stallion - Body [Official Video].mp3
Megan Thee Stallion & Dua Lipa - Sweetest Pie [Official Video],Megan Thee Stallion,Megan Thee Stallion,Single,usuk-rap,https://music.youtube.com/watch?v=K7JrX7PHGBE,https://i.ytimg.com/vi/K7JrX7PHGBE/maxresdefault.jpg,Megan Thee Stallion/Single/Megan Thee Stallion & Dua Lipa - Sweetest Pie [Official Video].mp3
"Reneé Rapp, Megan Thee Stallion - Not My Fault (Official Music Video)",Megan Thee Stallion,Reneé Rapp,Single,usuk-rap,https://music.youtube.com/watch?v=C_kPDIXBCWQ,https://i.ytimg.com/vi/C_kPDIXBCWQ/maxresdefault.jpg,"Megan Thee Stallion/Single/Reneé Rapp, Megan Thee Stallion - Not My Fault (Official Music Video).mp3"
TWICE “Strategy (feat. Megan Thee Stallion)” M/V,Megan Thee Stallion,JYP Entertainment,Single,usuk-rap,https://music.youtube.com/watch?v=Sz_wWzgh-vQ,https://i.ytimg.com/vi/Sz_wWzgh-vQ/maxresdefault.jpg,Megan Thee Stallion/Single/TWICE “Strategy (feat. Megan Thee Stallion)” M_V.mp3
Megan Thee Stallion - Mamushi (feat. Yuki Chiba) [Official Video],Megan Thee Stallion,Megan Thee Stallion,Single,usuk-rap,https://music.youtube.com/watch?v=OdxSbc0ap-s,https://i.ytimg.com/vi/OdxSbc0ap-s/maxresdefault.jpg,Megan Thee Stallion/Single/Megan Thee Stallion - Mamushi (feat. Yuki Chiba) [Official Video].mp3
"DJ Snake, Ozuna, Megan Thee Stallion, LISA of BLACKPINK - SG (Official Music Video)",Megan Thee Stallion,DJ Snake,Single,usuk-rap,https://music.youtube.com/watch?v=tJXPfNDVF4I,https://i.ytimg.com/vi/tJXPfNDVF4I/maxresdefault.jpg,"Megan Thee Stallion/Single/DJ Snake, Ozuna, Megan Thee Stallion, LISA of BLACKPINK - SG (Official Music Video).mp3"
Maroon 5 - Beautiful Mistakes ft. Megan Thee Stallion (Official Music Video),Megan Thee Stallion,Maroon 5,Single,usuk-rap,https://music.youtube.com/watch?v=BSzSn-PRdtI,https://i.ytimg.com/vi/BSzSn-PRdtI/maxresdefault.jpg,Megan Thee Stallion/Single/Maroon 5 - Beautiful Mistakes ft. Megan Thee Stallion (Official Music Video).mp3
Cardi B - Bongos (feat. Megan Thee Stallion) [Official Music Video],Megan Thee Stallion,Cardi B,Single,usuk-rap,https://music.youtube.com/watch?v=Ux1f1Q8Zxhk,https://i.ytimg.com/vi/Ux1f1Q8Zxhk/maxresdefault.jpg,Megan Thee Stallion/Single/Cardi B - Bongos (feat. Megan Thee Stallion) [Official Music Video].mp3
Megan Thee Stallion - Neva Play (feat. RM) [Official Video],Megan Thee Stallion,Megan Thee Stallion,Single,usuk-rap,https://music.youtube.com/watch?v=TpYTyAaTRts,https://i.ytimg.com/vi/TpYTyAaTRts/maxresdefault.jpg,Megan Thee Stallion/Single/Megan Thee Stallion - Neva Play (feat. RM) [Official Video].mp3
Megan Thee Stallion - Cry Baby (feat. DaBaby) [Official Video],Megan Thee Stallion,Megan Thee Stallion,Single,usuk-rap,https://music.youtube.com/watch?v=AqaQsL-8I_M,https://i.ytimg.com/vi/AqaQsL-8I_M/maxresdefault.jpg,Megan Thee Stallion/Single/Megan Thee Stallion - Cry Baby (feat. DaBaby) [Official Video].mp3
Megan Thee Stallion - Captain Hook [Official Video],Megan Thee Stallion,Megan Thee Stallion,Single,usuk-rap,https://music.youtube.com/watch?v=n5LWsc-qCdA,https://i.ytimg.com/vi/n5LWsc-qCdA/maxresdefault.jpg,Megan Thee Stallion/Single/Megan Thee Stallion - Captain Hook [Official Video].mp3
"Ariana Grande - 34+35 (Remix) ft. Doja Cat, Megan Thee Stallion",Megan Thee Stallion,Ariana Grande,Single,usuk-rap,https://music.youtube.com/watch?v=ssq6X6alZ3w,https://i.ytimg.com/vi/ssq6X6alZ3w/maxresdefault.jpg,"Megan Thee Stallion/Single/Ariana Grande - 34+35 (Remix) ft. Doja Cat, Megan Thee Stallion.mp3"
Megan Thee Stallion - Hot Girl Summer ft. Nicki Minaj & Ty Dolla $ign [Official Video],Megan Thee Stallion,Megan Thee Stallion,Single,usuk-rap,https://music.youtube.com/watch?v=FbcLcSY2au4,https://i.ytimg.com/vi/FbcLcSY2au4/sddefault.jpg,Megan Thee Stallion/Single/Megan Thee Stallion - Hot Girl Summer ft. Nicki Minaj & Ty Dolla $ign [Official Video].mp3
Megan Thee Stallion - Cash Shit ft. Da Baby,Megan Thee Stallion,Megan Thee Stallion,Single,usuk-rap,https://music.youtube.com/watch?v=2Xe7OAFljOA,https://i.ytimg.com/vi/2Xe7OAFljOA/maxresdefault.jpg,Megan Thee Stallion/Single/Megan Thee Stallion - Cash Shit ft. Da Baby.mp3
Megan Thee Stallion - Bigger In Texas [Official Video],Megan Thee Stallion,Megan Thee Stallion,Single,usuk-rap,https://music.youtube.com/watch?v=QxTkZTLWdo4,https://i.ytimg.com/vi/QxTkZTLWdo4/maxresdefault.jpg,Megan Thee Stallion/Single/Megan Thee Stallion - Bigger In Texas [Official Video].mp3
Megan Thee Stallion - Don’t Stop (feat. Young Thug) [Official Video],Megan Thee Stallion,Megan Thee Stallion,Single,usuk-rap,https://music.youtube.com/watch?v=6iuwBio5EUA,https://i.ytimg.com/vi/6iuwBio5EUA/maxresdefault.jpg,Megan Thee Stallion/Single/Megan Thee Stallion - Don’t Stop (feat. Young Thug) [Official Video].mp3
Megan Thee Stallion - Thot Shit [Official Video],Megan Thee Stallion,Megan Thee Stallion,Single,usuk-rap,https://music.youtube.com/watch?v=KynkMn5Hv3Q,https://i.ytimg.com/vi/KynkMn5Hv3Q/maxresdefault.jpg,Megan Thee Stallion/Single/Megan Thee Stallion - Thot Shit [Official Video].mp3
"Moneybagg Yo, Megan Thee Stallion - All Dat (Official Music Video)",Megan Thee Stallion,MoneyBagg Yo,Single,usuk-rap,https://music.youtube.com/watch?v=FEUaB2jV_kM,https://i.ytimg.com/vi/FEUaB2jV_kM/maxresdefault.jpg,"Megan Thee Stallion/Single/Moneybagg Yo, Megan Thee Stallion - All Dat (Official Music Video).mp3"
Megan Thee Stallion - Cobra [Official Video],Megan Thee Stallion,Megan Thee Stallion,Single,usuk-rap,https://music.youtube.com/watch?v=DOZNRoL0310,https://i.ytimg.com/vi/DOZNRoL0310/maxresdefault.jpg,Megan Thee Stallion/Single/Megan Thee Stallion - Cobra [Official Video].mp3
Megan Thee Stallion - BOA [Official Video],Megan Thee Stallion,Megan Thee Stallion,Single,usuk-rap,https://music.youtube.com/watch?v=TKQY2ZlIEjY,https://i.ytimg.com/vi/TKQY2ZlIEjY/maxresdefault.jpg,Megan Thee Stallion/Single/Megan Thee Stallion - BOA [Official Video].mp3
Megan Thee Stallion - B.I.T.C.H. [Official Video],Megan Thee Stallion,Megan Thee Stallion,Single,usuk-rap,https://music.youtube.com/watch?v=BF8TE5qsOCs,https://i.ytimg.com/vi/BF8TE5qsOCs/maxresdefault.jpg,Megan Thee Stallion/Single/Megan Thee Stallion - B.I.T.C.H. [Official Video].mp3
Megan Thee Stallion - Plan B [Official Video],Megan Thee Stallion,Megan Thee Stallion,Single,usuk-rap,https://music.youtube.com/watch?v=qQuQ8zDxGh0,https://i.ytimg.com/vi/qQuQ8zDxGh0/maxresdefault.jpg,Megan Thee Stallion/Single/Megan Thee Stallion - Plan B [Official Video].mp3
Megan Thee Stallion - Roc Steady (feat. Flo Milli) [Official Video],Megan Thee Stallion,Megan Thee Stallion,Single,usuk-rap,https://music.youtube.com/watch?v=HozPPyqW0dY,https://i.ytimg.com/vi/HozPPyqW0dY/maxresdefault.jpg,Megan Thee Stallion/Single/Megan Thee Stallion - Roc Steady (feat. Flo Milli) [Official Video].mp3
Cognac Queen,Megan Thee Stallion,Megan Thee Stallion,Tina Snow,usuk-rap,https://music.youtube.com/watch?v=GGwVkl56DNo,https://i.ytimg.com/vi/GGwVkl56DNo/maxresdefault.jpg,Megan Thee Stallion/Tina Snow/Cognac Queen.mp3
Freak Nasty - Megan Thee Stallion,Megan Thee Stallion,Megan Thee Stallion,Single,usuk-rap,https://music.youtube.com/watch?v=DNVuhP8ehdo,https://i.ytimg.com/vi/DNVuhP8ehdo/maxresdefault.jpg,Megan Thee Stallion/Single/Freak Nasty - Megan Thee Stallion.mp3
Wale - Pole Dancer (feat. Megan Thee Stallion) [Official Music Video],Megan Thee Stallion,Wale,Single,usuk-rap,https://music.youtube.com/watch?v=Wa1uS6Ed7YU,https://i.ytimg.com/vi/Wa1uS6Ed7YU/maxresdefault.jpg,Megan Thee Stallion/Single/Wale - Pole Dancer (feat. Megan Thee Stallion) [Official Music Video].mp3
"Shenseea, Megan Thee Stallion - Lick (Official Music Video)",Megan Thee Stallion,Shenseea,Single,usuk-rap,https://music.youtube.com/watch?v=R6jzbvIua08,https://i.ytimg.com/vi/R6jzbvIua08/maxresdefault.jpg,"Megan Thee Stallion/Single/Shenseea, Megan Thee Stallion - Lick (Official Music Video).mp3"
Megan Thee Stallion & Normani (Birds of Prey: The Album) - Diamonds [Official Music Video],Megan Thee Stallion,Atlantic Records,Single,usuk-rap,https://music.youtube.com/watch?v=r1MxCSRWgI0,https://i.ytimg.com/vi/r1MxCSRWgI0/maxresdefault.jpg,Megan Thee Stallion/Single/Megan Thee Stallion & Normani (Birds of Prey_ The Album) - Diamonds [Official Music Video].mp3
Megan Thee Stallion - Her [Official Video],Megan Thee Stallion,Megan Thee Stallion,Single,usuk-rap,https://music.youtube.com/watch?v=u_v2Rv4l-C0,https://i.ytimg.com/vi/u_v2Rv4l-C0/maxresdefault.jpg,Megan Thee Stallion/Single/Megan Thee Stallion - Her [Official Video].mp3
OTAKU HOT GIRL (Japan BTS),Megan Thee Stallion,Megan Thee Stallion,Single,usuk-rap,https://music.youtube.com/watch?v=6t4Idr4Xq-Q,https://i.ytimg.com/vi/6t4Idr4Xq-Q/maxresdefault.jpg,Megan Thee Stallion/Single/OTAKU HOT GIRL (Japan BTS).mp3
Megan Thee Stallion x VickeeLo – Ride Or Die [Official Video],Megan Thee Stallion,Megan Thee Stallion,Single,usuk-rap,https://music.youtube.com/watch?v=HS5MHrCsE5U,https://i.ytimg.com/vi/HS5MHrCsE5U/hqdefault.jpg,Megan Thee Stallion/Single/Megan Thee Stallion x VickeeLo – Ride Or Die [Official Video].mp3
Megan Thee Stallion - Sex Talk [Official Audio],Megan Thee Stallion,Megan Thee Stallion,Single,usuk-rap,https://music.youtube.com/watch?v=9X01nwNL13k,https://i.ytimg.com/vi/9X01nwNL13k/maxresdefault.jpg,Megan Thee Stallion/Single/Megan Thee Stallion - Sex Talk [Official Audio].mp3
Megan Thee Stallion X MoneyBaggYo- Make A Bag,Megan Thee Stallion,Megan Thee Stallion,Single,usuk-rap,https://music.youtube.com/watch?v=o0fmU7rnS4Q,https://i.ytimg.com/vi/o0fmU7rnS4Q/maxresdefault.jpg,Megan Thee Stallion/Single/Megan Thee Stallion X MoneyBaggYo- Make A Bag.mp3
Cocky Af,Megan Thee Stallion,Megan Thee Stallion,Tina Snow,usuk-rap,https://music.youtube.com/watch?v=VgOLLAy0iSo,https://i.ytimg.com/vi/VgOLLAy0iSo/maxresdefault.jpg,Megan Thee Stallion/Tina Snow/Cocky Af.mp3
The Weeknd - Starboy ft. Daft Punk (Official Video) ft. Daft Punk,The Weeknd,The Weeknd,Single,usuk-rnb,https://music.youtube.com/watch?v=34Na4j8AVgA,https://i.ytimg.com/vi/34Na4j8AVgA/maxresdefault.jpg,The Weeknd/Single/The Weeknd - Starboy ft. Daft Punk (Official Video) ft. Daft Punk.mp3
The Weeknd - Cry For Me (Official Music Video),The Weeknd,The Weeknd,Single,usuk-rnb,https://music.youtube.com/watch?v=bn8gP5N8hqM,https://i.ytimg.com/vi/bn8gP5N8hqM/maxresdefault.jpg,The Weeknd/Single/The Weeknd - Cry For Me (Official Music Video).mp3
The Weeknd - Blinding Lights (Official Video),The Weeknd,The Weeknd,Single,usuk-rnb,https://music.youtube.com/watch?v=4NRXx6U8ABQ,https://i.ytimg.com/vi/4NRXx6U8ABQ/maxresdefault.jpg,The Weeknd/Single/The Weeknd - Blinding Lights (Official Video).mp3
The Weeknd & Ariana Grande - Save Your Tears (Remix) (Official Video),The Weeknd,The Weeknd,Single,usuk-rnb,https://music.youtube.com/watch?v=LIIDh-qI9oI,https://i.ytimg.com/vi/LIIDh-qI9oI/maxresdefault.jpg,The Weeknd/Single/The Weeknd & Ariana Grande - Save Your Tears (Remix) (Official Video).mp3
The Weeknd - Can't Feel My Face (Official Video),The Weeknd,The Weeknd,Single,usuk-rnb,https://music.youtube.com/watch?v=KEI4qSrkPAs,https://i.ytimg.com/vi/KEI4qSrkPAs/maxresdefault.jpg,The Weeknd/Single/The Weeknd - Can't Feel My Face (Official Video).mp3
The Weeknd - The Hills,The Weeknd,The Weeknd,Single,usuk-rnb,https://music.youtube.com/watch?v=yzTuBuRdAyA,https://i.ytimg.com/vi/yzTuBuRdAyA/maxresdefault.jpg,The Weeknd/Single/The Weeknd - The Hills.mp3
The Weeknd - I Feel It Coming ft. Daft Punk (Official Video),The Weeknd,The Weeknd,Single,usuk-rnb,https://music.youtube.com/watch?v=qFLhGq0060w,https://i.ytimg.com/vi/qFLhGq0060w/maxresdefault.jpg,The Weeknd/Single/The Weeknd - I Feel It Coming ft. Daft Punk (Official Video).mp3
"The Weeknd, Playboi Carti - Timeless",The Weeknd,The Weeknd,Single,usuk-rnb,https://music.youtube.com/watch?v=5EpyN_6dqyk,https://i.ytimg.com/vi/5EpyN_6dqyk/maxresdefault.jpg,"The Weeknd/Single/The Weeknd, Playboi Carti - Timeless.mp3"
The Weeknd - Call Out My Name (Official Video),The Weeknd,The Weeknd,Single,usuk-rnb,https://music.youtube.com/watch?v=M4ZoCHID9GI,https://i.ytimg.com/vi/M4ZoCHID9GI/maxresdefault.jpg,The Weeknd/Single/The Weeknd - Call Out My Name (Official Video).mp3
Future - Low Life (Official Music Video) ft. The Weeknd,The Weeknd,Future,Single,usuk-rnb,https://music.youtube.com/watch?v=K_9tX4eHztY,https://i.ytimg.com/vi/K_9tX4eHztY/maxresdefault.jpg,The Weeknd/Single/Future - Low Life (Official Music Video) ft. The Weeknd.mp3
"Doja Cat, The Weeknd - You Right (Official Video)",The Weeknd,Doja Cat,Single,usuk-rnb,https://music.youtube.com/watch?v=JXgV1rXUoME,https://i.ytimg.com/vi/JXgV1rXUoME/maxresdefault.jpg,"The Weeknd/Single/Doja Cat, The Weeknd - You Right (Official Video).mp3"
"Ariana Grande, The Weeknd - Love Me Harder",The Weeknd,Ariana Grande,Single,usuk-rnb,https://music.youtube.com/watch?v=g5qU7p7yOY8,https://i.ytimg.com/vi/g5qU7p7yOY8/maxresdefault.jpg,"The Weeknd/Single/Ariana Grande, The Weeknd - Love Me Harder.mp3"
The Weeknd - Earned It (Fifty Shades Of Grey),The Weeknd,The Weeknd,Single,usuk-rnb,https://music.youtube.com/watch?v=waU75jdUnYw,https://i.ytimg.com/vi/waU75jdUnYw/maxresdefault.jpg,The Weeknd/Single/The Weeknd - Earned It (Fifty Shades Of Grey).mp3
The Weeknd - Reminder (Official Video),The Weeknd,The Weeknd,Single,usuk-rnb,https://music.youtube.com/watch?v=JZjAg6fK-BQ,https://i.ytimg.com/vi/JZjAg6fK-BQ/maxresdefault.jpg,The Weeknd/Single/The Weeknd - Reminder (Official Video).mp3
The Weeknd - Often (NSFW) (Official Video),The Weeknd,The Weeknd,Single,usuk-rnb,https://music.youtube.com/watch?v=JPIhUaONiLU,https://i.ytimg.com/vi/JPIhUaONiLU/maxresdefault.jpg,The Weeknd/Single/The Weeknd - Often (NSFW) (Official Video).mp3
The Weeknd - After Hours (Audio),The Weeknd,The Weeknd,Single,usuk-rnb,https://music.youtube.com/watch?v=ygTZZpVkmKg,https://i.ytimg.com/vi/ygTZZpVkmKg/maxresdefault.jpg,The Weeknd/Single/The Weeknd - After Hours (Audio).mp3
The Weeknd - Dancing In The Flames (Official Music Video),The Weeknd,The Weeknd,Single,usuk-rnb,https://music.youtube.com/watch?v=MLlSSJ0z7xM,https://i.ytimg.com/vi/MLlSSJ0z7xM/maxresdefault.jpg,The Weeknd/Single/The Weeknd - Dancing In The Flames (Official Music Video).mp3
Swedish House Mafia and The Weeknd - Moth To A Flame (Official Video),The Weeknd,The Weeknd,Single,usuk-rnb,https://music.youtube.com/watch?v=u9n7Cw-4_HQ,https://i.ytimg.com/vi/u9n7Cw-4_HQ/maxresdefault.jpg,The Weeknd/Single/Swedish House Mafia and The Weeknd - Moth To A Flame (Official Video).mp3
The Weeknd - Take My Breath (Official Music Video),The Weeknd,The Weeknd,Single,usuk-rnb,https://music.youtube.com/watch?v=rhTl_OyehF8,https://i.ytimg.com/vi/rhTl_OyehF8/maxresdefault.jpg,The Weeknd/Single/The Weeknd - Take My Breath (Official Music Video).mp3
The Weeknd - São Paulo (Official Music Video),The Weeknd,The Weeknd,Single,usuk-rnb,https://music.youtube.com/watch?v=2kjolTLZ_Mg,https://i.ytimg.com/vi/2kjolTLZ_Mg/maxresdefault.jpg,The Weeknd/Single/The Weeknd - São Paulo (Official Music Video).mp3
The Weeknd - Out of Time,The Weeknd,The Weeknd,Single,usuk-rnb,https://music.youtube.com/watch?v=2fDzCWNS3ig,https://i.ytimg.com/vi/2fDzCWNS3ig/maxresdefault.jpg,The Weeknd/Single/The Weeknd - Out of Time.mp3
The Weeknd - Heartless (Official Video),The Weeknd,The Weeknd,Single,usuk-rnb,https://music.youtube.com/watch?v=1DpH-icPpl0,https://i.ytimg.com/vi/1DpH-icPpl0/maxresdefault.jpg,The Weeknd/Single/The Weeknd - Heartless (Official Video).mp3
"The Weeknd, Kendrick Lamar - Pray For Me (Official Lyric Video)",The Weeknd,The Weeknd,Single,usuk-rnb,https://music.youtube.com/watch?v=XR7Ev14vUh8,https://i.ytimg.com/vi/XR7Ev14vUh8/maxresdefault.jpg,"The Weeknd/Single/The Weeknd, Kendrick Lamar - Pray For Me (Official Lyric Video).mp3"
Gesaffelstein & The Weeknd - Lost in the Fire (Official Video),The Weeknd,GesaffelsteinChannel,Single,usuk-rnb,https://music.youtube.com/watch?v=ZGDGdRIxvd0,https://i.ytimg.com/vi/ZGDGdRIxvd0/maxresdefault.jpg,The Weeknd/Single/Gesaffelstein & The Weeknd - Lost in the Fire (Official Video).mp3
The Weeknd - Die For You,The Weeknd,The Weeknd,Single,usuk-rnb,https://music.youtube.com/watch?v=uPD0QOGTmMI,https://i.ytimg.com/vi/uPD0QOGTmMI/maxresdefault.jpg,The Weeknd/Single/The Weeknd - Die For You.mp3
"Post Malone, The Weeknd - One Right Now",The Weeknd,Post Malone,Single,usuk-rnb,https://music.youtube.com/watch?v=Tc0tLGWIqxA,https://i.ytimg.com/vi/Tc0tLGWIqxA/maxresdefault.jpg,"The Weeknd/Single/Post Malone, The Weeknd - One Right Now.mp3"
"Maluma, The Weeknd - Hawái (Remix - Official Video)",The Weeknd,Maluma,Single,usuk-rnb,https://music.youtube.com/watch?v=91vECNhvmMY,https://i.ytimg.com/vi/91vECNhvmMY/maxresdefault.jpg,"The Weeknd/Single/Maluma, The Weeknd - Hawái (Remix - Official Video).mp3"
The Weeknd - Wicked Games (Official Video - Explicit),The Weeknd,The Weeknd,Single,usuk-rnb,https://music.youtube.com/watch?v=O1OTWCd40bc,https://i.ytimg.com/vi/O1OTWCd40bc/maxresdefault.jpg,The Weeknd/Single/The Weeknd - Wicked Games (Official Video - Explicit).mp3
The Weeknd - Party Monster (Official Video),The Weeknd,The Weeknd,Single,usuk-rnb,https://music.youtube.com/watch?v=diW6jXhLE0E,https://i.ytimg.com/vi/diW6jXhLE0E/maxresdefault.jpg,The Weeknd/Single/The Weeknd - Party Monster (Official Video).mp3
The Weeknd - Sacrifice,The Weeknd,The Weeknd,Single,usuk-rnb,https://music.youtube.com/watch?v=VafTMsrnSTU,https://i.ytimg.com/vi/VafTMsrnSTU/maxresdefault.jpg,The Weeknd/Single/The Weeknd - Sacrifice.mp3
One Of The Girls (Sped Up),The Weeknd,"The Weeknd, JENNIE, Lily Rose Depp",One of the Girls,usuk-rnb,https://music.youtube.com/watch?v=O5u4imeFtgk,https://i.ytimg.com/vi/O5u4imeFtgk/maxresdefault.jpg,The Weeknd/One of the Girls/One Of The Girls (Sped Up).mp3
The Weeknd - In The Night (Official Video),The Weeknd,The Weeknd,Single,usuk-rnb,https://music.youtube.com/watch?v=2iFa5We6zqw,https://i.ytimg.com/vi/2iFa5We6zqw/maxresdefault.jpg,The Weeknd/Single/The Weeknd - In The Night (Official Video).mp3
The Weeknd - Wasted Times (Official Audio),The Weeknd,The Weeknd,Single,usuk-rnb,https://music.youtube.com/watch?v=R0rKB_bsUNg,https://i.ytimg.com/vi/R0rKB_bsUNg/maxresdefault.jpg,The Weeknd/Single/The Weeknd - Wasted Times (Official Audio).mp3
The Weeknd - Tell Your Friends (Official Video),The Weeknd,The Weeknd,Single,usuk-rnb,https://music.youtube.com/watch?v=j1ngEIxopUU,https://i.ytimg.com/vi/j1ngEIxopUU/maxresdefault.jpg,The Weeknd/Single/The Weeknd - Tell Your Friends (Official Video).mp3
The Weeknd - Niagara Falls (Audio),The Weeknd,The Weeknd,Single,usuk-rnb,https://music.youtube.com/watch?v=HxWx5UuznGI,https://i.ytimg.com/vi/HxWx5UuznGI/maxresdefault.jpg,The Weeknd/Single/The Weeknd - Niagara Falls (Audio).mp3
Crew Love,The Weeknd,"Drake, The Weeknd",Take Care,usuk-rnb,https://music.youtube.com/watch?v=WL-3zvnUomk,https://i.ytimg.com/vi/WL-3zvnUomk/maxresdefault.jpg,The Weeknd/Take Care/Crew Love.mp3
The Weeknd - High For This,The Weeknd,The Weeknd,Single,usuk-rnb,https://music.youtube.com/watch?v=sX9DgavXiN4,https://i.ytimg.com/vi/sX9DgavXiN4/maxresdefault.jpg,The Weeknd/Single/The Weeknd - High For This.mp3
"Calvin Harris, The Weeknd - Over Now (Official Video)",The Weeknd,Calvin Harris,Single,usuk-rnb,https://music.youtube.com/watch?v=quFlP3cRCFs,https://i.ytimg.com/vi/quFlP3cRCFs/maxresdefault.jpg,"The Weeknd/Single/Calvin Harris, The Weeknd - Over Now (Official Video).mp3"
The Weeknd - The Morning,The Weeknd,The Weeknd,Single,usuk-rnb,https://music.youtube.com/watch?v=5TAko3RH0bk,https://i.ytimg.com/vi/5TAko3RH0bk/hqdefault.jpg?sqp=-oaymwEmCOADEOgC8quKqQMa8AEB-AH-CYAC0AWKAgwIABABGGUgZShlMA8=&rs=AOn4CLAFSvMIfjNWlkKoEKXpKrMNwu0Kcw,The Weeknd/Single/The Weeknd - The Morning.mp3
The Weeknd - How Do I Make You Love Me? (Official Music Video),The Weeknd,The Weeknd,Single,usuk-rnb,https://music.youtube.com/watch?v=VLMo0rthnoo,https://i.ytimg.com/vi/VLMo0rthnoo/maxresdefault.jpg,The Weeknd/Single/The Weeknd - How Do I Make You Love Me? (Official Music Video).mp3
The Weeknd - House Of Balloons / Glass Table Girls,The Weeknd,The Weeknd,Single,usuk-rnb,https://music.youtube.com/watch?v=8ex38L8xtNI,https://i.ytimg.com/vi/8ex38L8xtNI/maxresdefault.jpg,The Weeknd/Single/The Weeknd - House Of Balloons _ Glass Table Girls.mp3
The Weeknd - Gasoline (Official Music Video),The Weeknd,The Weeknd,Single,usuk-rnb,https://music.youtube.com/watch?v=iOa7uE23qc4,https://i.ytimg.com/vi/iOa7uE23qc4/maxresdefault.jpg,The Weeknd/Single/The Weeknd - Gasoline (Official Music Video).mp3
"Belly, The Weeknd - Die For It ft. Nas",The Weeknd,Belly,Single,usuk-rnb,https://music.youtube.com/watch?v=UXW9ldj_2wM,https://i.ytimg.com/vi/UXW9ldj_2wM/maxresdefault.jpg,"The Weeknd/Single/Belly, The Weeknd - Die For It ft. Nas.mp3"
The Weeknd - What You Need,The Weeknd,The Weeknd,Single,usuk-rnb,https://music.youtube.com/watch?v=PGCVhhUxnp8,https://i.ytimg.com/vi/PGCVhhUxnp8/maxresdefault.jpg,The Weeknd/Single/The Weeknd - What You Need.mp3
FKA twigs - Tears In The Club (feat. The Weeknd) [Official Video],The Weeknd,FKA twigs,Single,usuk-rnb,https://music.youtube.com/watch?v=cZTKjzAJLCk,https://i.ytimg.com/vi/cZTKjzAJLCk/maxresdefault.jpg,The Weeknd/Single/FKA twigs - Tears In The Club (feat. The Weeknd) [Official Video].mp3
6 Inch,The Weeknd,"Beyoncé, The Weeknd",Lemonade,usuk-rnb,https://music.youtube.com/watch?v=UKMmfBkrhtY,https://i.ytimg.com/vi/UKMmfBkrhtY/maxresdefault.jpg,The Weeknd/Lemonade/6 Inch.mp3
The Weeknd - Give Me Mercy (Audio),The Weeknd,The Weeknd,Single,usuk-rnb,https://music.youtube.com/watch?v=cVoO8ZYXkrQ,https://i.ytimg.com/vi/cVoO8ZYXkrQ/maxresdefault.jpg,The Weeknd/Single/The Weeknd - Give Me Mercy (Audio).mp3
"The Weeknd ft. Tyler, The Creator - Here We Go… Again (Official Lyric Video)",The Weeknd,The Weeknd,Single,usuk-rnb,https://music.youtube.com/watch?v=rhVqSATlmQs,https://i.ytimg.com/vi/rhVqSATlmQs/maxresdefault.jpg,"The Weeknd/Single/The Weeknd ft. Tyler, The Creator - Here We Go… Again (Official Lyric Video).mp3"
"The Weeknd, Summer Walker - Best Friends (Remix)",The Weeknd,The Weeknd,Single,usuk-rnb,https://music.youtube.com/watch?v=wsRFSpjvZyg,https://i.ytimg.com/vi/wsRFSpjvZyg/maxresdefault.jpg,"The Weeknd/Single/The Weeknd, Summer Walker - Best Friends (Remix).mp3"
Aaliyah & The Weeknd - Poison (Official Visualizer),The Weeknd,Blackground Records 2.0,Single,usuk-rnb,https://music.youtube.com/watch?v=a0T4N-ngxjw,https://i.ytimg.com/vi/a0T4N-ngxjw/maxresdefault.jpg,The Weeknd/Single/Aaliyah & The Weeknd - Poison (Official Visualizer).mp3
The Weeknd - Kiss Land (Official Video),The Weeknd,The Weeknd,Single,usuk-rnb,https://music.youtube.com/watch?v=Wq6V9YpE1aE,https://i.ytimg.com/vi/Wq6V9YpE1aE/maxresdefault.jpg,The Weeknd/Single/The Weeknd - Kiss Land (Official Video).mp3
SZA - Snooze (Official Video),SZA,SZA,Single,usuk-rnb,https://music.youtube.com/watch?v=LDY_XyxBu8A,https://i.ytimg.com/vi/LDY_XyxBu8A/maxresdefault.jpg,SZA/Single/SZA - Snooze (Official Video).mp3
SZA - Saturn,SZA,SZA,Single,usuk-rnb,https://music.youtube.com/watch?v=V2G8ESoDXm8,https://i.ytimg.com/vi/V2G8ESoDXm8/maxresdefault.jpg,SZA/Single/SZA - Saturn.mp3
"Kendrick Lamar, SZA - All The Stars",SZA,Kendrick Lamar,Single,usuk-rnb,https://music.youtube.com/watch?v=JQbjS0_ZfJ0,https://i.ytimg.com/vi/JQbjS0_ZfJ0/maxresdefault.jpg,"SZA/Single/Kendrick Lamar, SZA - All The Stars.mp3"
SZA - Nobody Gets Me (Official Video),SZA,SZA,Single,usuk-rnb,https://music.youtube.com/watch?v=NNd_ufPG3x4,https://i.ytimg.com/vi/NNd_ufPG3x4/maxresdefault.jpg,SZA/Single/SZA - Nobody Gets Me (Official Video).mp3
SZA - BMF (Official Audio),SZA,SZA,Single,usuk-rnb,https://music.youtube.com/watch?v=hWjwNgiLMgA,https://i.ytimg.com/vi/hWjwNgiLMgA/maxresdefault.jpg,SZA/Single/SZA - BMF (Official Audio).mp3
"Kendrick Lamar, SZA - luther",SZA,Kendrick Lamar,Single,usuk-rnb,https://music.youtube.com/watch?v=sNY_2TEmzho,https://i.ytimg.com/vi/sNY_2TEmzho/maxresdefault.jpg,"SZA/Single/Kendrick Lamar, SZA - luther.mp3"
SZA - Open Arms (Lyric Video) ft. Travis Scott,SZA,SZA,Single,usuk-rnb,https://music.youtube.com/watch?v=Oyn2GzEV5JM,https://i.ytimg.com/vi/Oyn2GzEV5JM/maxresdefault.jpg,SZA/Single/SZA - Open Arms (Lyric Video) ft. Travis Scott.mp3
SZA - Kill Bill (Official Video),SZA,SZA,Single,usuk-rnb,https://music.youtube.com/watch?v=MSRcC626prw,https://i.ytimg.com/vi/MSRcC626prw/maxresdefault.jpg,SZA/Single/SZA - Kill Bill (Official Video).mp3
Doja Cat - Kiss Me More (Official Video) ft. SZA,SZA,Doja Cat,Single,usuk-rnb,https://music.youtube.com/watch?v=0EVVKs6DQLo,https://i.ytimg.com/vi/0EVVKs6DQLo/maxresdefault.jpg,SZA/Single/Doja Cat - Kiss Me More (Official Video) ft. SZA.mp3
SZA - 30 For 30 feat. Kendrick Lamar (Official Audio),SZA,SZA,Single,usuk-rnb,https://music.youtube.com/watch?v=NEnephbahLA,https://i.ytimg.com/vi/NEnephbahLA/maxresdefault.jpg,SZA/Single/SZA - 30 For 30 feat. Kendrick Lamar (Official Audio).mp3
SZA - Good Days (Lyric Video),SZA,SZA,Single,usuk-rnb,https://music.youtube.com/watch?v=IGHSYEzCp9c,https://i.ytimg.com/vi/IGHSYEzCp9c/maxresdefault.jpg,SZA/Single/SZA - Good Days (Lyric Video).mp3
SZA - Broken Clocks (Official Video),SZA,SZA,Single,usuk-rnb,https://music.youtube.com/watch?v=zVc-K1kKkVk,https://i.ytimg.com/vi/zVc-K1kKkVk/maxresdefault.jpg,SZA/Single/SZA - Broken Clocks (Official Video).mp3
SZA - Shirt (Official Video),SZA,SZA,Single,usuk-rnb,https://music.youtube.com/watch?v=hdFDrjfW548,https://i.ytimg.com/vi/hdFDrjfW548/maxresdefault.jpg,SZA/Single/SZA - Shirt (Official Video).mp3
SZA - I Hate U (Visualizer),SZA,SZA,Single,usuk-rnb,https://music.youtube.com/watch?v=xEAEDKzjQTY,https://i.ytimg.com/vi/xEAEDKzjQTY/maxresdefault.jpg,SZA/Single/SZA - I Hate U (Visualizer).mp3
SZA - Low (Lyric Video),SZA,SZA,Single,usuk-rnb,https://music.youtube.com/watch?v=8RdnZpZUmCA,https://i.ytimg.com/vi/8RdnZpZUmCA/maxresdefault.jpg,SZA/Single/SZA - Low (Lyric Video).mp3
SZA - The Weekend (Official Video),SZA,SZA,Single,usuk-rnb,https://music.youtube.com/watch?v=cMD63TwzB1o,https://i.ytimg.com/vi/cMD63TwzB1o/maxresdefault.jpg,SZA/Single/SZA - The Weekend (Official Video).mp3
SZA - Love Galore (Official Video) ft. Travis Scott,SZA,SZA,Single,usuk-rnb,https://music.youtube.com/watch?v=hHXfCOjb3fk,https://i.ytimg.com/vi/hHXfCOjb3fk/maxresdefault.jpg,SZA/Single/SZA - Love Galore (Official Video) ft. Travis Scott.mp3
SZA - Doves In The Wind (Official Video) ft. Kendrick Lamar,SZA,SZA,Single,usuk-rnb,https://music.youtube.com/watch?v=Zg165-mZ7x8,https://i.ytimg.com/vi/Zg165-mZ7x8/maxresdefault.jpg,SZA/Single/SZA - Doves In The Wind (Official Video) ft. Kendrick Lamar.mp3
SZA - Awkward (Audio),SZA,SZA,Single,usuk-rnb,https://music.youtube.com/watch?v=p_11tLegwF0,https://i.ytimg.com/vi/p_11tLegwF0/maxresdefault.jpg,SZA/Single/SZA - Awkward (Audio).mp3
SZA - Hit Different (Official Video) ft. Ty Dolla $ign,SZA,SZA,Single,usuk-rnb,https://music.youtube.com/watch?v=qJlMkMtK7-8,https://i.ytimg.com/vi/qJlMkMtK7-8/maxresdefault.jpg,SZA/Single/SZA - Hit Different (Official Video) ft. Ty Dolla $ign.mp3
SZA - Crybaby (Official Audio),SZA,SZA,Single,usuk-rnb,https://music.youtube.com/watch?v=xuZDP6uSD-Q,https://i.ytimg.com/vi/xuZDP6uSD-Q/maxresdefault.jpg,SZA/Single/SZA - Crybaby (Official Audio).mp3
SZA - Drive (Official Video),SZA,SZA,Single,usuk-rnb,https://music.youtube.com/watch?v=1Wdzodfx87s,https://i.ytimg.com/vi/1Wdzodfx87s/maxresdefault.jpg,SZA/Single/SZA - Drive (Official Video).mp3
Cardi B - I Do feat. SZA [Official Audio],SZA,Cardi B,Single,usuk-rnb,https://music.youtube.com/watch?v=Psn0fiNaHOw,https://i.ytimg.com/vi/Psn0fiNaHOw/sddefault.jpg,SZA/Single/Cardi B - I Do feat. SZA [Official Audio].mp3
DJ Khaled - Just Us (Official Video) ft. SZA,SZA,DJ Khaled,Single,usuk-rnb,https://music.youtube.com/watch?v=uzaQ37EYJ1k,https://i.ytimg.com/vi/uzaQ37EYJ1k/maxresdefault.jpg,SZA/Single/DJ Khaled - Just Us (Official Video) ft. SZA.mp3
SZA - Normal Girl (Official Audio),SZA,SZA,Single,usuk-rnb,https://music.youtube.com/watch?v=_R2LiwXtuLQ,https://i.ytimg.com/vi/_R2LiwXtuLQ/maxresdefault.jpg,SZA/Single/SZA - Normal Girl (Official Audio).mp3
"SZA, The Weeknd, Travis Scott - Power Is Power (Official Video)",SZA,The Weeknd,Single,usuk-rnb,https://music.youtube.com/watch?v=IfCuarZqJzM,https://i.ytimg.com/vi/IfCuarZqJzM/maxresdefault.jpg,"SZA/Single/SZA, The Weeknd, Travis Scott - Power Is Power (Official Video).mp3"
"SZA, Justin Timberlake - The Other Side (From Trolls World Tour)",SZA,Justin Timberlake,Single,usuk-rnb,https://music.youtube.com/watch?v=C5RrNaCfUXE,https://i.ytimg.com/vi/C5RrNaCfUXE/maxresdefault.jpg,"SZA/Single/SZA, Justin Timberlake - The Other Side (From Trolls World Tour).mp3"
SZA - Garden (Say It Like Dat) (Official Video),SZA,SZA,Single,usuk-rnb,https://music.youtube.com/watch?v=pcJo0tIWybY,https://i.ytimg.com/vi/pcJo0tIWybY/maxresdefault.jpg,SZA/Single/SZA - Garden (Say It Like Dat) (Official Video).mp3
SZA - Diamond Boy (DTM) [Official Audio],SZA,SZA,Single,usuk-rnb,https://music.youtube.com/watch?v=mGO1x4POQuw,https://i.ytimg.com/vi/mGO1x4POQuw/maxresdefault.jpg,SZA/Single/SZA - Diamond Boy (DTM) [Official Audio].mp3
SZA - Supermodel (Official Video),SZA,SZA,Single,usuk-rnb,https://music.youtube.com/watch?v=Tiixq9rT_J0,https://i.ytimg.com/vi/Tiixq9rT_J0/maxresdefault.jpg,SZA/Single/SZA - Supermodel (Official Video).mp3
SZA - Drew Barrymore (Official Video),SZA,SZA,Single,usuk-rnb,https://music.youtube.com/watch?v=dp45V_M4Akw,https://i.ytimg.com/vi/dp45V_M4Akw/maxresdefault.jpg,SZA/Single/SZA - Drew Barrymore (Official Video).mp3
Consideration,SZA,"Rihanna, SZA",ANTI,usuk-rnb,https://music.youtube.com/watch?v=WSSShAOKYfo,https://i.ytimg.com/vi/WSSShAOKYfo/maxresdefault.jpg,SZA/ANTI/Consideration.mp3
SZA - Babylon,SZA,Top Dawg Entertainment,Single,usuk-rnb,https://music.youtube.com/watch?v=RXDOcZLmrKU,https://i.ytimg.com/vi/RXDOcZLmrKU/maxresdefault.jpg,SZA/Single/SZA - Babylon.mp3
Childs Play (feat. Chance the Rapper),SZA,SZA,Z,usuk-rnb,https://music.youtube.com/watch?v=lDoLRlo4QgY,https://i.ytimg.com/vi/lDoLRlo4QgY/maxresdefault.jpg,SZA/Z/Childs Play (feat. Chance the Rapper).mp3
SZA - Quicksand (Audio),SZA,SZA,Single,usuk-rnb,https://music.youtube.com/watch?v=1sFofyR93V8,https://i.ytimg.com/vi/1sFofyR93V8/maxresdefault.jpg,SZA/Single/SZA - Quicksand (Audio).mp3
SZA ft Isaiah Rashad - Warm Winds,SZA,Top Dawg Entertainment,Single,usuk-rnb,https://music.youtube.com/watch?v=jid9eVXPux4,https://i.ytimg.com/vi/jid9eVXPux4/maxresdefault.jpg,SZA/Single/SZA ft Isaiah Rashad - Warm Winds.mp3
Neva CHange,SZA,"ScHoolboy Q, SZA",Blank Face LP,usuk-rnb,https://music.youtube.com/watch?v=KiYaHdzx4yk,https://i.ytimg.com/vi/KiYaHdzx4yk/maxresdefault.jpg,SZA/Blank Face LP/Neva CHange.mp3
Sweet November,SZA,SZA,Z,usuk-rnb,https://music.youtube.com/watch?v=vpSPGfv9KoA,https://i.ytimg.com/vi/vpSPGfv9KoA/maxresdefault.jpg,SZA/Z/Sweet November.mp3
Frank Ocean - Pink + White,Frank Ocean,Blonded,Single,usuk-rnb,https://music.youtube.com/watch?v=uzS3WG6__G4,https://i.ytimg.com/vi/uzS3WG6__G4/maxresdefault.jpg,Frank Ocean/Single/Frank Ocean - Pink + White.mp3
Frank Ocean - White Ferrari,Frank Ocean,Blonded,Single,usuk-rnb,https://music.youtube.com/watch?v=Dlz_XHeUUis,https://i.ytimg.com/vi/Dlz_XHeUUis/maxresdefault.jpg,Frank Ocean/Single/Frank Ocean - White Ferrari.mp3
Thinkin Bout You,Frank Ocean,Frank Ocean,channel ORANGE,usuk-rnb,https://music.youtube.com/watch?v=6JHu3b-pbh8,https://i.ytimg.com/vi/6JHu3b-pbh8/maxresdefault.jpg,Frank Ocean/channel ORANGE/Thinkin Bout You.mp3
Frank Ocean - Chanel,Frank Ocean,Blonded,Single,usuk-rnb,https://music.youtube.com/watch?v=XnbsIl2BnWw,https://i.ytimg.com/vi/XnbsIl2BnWw/maxresdefault.jpg,Frank Ocean/Single/Frank Ocean - Chanel.mp3
Frank Ocean - Moon River,Frank Ocean,Blonded,Single,usuk-rnb,https://music.youtube.com/watch?v=mXiFHDfvn4A,https://i.ytimg.com/vi/mXiFHDfvn4A/maxresdefault.jpg,Frank Ocean/Single/Frank Ocean - Moon River.mp3
Cayendo (Side A - Acoustic),Frank Ocean,Frank Ocean,Cayendo (Side A - Acoustic),usuk-rnb,https://music.youtube.com/watch?v=XPEQHJ7elK0,https://i.ytimg.com/vi/XPEQHJ7elK0/maxresdefault.jpg,Frank Ocean/Cayendo (Side A - Acoustic)/Cayendo (Side A - Acoustic).mp3
Pyramids,Frank Ocean,Frank Ocean,channel ORANGE,usuk-rnb,https://music.youtube.com/watch?v=dMV31MWIjLE,https://i.ytimg.com/vi/dMV31MWIjLE/maxresdefault.jpg,Frank Ocean/channel ORANGE/Pyramids.mp3
Frank Ocean - Nikes,Frank Ocean,Blonded,Single,usuk-rnb,https://music.youtube.com/watch?v=diIFhc_Kzng,https://i.ytimg.com/vi/diIFhc_Kzng/maxresdefault.jpg,Frank Ocean/Single/Frank Ocean - Nikes.mp3
Lost,Frank Ocean,Frank Ocean,channel ORANGE,usuk-rnb,https://music.youtube.com/watch?v=J3DWAJGaf7o,https://i.ytimg.com/vi/J3DWAJGaf7o/maxresdefault.jpg,Frank Ocean/channel ORANGE/Lost.mp3
"Calvin Harris - Slide (Official Audio) ft. Frank Ocean, Migos",Frank Ocean,Calvin Harris,Single,usuk-rnb,https://music.youtube.com/watch?v=8Ee4QjCEHHc,https://i.ytimg.com/vi/8Ee4QjCEHHc/maxresdefault.jpg,"Frank Ocean/Single/Calvin Harris - Slide (Official Audio) ft. Frank Ocean, Migos.mp3"
"Frank Ocean - Biking (feat. Jay Z & Tyler, The Creator)",Frank Ocean,Blonded,Single,usuk-rnb,https://music.youtube.com/watch?v=fYGPcfUqzL0,https://i.ytimg.com/vi/fYGPcfUqzL0/maxresdefault.jpg,"Frank Ocean/Single/Frank Ocean - Biking (feat. Jay Z & Tyler, The Creator).mp3"
Sweet Life,Frank Ocean,Frank Ocean,channel ORANGE,usuk-rnb,https://music.youtube.com/watch?v=y14F2RQW7h4,https://i.ytimg.com/vi/y14F2RQW7h4/maxresdefault.jpg,Frank Ocean/channel ORANGE/Sweet Life.mp3
DHL,Frank Ocean,Frank Ocean,DHL,usuk-rnb,https://music.youtube.com/watch?v=ccU0JCRNj3A,https://i.ytimg.com/vi/ccU0JCRNj3A/maxresdefault.jpg,Frank Ocean/DHL/DHL.mp3
Frank Ocean - Nights,Frank Ocean,Blonded,Single,usuk-rnb,https://music.youtube.com/watch?v=r4l9bFqgMaQ,https://i.ytimg.com/vi/r4l9bFqgMaQ/maxresdefault.jpg,Frank Ocean/Single/Frank Ocean - Nights.mp3
Super Rich Kids,Frank Ocean,"Frank Ocean, Earl Sweatshirt",channel ORANGE,usuk-rnb,https://music.youtube.com/watch?v=0XCQNpjWmRE,https://i.ytimg.com/vi/0XCQNpjWmRE/maxresdefault.jpg,Frank Ocean/channel ORANGE/Super Rich Kids.mp3
Frank Ocean - Provider (Lyric Video),Frank Ocean,Blonded,Single,usuk-rnb,https://music.youtube.com/watch?v=8BPjinPY4SE,https://i.ytimg.com/vi/8BPjinPY4SE/maxresdefault.jpg,Frank Ocean/Single/Frank Ocean - Provider (Lyric Video).mp3
Frank Ocean - Seigfried,Frank Ocean,Blonded,Single,usuk-rnb,https://music.youtube.com/watch?v=RWgpBlz16-s,https://i.ytimg.com/vi/RWgpBlz16-s/maxresdefault.jpg,Frank Ocean/Single/Frank Ocean - Seigfried.mp3
Forrest Gump,Frank Ocean,Frank Ocean,channel ORANGE,usuk-rnb,https://music.youtube.com/watch?v=BqSro-8_gpU,https://i.ytimg.com/vi/BqSro-8_gpU/maxresdefault.jpg,Frank Ocean/channel ORANGE/Forrest Gump.mp3
Frank Ocean - In My Room (Lyric Video),Frank Ocean,Blonded,Single,usuk-rnb,https://music.youtube.com/watch?v=PtvlmOsNV4E,https://i.ytimg.com/vi/PtvlmOsNV4E/maxresdefault.jpg,Frank Ocean/Single/Frank Ocean - In My Room (Lyric Video).mp3
Dear April (Side A - Acoustic),Frank Ocean,Frank Ocean,Dear April (Side A - Acoustic),usuk-rnb,https://music.youtube.com/watch?v=pvU4b4N1-QU,https://i.ytimg.com/vi/pvU4b4N1-QU/maxresdefault.jpg,Frank Ocean/Dear April (Side A - Acoustic)/Dear April (Side A - Acoustic).mp3
Bad Religion,Frank Ocean,Frank Ocean,channel ORANGE,usuk-rnb,https://music.youtube.com/watch?v=JMpypbtrcCg,https://i.ytimg.com/vi/JMpypbtrcCg/maxresdefault.jpg,Frank Ocean/channel ORANGE/Bad Religion.mp3
Pink Matter,Frank Ocean,"Frank Ocean, André 3000",channel ORANGE,usuk-rnb,https://music.youtube.com/watch?v=uaLV003llhY,https://i.ytimg.com/vi/uaLV003llhY/maxresdefault.jpg,Frank Ocean/channel ORANGE/Pink Matter.mp3
Frank Ocean - Godspeed,Frank Ocean,Blonded,Single,usuk-rnb,https://music.youtube.com/watch?v=P18g4rKns6Q,https://i.ytimg.com/vi/P18g4rKns6Q/maxresdefault.jpg,Frank Ocean/Single/Frank Ocean - Godspeed.mp3
"Chris Brown, Young Thug - Go Crazy (Official Video)",Chris Brown,Chris Brown,Single,usuk-rnb,https://music.youtube.com/watch?v=dPhwbZBvW2o,https://i.ytimg.com/vi/dPhwbZBvW2o/maxresdefault.jpg,"Chris Brown/Single/Chris Brown, Young Thug - Go Crazy (Official Video).mp3"
"Chris Brown - New Flame (Official Video) ft. Usher, Rick Ross",Chris Brown,Chris Brown,Single,usuk-rnb,https://music.youtube.com/watch?v=HwctEiWLe84,https://i.ytimg.com/vi/HwctEiWLe84/maxresdefault.jpg,"Chris Brown/Single/Chris Brown - New Flame (Official Video) ft. Usher, Rick Ross.mp3"
Chris Brown - Residuals (Official Video),Chris Brown,Chris Brown,Single,usuk-rnb,https://music.youtube.com/watch?v=46p-IxAVJ74,https://i.ytimg.com/vi/46p-IxAVJ74/maxresdefault.jpg,Chris Brown/Single/Chris Brown - Residuals (Official Video).mp3
"Chris Brown - Sensational (Official Video) ft. Davido, Lojay",Chris Brown,Chris Brown,Single,usuk-rnb,https://music.youtube.com/watch?v=_t0qtSKOpO4,https://i.ytimg.com/vi/_t0qtSKOpO4/maxresdefault.jpg,"Chris Brown/Single/Chris Brown - Sensational (Official Video) ft. Davido, Lojay.mp3"
Chris Brown - Under The Influence (Official Video),Chris Brown,Chris Brown,Single,usuk-rnb,https://music.youtube.com/watch?v=pfxyk1glEq4,https://i.ytimg.com/vi/pfxyk1glEq4/maxresdefault.jpg,Chris Brown/Single/Chris Brown - Under The Influence (Official Video).mp3
"Chris Brown - Deuces (Official HD Video) ft. Tyga, Kevin McCall",Chris Brown,Chris Brown,Single,usuk-rnb,https://music.youtube.com/watch?v=rhBwt9mw7Sk,https://i.ytimg.com/vi/rhBwt9mw7Sk/maxresdefault.jpg,"Chris Brown/Single/Chris Brown - Deuces (Official HD Video) ft. Tyga, Kevin McCall.mp3"
Chris Brown - Run It! (Official HD Video) ft. Juelz Santana,Chris Brown,Chris Brown,Single,usuk-rnb,https://music.youtube.com/watch?v=w6QGe-pXgdI,https://i.ytimg.com/vi/w6QGe-pXgdI/maxresdefault.jpg,Chris Brown/Single/Chris Brown - Run It! (Official HD Video) ft. Juelz Santana.mp3
"Chris Brown, Tyga - Ayo (Official Video)",Chris Brown,Chris Brown,Single,usuk-rnb,https://music.youtube.com/watch?v=zKCrSN9oXgQ,https://i.ytimg.com/vi/zKCrSN9oXgQ/maxresdefault.jpg,"Chris Brown/Single/Chris Brown, Tyga - Ayo (Official Video).mp3"
Chris Brown - No Guidance (Official Video) ft. Drake,Chris Brown,Chris Brown,Single,usuk-rnb,https://music.youtube.com/watch?v=6L_k74BOLag,https://i.ytimg.com/vi/6L_k74BOLag/maxresdefault.jpg,Chris Brown/Single/Chris Brown - No Guidance (Official Video) ft. Drake.mp3
Chris Brown - Back To Sleep (Official Video),Chris Brown,Chris Brown,Single,usuk-rnb,https://music.youtube.com/watch?v=OQLuhelCaDQ,https://i.ytimg.com/vi/OQLuhelCaDQ/maxresdefault.jpg,Chris Brown/Single/Chris Brown - Back To Sleep (Official Video).mp3
"Chris Brown - Loyal (Official Video) ft. Lil Wayne, Tyga",Chris Brown,Chris Brown,Single,usuk-rnb,https://music.youtube.com/watch?v=JXRN_LkCa_o,https://i.ytimg.com/vi/JXRN_LkCa_o/maxresdefault.jpg,"Chris Brown/Single/Chris Brown - Loyal (Official Video) ft. Lil Wayne, Tyga.mp3"
Omarion Ft. Chris Brown & Jhene Aiko - Post To Be (Official Music Video),Chris Brown,Omarion,Single,usuk-rnb,https://music.youtube.com/watch?v=aPxVSCfoYnU,https://i.ytimg.com/vi/aPxVSCfoYnU/sddefault.jpg,Chris Brown/Single/Omarion Ft. Chris Brown & Jhene Aiko - Post To Be (Official Music Video).mp3
Meek Mill Ft. Nicki Minaj & Chris Brown - All Eyes On You (Official Video),Chris Brown,Meek Mill,Single,usuk-rnb,https://music.youtube.com/watch?v=ut9ThAbfde0,https://i.ytimg.com/vi/ut9ThAbfde0/sddefault.jpg,Chris Brown/Single/Meek Mill Ft. Nicki Minaj & Chris Brown - All Eyes On You (Official Video).mp3
Chris Brown - With You (Official HD Video),Chris Brown,Chris Brown,Single,usuk-rnb,https://music.youtube.com/watch?v=nmjdaBaZe8Y,https://i.ytimg.com/vi/nmjdaBaZe8Y/maxresdefault.jpg,Chris Brown/Single/Chris Brown - With You (Official HD Video).mp3
"Nicki Minaj - Only ft. Drake, Lil Wayne, Chris Brown",Chris Brown,Nicki Minaj,Single,usuk-rnb,https://music.youtube.com/watch?v=zXtsGAkyeIo,https://i.ytimg.com/vi/zXtsGAkyeIo/maxresdefault.jpg,"Chris Brown/Single/Nicki Minaj - Only ft. Drake, Lil Wayne, Chris Brown.mp3"
"Chris Brown - Pills & Automobiles (Official Video) ft. Yo Gotti, A Boogie Wit Da Hoodie, Kodak Black",Chris Brown,Chris Brown,Single,usuk-rnb,https://music.youtube.com/watch?v=GTexe8c0eqw,https://i.ytimg.com/vi/GTexe8c0eqw/maxresdefault.jpg,"Chris Brown/Single/Chris Brown - Pills & Automobiles (Official Video) ft. Yo Gotti, A Boogie Wit Da Hoodie, Kodak Black.mp3"
Chris Brown - Heat (Official Video) ft. Gunna,Chris Brown,Chris Brown,Single,usuk-rnb,https://music.youtube.com/watch?v=i_vMte-NHkY,https://i.ytimg.com/vi/i_vMte-NHkY/maxresdefault.jpg,Chris Brown/Single/Chris Brown - Heat (Official Video) ft. Gunna.mp3
"Chris Brown - Look at Me Now (Official Video) ft. Lil Wayne, Busta Rhymes",Chris Brown,Chris Brown,Single,usuk-rnb,https://music.youtube.com/watch?v=8gyLR4NfMiI,https://i.ytimg.com/vi/8gyLR4NfMiI/maxresdefault.jpg,"Chris Brown/Single/Chris Brown - Look at Me Now (Official Video) ft. Lil Wayne, Busta Rhymes.mp3"
"Chris Brown - Party (Official Video) ft. Usher, Gucci Mane",Chris Brown,Chris Brown,Single,usuk-rnb,https://music.youtube.com/watch?v=Z9eMk051dYg,https://i.ytimg.com/vi/Z9eMk051dYg/maxresdefault.jpg,"Chris Brown/Single/Chris Brown - Party (Official Video) ft. Usher, Gucci Mane.mp3"
"Jordin Sparks, Chris Brown - No Air (Official Video) ft. Chris Brown",Chris Brown,Jordin Sparks,Single,usuk-rnb,https://music.youtube.com/watch?v=WBKnpyoFEBo,https://i.ytimg.com/vi/WBKnpyoFEBo/maxresdefault.jpg,"Chris Brown/Single/Jordin Sparks, Chris Brown - No Air (Official Video) ft. Chris Brown.mp3"
Kid Ink - Show Me (Explicit) ft. Chris Brown,Chris Brown,Kid Ink,Single,usuk-rnb,https://music.youtube.com/watch?v=xKkb13IU_DE,https://i.ytimg.com/vi/xKkb13IU_DE/maxresdefault.jpg,Chris Brown/Single/Kid Ink - Show Me (Explicit) ft. Chris Brown.mp3
Chris Brown - Privacy (Official Video),Chris Brown,Chris Brown,Single,usuk-rnb,https://music.youtube.com/watch?v=Fq0xEpRDL9Q,https://i.ytimg.com/vi/Fq0xEpRDL9Q/maxresdefault.jpg,Chris Brown/Single/Chris Brown - Privacy (Official Video).mp3
Sevyn Streeter - It Won't Stop ft. Chris Brown [Official Video],Chris Brown,Sevyn Streeter,Single,usuk-rnb,https://music.youtube.com/watch?v=XgFiWGIVP6s,https://i.ytimg.com/vi/XgFiWGIVP6s/maxresdefault.jpg,Chris Brown/Single/Sevyn Streeter - It Won't Stop ft. Chris Brown [Official Video].mp3
Chris Brown - Kiss Kiss (Feat. T-Pain) (Official HD Video) ft. T-Pain,Chris Brown,Chris Brown,Single,usuk-rnb,https://music.youtube.com/watch?v=eNII9PDlFJ0,https://i.ytimg.com/vi/eNII9PDlFJ0/maxresdefault.jpg,Chris Brown/Single/Chris Brown - Kiss Kiss (Feat. T-Pain) (Official HD Video) ft. T-Pain.mp3
Chris Brown - Yeah 3x (Official Video),Chris Brown,Chris Brown,Single,usuk-rnb,https://music.youtube.com/watch?v=3mC2ixOAivA,https://i.ytimg.com/vi/3mC2ixOAivA/maxresdefault.jpg,Chris Brown/Single/Chris Brown - Yeah 3x (Official Video).mp3
Chris Brown - Don't Judge Me,Chris Brown,Chris Brown,Single,usuk-rnb,https://music.youtube.com/watch?v=z29nI8RQV0U,https://i.ytimg.com/vi/z29nI8RQV0U/maxresdefault.jpg,Chris Brown/Single/Chris Brown - Don't Judge Me.mp3
Chris Brown - Questions (Official Video),Chris Brown,Chris Brown,Single,usuk-rnb,https://music.youtube.com/watch?v=mH76VvWkNwA,https://i.ytimg.com/vi/mH76VvWkNwA/maxresdefault.jpg,Chris Brown/Single/Chris Brown - Questions (Official Video).mp3
Chris Brown - Holy Blindfold (Official Video),Chris Brown,Chris Brown,Single,usuk-rnb,https://music.youtube.com/watch?v=X4g30-XY9Ck,https://i.ytimg.com/vi/X4g30-XY9Ck/maxresdefault.jpg,Chris Brown/Single/Chris Brown - Holy Blindfold (Official Video).mp3
Chris Brown - Don't Wake Me Up (Official Video),Chris Brown,Chris Brown,Single,usuk-rnb,https://music.youtube.com/watch?v=QOowQeKyNkQ,https://i.ytimg.com/vi/QOowQeKyNkQ/maxresdefault.jpg,Chris Brown/Single/Chris Brown - Don't Wake Me Up (Official Video).mp3
Chris Brown - Love More (Explicit) ft. Nicki Minaj,Chris Brown,Chris Brown,Single,usuk-rnb,https://music.youtube.com/watch?v=Tff2oE31Mlw,https://i.ytimg.com/vi/Tff2oE31Mlw/maxresdefault.jpg,Chris Brown/Single/Chris Brown - Love More (Explicit) ft. Nicki Minaj.mp3
Chris Brown - Undecided (Official Video),Chris Brown,Chris Brown,Single,usuk-rnb,https://music.youtube.com/watch?v=y6fThXQPT6I,https://i.ytimg.com/vi/y6fThXQPT6I/maxresdefault.jpg,Chris Brown/Single/Chris Brown - Undecided (Official Video).mp3
Chris Brown - Hmmm (Official Video) feat. Davido,Chris Brown,Chris Brown,Single,usuk-rnb,https://music.youtube.com/watch?v=zMlDG1E2xSU,https://i.ytimg.com/vi/zMlDG1E2xSU/maxresdefault.jpg,Chris Brown/Single/Chris Brown - Hmmm (Official Video) feat. Davido.mp3
Chris Brown - Tempo (Official Video),Chris Brown,Chris Brown,Single,usuk-rnb,https://music.youtube.com/watch?v=QdnvoWyoiY0,https://i.ytimg.com/vi/QdnvoWyoiY0/maxresdefault.jpg,Chris Brown/Single/Chris Brown - Tempo (Official Video).mp3
Chris Brown - Grass Ain't Greener (Official Video),Chris Brown,Chris Brown,Single,usuk-rnb,https://music.youtube.com/watch?v=elsAYGFVMdY,https://i.ytimg.com/vi/elsAYGFVMdY/maxresdefault.jpg,Chris Brown/Single/Chris Brown - Grass Ain't Greener (Official Video).mp3
Chris Brown - Yo (Excuse Me Miss) (Official HD Video),Chris Brown,Chris Brown,Single,usuk-rnb,https://music.youtube.com/watch?v=yn_6LC4loY8,https://i.ytimg.com/vi/yn_6LC4loY8/maxresdefault.jpg,Chris Brown/Single/Chris Brown - Yo (Excuse Me Miss) (Official HD Video).mp3
Chris Brown - Psychic (Official Video) ft. Jack Harlow,Chris Brown,Chris Brown,Single,usuk-rnb,https://music.youtube.com/watch?v=CtuFaOqiots,https://i.ytimg.com/vi/CtuFaOqiots/maxresdefault.jpg,Chris Brown/Single/Chris Brown - Psychic (Official Video) ft. Jack Harlow.mp3
Chris Brown - Liquor / Zero (Explicit Version),Chris Brown,Chris Brown,Single,usuk-rnb,https://music.youtube.com/watch?v=KAfOI37aK4A,https://i.ytimg.com/vi/KAfOI37aK4A/maxresdefault.jpg,Chris Brown/Single/Chris Brown - Liquor _ Zero (Explicit Version).mp3
Chris Brown - Don't Think They Know (Official Video) ft. Aaliyah,Chris Brown,Chris Brown,Single,usuk-rnb,https://music.youtube.com/watch?v=wnUD7T5hQAs,https://i.ytimg.com/vi/wnUD7T5hQAs/maxresdefault.jpg,Chris Brown/Single/Chris Brown - Don't Think They Know (Official Video) ft. Aaliyah.mp3
Chris Brown - Fine China (Official Video),Chris Brown,Chris Brown,Single,usuk-rnb,https://music.youtube.com/watch?v=iGs1gODLiSQ,https://i.ytimg.com/vi/iGs1gODLiSQ/maxresdefault.jpg,Chris Brown/Single/Chris Brown - Fine China (Official Video).mp3
"Chris Brown, Young Thug - City Girls (Official Video)",Chris Brown,Chris Brown,Single,usuk-rnb,https://music.youtube.com/watch?v=_Gcaa7rGKr8,https://i.ytimg.com/vi/_Gcaa7rGKr8/maxresdefault.jpg,"Chris Brown/Single/Chris Brown, Young Thug - City Girls (Official Video).mp3"
Gimme That,Chris Brown,Chris Brown,Chris Brown (Expanded Edition),usuk-rnb,https://music.youtube.com/watch?v=BEA0eKMQZp0,https://i.ytimg.com/vi/BEA0eKMQZp0/maxresdefault.jpg,Chris Brown/Chris Brown (Expanded Edition)/Gimme That.mp3
Chris Brown & Benny Benassi - Beautiful People,Chris Brown,Ultra Records,Single,usuk-rnb,https://music.youtube.com/watch?v=qHxlzcAPbBE,https://i.ytimg.com/vi/qHxlzcAPbBE/hqdefault.jpg?sqp=-oaymwEmCOADEOgC8quKqQMa8AEB-AHGBYAC4AOKAgwIABABGHIgQCgyMA8=&rs=AOn4CLAr5v1kmBTQdtzx8Y2PWYMEwUj16g,Chris Brown/Single/Chris Brown & Benny Benassi - Beautiful People.mp3
Poppin' (Main),Chris Brown,Chris Brown,Chris Brown (Expanded Edition),usuk-rnb,https://music.youtube.com/watch?v=3P2CZjSJq_w,https://i.ytimg.com/vi/3P2CZjSJq_w/maxresdefault.jpg,Chris Brown/Chris Brown (Expanded Edition)/Poppin' (Main).mp3
Chris Brown - She Ain't You (Official Video),Chris Brown,Chris Brown,Single,usuk-rnb,https://music.youtube.com/watch?v=7V2GzYcRK9E,https://i.ytimg.com/vi/7V2GzYcRK9E/maxresdefault.jpg,Chris Brown/Single/Chris Brown - She Ain't You (Official Video).mp3
Chris Brown - Strip (Official Music Video) ft. Kevin McCall,Chris Brown,Chris Brown,Single,usuk-rnb,https://music.youtube.com/watch?v=5SUC8vTEYYg,https://i.ytimg.com/vi/5SUC8vTEYYg/maxresdefault.jpg,Chris Brown/Single/Chris Brown - Strip (Official Music Video) ft. Kevin McCall.mp3
Chris Brown - Wall To Wall (Official HD Video),Chris Brown,Chris Brown,Single,usuk-rnb,https://music.youtube.com/watch?v=-MXOspWx7ic,https://i.ytimg.com/vi/-MXOspWx7ic/maxresdefault.jpg,Chris Brown/Single/Chris Brown - Wall To Wall (Official HD Video).mp3
Big Sean - My Last ft. Chris Brown,Chris Brown,Big Sean,Single,usuk-rnb,https://music.youtube.com/watch?v=EeTPi2a2Ld4,https://i.ytimg.com/vi/EeTPi2a2Ld4/maxresdefault.jpg,Chris Brown/Single/Big Sean - My Last ft. Chris Brown.mp3
"Chris Brown, Tyga - Bitches N Marijuana (Official Video) ft. ScHoolboy Q",Chris Brown,Chris Brown,Single,usuk-rnb,https://music.youtube.com/watch?v=H5VVzbVHA7U,https://i.ytimg.com/vi/H5VVzbVHA7U/maxresdefault.jpg,"Chris Brown/Single/Chris Brown, Tyga - Bitches N Marijuana (Official Video) ft. ScHoolboy Q.mp3"
Chris Brown - Take You Down (Official Audio),Chris Brown,Chris Brown,Single,usuk-rnb,https://music.youtube.com/watch?v=pydyGAqR11Y,https://i.ytimg.com/vi/pydyGAqR11Y/maxresdefault.jpg,Chris Brown/Single/Chris Brown - Take You Down (Official Audio).mp3
Chris Brown - No Bullshit (Official HD Video),Chris Brown,Chris Brown,Single,usuk-rnb,https://music.youtube.com/watch?v=oFAmOuQ69Qs,https://i.ytimg.com/vi/oFAmOuQ69Qs/maxresdefault.jpg,Chris Brown/Single/Chris Brown - No Bullshit (Official HD Video).mp3
Chris Brown - Crawl (Official HD Video),Chris Brown,Chris Brown,Single,usuk-rnb,https://music.youtube.com/watch?v=3eLRpf6kwHs,https://i.ytimg.com/vi/3eLRpf6kwHs/maxresdefault.jpg,Chris Brown/Single/Chris Brown - Crawl (Official HD Video).mp3
"Billie Eilish, Khalid - lovely",Khalid,Billie Eilish,Single,usuk-rnb,https://music.youtube.com/watch?v=V1Pl8CzNzCw,https://i.ytimg.com/vi/V1Pl8CzNzCw/maxresdefault.jpg,"Khalid/Single/Billie Eilish, Khalid - lovely.mp3"
Khalid - Better (Official Video),Khalid,Khalid,Single,usuk-rnb,https://music.youtube.com/watch?v=x3bfa3DZ8JM,https://i.ytimg.com/vi/x3bfa3DZ8JM/maxresdefault.jpg,Khalid/Single/Khalid - Better (Official Video).mp3
Khalid - Young Dumb & Broke (Official Video),Khalid,Khalid,Single,usuk-rnb,https://music.youtube.com/watch?v=IPfJnp1guPc,https://i.ytimg.com/vi/IPfJnp1guPc/maxresdefault.jpg,Khalid/Single/Khalid - Young Dumb & Broke (Official Video).mp3
"benny blanco, Halsey & Khalid – Eastside (official video)",Khalid,benny blanco,Single,usuk-rnb,https://music.youtube.com/watch?v=56WBK4ZK_cw,https://i.ytimg.com/vi/56WBK4ZK_cw/maxresdefault.jpg,"Khalid/Single/benny blanco, Halsey & Khalid – Eastside (official video).mp3"
Khalid - Location (Official Video),Khalid,Khalid,Single,usuk-rnb,https://music.youtube.com/watch?v=by3yRdlQvzs,https://i.ytimg.com/vi/by3yRdlQvzs/maxresdefault.jpg,Khalid/Single/Khalid - Location (Official Video).mp3
Ed Sheeran - Beautiful People (feat. Khalid) [Official Music Video],Khalid,Ed Sheeran,Single,usuk-rnb,https://music.youtube.com/watch?v=mj0XInqZMHY,https://i.ytimg.com/vi/mj0XInqZMHY/sddefault.jpg,Khalid/Single/Ed Sheeran - Beautiful People (feat. Khalid) [Official Music Video].mp3
"Logic - 1-800-273-8255 ft. Alessia Cara, Khalid (Official Video)",Khalid,Logic,Single,usuk-rnb,https://music.youtube.com/watch?v=Kb24RrHIbFk,https://i.ytimg.com/vi/Kb24RrHIbFk/maxresdefault.jpg,"Khalid/Single/Logic - 1-800-273-8255 ft. Alessia Cara, Khalid (Official Video).mp3"
Khalid - Talk (Official Video),Khalid,Khalid,Single,usuk-rnb,https://music.youtube.com/watch?v=hE2Ira-Cwxo,https://i.ytimg.com/vi/hE2Ira-Cwxo/maxresdefault.jpg,Khalid/Single/Khalid - Talk (Official Video).mp3
Martin Garrix feat. Khalid - Ocean (Official Video),Khalid,Martin Garrix,Single,usuk-rnb,https://music.youtube.com/watch?v=BDocp-VpCwY,https://i.ytimg.com/vi/BDocp-VpCwY/maxresdefault.jpg,Khalid/Single/Martin Garrix feat. Khalid - Ocean (Official Video).mp3
"Khalid - OTW (Official Video) ft. 6lack, Ty Dolla $ign",Khalid,Khalid,Single,usuk-rnb,https://music.youtube.com/watch?v=2e9diL0xTN4,https://i.ytimg.com/vi/2e9diL0xTN4/maxresdefault.jpg,"Khalid/Single/Khalid - OTW (Official Video) ft. 6lack, Ty Dolla $ign.mp3"
"Khalid, Kane Brown - Saturday Nights REMIX (Official Video)",Khalid,Khalid,Single,usuk-rnb,https://music.youtube.com/watch?v=5hqK-A0UxKw,https://i.ytimg.com/vi/5hqK-A0UxKw/maxresdefault.jpg,"Khalid/Single/Khalid, Kane Brown - Saturday Nights REMIX (Official Video).mp3"
Khalid & Normani - Love Lies (Official Video),Khalid,Khalid,Single,usuk-rnb,https://music.youtube.com/watch?v=xYtsL9znopI,https://i.ytimg.com/vi/xYtsL9znopI/maxresdefault.jpg,Khalid/Single/Khalid & Normani - Love Lies (Official Video).mp3
"Kane Brown, Swae Lee, Khalid - Be Like That (feat. Swae Lee & Khalid [Official Video])",Khalid,Kane Brown,Single,usuk-rnb,https://music.youtube.com/watch?v=GEAy7eXb2lo,https://i.ytimg.com/vi/GEAy7eXb2lo/maxresdefault.jpg,"Khalid/Single/Kane Brown, Swae Lee, Khalid - Be Like That (feat. Swae Lee & Khalid [Official Video]).mp3"
Khalid - Right Back (Official Video) ft. A Boogie Wit Da Hoodie,Khalid,Khalid,Single,usuk-rnb,https://music.youtube.com/watch?v=rbHIDVVTSNA,https://i.ytimg.com/vi/rbHIDVVTSNA/maxresdefault.jpg,Khalid/Single/Khalid - Right Back (Official Video) ft. A Boogie Wit Da Hoodie.mp3
Marshmello - Silence Ft. Khalid (Official Music Video),Khalid,Marshmello,Single,usuk-rnb,https://music.youtube.com/watch?v=Tx1sqYc3qas,https://i.ytimg.com/vi/Tx1sqYc3qas/maxresdefault.jpg,Khalid/Single/Marshmello - Silence Ft. Khalid (Official Music Video).mp3
Shawn Mendes - Youth ft. Khalid,Khalid,Shawn Mendes,Single,usuk-rnb,https://music.youtube.com/watch?v=sJUGAIf1Px0,https://i.ytimg.com/vi/sJUGAIf1Px0/maxresdefault.jpg,Khalid/Single/Shawn Mendes - Youth ft. Khalid.mp3
Toosii - Favorite Song Remix Ft. Khalid,Khalid,Toosii ,Single,usuk-rnb,https://music.youtube.com/watch?v=6yUE8CnczdE,https://i.ytimg.com/vi/6yUE8CnczdE/maxresdefault.jpg,Khalid/Single/Toosii - Favorite Song Remix Ft. Khalid.mp3
"Marshmello, Khalid - Numb (Official Video)",Khalid,Marshmello,Single,usuk-rnb,https://music.youtube.com/watch?v=mRXKnG2eugU,https://i.ytimg.com/vi/mRXKnG2eugU/maxresdefault.jpg,"Khalid/Single/Marshmello, Khalid - Numb (Official Video).mp3"
Khalid - Please Don't Fall In Love With Me (Visualizer),Khalid,Khalid,Single,usuk-rnb,https://music.youtube.com/watch?v=YAe3wmYqXUQ,https://i.ytimg.com/vi/YAe3wmYqXUQ/maxresdefault.jpg,Khalid/Single/Khalid - Please Don't Fall In Love With Me (Visualizer).mp3
Khalid - Suncity (Official Audio) ft. Empress Of,Khalid,Khalid,Single,usuk-rnb,https://music.youtube.com/watch?v=iI2f8eA8x4Q,https://i.ytimg.com/vi/iI2f8eA8x4Q/maxresdefault.jpg,Khalid/Single/Khalid - Suncity (Official Audio) ft. Empress Of.mp3
"Calvin Harris - Rollin (Official Audio) ft. Future, Khalid",Khalid,Calvin Harris,Single,usuk-rnb,https://music.youtube.com/watch?v=5f_JiibvQAM,https://i.ytimg.com/vi/5f_JiibvQAM/maxresdefault.jpg,"Khalid/Single/Calvin Harris - Rollin (Official Audio) ft. Future, Khalid.mp3"
Khalid - My Bad (Official Audio),Khalid,Khalid,Single,usuk-rnb,https://music.youtube.com/watch?v=WzfRhSU9_qA,https://i.ytimg.com/vi/WzfRhSU9_qA/maxresdefault.jpg,Khalid/Single/Khalid - My Bad (Official Audio).mp3
"Dove Cameron, Khalid - We Go Down Together (Official Video)",Khalid,Dove Cameron,Single,usuk-rnb,https://music.youtube.com/watch?v=VSCwnRg0w6M,https://i.ytimg.com/vi/VSCwnRg0w6M/maxresdefault.jpg,"Khalid/Single/Dove Cameron, Khalid - We Go Down Together (Official Video).mp3"
Khalid - Skyline (Official Video),Khalid,Khalid,Single,usuk-rnb,https://music.youtube.com/watch?v=Z-0tTi7GaPg,https://i.ytimg.com/vi/Z-0tTi7GaPg/maxresdefault.jpg,Khalid/Single/Khalid - Skyline (Official Video).mp3
Khalid - Eleven (Official Video) ft. Summer Walker,Khalid,Khalid,Single,usuk-rnb,https://music.youtube.com/watch?v=YfOohn8_l90,https://i.ytimg.com/vi/YfOohn8_l90/maxresdefault.jpg,Khalid/Single/Khalid - Eleven (Official Video) ft. Summer Walker.mp3
Khalid - Don't Pretend (Official Audio) ft. SAFE,Khalid,Khalid,Single,usuk-rnb,https://music.youtube.com/watch?v=b52lho8lD6Q,https://i.ytimg.com/vi/b52lho8lD6Q/maxresdefault.jpg,Khalid/Single/Khalid - Don't Pretend (Official Audio) ft. SAFE.mp3
"Khalid, Disclosure - Know Your Worth (Official Video)",Khalid,Khalid,Single,usuk-rnb,https://music.youtube.com/watch?v=aEDULPGIwcg,https://i.ytimg.com/vi/aEDULPGIwcg/maxresdefault.jpg,"Khalid/Single/Khalid, Disclosure - Know Your Worth (Official Video).mp3"
Khalid - American Teen (Official Video),Khalid,Khalid,Single,usuk-rnb,https://music.youtube.com/watch?v=0NChtZCDCsY,https://i.ytimg.com/vi/0NChtZCDCsY/maxresdefault.jpg,Khalid/Single/Khalid - American Teen (Official Video).mp3
Alicia Keys - So Done (Official Video) ft. Khalid,Khalid,Alicia Keys,Single,usuk-rnb,https://music.youtube.com/watch?v=XDCXT7C7lnk,https://i.ytimg.com/vi/XDCXT7C7lnk/maxresdefault.jpg,Khalid/Single/Alicia Keys - So Done (Official Video) ft. Khalid.mp3
Khalid - Saved (Official Video),Khalid,Khalid,Single,usuk-rnb,https://music.youtube.com/watch?v=Oapebl0bADA,https://i.ytimg.com/vi/Oapebl0bADA/maxresdefault.jpg,Khalid/Single/Khalid - Saved (Official Video).mp3
Khalid - Up All Night (Official Audio),Khalid,Khalid,Single,usuk-rnb,https://music.youtube.com/watch?v=-aOy9P_OAeM,https://i.ytimg.com/vi/-aOy9P_OAeM/maxresdefault.jpg,Khalid/Single/Khalid - Up All Night (Official Audio).mp3
Khalid - Heatstroke (Official Music Video),Khalid,Khalid,Single,usuk-rnb,https://music.youtube.com/watch?v=rvLtJf0Rg9k,https://i.ytimg.com/vi/rvLtJf0Rg9k/maxresdefault.jpg,Khalid/Single/Khalid - Heatstroke (Official Music Video).mp3
Khalid - Adore U (Official Video),Khalid,Khalid,Single,usuk-rnb,https://music.youtube.com/watch?v=ehBG2k1iY-0,https://i.ytimg.com/vi/ehBG2k1iY-0/maxresdefault.jpg,Khalid/Single/Khalid - Adore U (Official Video).mp3
This Way (From SUPERFLY - Original Soundtrack),Khalid,"Khalid, H.E.R.",SUPERFLY (Original Motion Picture Soundtrack),usuk-rnb,https://music.youtube.com/watch?v=s5NdY8cgPjE,https://i.ytimg.com/vi/s5NdY8cgPjE/maxresdefault.jpg,Khalid/SUPERFLY (Original Motion Picture Soundtrack)/This Way (From SUPERFLY - Original Soundtrack).mp3
Khalid - Present (Official Video),Khalid,Khalid,Single,usuk-rnb,https://music.youtube.com/watch?v=6ePXH3-Tk4c,https://i.ytimg.com/vi/6ePXH3-Tk4c/maxresdefault.jpg,Khalid/Single/Khalid - Present (Official Video).mp3
Major Lazer & Khalid - Trigger (Official Lyric Video),Khalid,Major Lazer Official,Single,usuk-rnb,https://music.youtube.com/watch?v=W8KC0lgs2c8,https://i.ytimg.com/vi/W8KC0lgs2c8/maxresdefault.jpg,Khalid/Single/Major Lazer & Khalid - Trigger (Official Lyric Video).mp3
GoldLink - Days Like This (Audio) ft. Khalid,Khalid,GoldLink,Single,usuk-rnb,https://music.youtube.com/watch?v=Da-ONaI4CIE,https://i.ytimg.com/vi/Da-ONaI4CIE/maxresdefault.jpg,Khalid/Single/GoldLink - Days Like This (Audio) ft. Khalid.mp3
Kehlani - Folded [Official Music Video],Kehlani,Kehlani,Single,usuk-rnb,https://music.youtube.com/watch?v=KFMYx1TibeQ,https://i.ytimg.com/vi/KFMYx1TibeQ/maxresdefault.jpg,Kehlani/Single/Kehlani - Folded [Official Music Video].mp3
Kehlani - After Hours [Official Music Video],Kehlani,Kehlani,Single,usuk-rnb,https://music.youtube.com/watch?v=6qatTTscK4c,https://i.ytimg.com/vi/6qatTTscK4c/maxresdefault.jpg,Kehlani/Single/Kehlani - After Hours [Official Music Video].mp3
Kehlani - Out The Window [Official Music Video],Kehlani,Kehlani,Single,usuk-rnb,https://music.youtube.com/watch?v=DHoKSOUH3go,https://i.ytimg.com/vi/DHoKSOUH3go/maxresdefault.jpg,Kehlani/Single/Kehlani - Out The Window [Official Music Video].mp3
Kehlani - Gangsta (from Suicide Squad: The Album) [Official Music Video],Kehlani,Kehlani,Single,usuk-rnb,https://music.youtube.com/watch?v=LAYgZEMMWxo,https://i.ytimg.com/vi/LAYgZEMMWxo/maxresdefault.jpg,Kehlani/Single/Kehlani - Gangsta (from Suicide Squad_ The Album) [Official Music Video].mp3
Kehlani & G-Eazy - Good Life (from The Fate of the Furious: The Album) [Official Music Video],Kehlani,Kehlani,Single,usuk-rnb,https://music.youtube.com/watch?v=FG9M0aEpJGE,https://i.ytimg.com/vi/FG9M0aEpJGE/sddefault.jpg,Kehlani/Single/Kehlani & G-Eazy - Good Life (from The Fate of the Furious_ The Album) [Official Music Video].mp3
T-Pain & Kehlani - I Like Dat (Official Video),Kehlani,T Pain,Single,usuk-rnb,https://music.youtube.com/watch?v=UJtjoQ5TcVI,https://i.ytimg.com/vi/UJtjoQ5TcVI/sddefault.jpg?v=60e4fa85,Kehlani/Single/T-Pain & Kehlani - I Like Dat (Official Video).mp3
"Yung Bleu, Kehlani - Beautiful Lies (Official Video)",Kehlani,Yung Bleu,Single,usuk-rnb,https://music.youtube.com/watch?v=JC_gAhrAyQY,https://i.ytimg.com/vi/JC_gAhrAyQY/maxresdefault.jpg,"Kehlani/Single/Yung Bleu, Kehlani - Beautiful Lies (Official Video).mp3"
Kehlani - Nights Like This (feat. Ty Dolla $ign) [Official Music Video],Kehlani,Kehlani,Single,usuk-rnb,https://music.youtube.com/watch?v=I99qCuWx1mI,https://i.ytimg.com/vi/I99qCuWx1mI/maxresdefault.jpg,Kehlani/Single/Kehlani - Nights Like This (feat. Ty Dolla $ign) [Official Music Video].mp3
"Teyana Taylor, Kehlani - Morning (Official Video)",Kehlani,Teyana Taylor,Single,usuk-rnb,https://music.youtube.com/watch?v=BjbEBvAbsXc,https://i.ytimg.com/vi/BjbEBvAbsXc/maxresdefault.jpg,"Kehlani/Single/Teyana Taylor, Kehlani - Morning (Official Video).mp3"
Kehlani - Shoulda Never (feat. Usher) [Official Audio],Kehlani,Kehlani,Single,usuk-rnb,https://music.youtube.com/watch?v=crWbG90dChw,https://i.ytimg.com/vi/crWbG90dChw/maxresdefault.jpg,Kehlani/Single/Kehlani - Shoulda Never (feat. Usher) [Official Audio].mp3
Kehlani - Distraction [Official Music Video],Kehlani,Kehlani,Single,usuk-rnb,https://music.youtube.com/watch?v=HPHbeSGVKJo,https://i.ytimg.com/vi/HPHbeSGVKJo/maxresdefault.jpg,Kehlani/Single/Kehlani - Distraction [Official Music Video].mp3
Kehlani - The Way (feat. Chance The Rapper) [Official Music Video],Kehlani,Kehlani,Single,usuk-rnb,https://music.youtube.com/watch?v=0E1xYcXsGp0,https://i.ytimg.com/vi/0E1xYcXsGp0/hqdefault.jpg,Kehlani/Single/Kehlani - The Way (feat. Chance The Rapper) [Official Music Video].mp3
Kehlani - CRZY [Official Music Video],Kehlani,Kehlani,Single,usuk-rnb,https://music.youtube.com/watch?v=2d7U4CX0PHk,https://i.ytimg.com/vi/2d7U4CX0PHk/maxresdefault.jpg,Kehlani/Single/Kehlani - CRZY [Official Music Video].mp3
Kehlani - Hate The Club (feat. Masego) [Official Audio],Kehlani,Kehlani,Single,usuk-rnb,https://music.youtube.com/watch?v=5dw5FWNmCi4,https://i.ytimg.com/vi/5dw5FWNmCi4/maxresdefault.jpg,Kehlani/Single/Kehlani - Hate The Club (feat. Masego) [Official Audio].mp3
Kehlani - Honey [Official Music Video],Kehlani,Kehlani,Single,usuk-rnb,https://music.youtube.com/watch?v=_wVB6pfWwnE,https://i.ytimg.com/vi/_wVB6pfWwnE/sddefault.jpg,Kehlani/Single/Kehlani - Honey [Official Music Video].mp3
Zedd - Good Thing (with Kehlani) Official Audio,Kehlani,Zedd,Single,usuk-rnb,https://music.youtube.com/watch?v=DQXPnwxnbbo,https://i.ytimg.com/vi/DQXPnwxnbbo/maxresdefault.jpg,Kehlani/Single/Zedd - Good Thing (with Kehlani) Official Audio.mp3
Victoria Monét - Touch Me (feat. Kehlani) [Remix] (Official Audio),Kehlani,Victoria Monét,Single,usuk-rnb,https://music.youtube.com/watch?v=KcoBgdBP-4c,https://i.ytimg.com/vi/KcoBgdBP-4c/maxresdefault.jpg,Kehlani/Single/Victoria Monét - Touch Me (feat. Kehlani) [Remix] (Official Audio).mp3
Teenear - Come See Me (Lyric Video),Kehlani,Teenear,Single,usuk-rnb,https://music.youtube.com/watch?v=gDr0Y5QoLlQ,https://i.ytimg.com/vi/gDr0Y5QoLlQ/maxresdefault.jpg,Kehlani/Single/Teenear - Come See Me (Lyric Video).mp3
Lana Del Rey - Doin' Time,Lana Del Rey,Lana Del Rey,Single,usuk-rnb,https://music.youtube.com/watch?v=qolmz4FlnZ0,https://i.ytimg.com/vi/qolmz4FlnZ0/maxresdefault.jpg,Lana Del Rey/Single/Lana Del Rey - Doin' Time.mp3
Lana Del Rey - Summertime Sadness (Official Music Video),Lana Del Rey,Lana Del Rey,Single,usuk-rnb,https://music.youtube.com/watch?v=TdrL3QxjyVw,https://i.ytimg.com/vi/TdrL3QxjyVw/maxresdefault.jpg,Lana Del Rey/Single/Lana Del Rey - Summertime Sadness (Official Music Video).mp3
Lana Del Rey - West Coast,Lana Del Rey,Lana Del Rey,Single,usuk-rnb,https://music.youtube.com/watch?v=oKxuiw3iMBE,https://i.ytimg.com/vi/oKxuiw3iMBE/maxresdefault.jpg,Lana Del Rey/Single/Lana Del Rey - West Coast.mp3
Lana Del Rey - Blue Jeans,Lana Del Rey,Lana Del Rey,Single,usuk-rnb,https://music.youtube.com/watch?v=JRWox-i6aAk,https://i.ytimg.com/vi/JRWox-i6aAk/maxresdefault.jpg,Lana Del Rey/Single/Lana Del Rey - Blue Jeans.mp3
Lana Del Rey - Let The Light In (Audio) ft. Father John Misty,Lana Del Rey,Lana Del Rey,Single,usuk-rnb,https://music.youtube.com/watch?v=WJlQ4jt5Fz4,https://i.ytimg.com/vi/WJlQ4jt5Fz4/maxresdefault.jpg,Lana Del Rey/Single/Lana Del Rey - Let The Light In (Audio) ft. Father John Misty.mp3
Lana Del Rey - Say Yes To Heaven (Official Audio),Lana Del Rey,Lana Del Rey,Single,usuk-rnb,https://music.youtube.com/watch?v=MiAoetOXKcY,https://i.ytimg.com/vi/MiAoetOXKcY/maxresdefault.jpg,Lana Del Rey/Single/Lana Del Rey - Say Yes To Heaven (Official Audio).mp3
"Lana Del Rey - Young and Beautiful (from ""The Great Gatsby"" Soundtrack)",Lana Del Rey,Lana Del Rey,Single,usuk-rnb,https://music.youtube.com/watch?v=Te11UaHOHMQ,https://i.ytimg.com/vi/Te11UaHOHMQ/sddefault.jpg?sqp=-oaymwEmCIAFEOAD8quKqQMa8AEB-AHUBoAC3AOKAgwIABABGDMgXShyMA8=&rs=AOn4CLCRNoQG_9R-6Lhy4s75GGJMoqsAsg,Lana Del Rey/Single/Lana Del Rey - Young and Beautiful (from The Great Gatsby Soundtrack).mp3
Lana Del Rey - Video Games,Lana Del Rey,Lana Del Rey,Single,usuk-rnb,https://music.youtube.com/watch?v=cE6wxDqdOV0,https://i.ytimg.com/vi/cE6wxDqdOV0/maxresdefault.jpg,Lana Del Rey/Single/Lana Del Rey - Video Games.mp3
"Quavo, Lana Del Rey - Tough (Official Video)",Lana Del Rey,Quavo Huncho,Single,usuk-rnb,https://music.youtube.com/watch?v=ZkITTCz1mhk,https://i.ytimg.com/vi/ZkITTCz1mhk/maxresdefault.jpg,"Lana Del Rey/Single/Quavo, Lana Del Rey - Tough (Official Video).mp3"
Lana Del Rey - Born To Die,Lana Del Rey,Lana Del Rey,Single,usuk-rnb,https://music.youtube.com/watch?v=Bag1gUxuU0g,https://i.ytimg.com/vi/Bag1gUxuU0g/maxresdefault.jpg,Lana Del Rey/Single/Lana Del Rey - Born To Die.mp3
Cinnamon Girl,Lana Del Rey,Lana Del Rey,Norman Fucking Rockwell!,usuk-rnb,https://music.youtube.com/watch?v=DCYmJDO2_IE,https://i.ytimg.com/vi/DCYmJDO2_IE/maxresdefault.jpg,Lana Del Rey/Norman Fucking Rockwell!/Cinnamon Girl.mp3
Lana Del Rey - Chemtrails Over The Country Club (Official Music Video),Lana Del Rey,Lana Del Rey,Single,usuk-rnb,https://music.youtube.com/watch?v=vBHild0PiTE,https://i.ytimg.com/vi/vBHild0PiTE/maxresdefault.jpg,Lana Del Rey/Single/Lana Del Rey - Chemtrails Over The Country Club (Official Music Video).mp3
Lana Del Rey - Ride,Lana Del Rey,Lana Del Rey,Single,usuk-rnb,https://music.youtube.com/watch?v=Py_-3di1yx0,https://i.ytimg.com/vi/Py_-3di1yx0/maxresdefault.jpg,Lana Del Rey/Single/Lana Del Rey - Ride.mp3
Lana Del Rey - Brooklyn Baby (Official Audio),Lana Del Rey,Lana Del Rey,Single,usuk-rnb,https://music.youtube.com/watch?v=T5xcnjAG8pE,https://i.ytimg.com/vi/T5xcnjAG8pE/maxresdefault.jpg,Lana Del Rey/Single/Lana Del Rey - Brooklyn Baby (Official Audio).mp3
Lana Del Rey - Arcadia (Official Video),Lana Del Rey,Lana Del Rey,Single,usuk-rnb,https://music.youtube.com/watch?v=4mECX60FVJQ,https://i.ytimg.com/vi/4mECX60FVJQ/maxresdefault.jpg,Lana Del Rey/Single/Lana Del Rey - Arcadia (Official Video).mp3
Lana Del Rey - A&W (Audio),Lana Del Rey,Lana Del Rey,Single,usuk-rnb,https://music.youtube.com/watch?v=pYqky795R1s,https://i.ytimg.com/vi/pYqky795R1s/maxresdefault.jpg,Lana Del Rey/Single/Lana Del Rey - A&W (Audio).mp3
Cherry,Lana Del Rey,Lana Del Rey,Lust For Life,usuk-rnb,https://music.youtube.com/watch?v=uNuMH2i6wdI,https://i.ytimg.com/vi/uNuMH2i6wdI/maxresdefault.jpg,Lana Del Rey/Lust For Life/Cherry.mp3
Cola,Lana Del Rey,Lana Del Rey,Born To Die – Paradise Edition,usuk-rnb,https://music.youtube.com/watch?v=lBakG7KtVZE,https://i.ytimg.com/vi/lBakG7KtVZE/maxresdefault.jpg,Lana Del Rey/Born To Die – Paradise Edition/Cola.mp3
"Lana Del Rey - Watercolor Eyes, from “Euphoria” an HBO Original Series (Lyric Video)",Lana Del Rey,Lana Del Rey,Single,usuk-rnb,https://music.youtube.com/watch?v=GBxs3W_Y8MU,https://i.ytimg.com/vi/GBxs3W_Y8MU/maxresdefault.jpg,"Lana Del Rey/Single/Lana Del Rey - Watercolor Eyes, from “Euphoria” an HBO Original Series (Lyric Video).mp3"
Lana Del Rey - If You Lie Down With Me (Official Audio),Lana Del Rey,Lana Del Rey,Single,usuk-rnb,https://music.youtube.com/watch?v=xFv0wg_alGk,https://i.ytimg.com/vi/xFv0wg_alGk/maxresdefault.jpg,Lana Del Rey/Single/Lana Del Rey - If You Lie Down With Me (Official Audio).mp3
Lana Del Rey - Mariners Apartment Complex,Lana Del Rey,Lana Del Rey,Single,usuk-rnb,https://music.youtube.com/watch?v=1uFv9Ts7Sdw,https://i.ytimg.com/vi/1uFv9Ts7Sdw/maxresdefault.jpg,Lana Del Rey/Single/Lana Del Rey - Mariners Apartment Complex.mp3
Lana Del Rey - Love,Lana Del Rey,Lana Del Rey,Single,usuk-rnb,https://music.youtube.com/watch?v=3-NTv0CdFCk,https://i.ytimg.com/vi/3-NTv0CdFCk/maxresdefault.jpg,Lana Del Rey/Single/Lana Del Rey - Love.mp3
Lana Del Rey - Did you know that there's a tunnel under Ocean Blvd (Audio),Lana Del Rey,Lana Del Rey,Single,usuk-rnb,https://music.youtube.com/watch?v=IuY54A3bOmg,https://i.ytimg.com/vi/IuY54A3bOmg/maxresdefault.jpg,Lana Del Rey/Single/Lana Del Rey - Did you know that there's a tunnel under Ocean Blvd (Audio).mp3
Gods & Monsters,Lana Del Rey,Lana Del Rey,Born To Die – Paradise Edition,usuk-rnb,https://music.youtube.com/watch?v=ORw5Sv0Ch-0,https://i.ytimg.com/vi/ORw5Sv0Ch-0/maxresdefault.jpg,Lana Del Rey/Born To Die – Paradise Edition/Gods & Monsters.mp3
Lana Del Rey - Lust For Life (Official Video) ft. The Weeknd,Lana Del Rey,Lana Del Rey,Single,usuk-rnb,https://music.youtube.com/watch?v=eP4eqhWc7sI,https://i.ytimg.com/vi/eP4eqhWc7sI/maxresdefault.jpg,Lana Del Rey/Single/Lana Del Rey - Lust For Life (Official Video) ft. The Weeknd.mp3
LANA DEL REY - CARMEN,Lana Del Rey,Lana Del Rey,Single,usuk-rnb,https://music.youtube.com/watch?v=L6K8Uq88BEQ,https://i.ytimg.com/vi/L6K8Uq88BEQ/hqdefault.jpg?sqp=-oaymwEmCOADEOgC8quKqQMa8AEB-AH-BIAC6AKKAgwIABABGCogTCh_MA8=&rs=AOn4CLCW_dlRpfdpnSK2bPZjsDk9DI8eTA,Lana Del Rey/Single/LANA DEL REY - CARMEN.mp3
Dark Paradise,Lana Del Rey,Lana Del Rey,Born To Die,usuk-rnb,https://music.youtube.com/watch?v=l4rhJx2YPo8,https://i.ytimg.com/vi/l4rhJx2YPo8/maxresdefault.jpg,Lana Del Rey/Born To Die/Dark Paradise.mp3
Lana Del Rey - High By The Beach,Lana Del Rey,Lana Del Rey,Single,usuk-rnb,https://music.youtube.com/watch?v=QnxpHIl5Ynw,https://i.ytimg.com/vi/QnxpHIl5Ynw/maxresdefault.jpg,Lana Del Rey/Single/Lana Del Rey - High By The Beach.mp3
Off To The Races,Lana Del Rey,Lana Del Rey,Born To Die,usuk-rnb,https://music.youtube.com/watch?v=1CaS4pSpS3c,https://i.ytimg.com/vi/1CaS4pSpS3c/maxresdefault.jpg,Lana Del Rey/Born To Die/Off To The Races.mp3
Lana Del Rey - National Anthem,Lana Del Rey,Lana Del Rey,Single,usuk-rnb,https://music.youtube.com/watch?v=sxDdEPED0h8,https://i.ytimg.com/vi/sxDdEPED0h8/maxresdefault.jpg,Lana Del Rey/Single/Lana Del Rey - National Anthem.mp3
Lana Del Rey - Venice Bitch (Official Music Video),Lana Del Rey,Lana Del Rey,Single,usuk-rnb,https://music.youtube.com/watch?v=Qg3DxELVPj4,https://i.ytimg.com/vi/Qg3DxELVPj4/maxresdefault.jpg,Lana Del Rey/Single/Lana Del Rey - Venice Bitch (Official Music Video).mp3
Lana Del Rey - Margaret (Audio) ft. Bleachers,Lana Del Rey,Lana Del Rey,Single,usuk-rnb,https://music.youtube.com/watch?v=2xtKhqbNBoY,https://i.ytimg.com/vi/2xtKhqbNBoY/maxresdefault.jpg,Lana Del Rey/Single/Lana Del Rey - Margaret (Audio) ft. Bleachers.mp3
Coldplay - WE PRAY (TINI Version) (Official),Coldplay,Coldplay,Single,usuk-rock-indie,https://music.youtube.com/watch?v=VlSEIa1zubs,https://i.ytimg.com/vi/VlSEIa1zubs/maxresdefault.jpg,Coldplay/Single/Coldplay - WE PRAY (TINI Version) (Official).mp3
Coldplay X Selena Gomez - Let Somebody Go (Official Lyric Video),Coldplay,Coldplay,Single,usuk-rock-indie,https://music.youtube.com/watch?v=EptPhiK_q0E,https://i.ytimg.com/vi/EptPhiK_q0E/maxresdefault.jpg,Coldplay/Single/Coldplay X Selena Gomez - Let Somebody Go (Official Lyric Video).mp3
Coldplay - Paradise (Official Video),Coldplay,Coldplay,Single,usuk-rock-indie,https://music.youtube.com/watch?v=1G4isv_Fylg,https://i.ytimg.com/vi/1G4isv_Fylg/maxresdefault.jpg,Coldplay/Single/Coldplay - Paradise (Official Video).mp3
Coldplay - Viva La Vida (Official Video),Coldplay,Coldplay,Single,usuk-rock-indie,https://music.youtube.com/watch?v=dvgZkm1xWPE,https://i.ytimg.com/vi/dvgZkm1xWPE/maxresdefault.jpg,Coldplay/Single/Coldplay - Viva La Vida (Official Video).mp3
Coldplay - Fix You (Official Video),Coldplay,Coldplay,Single,usuk-rock-indie,https://music.youtube.com/watch?v=k4V3Mo61fJM,https://i.ytimg.com/vi/k4V3Mo61fJM/maxresdefault.jpg,Coldplay/Single/Coldplay - Fix You (Official Video).mp3
Coldplay - Biutyful (Official Video),Coldplay,Coldplay,Single,usuk-rock-indie,https://music.youtube.com/watch?v=raHLFg6bkNI,https://i.ytimg.com/vi/raHLFg6bkNI/maxresdefault.jpg,Coldplay/Single/Coldplay - Biutyful (Official Video).mp3
Coldplay - feelslikeimfallinginlove (Official Video),Coldplay,Coldplay,Single,usuk-rock-indie,https://music.youtube.com/watch?v=V3IVdLo-2NM,https://i.ytimg.com/vi/V3IVdLo-2NM/maxresdefault.jpg,Coldplay/Single/Coldplay - feelslikeimfallinginlove (Official Video).mp3
Coldplay - Yellow (Official Video),Coldplay,Coldplay,Single,usuk-rock-indie,https://music.youtube.com/watch?v=yKNxeF4KMsY,https://i.ytimg.com/vi/yKNxeF4KMsY/maxresdefault.jpg,Coldplay/Single/Coldplay - Yellow (Official Video).mp3
Coldplay X BTS - My Universe (Official Video),Coldplay,Coldplay,Single,usuk-rock-indie,https://music.youtube.com/watch?v=3YqPKLZF_WU,https://i.ytimg.com/vi/3YqPKLZF_WU/maxresdefault.jpg,Coldplay/Single/Coldplay X BTS - My Universe (Official Video).mp3
Coldplay - Hymn For The Weekend (Official Video),Coldplay,Coldplay,Single,usuk-rock-indie,https://music.youtube.com/watch?v=YykjpeuMNEk,https://i.ytimg.com/vi/YykjpeuMNEk/maxresdefault.jpg,Coldplay/Single/Coldplay - Hymn For The Weekend (Official Video).mp3
"Coldplay - Flags (Everyday Life Japanese Bonus Track, Official audio)",Coldplay,Coldplay,Single,usuk-rock-indie,https://music.youtube.com/watch?v=f5hBQtDrxYs,https://i.ytimg.com/vi/f5hBQtDrxYs/maxresdefault.jpg,"Coldplay/Single/Coldplay - Flags (Everyday Life Japanese Bonus Track, Official audio).mp3"
Coldplay - Higher Power (Official Video),Coldplay,Coldplay,Single,usuk-rock-indie,https://music.youtube.com/watch?v=3lfnR7OhZY8,https://i.ytimg.com/vi/3lfnR7OhZY8/maxresdefault.jpg,Coldplay/Single/Coldplay - Higher Power (Official Video).mp3
Coldplay - GOOD FEELiNGS (A Film For The Future),Coldplay,Coldplay,Single,usuk-rock-indie,https://music.youtube.com/watch?v=2sdxKXfH84w,https://i.ytimg.com/vi/2sdxKXfH84w/maxresdefault.jpg,Coldplay/Single/Coldplay - GOOD FEELiNGS (A Film For The Future).mp3
Coldplay - Orphans (Official Video),Coldplay,Coldplay,Single,usuk-rock-indie,https://music.youtube.com/watch?v=PXKYA-zmzTY,https://i.ytimg.com/vi/PXKYA-zmzTY/maxresdefault.jpg,Coldplay/Single/Coldplay - Orphans (Official Video).mp3
Coldplay - Coloratura (Official Lyric Video),Coldplay,Coldplay,Single,usuk-rock-indie,https://music.youtube.com/watch?v=kWUV5-frRU4,https://i.ytimg.com/vi/kWUV5-frRU4/maxresdefault.jpg,Coldplay/Single/Coldplay - Coloratura (Official Lyric Video).mp3
Coldplay - The Scientist (Official 4K Video),Coldplay,Coldplay,Single,usuk-rock-indie,https://music.youtube.com/watch?v=RB-RcX5DS5A,https://i.ytimg.com/vi/RB-RcX5DS5A/maxresdefault.jpg,Coldplay/Single/Coldplay - The Scientist (Official 4K Video).mp3
Coldplay - Adventure Of A Lifetime (Official Video),Coldplay,Coldplay,Single,usuk-rock-indie,https://music.youtube.com/watch?v=QtXby3twMmI,https://i.ytimg.com/vi/QtXby3twMmI/sddefault.jpg,Coldplay/Single/Coldplay - Adventure Of A Lifetime (Official Video).mp3
The Chainsmokers & Coldplay - Something Just Like This (Official Lyric Video),Coldplay,The Chainsmokers,Single,usuk-rock-indie,https://music.youtube.com/watch?v=FM7MFYoylVs,https://i.ytimg.com/vi/FM7MFYoylVs/maxresdefault.jpg,Coldplay/Single/The Chainsmokers & Coldplay - Something Just Like This (Official Lyric Video).mp3
Coldplay - Clocks (Official Video),Coldplay,Coldplay,Single,usuk-rock-indie,https://music.youtube.com/watch?v=d020hcWA_Wg,https://i.ytimg.com/vi/d020hcWA_Wg/maxresdefault.jpg,Coldplay/Single/Coldplay - Clocks (Official Video).mp3
Coldplay - A Sky Full Of Stars (Official Video),Coldplay,Coldplay,Single,usuk-rock-indie,https://music.youtube.com/watch?v=VPRjCeoBqrI,https://i.ytimg.com/vi/VPRjCeoBqrI/maxresdefault.jpg,Coldplay/Single/Coldplay - A Sky Full Of Stars (Official Video).mp3
Coldplay - Trouble (Official video),Coldplay,Coldplay,Single,usuk-rock-indie,https://music.youtube.com/watch?v=kcASPx3-HuI,https://i.ytimg.com/vi/kcASPx3-HuI/maxresdefault.jpg,Coldplay/Single/Coldplay - Trouble (Official video).mp3
Coldplay - Magic (Official Video),Coldplay,Coldplay,Single,usuk-rock-indie,https://music.youtube.com/watch?v=Qtb11P1FWnc,https://i.ytimg.com/vi/Qtb11P1FWnc/maxresdefault.jpg,Coldplay/Single/Coldplay - Magic (Official Video).mp3
Coldplay - In My Place (Official 4K Video),Coldplay,Coldplay,Single,usuk-rock-indie,https://music.youtube.com/watch?v=gnIZ7RMuLpU,https://i.ytimg.com/vi/gnIZ7RMuLpU/maxresdefault.jpg,Coldplay/Single/Coldplay - In My Place (Official 4K Video).mp3
Coldplay - Speed Of Sound (Official Video),Coldplay,Coldplay,Single,usuk-rock-indie,https://music.youtube.com/watch?v=0k_1kvDh2UA,https://i.ytimg.com/vi/0k_1kvDh2UA/maxresdefault.jpg,Coldplay/Single/Coldplay - Speed Of Sound (Official Video).mp3
Coldplay - Shiver (Official Video),Coldplay,Coldplay,Single,usuk-rock-indie,https://music.youtube.com/watch?v=u8XFFTWwSvY,https://i.ytimg.com/vi/u8XFFTWwSvY/maxresdefault.jpg,Coldplay/Single/Coldplay - Shiver (Official Video).mp3
Coldplay - Princess Of China ft. Rihanna (Official Video),Coldplay,Coldplay,Single,usuk-rock-indie,https://music.youtube.com/watch?v=1Uw6ZkbsAH8,https://i.ytimg.com/vi/1Uw6ZkbsAH8/hqdefault.jpg,Coldplay/Single/Coldplay - Princess Of China ft. Rihanna (Official Video).mp3
Coldplay - God Put A Smile Upon Your Face (Official Video),Coldplay,Coldplay,Single,usuk-rock-indie,https://music.youtube.com/watch?v=qhIVgSoJVRc,https://i.ytimg.com/vi/qhIVgSoJVRc/hqdefault.jpg,Coldplay/Single/Coldplay - God Put A Smile Upon Your Face (Official Video).mp3
Coldplay - Every Teardrop Is a Waterfall (Official Video),Coldplay,Coldplay,Single,usuk-rock-indie,https://music.youtube.com/watch?v=fyMhvkC3A84,https://i.ytimg.com/vi/fyMhvkC3A84/hqdefault.jpg,Coldplay/Single/Coldplay - Every Teardrop Is a Waterfall (Official Video).mp3
Everglow,Coldplay,Coldplay,A Head Full of Dreams,usuk-rock-indie,https://music.youtube.com/watch?v=7pfX1OKqP80,https://i.ytimg.com/vi/7pfX1OKqP80/maxresdefault.jpg,Coldplay/A Head Full of Dreams/Everglow.mp3
Coldplay - Champion Of The World (Official Video),Coldplay,Coldplay,Single,usuk-rock-indie,https://music.youtube.com/watch?v=kayI9QB1-IA,https://i.ytimg.com/vi/kayI9QB1-IA/sddefault.jpg?v=5eff3dd4,Coldplay/Single/Coldplay - Champion Of The World (Official Video).mp3
Coldplay - ALL MY LOVE (Official Video),Coldplay,Coldplay,Single,usuk-rock-indie,https://music.youtube.com/watch?v=pSeaHfkd3M8,https://i.ytimg.com/vi/pSeaHfkd3M8/maxresdefault.jpg,Coldplay/Single/Coldplay - ALL MY LOVE (Official Video).mp3
Coldplay - Charlie Brown (Official Video),Coldplay,Coldplay,Single,usuk-rock-indie,https://music.youtube.com/watch?v=zTFBJgnNgU4,https://i.ytimg.com/vi/zTFBJgnNgU4/maxresdefault.jpg,Coldplay/Single/Coldplay - Charlie Brown (Official Video).mp3
Coldplay - Violet Hill (Official Video),Coldplay,Coldplay,Single,usuk-rock-indie,https://music.youtube.com/watch?v=IakDItZ7f7Q,https://i.ytimg.com/vi/IakDItZ7f7Q/maxresdefault.jpg,Coldplay/Single/Coldplay - Violet Hill (Official Video).mp3
Coldplay - Arabesque (Official Lyric Video),Coldplay,Coldplay,Single,usuk-rock-indie,https://music.youtube.com/watch?v=ZJNG3WmsOs4,https://i.ytimg.com/vi/ZJNG3WmsOs4/maxresdefault.jpg,Coldplay/Single/Coldplay - Arabesque (Official Lyric Video).mp3
Life in Technicolor ii,Coldplay,Coldplay,Viva La Vida (Prospekt's March Edition),usuk-rock-indie,https://music.youtube.com/watch?v=t8jrK5eslIc,https://i.ytimg.com/vi/t8jrK5eslIc/maxresdefault.jpg,Coldplay/Viva La Vida (Prospekt's March Edition)/Life in Technicolor ii.mp3
Coldplay - Talk (Official Video),Coldplay,Coldplay,Single,usuk-rock-indie,https://music.youtube.com/watch?v=EH9meoWmAOM,https://i.ytimg.com/vi/EH9meoWmAOM/hqdefault.jpg,Coldplay/Single/Coldplay - Talk (Official Video).mp3
A Head Full of Dreams,Coldplay,Coldplay,A Head Full of Dreams,usuk-rock-indie,https://music.youtube.com/watch?v=rwdwb5Fkgso,https://i.ytimg.com/vi/rwdwb5Fkgso/maxresdefault.jpg,Coldplay/A Head Full of Dreams/A Head Full of Dreams.mp3
Coldplay - Midnight (Official Video),Coldplay,Coldplay,Single,usuk-rock-indie,https://music.youtube.com/watch?v=BQeMxWjpr-Y,https://i.ytimg.com/vi/BQeMxWjpr-Y/maxresdefault.jpg,Coldplay/Single/Coldplay - Midnight (Official Video).mp3
Coldplay - Lovers In Japan (Official Video),Coldplay,Coldplay,Single,usuk-rock-indie,https://music.youtube.com/watch?v=OTFFQkdhw6Q,https://i.ytimg.com/vi/OTFFQkdhw6Q/hqdefault.jpg,Coldplay/Single/Coldplay - Lovers In Japan (Official Video).mp3
Coldplay - Up&Up (Official Video),Coldplay,Coldplay,Single,usuk-rock-indie,https://music.youtube.com/watch?v=BPNTC7uZYrI,https://i.ytimg.com/vi/BPNTC7uZYrI/maxresdefault.jpg,Coldplay/Single/Coldplay - Up&Up (Official Video).mp3
Coldplay - Strawberry Swing (Official Video),Coldplay,Coldplay,Single,usuk-rock-indie,https://music.youtube.com/watch?v=h3pJZSTQqIg,https://i.ytimg.com/vi/h3pJZSTQqIg/maxresdefault.jpg,Coldplay/Single/Coldplay - Strawberry Swing (Official Video).mp3
Lost!,Coldplay,Coldplay,Viva La Vida or Death and All His Friends,usuk-rock-indie,https://music.youtube.com/watch?v=B5KjwuD3hEg,https://i.ytimg.com/vi/B5KjwuD3hEg/maxresdefault.jpg,Coldplay/Viva La Vida or Death and All His Friends/Lost!.mp3
Coldplay - Hurts Like Heaven (Official Video),Coldplay,Coldplay,Single,usuk-rock-indie,https://music.youtube.com/watch?v=C8KV0mzqTXY,https://i.ytimg.com/vi/C8KV0mzqTXY/maxresdefault.jpg,Coldplay/Single/Coldplay - Hurts Like Heaven (Official Video).mp3
Imagine Dragons - Believer (Official Music Video),Imagine Dragons,ImagineDragons,Single,usuk-rock-indie,https://music.youtube.com/watch?v=7wtfhZwyrcc,https://i.ytimg.com/vi/7wtfhZwyrcc/maxresdefault.jpg,Imagine Dragons/Single/Imagine Dragons - Believer (Official Music Video).mp3
Imagine Dragons - Radioactive,Imagine Dragons,ImagineDragons,Single,usuk-rock-indie,https://music.youtube.com/watch?v=ktvTqknDobU,https://i.ytimg.com/vi/ktvTqknDobU/maxresdefault.jpg,Imagine Dragons/Single/Imagine Dragons - Radioactive.mp3
Imagine Dragons x J.I.D - Enemy (from the series Arcane League of Legends),Imagine Dragons,ImagineDragons,Single,usuk-rock-indie,https://music.youtube.com/watch?v=D9G1VOjN_84,https://i.ytimg.com/vi/D9G1VOjN_84/maxresdefault.jpg,Imagine Dragons/Single/Imagine Dragons x J.I.D - Enemy (from the series Arcane League of Legends).mp3
Imagine Dragons - Demons (Official Music Video),Imagine Dragons,ImagineDragons,Single,usuk-rock-indie,https://music.youtube.com/watch?v=mWRsgZuwf_8,https://i.ytimg.com/vi/mWRsgZuwf_8/maxresdefault.jpg,Imagine Dragons/Single/Imagine Dragons - Demons (Official Music Video).mp3
Imagine Dragons - Bones (Official Music Video),Imagine Dragons,ImagineDragons,Single,usuk-rock-indie,https://music.youtube.com/watch?v=TO-_3tck2tg,https://i.ytimg.com/vi/TO-_3tck2tg/maxresdefault.jpg,Imagine Dragons/Single/Imagine Dragons - Bones (Official Music Video).mp3
Imagine Dragons - Thunder,Imagine Dragons,ImagineDragons,Single,usuk-rock-indie,https://music.youtube.com/watch?v=fKopy74weus,https://i.ytimg.com/vi/fKopy74weus/maxresdefault.jpg,Imagine Dragons/Single/Imagine Dragons - Thunder.mp3
Imagine Dragons - Nice to Meet You (Official Music Video),Imagine Dragons,ImagineDragons,Single,usuk-rock-indie,https://music.youtube.com/watch?v=NeUfmyu5t8Q,https://i.ytimg.com/vi/NeUfmyu5t8Q/maxresdefault.jpg,Imagine Dragons/Single/Imagine Dragons - Nice to Meet You (Official Music Video).mp3
Imagine Dragons - Take Me To The Beach (feat. Ado) (Official Lyric Video),Imagine Dragons,ImagineDragons,Single,usuk-rock-indie,https://music.youtube.com/watch?v=5Duje_sZko8,https://i.ytimg.com/vi/5Duje_sZko8/maxresdefault.jpg,Imagine Dragons/Single/Imagine Dragons - Take Me To The Beach (feat. Ado) (Official Lyric Video).mp3
Imagine Dragons - Eyes Closed (Official Music Video),Imagine Dragons,ImagineDragons,Single,usuk-rock-indie,https://music.youtube.com/watch?v=v08qmr8m_-w,https://i.ytimg.com/vi/v08qmr8m_-w/maxresdefault.jpg,Imagine Dragons/Single/Imagine Dragons - Eyes Closed (Official Music Video).mp3
Imagine Dragons - Sharks (Official Music Video),Imagine Dragons,ImagineDragons,Single,usuk-rock-indie,https://music.youtube.com/watch?v=Te3_VlimRw0,https://i.ytimg.com/vi/Te3_VlimRw0/maxresdefault.jpg,Imagine Dragons/Single/Imagine Dragons - Sharks (Official Music Video).mp3
Imagine Dragons - Children of the Sky (a Starfield song) [Official Music Video],Imagine Dragons,ImagineDragons,Single,usuk-rock-indie,https://music.youtube.com/watch?v=zHfIkyLh-Ew,https://i.ytimg.com/vi/zHfIkyLh-Ew/maxresdefault.jpg,Imagine Dragons/Single/Imagine Dragons - Children of the Sky (a Starfield song) [Official Music Video].mp3
Imagine Dragons - Whatever It Takes (Official Music Video),Imagine Dragons,ImagineDragons,Single,usuk-rock-indie,https://music.youtube.com/watch?v=gOsM-DYAEhY,https://i.ytimg.com/vi/gOsM-DYAEhY/maxresdefault.jpg,Imagine Dragons/Single/Imagine Dragons - Whatever It Takes (Official Music Video).mp3
Imagine Dragons - Natural,Imagine Dragons,ImagineDragons,Single,usuk-rock-indie,https://music.youtube.com/watch?v=0I647GU3Jsc,https://i.ytimg.com/vi/0I647GU3Jsc/maxresdefault.jpg,Imagine Dragons/Single/Imagine Dragons - Natural.mp3
Imagine Dragons - Bad Liar,Imagine Dragons,ImagineDragons,Single,usuk-rock-indie,https://music.youtube.com/watch?v=I-QfPUz1es8,https://i.ytimg.com/vi/I-QfPUz1es8/maxresdefault.jpg,Imagine Dragons/Single/Imagine Dragons - Bad Liar.mp3
"Lil Wayne, Wiz Khalifa & Imagine Dragons w/ Logic & Ty Dolla $ign ft X Ambassadors - Sucker for Pain",Imagine Dragons,Atlantic Records,Single,usuk-rock-indie,https://music.youtube.com/watch?v=-59jGD4WrmE,https://i.ytimg.com/vi/-59jGD4WrmE/maxresdefault.jpg,"Imagine Dragons/Single/Lil Wayne, Wiz Khalifa & Imagine Dragons w_ Logic & Ty Dolla $ign ft X Ambassadors - Sucker for Pain.mp3"
Imagine Dragons - Birds (Animated Video),Imagine Dragons,ImagineDragons,Single,usuk-rock-indie,https://music.youtube.com/watch?v=vOXZkm9p_zY,https://i.ytimg.com/vi/vOXZkm9p_zY/maxresdefault.jpg,Imagine Dragons/Single/Imagine Dragons - Birds (Animated Video).mp3
Imagine Dragons - Wrecked (Official Music Video),Imagine Dragons,ImagineDragons,Single,usuk-rock-indie,https://music.youtube.com/watch?v=Y2NkuFIlLEo,https://i.ytimg.com/vi/Y2NkuFIlLEo/maxresdefault.jpg,Imagine Dragons/Single/Imagine Dragons - Wrecked (Official Music Video).mp3
Imagine Dragons - It's Time (Official Music Video),Imagine Dragons,ImagineDragons,Single,usuk-rock-indie,https://music.youtube.com/watch?v=sENM2wA_FTg,https://i.ytimg.com/vi/sENM2wA_FTg/sddefault.jpg,Imagine Dragons/Single/Imagine Dragons - It's Time (Official Music Video).mp3
Warriors (ft. Imagine Dragons) | Worlds 2014 - League of Legends,Imagine Dragons,League of Legends,Single,usuk-rock-indie,https://music.youtube.com/watch?v=fmI_Ndrxy14,https://i.ytimg.com/vi/fmI_Ndrxy14/maxresdefault.jpg,Imagine Dragons/Single/Warriors (ft. Imagine Dragons) _ Worlds 2014 - League of Legends.mp3
Imagine Dragons - On Top Of The World (Official Music Video),Imagine Dragons,ImagineDragons,Single,usuk-rock-indie,https://music.youtube.com/watch?v=w5tWYmIOWGk,https://i.ytimg.com/vi/w5tWYmIOWGk/maxresdefault.jpg,Imagine Dragons/Single/Imagine Dragons - On Top Of The World (Official Music Video).mp3
Imagine Dragons - Next To Me (Audio),Imagine Dragons,ImagineDragons,Single,usuk-rock-indie,https://music.youtube.com/watch?v=-C_rvt0SwLE,https://i.ytimg.com/vi/-C_rvt0SwLE/maxresdefault.jpg,Imagine Dragons/Single/Imagine Dragons - Next To Me (Audio).mp3
Imagine Dragons - I Bet My Life,Imagine Dragons,ImagineDragons,Single,usuk-rock-indie,https://music.youtube.com/watch?v=4ht80uzIhNs,https://i.ytimg.com/vi/4ht80uzIhNs/maxresdefault.jpg,Imagine Dragons/Single/Imagine Dragons - I Bet My Life.mp3
Imagine Dragons - Follow You (Official Music Video),Imagine Dragons,ImagineDragons,Single,usuk-rock-indie,https://music.youtube.com/watch?v=k3zimSRKqNw,https://i.ytimg.com/vi/k3zimSRKqNw/maxresdefault.jpg,Imagine Dragons/Single/Imagine Dragons - Follow You (Official Music Video).mp3
Imagine Dragons - Walking The Wire (Audio),Imagine Dragons,ImagineDragons,Single,usuk-rock-indie,https://music.youtube.com/watch?v=1nv9br7P7g0,https://i.ytimg.com/vi/1nv9br7P7g0/maxresdefault.jpg,Imagine Dragons/Single/Imagine Dragons - Walking The Wire (Audio).mp3
"Imagine Dragons - Zero (From the Original Motion Picture ""Ralph Breaks The Internet"")",Imagine Dragons,ImagineDragons,Single,usuk-rock-indie,https://music.youtube.com/watch?v=j60ClcNYWu4,https://i.ytimg.com/vi/j60ClcNYWu4/maxresdefault.jpg,Imagine Dragons/Single/Imagine Dragons - Zero (From the Original Motion Picture Ralph Breaks The Internet).mp3
Imagine Dragons - Wake Up (Official Music Video),Imagine Dragons,ImagineDragons,Single,usuk-rock-indie,https://music.youtube.com/watch?v=q392mSz4VeY,https://i.ytimg.com/vi/q392mSz4VeY/maxresdefault.jpg,Imagine Dragons/Single/Imagine Dragons - Wake Up (Official Music Video).mp3
Imagine Dragons - Shots,Imagine Dragons,ImagineDragons,Single,usuk-rock-indie,https://music.youtube.com/watch?v=qQrgto184Tk,https://i.ytimg.com/vi/qQrgto184Tk/maxresdefault.jpg,Imagine Dragons/Single/Imagine Dragons - Shots.mp3
"Kygo, Imagine Dragons - Born To Be Yours (Official Video)",Imagine Dragons,Kygo,Single,usuk-rock-indie,https://music.youtube.com/watch?v=_G-k6TQYUek,https://i.ytimg.com/vi/_G-k6TQYUek/maxresdefault.jpg,"Imagine Dragons/Single/Kygo, Imagine Dragons - Born To Be Yours (Official Video).mp3"
Imagine Dragons - Gold (Official Music Video),Imagine Dragons,ImagineDragons,Single,usuk-rock-indie,https://music.youtube.com/watch?v=Rl3ELiPXFRo,https://i.ytimg.com/vi/Rl3ELiPXFRo/maxresdefault.jpg,Imagine Dragons/Single/Imagine Dragons - Gold (Official Music Video).mp3
"Kygo, Imagine Dragons - Stars Will Align (Official Video)",Imagine Dragons,Kygo,Single,usuk-rock-indie,https://music.youtube.com/watch?v=TM5ZtMP4OCQ,https://i.ytimg.com/vi/TM5ZtMP4OCQ/maxresdefault.jpg,"Imagine Dragons/Single/Kygo, Imagine Dragons - Stars Will Align (Official Video).mp3"
Imagine Dragons - Roots,Imagine Dragons,ImagineDragons,Single,usuk-rock-indie,https://music.youtube.com/watch?v=PscXGpsF3dY,https://i.ytimg.com/vi/PscXGpsF3dY/maxresdefault.jpg,Imagine Dragons/Single/Imagine Dragons - Roots.mp3
Imagine Dragons - Waves (Official Lyric Video),Imagine Dragons,ImagineDragons,Single,usuk-rock-indie,https://music.youtube.com/watch?v=anLxLPzgIG4,https://i.ytimg.com/vi/anLxLPzgIG4/maxresdefault.jpg,Imagine Dragons/Single/Imagine Dragons - Waves (Official Lyric Video).mp3
Imagine Dragons - Symphony (Official Visualizer),Imagine Dragons,ImagineDragons,Single,usuk-rock-indie,https://music.youtube.com/watch?v=K0x-P5xmBHs,https://i.ytimg.com/vi/K0x-P5xmBHs/maxresdefault.jpg,Imagine Dragons/Single/Imagine Dragons - Symphony (Official Visualizer).mp3
Imagine Dragons - Machine (Audio),Imagine Dragons,ImagineDragons,Single,usuk-rock-indie,https://music.youtube.com/watch?v=BahtnT13vH8,https://i.ytimg.com/vi/BahtnT13vH8/maxresdefault.jpg,Imagine Dragons/Single/Imagine Dragons - Machine (Audio).mp3
Imagine Dragons - I'm So Sorry (Official Lyric Video),Imagine Dragons,ImagineDragons,Single,usuk-rock-indie,https://music.youtube.com/watch?v=78El9Q-_WzU,https://i.ytimg.com/vi/78El9Q-_WzU/maxresdefault.jpg,Imagine Dragons/Single/Imagine Dragons - I'm So Sorry (Official Lyric Video).mp3
Friction,Imagine Dragons,Imagine Dragons,Smoke + Mirrors,usuk-rock-indie,https://music.youtube.com/watch?v=qzNGoiVrXNk,https://i.ytimg.com/vi/qzNGoiVrXNk/maxresdefault.jpg,Imagine Dragons/Smoke + Mirrors/Friction.mp3
Love,Imagine Dragons,Imagine Dragons,Origins,usuk-rock-indie,https://music.youtube.com/watch?v=cQbAm4dIDKA,https://i.ytimg.com/vi/cQbAm4dIDKA/maxresdefault.jpg,Imagine Dragons/Origins/Love.mp3
Imagine Dragons - Monster (Official Lyric Video),Imagine Dragons,ImagineDragons,Single,usuk-rock-indie,https://music.youtube.com/watch?v=SWdJdGYfYPw,https://i.ytimg.com/vi/SWdJdGYfYPw/maxresdefault.jpg,Imagine Dragons/Single/Imagine Dragons - Monster (Official Lyric Video).mp3
Imagine Dragons - Bleeding Out (Lyric Video),Imagine Dragons,ImagineDragons,Single,usuk-rock-indie,https://music.youtube.com/watch?v=QFKHScAStsU,https://i.ytimg.com/vi/QFKHScAStsU/maxresdefault.jpg,Imagine Dragons/Single/Imagine Dragons - Bleeding Out (Lyric Video).mp3
Imagine Dragons - Who We Are (Official Lyric Video),Imagine Dragons,ImagineDragons,Single,usuk-rock-indie,https://music.youtube.com/watch?v=Qn_L-pUAi0A,https://i.ytimg.com/vi/Qn_L-pUAi0A/maxresdefault.jpg,Imagine Dragons/Single/Imagine Dragons - Who We Are (Official Lyric Video).mp3
Maroon 5 - Moves Like Jagger ft. Christina Aguilera (Official Music Video) ft. Christina Aguilera,Maroon 5,Maroon 5,Single,usuk-rock-indie,https://music.youtube.com/watch?v=iEPTlhBmwRg,https://i.ytimg.com/vi/iEPTlhBmwRg/maxresdefault.jpg,Maroon 5/Single/Maroon 5 - Moves Like Jagger ft. Christina Aguilera (Official Music Video) ft. Christina Aguilera.mp3
Maroon 5 - Payphone ft. Wiz Khalifa (Explicit) (Official Music Video),Maroon 5,Maroon 5,Single,usuk-rock-indie,https://music.youtube.com/watch?v=KRaWnd3LJfs,https://i.ytimg.com/vi/KRaWnd3LJfs/maxresdefault.jpg,Maroon 5/Single/Maroon 5 - Payphone ft. Wiz Khalifa (Explicit) (Official Music Video).mp3
Maroon 5 - Girls Like You ft. Cardi B (Official Music Video),Maroon 5,Maroon 5,Single,usuk-rock-indie,https://music.youtube.com/watch?v=aJOTlE1K90k,https://i.ytimg.com/vi/aJOTlE1K90k/maxresdefault.jpg,Maroon 5/Single/Maroon 5 - Girls Like You ft. Cardi B (Official Music Video).mp3
Maroon 5 - “All Night” Official Music Video,Maroon 5,Maroon 5,Single,usuk-rock-indie,https://music.youtube.com/watch?v=2HCThr-qbPw,https://i.ytimg.com/vi/2HCThr-qbPw/maxresdefault.jpg,Maroon 5/Single/Maroon 5 - “All Night” Official Music Video.mp3
Maroon 5 - This Love,Maroon 5,Maroon 5,Single,usuk-rock-indie,https://music.youtube.com/watch?v=XPpTgCho5ZA,https://i.ytimg.com/vi/XPpTgCho5ZA/maxresdefault.jpg,Maroon 5/Single/Maroon 5 - This Love.mp3
Maroon 5 - One More Night (Official Music Video),Maroon 5,Maroon 5,Single,usuk-rock-indie,https://music.youtube.com/watch?v=fwK7ggA3-bU,https://i.ytimg.com/vi/fwK7ggA3-bU/maxresdefault.jpg,Maroon 5/Single/Maroon 5 - One More Night (Official Music Video).mp3
Maroon 5 - Memories (Official Video),Maroon 5,Maroon 5,Single,usuk-rock-indie,https://music.youtube.com/watch?v=SlPhMPnQ58k,https://i.ytimg.com/vi/SlPhMPnQ58k/maxresdefault.jpg,Maroon 5/Single/Maroon 5 - Memories (Official Video).mp3
Maroon 5 - Beautiful Mistakes ft. Megan Thee Stallion (Official Music Video),Maroon 5,Maroon 5,Single,usuk-rock-indie,https://music.youtube.com/watch?v=BSzSn-PRdtI,https://i.ytimg.com/vi/BSzSn-PRdtI/maxresdefault.jpg,Maroon 5/Single/Maroon 5 - Beautiful Mistakes ft. Megan Thee Stallion (Official Music Video).mp3
Maroon 5 - California (Official Lyric Video),Maroon 5,Maroon 5,Single,usuk-rock-indie,https://music.youtube.com/watch?v=NkDIkzI5730,https://i.ytimg.com/vi/NkDIkzI5730/sddefault.jpg,Maroon 5/Single/Maroon 5 - California (Official Lyric Video).mp3
Maroon 5 - Sugar (Official Music Video),Maroon 5,Maroon 5,Single,usuk-rock-indie,https://music.youtube.com/watch?v=09R8_2nJtjg,https://i.ytimg.com/vi/09R8_2nJtjg/maxresdefault.jpg,Maroon 5/Single/Maroon 5 - Sugar (Official Music Video).mp3
Maroon 5 - What Lovers Do ft. SZA (Official Music Video),Maroon 5,Maroon 5,Single,usuk-rock-indie,https://music.youtube.com/watch?v=5Wiio4KoGe8,https://i.ytimg.com/vi/5Wiio4KoGe8/maxresdefault.jpg,Maroon 5/Single/Maroon 5 - What Lovers Do ft. SZA (Official Music Video).mp3
Maroon 5 - Maps,Maroon 5,Maroon 5,Single,usuk-rock-indie,https://music.youtube.com/watch?v=NmugSMBh_iI,https://i.ytimg.com/vi/NmugSMBh_iI/maxresdefault.jpg,Maroon 5/Single/Maroon 5 - Maps.mp3
Maroon 5 - She Will Be Loved (Official Music Video),Maroon 5,Maroon 5,Single,usuk-rock-indie,https://music.youtube.com/watch?v=nIjVuRTm-dc,https://i.ytimg.com/vi/nIjVuRTm-dc/maxresdefault.jpg,Maroon 5/Single/Maroon 5 - She Will Be Loved (Official Music Video).mp3
Maroon 5 - Makes Me Wonder (Official Music Video),Maroon 5,Maroon 5,Single,usuk-rock-indie,https://music.youtube.com/watch?v=sAebYQgy4n4,https://i.ytimg.com/vi/sAebYQgy4n4/maxresdefault.jpg,Maroon 5/Single/Maroon 5 - Makes Me Wonder (Official Music Video).mp3
Maroon 5 - Harder To Breathe,Maroon 5,Maroon 5,Single,usuk-rock-indie,https://music.youtube.com/watch?v=rV8NHsmVMPE,https://i.ytimg.com/vi/rV8NHsmVMPE/maxresdefault.jpg,Maroon 5/Single/Maroon 5 - Harder To Breathe.mp3
Maroon 5 - Don't Wanna Know (Official Music Video),Maroon 5,Maroon 5,Single,usuk-rock-indie,https://music.youtube.com/watch?v=ANS9sSJA9Yc,https://i.ytimg.com/vi/ANS9sSJA9Yc/maxresdefault.jpg,Maroon 5/Single/Maroon 5 - Don't Wanna Know (Official Music Video).mp3
Maroon 5 - Wake Up Call (Official Music Video),Maroon 5,Maroon 5,Single,usuk-rock-indie,https://music.youtube.com/watch?v=dkQ0OJ5Byls,https://i.ytimg.com/vi/dkQ0OJ5Byls/maxresdefault.jpg,Maroon 5/Single/Maroon 5 - Wake Up Call (Official Music Video).mp3
Maroon 5 - Wait (Official Music Video),Maroon 5,Maroon 5,Single,usuk-rock-indie,https://music.youtube.com/watch?v=4uTNVumfm84,https://i.ytimg.com/vi/4uTNVumfm84/maxresdefault.jpg,Maroon 5/Single/Maroon 5 - Wait (Official Music Video).mp3
Maroon 5 - Sunday Morning,Maroon 5,Maroon 5,Single,usuk-rock-indie,https://music.youtube.com/watch?v=S2Cti12XBw4,https://i.ytimg.com/vi/S2Cti12XBw4/maxresdefault.jpg,Maroon 5/Single/Maroon 5 - Sunday Morning.mp3
If I Never See Your Face Again,Maroon 5,Maroon 5,It Won't Be Soon Before Long,usuk-rock-indie,https://music.youtube.com/watch?v=19uoaAVBLto,https://i.ytimg.com/vi/19uoaAVBLto/maxresdefault.jpg,Maroon 5/It Won't Be Soon Before Long/If I Never See Your Face Again.mp3
Maroon 5 - Love Somebody,Maroon 5,Maroon 5,Single,usuk-rock-indie,https://music.youtube.com/watch?v=MU8B4XDI3Uw,https://i.ytimg.com/vi/MU8B4XDI3Uw/maxresdefault.jpg,Maroon 5/Single/Maroon 5 - Love Somebody.mp3
Maroon 5 - Echo ft. blackbear (Official Lyric Video),Maroon 5,Maroon 5,Single,usuk-rock-indie,https://music.youtube.com/watch?v=cOwlU2W3WiM,https://i.ytimg.com/vi/cOwlU2W3WiM/maxresdefault.jpg,Maroon 5/Single/Maroon 5 - Echo ft. blackbear (Official Lyric Video).mp3
Maroon 5 - Won't Go Home Without You (Official Music Video),Maroon 5,Maroon 5,Single,usuk-rock-indie,https://music.youtube.com/watch?v=VlMEGBsw6j8,https://i.ytimg.com/vi/VlMEGBsw6j8/maxresdefault.jpg,Maroon 5/Single/Maroon 5 - Won't Go Home Without You (Official Music Video).mp3
Maroon 5 - Lost (Official Music Video),Maroon 5,Maroon 5,Single,usuk-rock-indie,https://music.youtube.com/watch?v=U05fwua9-D4,https://i.ytimg.com/vi/U05fwua9-D4/maxresdefault.jpg,Maroon 5/Single/Maroon 5 - Lost (Official Music Video).mp3
Daylight,Maroon 5,Maroon 5,Overexposed,usuk-rock-indie,https://music.youtube.com/watch?v=99Ij6mHmr68,https://i.ytimg.com/vi/99Ij6mHmr68/maxresdefault.jpg,Maroon 5/Overexposed/Daylight.mp3
How,Maroon 5,Maroon 5,Hands All Over,usuk-rock-indie,https://music.youtube.com/watch?v=lqc1BxMn-y0,https://i.ytimg.com/vi/lqc1BxMn-y0/maxresdefault.jpg,Maroon 5/Hands All Over/How.mp3
Lucky Strike,Maroon 5,Maroon 5,Overexposed,usuk-rock-indie,https://music.youtube.com/watch?v=EBk-o5Rg5Ck,https://i.ytimg.com/vi/EBk-o5Rg5Ck/maxresdefault.jpg,Maroon 5/Overexposed/Lucky Strike.mp3
Maroon 5 - Misery (Official Music Video),Maroon 5,Maroon 5,Single,usuk-rock-indie,https://music.youtube.com/watch?v=6g6g2mvItp4,https://i.ytimg.com/vi/6g6g2mvItp4/maxresdefault.jpg,Maroon 5/Single/Maroon 5 - Misery (Official Music Video).mp3
It Was Always You,Maroon 5,Maroon 5,V,usuk-rock-indie,https://music.youtube.com/watch?v=2VVvdRvSAEg,https://i.ytimg.com/vi/2VVvdRvSAEg/maxresdefault.jpg,Maroon 5/V/It Was Always You.mp3
Maroon 5 - Middle Ground (Official Music Video),Maroon 5,Maroon 5,Single,usuk-rock-indie,https://music.youtube.com/watch?v=Ntc2XNAGGMQ,https://i.ytimg.com/vi/Ntc2XNAGGMQ/maxresdefault.jpg,Maroon 5/Single/Maroon 5 - Middle Ground (Official Music Video).mp3
Must Get Out,Maroon 5,Maroon 5,Songs About Jane: 10th Anniversary Edition,usuk-rock-indie,https://music.youtube.com/watch?v=dHYdTj6FRfE,https://i.ytimg.com/vi/dHYdTj6FRfE/maxresdefault.jpg,Maroon 5/Songs About Jane_ 10th Anniversary Edition/Must Get Out.mp3
Maroon 5 - Cold ft. Future (Official Music Video),Maroon 5,Maroon 5,Single,usuk-rock-indie,https://music.youtube.com/watch?v=XatXy6ZhKZw,https://i.ytimg.com/vi/XatXy6ZhKZw/maxresdefault.jpg,Maroon 5/Single/Maroon 5 - Cold ft. Future (Official Music Video).mp3
Feelings,Maroon 5,Maroon 5,V,usuk-rock-indie,https://music.youtube.com/watch?v=7NBtQ8x6sgo,https://i.ytimg.com/vi/7NBtQ8x6sgo/maxresdefault.jpg,Maroon 5/V/Feelings.mp3
Sad,Maroon 5,Maroon 5,Overexposed,usuk-rock-indie,https://music.youtube.com/watch?v=ogfnEq1wlu0,https://i.ytimg.com/vi/ogfnEq1wlu0/maxresdefault.jpg,Maroon 5/Overexposed/Sad.mp3
Maroon 5 - Remedy ft. Stevie Nicks (Official Lyric Video),Maroon 5,Maroon 5,Single,usuk-rock-indie,https://music.youtube.com/watch?v=Nfrz2UpI3jk,https://i.ytimg.com/vi/Nfrz2UpI3jk/maxresdefault.jpg,Maroon 5/Single/Maroon 5 - Remedy ft. Stevie Nicks (Official Lyric Video).mp3
Maroon 5 - Never Gonna Leave This Bed (Official Music Video),Maroon 5,Maroon 5,Single,usuk-rock-indie,https://music.youtube.com/watch?v=ADmCFmYLns4,https://i.ytimg.com/vi/ADmCFmYLns4/maxresdefault.jpg,Maroon 5/Single/Maroon 5 - Never Gonna Leave This Bed (Official Music Video).mp3
The Man Who Never Lied,Maroon 5,Maroon 5,Overexposed,usuk-rock-indie,https://music.youtube.com/watch?v=ZLo1zU4etx4,https://i.ytimg.com/vi/ZLo1zU4etx4/maxresdefault.jpg,Maroon 5/Overexposed/The Man Who Never Lied.mp3
Maroon 5 - Give A Little More (Official Music Video),Maroon 5,Maroon 5,Single,usuk-rock-indie,https://music.youtube.com/watch?v=BP1PsqBmbvM,https://i.ytimg.com/vi/BP1PsqBmbvM/maxresdefault.jpg,Maroon 5/Single/Maroon 5 - Give A Little More (Official Music Video).mp3
Maroon 5 - Goodnight Goodnight (Official Music Video),Maroon 5,Maroon 5,Single,usuk-rock-indie,https://music.youtube.com/watch?v=uNSBq6hvU1s,https://i.ytimg.com/vi/uNSBq6hvU1s/maxresdefault.jpg,Maroon 5/Single/Maroon 5 - Goodnight Goodnight (Official Music Video).mp3
Doin’ Dirt,Maroon 5,Maroon 5,Overexposed,usuk-rock-indie,https://music.youtube.com/watch?v=hCaq0L2hLe8,https://i.ytimg.com/vi/hCaq0L2hLe8/maxresdefault.jpg,Maroon 5/Overexposed/Doin’ Dirt.mp3
"Maroon 5, Julia Michaels - Help Me Out ft. Julia Michaels (Lyric Video)",Maroon 5,Maroon 5,Single,usuk-rock-indie,https://music.youtube.com/watch?v=JA2JdSP7wyg,https://i.ytimg.com/vi/JA2JdSP7wyg/maxresdefault.jpg,"Maroon 5/Single/Maroon 5, Julia Michaels - Help Me Out ft. Julia Michaels (Lyric Video).mp3"
Unkiss Me,Maroon 5,Maroon 5,V,usuk-rock-indie,https://music.youtube.com/watch?v=hbCZJlfeNtw,https://i.ytimg.com/vi/hbCZJlfeNtw/maxresdefault.jpg,Maroon 5/V/Unkiss Me.mp3
Wipe Your Eyes,Maroon 5,Maroon 5,Overexposed,usuk-rock-indie,https://music.youtube.com/watch?v=E-aQFvHscBo,https://i.ytimg.com/vi/E-aQFvHscBo/maxresdefault.jpg,Maroon 5/Overexposed/Wipe Your Eyes.mp3
Maroon 5 - Nobody's Love (Official Music Video),Maroon 5,Maroon 5,Single,usuk-rock-indie,https://music.youtube.com/watch?v=7ghhRHRP6t4,https://i.ytimg.com/vi/7ghhRHRP6t4/maxresdefault.jpg,Maroon 5/Single/Maroon 5 - Nobody's Love (Official Music Video).mp3
Maroon 5 - Lovesick (Official Lyric Video),Maroon 5,Maroon 5,Single,usuk-rock-indie,https://music.youtube.com/watch?v=zAVqPCuYN4k,https://i.ytimg.com/vi/zAVqPCuYN4k/maxresdefault.jpg,Maroon 5/Single/Maroon 5 - Lovesick (Official Lyric Video).mp3
OneRepublic - Counting Stars,OneRepublic,OneRepublic,Single,usuk-rock-indie,https://music.youtube.com/watch?v=hT_nvWreIhg,https://i.ytimg.com/vi/hT_nvWreIhg/maxresdefault.jpg,OneRepublic/Single/OneRepublic - Counting Stars.mp3
Timbaland - Apologize ft. OneRepublic,OneRepublic,Timbaland,Single,usuk-rock-indie,https://music.youtube.com/watch?v=ZSM3w1v-A_Y,https://i.ytimg.com/vi/ZSM3w1v-A_Y/maxresdefault.jpg,OneRepublic/Single/Timbaland - Apologize ft. OneRepublic.mp3
OneRepublic - Someday (Official Music Video),OneRepublic,OneRepublic,Single,usuk-rock-indie,https://music.youtube.com/watch?v=vNfgVjZF8_4,https://i.ytimg.com/vi/vNfgVjZF8_4/maxresdefault.jpg,OneRepublic/Single/OneRepublic - Someday (Official Music Video).mp3
OneRepublic - Love Runs Out,OneRepublic,OneRepublic,Single,usuk-rock-indie,https://music.youtube.com/watch?v=0OWj0CiM8WU,https://i.ytimg.com/vi/0OWj0CiM8WU/maxresdefault.jpg,OneRepublic/Single/OneRepublic - Love Runs Out.mp3
OneRepublic - Secrets (Official Music Video),OneRepublic,OneRepublic,Single,usuk-rock-indie,https://music.youtube.com/watch?v=qHm9MG9xw1o,https://i.ytimg.com/vi/qHm9MG9xw1o/maxresdefault.jpg,OneRepublic/Single/OneRepublic - Secrets (Official Music Video).mp3
OneRepublic - I Lived (Official Music Video),OneRepublic,OneRepublic,Single,usuk-rock-indie,https://music.youtube.com/watch?v=z0rxydSolwU,https://i.ytimg.com/vi/z0rxydSolwU/maxresdefault.jpg,OneRepublic/Single/OneRepublic - I Lived (Official Music Video).mp3
OneRepublic - Good Life (Official Music Video),OneRepublic,OneRepublic,Single,usuk-rock-indie,https://music.youtube.com/watch?v=jZhQOvvV45w,https://i.ytimg.com/vi/jZhQOvvV45w/maxresdefault.jpg,OneRepublic/Single/OneRepublic - Good Life (Official Music Video).mp3
OneRepublic - Rescue Me,OneRepublic,OneRepublic,Single,usuk-rock-indie,https://music.youtube.com/watch?v=Nym5stAJAt8,https://i.ytimg.com/vi/Nym5stAJAt8/maxresdefault.jpg,OneRepublic/Single/OneRepublic - Rescue Me.mp3
OneRepublic - Sunshine (Official Lyric Video),OneRepublic,OneRepublic,Single,usuk-rock-indie,https://music.youtube.com/watch?v=rYkK4HHTBQ4,https://i.ytimg.com/vi/rYkK4HHTBQ4/maxresdefault.jpg,OneRepublic/Single/OneRepublic - Sunshine (Official Lyric Video).mp3
OneRepublic - Beautiful Colors - from Kaiju No. 8 [Official Music Video],OneRepublic,OneRepublic,Single,usuk-rock-indie,https://music.youtube.com/watch?v=_EmKiQknNHY,https://i.ytimg.com/vi/_EmKiQknNHY/maxresdefault.jpg,OneRepublic/Single/OneRepublic - Beautiful Colors - from Kaiju No. 8 [Official Music Video].mp3
OneRepublic - I Ain’t Worried (From “Top Gun: Maverick”) [Official Music Video],OneRepublic,OneRepublic,Single,usuk-rock-indie,https://music.youtube.com/watch?v=mNEUkkoUoIA,https://i.ytimg.com/vi/mNEUkkoUoIA/maxresdefault.jpg,OneRepublic/Single/OneRepublic - I Ain’t Worried (From “Top Gun_ Maverick”) [Official Music Video].mp3
OneRepublic - Run (Official Music Video),OneRepublic,OneRepublic,Single,usuk-rock-indie,https://music.youtube.com/watch?v=TKkcsmvYTw4,https://i.ytimg.com/vi/TKkcsmvYTw4/maxresdefault.jpg,OneRepublic/Single/OneRepublic - Run (Official Music Video).mp3
OneRepublic - All The Right Moves (Official Music Video),OneRepublic,OneRepublic,Single,usuk-rock-indie,https://music.youtube.com/watch?v=qrOeGCJdZe4,https://i.ytimg.com/vi/qrOeGCJdZe4/maxresdefault.jpg,OneRepublic/Single/OneRepublic - All The Right Moves (Official Music Video).mp3
OneRepublic - West Coast (Official Music Video),OneRepublic,OneRepublic,Single,usuk-rock-indie,https://music.youtube.com/watch?v=QBPE2fZsVYU,https://i.ytimg.com/vi/QBPE2fZsVYU/maxresdefault.jpg,OneRepublic/Single/OneRepublic - West Coast (Official Music Video).mp3
OneRepublic - Stop And Stare (Official Music Video),OneRepublic,OneRepublic,Single,usuk-rock-indie,https://music.youtube.com/watch?v=HtNS1afUOnE,https://i.ytimg.com/vi/HtNS1afUOnE/maxresdefault.jpg,OneRepublic/Single/OneRepublic - Stop And Stare (Official Music Video).mp3
OneRepublic - Wherever I Go (Official Music Video),OneRepublic,OneRepublic,Single,usuk-rock-indie,https://music.youtube.com/watch?v=OXWrjWDQh7Q,https://i.ytimg.com/vi/OXWrjWDQh7Q/maxresdefault.jpg,OneRepublic/Single/OneRepublic - Wherever I Go (Official Music Video).mp3
"Kygo, OneRepublic - Lose Somebody",OneRepublic,Kygo,Single,usuk-rock-indie,https://music.youtube.com/watch?v=uruccxh9bkQ,https://i.ytimg.com/vi/uruccxh9bkQ/maxresdefault.jpg,"OneRepublic/Single/Kygo, OneRepublic - Lose Somebody.mp3"
OneRepublic - Kids (Official Music Video),OneRepublic,OneRepublic,Single,usuk-rock-indie,https://music.youtube.com/watch?v=Y56lpXvXbs0,https://i.ytimg.com/vi/Y56lpXvXbs0/maxresdefault.jpg,OneRepublic/Single/OneRepublic - Kids (Official Music Video).mp3
OneRepublic - Feel Again (Official Music Video),OneRepublic,OneRepublic,Single,usuk-rock-indie,https://music.youtube.com/watch?v=2tMKO_9SD1Y,https://i.ytimg.com/vi/2tMKO_9SD1Y/maxresdefault.jpg,OneRepublic/Single/OneRepublic - Feel Again (Official Music Video).mp3
David Guetta & OneRepublic - I Don't Wanna Wait (Official Video),OneRepublic,David Guetta,Single,usuk-rock-indie,https://music.youtube.com/watch?v=dSDbwfXX5_I,https://i.ytimg.com/vi/dSDbwfXX5_I/maxresdefault.jpg,OneRepublic/Single/David Guetta & OneRepublic - I Don't Wanna Wait (Official Video).mp3
Come Home,OneRepublic,"OneRepublic, Sara Bareilles",Dreaming Out Loud,usuk-rock-indie,https://music.youtube.com/watch?v=7oJYXg0x1l8,https://i.ytimg.com/vi/7oJYXg0x1l8/maxresdefault.jpg,OneRepublic/Dreaming Out Loud/Come Home.mp3
OneRepublic - Something I Need (Official Music Video),OneRepublic,OneRepublic,Single,usuk-rock-indie,https://music.youtube.com/watch?v=qKCGBgOgp08,https://i.ytimg.com/vi/qKCGBgOgp08/maxresdefault.jpg,OneRepublic/Single/OneRepublic - Something I Need (Official Music Video).mp3
OneRepublic - If I Lose Myself,OneRepublic,OneRepublic,Single,usuk-rock-indie,https://music.youtube.com/watch?v=TGx0rApSk6w,https://i.ytimg.com/vi/TGx0rApSk6w/maxresdefault.jpg,OneRepublic/Single/OneRepublic - If I Lose Myself.mp3
"OneRepublic, Negramaro - Better Days - Giorni Migliori",OneRepublic,OneRepublic,Single,usuk-rock-indie,https://music.youtube.com/watch?v=OSTF6fDOSe0,https://i.ytimg.com/vi/OSTF6fDOSe0/maxresdefault.jpg,"OneRepublic/Single/OneRepublic, Negramaro - Better Days - Giorni Migliori.mp3"
Kygo - Stranger Things ft. OneRepublic (Official Video),OneRepublic,Kygo,Single,usuk-rock-indie,https://music.youtube.com/watch?v=3ChgRbqGi-E,https://i.ytimg.com/vi/3ChgRbqGi-E/maxresdefault.jpg,OneRepublic/Single/Kygo - Stranger Things ft. OneRepublic (Official Video).mp3
Galantis - Bones (feat. OneRepublic) [Official Audio],OneRepublic,Galantis,Single,usuk-rock-indie,https://music.youtube.com/watch?v=DHwxF48LxPU,https://i.ytimg.com/vi/DHwxF48LxPU/maxresdefault.jpg,OneRepublic/Single/Galantis - Bones (feat. OneRepublic) [Official Audio].mp3
Sweater Weather,The Neighbourhood,The Neighbourhood,I Love You.,usuk-rock-indie,https://music.youtube.com/watch?v=cULQhvuq1Zc,https://i.ytimg.com/vi/cULQhvuq1Zc/maxresdefault.jpg,The Neighbourhood/I Love You./Sweater Weather.mp3
Reflections,The Neighbourhood,The Neighbourhood,Hard To Imagine The Neighbourhood Ever Changing,usuk-rock-indie,https://music.youtube.com/watch?v=nhys3nF4ZDU,https://i.ytimg.com/vi/nhys3nF4ZDU/maxresdefault.jpg,The Neighbourhood/Hard To Imagine The Neighbourhood Ever Changing/Reflections.mp3
Softcore,The Neighbourhood,The Neighbourhood,Hard To Imagine The Neighbourhood Ever Changing,usuk-rock-indie,https://music.youtube.com/watch?v=NIma5XOxBq0,https://i.ytimg.com/vi/NIma5XOxBq0/maxresdefault.jpg,The Neighbourhood/Hard To Imagine The Neighbourhood Ever Changing/Softcore.mp3
Daddy Issues,The Neighbourhood,The Neighbourhood,Wiped Out!,usuk-rock-indie,https://music.youtube.com/watch?v=lqSgsq4Bn2c,https://i.ytimg.com/vi/lqSgsq4Bn2c/maxresdefault.jpg,The Neighbourhood/Wiped Out!/Daddy Issues.mp3
A Little Death,The Neighbourhood,The Neighbourhood,I Love You.,usuk-rock-indie,https://music.youtube.com/watch?v=CDtjEV9RXIU,https://i.ytimg.com/vi/CDtjEV9RXIU/maxresdefault.jpg,The Neighbourhood/I Love You./A Little Death.mp3
Sweater Weather (Sped Up),The Neighbourhood,The Neighbourhood,I Love You.,usuk-rock-indie,https://music.youtube.com/watch?v=ltdqa0kxCuA,https://i.ytimg.com/vi/ltdqa0kxCuA/maxresdefault.jpg,The Neighbourhood/I Love You./Sweater Weather (Sped Up).mp3
Cry Baby,The Neighbourhood,The Neighbourhood,Wiped Out!,usuk-rock-indie,https://music.youtube.com/watch?v=r4LGe12tNR8,https://i.ytimg.com/vi/r4LGe12tNR8/maxresdefault.jpg,The Neighbourhood/Wiped Out!/Cry Baby.mp3
The Beach,The Neighbourhood,The Neighbourhood,Wiped Out!,usuk-rock-indie,https://music.youtube.com/watch?v=bShFqyt6Ad8,https://i.ytimg.com/vi/bShFqyt6Ad8/maxresdefault.jpg,The Neighbourhood/Wiped Out!/The Beach.mp3
Nervous,The Neighbourhood,The Neighbourhood,Hard To Imagine The Neighbourhood Ever Changing,usuk-rock-indie,https://music.youtube.com/watch?v=b6o9cAzEFb0,https://i.ytimg.com/vi/b6o9cAzEFb0/maxresdefault.jpg,The Neighbourhood/Hard To Imagine The Neighbourhood Ever Changing/Nervous.mp3
Afraid,The Neighbourhood,The Neighbourhood,I Love You.,usuk-rock-indie,https://music.youtube.com/watch?v=6o9Cy7Zv7aY,https://i.ytimg.com/vi/6o9Cy7Zv7aY/maxresdefault.jpg,The Neighbourhood/I Love You./Afraid.mp3
You Get Me So High,The Neighbourhood,The Neighbourhood,Hard To Imagine The Neighbourhood Ever Changing,usuk-rock-indie,https://music.youtube.com/watch?v=hHSm49uE9Qg,https://i.ytimg.com/vi/hHSm49uE9Qg/maxresdefault.jpg,The Neighbourhood/Hard To Imagine The Neighbourhood Ever Changing/You Get Me So High.mp3
Private,The Neighbourhood,The Neighbourhood,(((((ultraSOUND))))),usuk-rock-indie,https://music.youtube.com/watch?v=tWj0K7OaXTg,https://i.ytimg.com/vi/tWj0K7OaXTg/maxresdefault.jpg,The Neighbourhood/(((((ultraSOUND)))))/Private.mp3
Fallen Star,The Neighbourhood,The Neighbourhood,Fallen Star,usuk-rock-indie,https://music.youtube.com/watch?v=54kTO17-j_0,https://i.ytimg.com/vi/54kTO17-j_0/maxresdefault.jpg,The Neighbourhood/Fallen Star/Fallen Star.mp3
W.D.Y.W.F.M?,The Neighbourhood,The Neighbourhood,I Love You.,usuk-rock-indie,https://music.youtube.com/watch?v=tDm5zslFXwc,https://i.ytimg.com/vi/tDm5zslFXwc/maxresdefault.jpg,The Neighbourhood/I Love You./W.D.Y.W.F.M?.mp3
Flawless,The Neighbourhood,The Neighbourhood,I Love You.,usuk-rock-indie,https://music.youtube.com/watch?v=hsA0ju6OSig,https://i.ytimg.com/vi/hsA0ju6OSig/maxresdefault.jpg,The Neighbourhood/I Love You./Flawless.mp3
Baby Came Home 2 / Valentines,The Neighbourhood,The Neighbourhood,Wiped Out!,usuk-rock-indie,https://music.youtube.com/watch?v=Y1INLCftBko,https://i.ytimg.com/vi/Y1INLCftBko/maxresdefault.jpg,The Neighbourhood/Wiped Out!/Baby Came Home 2 _ Valentines.mp3
Void,The Neighbourhood,The Neighbourhood,Hard To Imagine The Neighbourhood Ever Changing,usuk-rock-indie,https://music.youtube.com/watch?v=OxLEG3z_y18,https://i.ytimg.com/vi/OxLEG3z_y18/maxresdefault.jpg,The Neighbourhood/Hard To Imagine The Neighbourhood Ever Changing/Void.mp3
Pretty Boy,The Neighbourhood,The Neighbourhood,Chip Chrome & The Mono-Tones,usuk-rock-indie,https://music.youtube.com/watch?v=gWuBfqQYOAE,https://i.ytimg.com/vi/gWuBfqQYOAE/maxresdefault.jpg,The Neighbourhood/Chip Chrome & The Mono-Tones/Pretty Boy.mp3
Compass,The Neighbourhood,The Neighbourhood,Hard To Imagine The Neighbourhood Ever Changing,usuk-rock-indie,https://music.youtube.com/watch?v=Quj4RstDq2I,https://i.ytimg.com/vi/Quj4RstDq2I/maxresdefault.jpg,The Neighbourhood/Hard To Imagine The Neighbourhood Ever Changing/Compass.mp3
Devil's Advocate,The Neighbourhood,The Neighbourhood,Chip Chrome & The Mono-Tones,usuk-rock-indie,https://music.youtube.com/watch?v=-DQTf_OJ4h8,https://i.ytimg.com/vi/-DQTf_OJ4h8/maxresdefault.jpg,The Neighbourhood/Chip Chrome & The Mono-Tones/Devil's Advocate.mp3
Leaving Tonight,The Neighbourhood,The Neighbourhood,I Love You.,usuk-rock-indie,https://music.youtube.com/watch?v=LL0bJuTjVcc,https://i.ytimg.com/vi/LL0bJuTjVcc/maxresdefault.jpg,The Neighbourhood/I Love You./Leaving Tonight.mp3
Prey,The Neighbourhood,The Neighbourhood,Wiped Out!,usuk-rock-indie,https://music.youtube.com/watch?v=2IE3T9mcqyM,https://i.ytimg.com/vi/2IE3T9mcqyM/maxresdefault.jpg,The Neighbourhood/Wiped Out!/Prey.mp3
Lovebomb,The Neighbourhood,The Neighbourhood,(((((ultraSOUND))))),usuk-rock-indie,https://music.youtube.com/watch?v=A1b-PBA0wTg,https://i.ytimg.com/vi/A1b-PBA0wTg/maxresdefault.jpg,The Neighbourhood/(((((ultraSOUND)))))/Lovebomb.mp3
Sweater Weather (Slowed Down),The Neighbourhood,The Neighbourhood,I Love You.,usuk-rock-indie,https://music.youtube.com/watch?v=zRCYSzfFDuU,https://i.ytimg.com/vi/zRCYSzfFDuU/maxresdefault.jpg,The Neighbourhood/I Love You./Sweater Weather (Slowed Down).mp3
Stargazing,The Neighbourhood,The Neighbourhood,Chip Chrome & The Mono-Tones (Deluxe),usuk-rock-indie,https://music.youtube.com/watch?v=NhO5-OUecvY,https://i.ytimg.com/vi/NhO5-OUecvY/maxresdefault.jpg,The Neighbourhood/Chip Chrome & The Mono-Tones (Deluxe)/Stargazing.mp3
Scary Love,The Neighbourhood,The Neighbourhood,Hard To Imagine The Neighbourhood Ever Changing,usuk-rock-indie,https://music.youtube.com/watch?v=lKBUx5uSSV4,https://i.ytimg.com/vi/lKBUx5uSSV4/maxresdefault.jpg,The Neighbourhood/Hard To Imagine The Neighbourhood Ever Changing/Scary Love.mp3
R.I.P. 2 My Youth,The Neighbourhood,The Neighbourhood,Wiped Out!,usuk-rock-indie,https://music.youtube.com/watch?v=K9AAD-3Xpds,https://i.ytimg.com/vi/K9AAD-3Xpds/maxresdefault.jpg,The Neighbourhood/Wiped Out!/R.I.P. 2 My Youth.mp3
Planet,The Neighbourhood,The Neighbourhood,(((((ultraSOUND))))),usuk-rock-indie,https://music.youtube.com/watch?v=lSTpS_20GAk,https://i.ytimg.com/vi/lSTpS_20GAk/maxresdefault.jpg,The Neighbourhood/(((((ultraSOUND)))))/Planet.mp3
Jealou$y,The Neighbourhood,"The Neighbourhood, Casey Veggies, Kossisko",#000000 & #FFFFFF (No DJ Version),usuk-rock-indie,https://music.youtube.com/watch?v=SN4SKknxuyw,https://i.ytimg.com/vi/SN4SKknxuyw/maxresdefault.jpg,The Neighbourhood/#000000 & #FFFFFF (No DJ Version)/Jealou$y.mp3
Stuck with Me,The Neighbourhood,The Neighbourhood,Hard To Imagine The Neighbourhood Ever Changing,usuk-rock-indie,https://music.youtube.com/watch?v=ssOgZwlJvkg,https://i.ytimg.com/vi/ssOgZwlJvkg/maxresdefault.jpg,The Neighbourhood/Hard To Imagine The Neighbourhood Ever Changing/Stuck with Me.mp3
Hula Girl,The Neighbourhood,The Neighbourhood,(((((ultraSOUND))))),usuk-rock-indie,https://music.youtube.com/watch?v=4Jq0ChdhGk4,https://i.ytimg.com/vi/4Jq0ChdhGk4/maxresdefault.jpg,The Neighbourhood/(((((ultraSOUND)))))/Hula Girl.mp3
Single,The Neighbourhood,The Neighbourhood,Wiped Out!,usuk-rock-indie,https://music.youtube.com/watch?v=jbmftUwstS8,https://i.ytimg.com/vi/jbmftUwstS8/maxresdefault.jpg,The Neighbourhood/Wiped Out!/Single.mp3
Wires,The Neighbourhood,The Neighbourhood,I Love You.,usuk-rock-indie,https://music.youtube.com/watch?v=w-0XOTVFs2k,https://i.ytimg.com/vi/w-0XOTVFs2k/maxresdefault.jpg,The Neighbourhood/I Love You./Wires.mp3
Unfair,The Neighbourhood,The Neighbourhood,#000000 & #FFFFFF (No DJ Version),usuk-rock-indie,https://music.youtube.com/watch?v=Cr6dyKPOyTw,https://i.ytimg.com/vi/Cr6dyKPOyTw/maxresdefault.jpg,The Neighbourhood/#000000 & #FFFFFF (No DJ Version)/Unfair.mp3
Daddy Issues (Remix),The Neighbourhood,"The Neighbourhood, Syd",Wiped Out!,usuk-rock-indie,https://music.youtube.com/watch?v=H2bW9xKPSCQ,https://i.ytimg.com/vi/H2bW9xKPSCQ/maxresdefault.jpg,The Neighbourhood/Wiped Out!/Daddy Issues (Remix).mp3
Cherry Flavoured,The Neighbourhood,The Neighbourhood,Chip Chrome & The Mono-Tones,usuk-rock-indie,https://music.youtube.com/watch?v=9KZ-JjobvM4,https://i.ytimg.com/vi/9KZ-JjobvM4/maxresdefault.jpg,The Neighbourhood/Chip Chrome & The Mono-Tones/Cherry Flavoured.mp3
Holy Ghost,The Neighbourhood,The Neighbourhood,(((((ultraSOUND))))),usuk-rock-indie,https://music.youtube.com/watch?v=LRacyJUqKsM,https://i.ytimg.com/vi/LRacyJUqKsM/maxresdefault.jpg,The Neighbourhood/(((((ultraSOUND)))))/Holy Ghost.mp3
Alleyways,The Neighbourhood,The Neighbourhood,I Love You.,usuk-rock-indie,https://music.youtube.com/watch?v=mFyCy8JC7WE,https://i.ytimg.com/vi/mFyCy8JC7WE/maxresdefault.jpg,The Neighbourhood/I Love You./Alleyways.mp3
Leather Weather,The Neighbourhood,The Neighbourhood,Wiped Out!,usuk-rock-indie,https://music.youtube.com/watch?v=ZpQYzOGxmQ0,https://i.ytimg.com/vi/ZpQYzOGxmQ0/maxresdefault.jpg,The Neighbourhood/Wiped Out!/Leather Weather.mp3
#icanteven,The Neighbourhood,"The Neighbourhood, French Montana",#000000 & #FFFFFF (No DJ Version),usuk-rock-indie,https://music.youtube.com/watch?v=xyDafPK8Z38,https://i.ytimg.com/vi/xyDafPK8Z38/maxresdefault.jpg,The Neighbourhood/#000000 & #FFFFFF (No DJ Version)/#icanteven.mp3
Good Grief,The Neighbourhood,The Neighbourhood,(((((ultraSOUND)))))+,usuk-rock-indie,https://music.youtube.com/watch?v=wE7TTDCDImE,https://i.ytimg.com/vi/wE7TTDCDImE/maxresdefault.jpg,The Neighbourhood/(((((ultraSOUND)))))+/Good Grief.mp3
OMG,The Neighbourhood,The Neighbourhood,(((((ultraSOUND))))),usuk-rock-indie,https://music.youtube.com/watch?v=_LcKRDJFS9U,https://i.ytimg.com/vi/_LcKRDJFS9U/maxresdefault.jpg,The Neighbourhood/(((((ultraSOUND)))))/OMG.mp3
Start,The Neighbourhood,The Neighbourhood,(((((ultraSOUND)))))+,usuk-rock-indie,https://music.youtube.com/watch?v=EV05dqkLE50,https://i.ytimg.com/vi/EV05dqkLE50/maxresdefault.jpg,The Neighbourhood/(((((ultraSOUND)))))+/Start.mp3
The Shining,The Neighbourhood,The Neighbourhood,Chip Chrome & The Mono-Tones (Deluxe),usuk-rock-indie,https://music.youtube.com/watch?v=dPDgv-DlDow,https://i.ytimg.com/vi/dPDgv-DlDow/maxresdefault.jpg,The Neighbourhood/Chip Chrome & The Mono-Tones (Deluxe)/The Shining.mp3
How,The Neighbourhood,The Neighbourhood,I Love You.,usuk-rock-indie,https://music.youtube.com/watch?v=TYlb9wPptQo,https://i.ytimg.com/vi/TYlb9wPptQo/maxresdefault.jpg,The Neighbourhood/I Love You./How.mp3
Zombie,The Neighbourhood,The Neighbourhood,(((((ultraSOUND))))),usuk-rock-indie,https://music.youtube.com/watch?v=dIIglCFuf3Y,https://i.ytimg.com/vi/dIIglCFuf3Y/maxresdefault.jpg,The Neighbourhood/(((((ultraSOUND)))))/Zombie.mp3
Female Robbery,The Neighbourhood,The Neighbourhood,I Love You.,usuk-rock-indie,https://music.youtube.com/watch?v=1wnrQ5qeWV4,https://i.ytimg.com/vi/1wnrQ5qeWV4/maxresdefault.jpg,The Neighbourhood/I Love You./Female Robbery.mp3
Baby Came Home,The Neighbourhood,The Neighbourhood,I Love You.,usuk-rock-indie,https://music.youtube.com/watch?v=Q-RbCphadpo,https://i.ytimg.com/vi/Q-RbCphadpo/maxresdefault.jpg,The Neighbourhood/I Love You./Baby Came Home.mp3
Wiped Out!,The Neighbourhood,The Neighbourhood,Wiped Out!,usuk-rock-indie,https://music.youtube.com/watch?v=mL_eky_nMaM,https://i.ytimg.com/vi/mL_eky_nMaM/maxresdefault.jpg,The Neighbourhood/Wiped Out!/Wiped Out!.mp3
Everybody's Watching Me (Uh Oh),The Neighbourhood,The Neighbourhood,I Love You.,usuk-rock-indie,https://music.youtube.com/watch?v=BenvdaGyYJ8,https://i.ytimg.com/vi/BenvdaGyYJ8/maxresdefault.jpg,The Neighbourhood/I Love You./Everybody's Watching Me (Uh Oh).mp3
Lulu,The Neighbourhood,The Neighbourhood,(((((ultraSOUND)))))+,usuk-rock-indie,https://music.youtube.com/watch?v=K65voUUlnDE,https://i.ytimg.com/vi/K65voUUlnDE/maxresdefault.jpg,The Neighbourhood/(((((ultraSOUND)))))+/Lulu.mp3
Greetings from Califournia,The Neighbourhood,The Neighbourhood,Wiped Out!,usuk-rock-indie,https://music.youtube.com/watch?v=IH0Jb2yWpDA,https://i.ytimg.com/vi/IH0Jb2yWpDA/maxresdefault.jpg,The Neighbourhood/Wiped Out!/Greetings from Califournia.mp3
Staying Up,The Neighbourhood,The Neighbourhood,I Love You.,usuk-rock-indie,https://music.youtube.com/watch?v=yg5MjGbZKBg,https://i.ytimg.com/vi/yg5MjGbZKBg/maxresdefault.jpg,The Neighbourhood/I Love You./Staying Up.mp3
Honest (From The Amazing Spider-Man 2 Soundtrack),The Neighbourhood,The Neighbourhood,The Amazing Spider-Man 2 (The Original Motion Picture Soundtrack),usuk-rock-indie,https://music.youtube.com/watch?v=ZS0NQ1uGxyA,https://i.ytimg.com/vi/ZS0NQ1uGxyA/maxresdefault.jpg,The Neighbourhood/The Amazing Spider-Man 2 (The Original Motion Picture Soundtrack)/Honest (From The Amazing Spider-Man 2 Soundtrack).mp3
Rabbit,The Neighbourhood,The Neighbourhood,(((((ultraSOUND))))),usuk-rock-indie,https://music.youtube.com/watch?v=pZpSBDTclLY,https://i.ytimg.com/vi/pZpSBDTclLY/maxresdefault.jpg,The Neighbourhood/(((((ultraSOUND)))))/Rabbit.mp3
Red Flag,The Neighbourhood,The Neighbourhood,(((((ultraSOUND)))))+,usuk-rock-indie,https://music.youtube.com/watch?v=bc8fZA9SDEg,https://i.ytimg.com/vi/bc8fZA9SDEg/maxresdefault.jpg,The Neighbourhood/(((((ultraSOUND)))))+/Red Flag.mp3
Blue,The Neighbourhood,The Neighbourhood,Hard To Imagine The Neighbourhood Ever Changing,usuk-rock-indie,https://music.youtube.com/watch?v=U424o7kbehg,https://i.ytimg.com/vi/U424o7kbehg/maxresdefault.jpg,The Neighbourhood/Hard To Imagine The Neighbourhood Ever Changing/Blue.mp3
Sadderdaze,The Neighbourhood,The Neighbourhood,Hard To Imagine The Neighbourhood Ever Changing,usuk-rock-indie,https://music.youtube.com/watch?v=tWxXYiQwXqU,https://i.ytimg.com/vi/tWxXYiQwXqU/maxresdefault.jpg,The Neighbourhood/Hard To Imagine The Neighbourhood Ever Changing/Sadderdaze.mp3
Let It Go,The Neighbourhood,The Neighbourhood,I Love You.,usuk-rock-indie,https://music.youtube.com/watch?v=tHwgHQdtx4w,https://i.ytimg.com/vi/tHwgHQdtx4w/maxresdefault.jpg,The Neighbourhood/I Love You./Let It Go.mp3
Paradise,The Neighbourhood,The Neighbourhood,Hard To Imagine The Neighbourhood Ever Changing,usuk-rock-indie,https://music.youtube.com/watch?v=2ybATmDkg90,https://i.ytimg.com/vi/2ybATmDkg90/maxresdefault.jpg,The Neighbourhood/Hard To Imagine The Neighbourhood Ever Changing/Paradise.mp3
24/7,The Neighbourhood,The Neighbourhood,Hard To Imagine The Neighbourhood Ever Changing,usuk-rock-indie,https://music.youtube.com/watch?v=SstJAlXeX2s,https://i.ytimg.com/vi/SstJAlXeX2s/maxresdefault.jpg,The Neighbourhood/Hard To Imagine The Neighbourhood Ever Changing/24_7.mp3
Lurk,The Neighbourhood,The Neighbourhood,#000000 & #FFFFFF (No DJ Version),usuk-rock-indie,https://music.youtube.com/watch?v=1aIxyNrping,https://i.ytimg.com/vi/1aIxyNrping/maxresdefault.jpg,The Neighbourhood/#000000 & #FFFFFF (No DJ Version)/Lurk.mp3
Daisy Chain,The Neighbourhood,The Neighbourhood,(((((ultraSOUND))))),usuk-rock-indie,https://music.youtube.com/watch?v=4U9zKV38hfA,https://i.ytimg.com/vi/4U9zKV38hfA/maxresdefault.jpg,The Neighbourhood/(((((ultraSOUND)))))/Daisy Chain.mp3
Yellow Box,The Neighbourhood,The Neighbourhood,Yellow Box,usuk-rock-indie,https://music.youtube.com/watch?v=9igFH5MhV8Q,https://i.ytimg.com/vi/9igFH5MhV8Q/maxresdefault.jpg,The Neighbourhood/Yellow Box/Yellow Box.mp3
Tides,The Neighbourhood,The Neighbourhood,(((((ultraSOUND))))),usuk-rock-indie,https://music.youtube.com/watch?v=FvfG9XDmqIA,https://i.ytimg.com/vi/FvfG9XDmqIA/maxresdefault.jpg,The Neighbourhood/(((((ultraSOUND)))))/Tides.mp3
Stupid Boy,The Neighbourhood,The Neighbourhood,(((((ultraSOUND))))),usuk-rock-indie,https://music.youtube.com/watch?v=4L89B9buh6w,https://i.ytimg.com/vi/4L89B9buh6w/maxresdefault.jpg,The Neighbourhood/(((((ultraSOUND)))))/Stupid Boy.mp3
Heaven,The Neighbourhood,The Neighbourhood,Hard To Imagine The Neighbourhood Ever Changing,usuk-rock-indie,https://music.youtube.com/watch?v=uDk7yVEIaL8,https://i.ytimg.com/vi/uDk7yVEIaL8/maxresdefault.jpg,The Neighbourhood/Hard To Imagine The Neighbourhood Ever Changing/Heaven.mp3
Ferrari,The Neighbourhood,The Neighbourhood,Wiped Out!,usuk-rock-indie,https://music.youtube.com/watch?v=Nbi7CXHzbrQ,https://i.ytimg.com/vi/Nbi7CXHzbrQ/maxresdefault.jpg,The Neighbourhood/Wiped Out!/Ferrari.mp3
$TING,The Neighbourhood,The Neighbourhood,The Love Collection,usuk-rock-indie,https://music.youtube.com/watch?v=Zt4EYmXCy4I,https://i.ytimg.com/vi/Zt4EYmXCy4I/maxresdefault.jpg,The Neighbourhood/The Love Collection/$TING.mp3
Maniac,The Neighbourhood,The Neighbourhood,Wiped Out!,usuk-rock-indie,https://music.youtube.com/watch?v=_NR6zgHA6pY,https://i.ytimg.com/vi/_NR6zgHA6pY/maxresdefault.jpg,The Neighbourhood/Wiped Out!/Maniac.mp3
The Beach (Demo),The Neighbourhood,The Neighbourhood,Wiped Out!,usuk-rock-indie,https://music.youtube.com/watch?v=isLG5BfPkkg,https://i.ytimg.com/vi/isLG5BfPkkg/maxresdefault.jpg,The Neighbourhood/Wiped Out!/The Beach (Demo).mp3
Mute,The Neighbourhood,The Neighbourhood,(((((ultraSOUND))))),usuk-rock-indie,https://music.youtube.com/watch?v=14A6D0esVEI,https://i.ytimg.com/vi/14A6D0esVEI/maxresdefault.jpg,The Neighbourhood/(((((ultraSOUND)))))/Mute.mp3
Lil Ol Me,The Neighbourhood,The Neighbourhood,(((((ultraSOUND))))),usuk-rock-indie,https://music.youtube.com/watch?v=ZSndQswsyYk,https://i.ytimg.com/vi/ZSndQswsyYk/maxresdefault.jpg,The Neighbourhood/(((((ultraSOUND)))))/Lil Ol Me.mp3
Float,The Neighbourhood,The Neighbourhood,I Love You.,usuk-rock-indie,https://music.youtube.com/watch?v=qE1KX9hosSI,https://i.ytimg.com/vi/qE1KX9hosSI/maxresdefault.jpg,The Neighbourhood/I Love You./Float.mp3
Female Robbery,The Neighbourhood,The Neighbourhood,I'm Sorry...,usuk-rock-indie,https://music.youtube.com/watch?v=TSLFV7004uQ,https://i.ytimg.com/vi/TSLFV7004uQ/maxresdefault.jpg,The Neighbourhood/I'm Sorry.../Female Robbery.mp3
Lost in Translation,The Neighbourhood,The Neighbourhood,Chip Chrome & The Mono-Tones,usuk-rock-indie,https://music.youtube.com/watch?v=_2YkxDsFVcI,https://i.ytimg.com/vi/_2YkxDsFVcI/maxresdefault.jpg,The Neighbourhood/Chip Chrome & The Mono-Tones/Lost in Translation.mp3
Cinnamon,The Neighbourhood,The Neighbourhood,Wiped Out!,usuk-rock-indie,https://music.youtube.com/watch?v=BmlsH9YmgcA,https://i.ytimg.com/vi/BmlsH9YmgcA/maxresdefault.jpg,The Neighbourhood/Wiped Out!/Cinnamon.mp3
Mama Drama,The Neighbourhood,The Neighbourhood,(((((ultraSOUND))))),usuk-rock-indie,https://music.youtube.com/watch?v=v7hQqlhcVOo,https://i.ytimg.com/vi/v7hQqlhcVOo/maxresdefault.jpg,The Neighbourhood/(((((ultraSOUND)))))/Mama Drama.mp3
Silver Lining,The Neighbourhood,The Neighbourhood,Chip Chrome & The Mono-Tones,usuk-rock-indie,https://music.youtube.com/watch?v=Y8MzF1lLZnY,https://i.ytimg.com/vi/Y8MzF1lLZnY/maxresdefault.jpg,The Neighbourhood/Chip Chrome & The Mono-Tones/Silver Lining.mp3
Crushed,The Neighbourhood,The Neighbourhood,(((((ultraSOUND))))),usuk-rock-indie,https://music.youtube.com/watch?v=Z3kf8A_Xjzk,https://i.ytimg.com/vi/Z3kf8A_Xjzk/maxresdefault.jpg,The Neighbourhood/(((((ultraSOUND)))))/Crushed.mp3
Over the Influence,The Neighbourhood,The Neighbourhood,Chip Chrome & The Mono-Tones (Deluxe),usuk-rock-indie,https://music.youtube.com/watch?v=aL6z2sEeNK4,https://i.ytimg.com/vi/aL6z2sEeNK4/maxresdefault.jpg,The Neighbourhood/Chip Chrome & The Mono-Tones (Deluxe)/Over the Influence.mp3
Bed,The Neighbourhood,The Neighbourhood,(((((ultraSOUND)))))+,usuk-rock-indie,https://music.youtube.com/watch?v=8_E3D8rpd3w,https://i.ytimg.com/vi/8_E3D8rpd3w/maxresdefault.jpg,The Neighbourhood/(((((ultraSOUND)))))+/Bed.mp3
U&I,The Neighbourhood,The Neighbourhood,#000000 & #FFFFFF (No DJ Version),usuk-rock-indie,https://music.youtube.com/watch?v=l6x_WDOHQVc,https://i.ytimg.com/vi/l6x_WDOHQVc/maxresdefault.jpg,The Neighbourhood/#000000 & #FFFFFF (No DJ Version)/U&I.mp3
R.I.P. 2 My Youth (Demo),The Neighbourhood,The Neighbourhood,Wiped Out!,usuk-rock-indie,https://music.youtube.com/watch?v=WIbsT1Fi534,https://i.ytimg.com/vi/WIbsT1Fi534/maxresdefault.jpg,The Neighbourhood/Wiped Out!/R.I.P. 2 My Youth (Demo).mp3
Greetings From Califournia (Demo),The Neighbourhood,The Neighbourhood,Wiped Out!,usuk-rock-indie,https://music.youtube.com/watch?v=0L_Qs6hIxT4,https://i.ytimg.com/vi/0L_Qs6hIxT4/maxresdefault.jpg,The Neighbourhood/Wiped Out!/Greetings From Califournia (Demo).mp3
Middle of Somewhere,The Neighbourhood,The Neighbourhood,Chip Chrome & The Mono-Tones,usuk-rock-indie,https://music.youtube.com/watch?v=Ch-gFhQ2Fjs,https://i.ytimg.com/vi/Ch-gFhQ2Fjs/maxresdefault.jpg,The Neighbourhood/Chip Chrome & The Mono-Tones/Middle of Somewhere.mp3
Roll Call,The Neighbourhood,The Neighbourhood,Hard To Imagine The Neighbourhood Ever Changing,usuk-rock-indie,https://music.youtube.com/watch?v=Z1-iaEBepac,https://i.ytimg.com/vi/Z1-iaEBepac/maxresdefault.jpg,The Neighbourhood/Hard To Imagine The Neighbourhood Ever Changing/Roll Call.mp3
warm,The Neighbourhood,"The Neighbourhood, Raury",#000000 & #FFFFFF (No DJ Version),usuk-rock-indie,https://music.youtube.com/watch?v=QBV-YCA-CkA,https://i.ytimg.com/vi/QBV-YCA-CkA/maxresdefault.jpg,The Neighbourhood/#000000 & #FFFFFF (No DJ Version)/warm.mp3
Flowers,The Neighbourhood,The Neighbourhood,Hard To Imagine The Neighbourhood Ever Changing,usuk-rock-indie,https://music.youtube.com/watch?v=trJ5jnXmZfc,https://i.ytimg.com/vi/trJ5jnXmZfc/maxresdefault.jpg,The Neighbourhood/Hard To Imagine The Neighbourhood Ever Changing/Flowers.mp3
West Coast,The Neighbourhood,The Neighbourhood,The Love Collection,usuk-rock-indie,https://music.youtube.com/watch?v=xgCSbwW_rLk,https://i.ytimg.com/vi/xgCSbwW_rLk/maxresdefault.jpg,The Neighbourhood/The Love Collection/West Coast.mp3
Tobacco Sunburst,The Neighbourhood,The Neighbourhood,Chip Chrome & The Mono-Tones,usuk-rock-indie,https://music.youtube.com/watch?v=LtTpxIQ7wMc,https://i.ytimg.com/vi/LtTpxIQ7wMc/maxresdefault.jpg,The Neighbourhood/Chip Chrome & The Mono-Tones/Tobacco Sunburst.mp3
Dangerous,The Neighbourhood,"The Neighbourhood, YG",#000000 & #FFFFFF (No DJ Version),usuk-rock-indie,https://music.youtube.com/watch?v=uxVOTxtMga4,https://i.ytimg.com/vi/uxVOTxtMga4/maxresdefault.jpg,The Neighbourhood/#000000 & #FFFFFF (No DJ Version)/Dangerous.mp3
Noise,The Neighbourhood,The Neighbourhood,Hard To Imagine The Neighbourhood Ever Changing,usuk-rock-indie,https://music.youtube.com/watch?v=kKdgu5ku5Ao,https://i.ytimg.com/vi/kKdgu5ku5Ao/maxresdefault.jpg,The Neighbourhood/Hard To Imagine The Neighbourhood Ever Changing/Noise.mp3
Here We Go Again,The Neighbourhood,The Neighbourhood,Chip Chrome & The Mono-Tones (Deluxe),usuk-rock-indie,https://music.youtube.com/watch?v=DD2QWFaFIY4,https://i.ytimg.com/vi/DD2QWFaFIY4/maxresdefault.jpg,The Neighbourhood/Chip Chrome & The Mono-Tones (Deluxe)/Here We Go Again.mp3
NO ESCAPE,The Neighbourhood,"HEALTH, The Neighbourhood",DISCO4 :: PART II,usuk-rock-indie,https://music.youtube.com/watch?v=auQj93i2o5Y,https://i.ytimg.com/vi/auQj93i2o5Y/maxresdefault.jpg,The Neighbourhood/DISCO4 __ PART II/NO ESCAPE.mp3
No Grey,The Neighbourhood,The Neighbourhood,The Love Collection,usuk-rock-indie,https://music.youtube.com/watch?v=4dLegnv1DGw,https://i.ytimg.com/vi/4dLegnv1DGw/maxresdefault.jpg,The Neighbourhood/The Love Collection/No Grey.mp3
Dust,The Neighbourhood,The Neighbourhood,Hard To Imagine The Neighbourhood Ever Changing,usuk-rock-indie,https://music.youtube.com/watch?v=SUAEYvYAbUY,https://i.ytimg.com/vi/SUAEYvYAbUY/maxresdefault.jpg,The Neighbourhood/Hard To Imagine The Neighbourhood Ever Changing/Dust.mp3
T$RL,The Neighbourhood,The Neighbourhood,#000000 & #FFFFFF (No DJ Version),usuk-rock-indie,https://music.youtube.com/watch?v=stinpgPKqPs,https://i.ytimg.com/vi/stinpgPKqPs/maxresdefault.jpg,The Neighbourhood/#000000 & #FFFFFF (No DJ Version)/T$RL.mp3
Afraid (Sped Up),The Neighbourhood,The Neighbourhood,I Love You.,usuk-rock-indie,https://music.youtube.com/watch?v=VICbTioLViY,https://i.ytimg.com/vi/VICbTioLViY/maxresdefault.jpg,The Neighbourhood/I Love You./Afraid (Sped Up).mp3
Pressure,The Neighbourhood,The Neighbourhood,Wiped Out!,usuk-rock-indie,https://music.youtube.com/watch?v=eObveDn23Uw,https://i.ytimg.com/vi/eObveDn23Uw/maxresdefault.jpg,The Neighbourhood/Wiped Out!/Pressure.mp3
Kill Us All,The Neighbourhood,"The Neighbourhood, Denzel Curry",Hard To Imagine The Neighbourhood Ever Changing,usuk-rock-indie,https://music.youtube.com/watch?v=SeD-OsGFLNI,https://i.ytimg.com/vi/SeD-OsGFLNI/maxresdefault.jpg,The Neighbourhood/Hard To Imagine The Neighbourhood Ever Changing/Kill Us All.mp3
Sweater Weather (Young Saab Remix),The Neighbourhood,The Neighbourhood,Sweater Weather,usuk-rock-indie,https://music.youtube.com/watch?v=zY7K8mrUFD4,https://i.ytimg.com/vi/zY7K8mrUFD4/maxresdefault.jpg,The Neighbourhood/Sweater Weather/Sweater Weather (Young Saab Remix).mp3
To,The Neighbourhood,The Neighbourhood,#000000 & #FFFFFF (No DJ Version),usuk-rock-indie,https://music.youtube.com/watch?v=U2jGXO_JnnI,https://i.ytimg.com/vi/U2jGXO_JnnI/maxresdefault.jpg,The Neighbourhood/#000000 & #FFFFFF (No DJ Version)/To.mp3
Hell or High Water,The Neighbourhood,The Neighbourhood,Chip Chrome & The Mono-Tones,usuk-rock-indie,https://music.youtube.com/watch?v=xLirYAUIbAA,https://i.ytimg.com/vi/xLirYAUIbAA/maxresdefault.jpg,The Neighbourhood/Chip Chrome & The Mono-Tones/Hell or High Water.mp3
Livin' In a Dream,The Neighbourhood,"The Neighbourhood, Nipsey Hussle",Hard To Imagine The Neighbourhood Ever Changing,usuk-rock-indie,https://music.youtube.com/watch?v=S2KkggAuFaY,https://i.ytimg.com/vi/S2KkggAuFaY/maxresdefault.jpg,The Neighbourhood/Hard To Imagine The Neighbourhood Ever Changing/Livin' In a Dream.mp3
Beautiful Oblivion,The Neighbourhood,"The Neighbourhood, IDK",Hard To Imagine The Neighbourhood Ever Changing,usuk-rock-indie,https://music.youtube.com/watch?v=Z6oGDtJhP-E,https://i.ytimg.com/vi/Z6oGDtJhP-E/maxresdefault.jpg,The Neighbourhood/Hard To Imagine The Neighbourhood Ever Changing/Beautiful Oblivion.mp3
W.D.Y.W.F.M? (Slowed Down),The Neighbourhood,The Neighbourhood,I Love You.,usuk-rock-indie,https://music.youtube.com/watch?v=KeOy0GlGcH4,https://i.ytimg.com/vi/KeOy0GlGcH4/maxresdefault.jpg,The Neighbourhood/I Love You./W.D.Y.W.F.M? (Slowed Down).mp3
Silver,The Neighbourhood,The Neighbourhood,#000000 & #FFFFFF (No DJ Version),usuk-rock-indie,https://music.youtube.com/watch?v=eo4P-qeP5Ds,https://i.ytimg.com/vi/eo4P-qeP5Ds/maxresdefault.jpg,The Neighbourhood/#000000 & #FFFFFF (No DJ Version)/Silver.mp3
Afraid (Slowed Down),The Neighbourhood,The Neighbourhood,I Love You.,usuk-rock-indie,https://music.youtube.com/watch?v=0fhq7xgk4Y8,https://i.ytimg.com/vi/0fhq7xgk4Y8/maxresdefault.jpg,The Neighbourhood/I Love You./Afraid (Slowed Down).mp3
Flawless (Slowed Down),The Neighbourhood,The Neighbourhood,I Love You.,usuk-rock-indie,https://music.youtube.com/watch?v=bF7HEkl51kQ,https://i.ytimg.com/vi/bF7HEkl51kQ/maxresdefault.jpg,The Neighbourhood/I Love You./Flawless (Slowed Down).mp3
Flawless (Sped Up),The Neighbourhood,The Neighbourhood,I Love You.,usuk-rock-indie,https://music.youtube.com/watch?v=tflshLRwOv0,https://i.ytimg.com/vi/tflshLRwOv0/maxresdefault.jpg,The Neighbourhood/I Love You./Flawless (Sped Up).mp3
Me & My Bitch,The Neighbourhood,The Neighbourhood,Blame It On The Streets,usuk-rock-indie,https://music.youtube.com/watch?v=G9ptDZ0CxPM,https://i.ytimg.com/vi/G9ptDZ0CxPM/maxresdefault.jpg,The Neighbourhood/Blame It On The Streets/Me & My Bitch.mp3
1 of those Weaks,The Neighbourhood,The Neighbourhood,#000000 & #FFFFFF (No DJ Version),usuk-rock-indie,https://music.youtube.com/watch?v=zs4ETx8eoXI,https://i.ytimg.com/vi/zs4ETx8eoXI/maxresdefault.jpg,The Neighbourhood/#000000 & #FFFFFF (No DJ Version)/1 of those Weaks.mp3
Beat Take 1,The Neighbourhood,"The Neighbourhood, Ghostface Killah",Hard To Imagine The Neighbourhood Ever Changing,usuk-rock-indie,https://music.youtube.com/watch?v=XrRegr86kyo,https://i.ytimg.com/vi/XrRegr86kyo/maxresdefault.jpg,The Neighbourhood/Hard To Imagine The Neighbourhood Ever Changing/Beat Take 1.mp3
The Mono-Tones,The Neighbourhood,The Neighbourhood,Chip Chrome & The Mono-Tones,usuk-rock-indie,https://music.youtube.com/watch?v=KMnywaeyroc,https://i.ytimg.com/vi/KMnywaeyroc/maxresdefault.jpg,The Neighbourhood/Chip Chrome & The Mono-Tones/The Mono-Tones.mp3
Cry Baby (Memo),The Neighbourhood,The Neighbourhood,Wiped Out!,usuk-rock-indie,https://music.youtube.com/watch?v=cGedAKk5kXM,https://i.ytimg.com/vi/cGedAKk5kXM/maxresdefault.jpg,The Neighbourhood/Wiped Out!/Cry Baby (Memo).mp3
Girlfriend in a Coma,The Neighbourhood,The Neighbourhood,Les Smiths: A French Tribute,usuk-rock-indie,https://music.youtube.com/watch?v=8c1uMMbhb5c,https://i.ytimg.com/vi/8c1uMMbhb5c/maxresdefault.jpg,The Neighbourhood/Les Smiths_ A French Tribute/Girlfriend in a Coma.mp3
BooHoo,The Neighbourhood,The Neighbourhood,Chip Chrome & The Mono-Tones,usuk-rock-indie,https://music.youtube.com/watch?v=CIa_oiHpKq8,https://i.ytimg.com/vi/CIa_oiHpKq8/maxresdefault.jpg,The Neighbourhood/Chip Chrome & The Mono-Tones/BooHoo.mp3
W.D.Y.W.F.M? (Sped Up),The Neighbourhood,The Neighbourhood,I Love You.,usuk-rock-indie,https://music.youtube.com/watch?v=TUwZl_ltBDw,https://i.ytimg.com/vi/TUwZl_ltBDw/maxresdefault.jpg,The Neighbourhood/I Love You./W.D.Y.W.F.M? (Sped Up).mp3
When I Get Back,The Neighbourhood,"The Neighbourhood, G-Eazy",#000000 & #FFFFFF (No DJ Version),usuk-rock-indie,https://music.youtube.com/watch?v=Nww1OgHGF-0,https://i.ytimg.com/vi/Nww1OgHGF-0/maxresdefault.jpg,The Neighbourhood/#000000 & #FFFFFF (No DJ Version)/When I Get Back.mp3
Daddy Issues (Memo),The Neighbourhood,The Neighbourhood,Wiped Out!,usuk-rock-indie,https://music.youtube.com/watch?v=SsWrCNqCtvE,https://i.ytimg.com/vi/SsWrCNqCtvE/maxresdefault.jpg,The Neighbourhood/Wiped Out!/Daddy Issues (Memo).mp3
*NSTYNCT,The Neighbourhood,"The Neighbourhood, Skeme, OG Maco",#000000 & #FFFFFF (No DJ Version),usuk-rock-indie,https://music.youtube.com/watch?v=mIeb3g5kgTU,https://i.ytimg.com/vi/mIeb3g5kgTU/maxresdefault.jpg,The Neighbourhood/#000000 & #FFFFFF (No DJ Version)/*NSTYNCT.mp3
Sweater Weather (Chopped Not Slopped),The Neighbourhood,The Neighbourhood,I Love You.,usuk-rock-indie,https://music.youtube.com/watch?v=UoVh2z-9oF4,https://i.ytimg.com/vi/UoVh2z-9oF4/maxresdefault.jpg,The Neighbourhood/I Love You./Sweater Weather (Chopped Not Slopped).mp3
Rain,The Neighbourhood,The Neighbourhood,#000000 & #FFFFFF (No DJ Version),usuk-rock-indie,https://music.youtube.com/watch?v=c6UQ4m3esUM,https://i.ytimg.com/vi/c6UQ4m3esUM/maxresdefault.jpg,The Neighbourhood/#000000 & #FFFFFF (No DJ Version)/Rain.mp3
Everybody's Watching Me (Uh Oh) (Slowed Down),The Neighbourhood,The Neighbourhood,I Love You.,usuk-rock-indie,https://music.youtube.com/watch?v=ANtJ752ZY_k,https://i.ytimg.com/vi/ANtJ752ZY_k/maxresdefault.jpg,The Neighbourhood/I Love You./Everybody's Watching Me (Uh Oh) (Slowed Down).mp3
Chip Chrome,The Neighbourhood,The Neighbourhood,Chip Chrome & The Mono-Tones,usuk-rock-indie,https://music.youtube.com/watch?v=SelmbkU3_F4,https://i.ytimg.com/vi/SelmbkU3_F4/maxresdefault.jpg,The Neighbourhood/Chip Chrome & The Mono-Tones/Chip Chrome.mp3
A Moment of Silence,The Neighbourhood,The Neighbourhood,Wiped Out!,usuk-rock-indie,https://music.youtube.com/watch?v=EkxXzS8OrbM,https://i.ytimg.com/vi/EkxXzS8OrbM/maxresdefault.jpg,The Neighbourhood/Wiped Out!/A Moment of Silence.mp3
Givin & Takin,The Neighbourhood,"The Neighbourhood, Danny Seth, DeJ Loaf",#000000 & #FFFFFF (No DJ Version),usuk-rock-indie,https://music.youtube.com/watch?v=haKo2or_70Q,https://i.ytimg.com/vi/haKo2or_70Q/maxresdefault.jpg,The Neighbourhood/#000000 & #FFFFFF (No DJ Version)/Givin & Takin.mp3
How (Slowed Down),The Neighbourhood,The Neighbourhood,I Love You.,usuk-rock-indie,https://music.youtube.com/watch?v=oWb96_0sT8o,https://i.ytimg.com/vi/oWb96_0sT8o/maxresdefault.jpg,The Neighbourhood/I Love You./How (Slowed Down).mp3
A Moment of Silence,The Neighbourhood,The Neighbourhood,Wiped Out!,usuk-rock-indie,https://music.youtube.com/watch?v=X_MJi2JZT9Y,https://i.ytimg.com/vi/X_MJi2JZT9Y/maxresdefault.jpg,The Neighbourhood/Wiped Out!/A Moment of Silence.mp3
Wiped Out?! (Memo),The Neighbourhood,The Neighbourhood,Wiped Out!,usuk-rock-indie,https://music.youtube.com/watch?v=77nD-fy_I0o,https://i.ytimg.com/vi/77nD-fy_I0o/maxresdefault.jpg,The Neighbourhood/Wiped Out!/Wiped Out?! (Memo).mp3
Alleyways (Slowed Down),The Neighbourhood,The Neighbourhood,I Love You.,usuk-rock-indie,https://music.youtube.com/watch?v=Vm_GWRPaEk0,https://i.ytimg.com/vi/Vm_GWRPaEk0/maxresdefault.jpg,The Neighbourhood/I Love You./Alleyways (Slowed Down).mp3
YG call,The Neighbourhood,The Neighbourhood,#000000 & #FFFFFF (No DJ Version),usuk-rock-indie,https://music.youtube.com/watch?v=upMhPuCmHg0,https://i.ytimg.com/vi/upMhPuCmHg0/maxresdefault.jpg,The Neighbourhood/#000000 & #FFFFFF (No DJ Version)/YG call.mp3
Let It Go (Slowed Down),The Neighbourhood,The Neighbourhood,I Love You.,usuk-rock-indie,https://music.youtube.com/watch?v=rs6gdNLDIc0,https://i.ytimg.com/vi/rs6gdNLDIc0/maxresdefault.jpg,The Neighbourhood/I Love You./Let It Go (Slowed Down).mp3
Float (Slowed Down),The Neighbourhood,The Neighbourhood,I Love You.,usuk-rock-indie,https://music.youtube.com/watch?v=RGh3W4IeCIU,https://i.ytimg.com/vi/RGh3W4IeCIU/maxresdefault.jpg,The Neighbourhood/I Love You./Float (Slowed Down).mp3
Staying Up (Slowed Down),The Neighbourhood,The Neighbourhood,I Love You.,usuk-rock-indie,https://music.youtube.com/watch?v=nB77HUIup6Q,https://i.ytimg.com/vi/nB77HUIup6Q/maxresdefault.jpg,The Neighbourhood/I Love You./Staying Up (Slowed Down).mp3
Everybody's Watching Me (Uh Oh) (Sped Up),The Neighbourhood,The Neighbourhood,I Love You.,usuk-rock-indie,https://music.youtube.com/watch?v=hOBs5J3luDM,https://i.ytimg.com/vi/hOBs5J3luDM/maxresdefault.jpg,The Neighbourhood/I Love You./Everybody's Watching Me (Uh Oh) (Sped Up).mp3
Alleyways (Sped Up),The Neighbourhood,The Neighbourhood,I Love You.,usuk-rock-indie,https://music.youtube.com/watch?v=GRppKvLg4y4,https://i.ytimg.com/vi/GRppKvLg4y4/maxresdefault.jpg,The Neighbourhood/I Love You./Alleyways (Sped Up).mp3
Female Robbery (Slowed Down),The Neighbourhood,The Neighbourhood,I Love You.,usuk-rock-indie,https://music.youtube.com/watch?v=JkGKCVpeONc,https://i.ytimg.com/vi/JkGKCVpeONc/maxresdefault.jpg,The Neighbourhood/I Love You./Female Robbery (Slowed Down).mp3
Flawless (Chopped Not Slopped),The Neighbourhood,The Neighbourhood,I Love You.,usuk-rock-indie,https://music.youtube.com/watch?v=xQX4fUoQd5A,https://i.ytimg.com/vi/xQX4fUoQd5A/maxresdefault.jpg,The Neighbourhood/I Love You./Flawless (Chopped Not Slopped).mp3
W.D.Y.W.F.M? (Chopped Not Slopped),The Neighbourhood,The Neighbourhood,I Love You.,usuk-rock-indie,https://music.youtube.com/watch?v=0OwT97pekt8,https://i.ytimg.com/vi/0OwT97pekt8/maxresdefault.jpg,The Neighbourhood/I Love You./W.D.Y.W.F.M? (Chopped Not Slopped).mp3
Female Robbery (Sped Up),The Neighbourhood,The Neighbourhood,I Love You.,usuk-rock-indie,https://music.youtube.com/watch?v=QtFxPYhRZdA,https://i.ytimg.com/vi/QtFxPYhRZdA/maxresdefault.jpg,The Neighbourhood/I Love You./Female Robbery (Sped Up).mp3
Female Robbery (Chopped Not Slopped),The Neighbourhood,The Neighbourhood,I Love You.,usuk-rock-indie,https://music.youtube.com/watch?v=9gxAkt-kmc4,https://i.ytimg.com/vi/9gxAkt-kmc4/maxresdefault.jpg,The Neighbourhood/I Love You./Female Robbery (Chopped Not Slopped).mp3
Afraid (Chopped Not Slopped),The Neighbourhood,The Neighbourhood,I Love You.,usuk-rock-indie,https://music.youtube.com/watch?v=CpSedO-fboo,https://i.ytimg.com/vi/CpSedO-fboo/maxresdefault.jpg,The Neighbourhood/I Love You./Afraid (Chopped Not Slopped).mp3
Staying Up (Sped Up),The Neighbourhood,The Neighbourhood,I Love You.,usuk-rock-indie,https://music.youtube.com/watch?v=sPnBbNO18v0,https://i.ytimg.com/vi/sPnBbNO18v0/maxresdefault.jpg,The Neighbourhood/I Love You./Staying Up (Sped Up).mp3
Let It Go (Sped Up),The Neighbourhood,The Neighbourhood,I Love You.,usuk-rock-indie,https://music.youtube.com/watch?v=A4bpgK1_EBo,https://i.ytimg.com/vi/A4bpgK1_EBo/maxresdefault.jpg,The Neighbourhood/I Love You./Let It Go (Sped Up).mp3
How (Sped Up),The Neighbourhood,The Neighbourhood,I Love You.,usuk-rock-indie,https://music.youtube.com/watch?v=RE2K_VCPDqQ,https://i.ytimg.com/vi/RE2K_VCPDqQ/maxresdefault.jpg,The Neighbourhood/I Love You./How (Sped Up).mp3
Staying Up (Chopped Not Slopped),The Neighbourhood,The Neighbourhood,I Love You.,usuk-rock-indie,https://music.youtube.com/watch?v=oTNUUuzaCp8,https://i.ytimg.com/vi/oTNUUuzaCp8/maxresdefault.jpg,The Neighbourhood/I Love You./Staying Up (Chopped Not Slopped).mp3
Intro (Chopped Not Slopped),The Neighbourhood,The Neighbourhood,I Love You.,usuk-rock-indie,https://music.youtube.com/watch?v=wCehoNbLfRg,https://i.ytimg.com/vi/wCehoNbLfRg/maxresdefault.jpg,The Neighbourhood/I Love You./Intro (Chopped Not Slopped).mp3
Float (Sped Up),The Neighbourhood,The Neighbourhood,I Love You.,usuk-rock-indie,https://music.youtube.com/watch?v=3KLaqV0uz9Q,https://i.ytimg.com/vi/3KLaqV0uz9Q/maxresdefault.jpg,The Neighbourhood/I Love You./Float (Sped Up).mp3
About You,The 1975,The 1975,Being Funny In A Foreign Language,usuk-rock-indie,https://music.youtube.com/watch?v=4PgOJwUCdIc,https://i.ytimg.com/vi/4PgOJwUCdIc/maxresdefault.jpg,The 1975/Being Funny In A Foreign Language/About You.mp3
Robbers,The 1975,The 1975,The 1975,usuk-rock-indie,https://music.youtube.com/watch?v=X9c8momlvA8,https://i.ytimg.com/vi/X9c8momlvA8/maxresdefault.jpg,The 1975/The 1975/Robbers.mp3
Somebody Else,The 1975,The 1975,"I like it when you sleep, for you are so beautiful yet so unaware of it",usuk-rock-indie,https://music.youtube.com/watch?v=ssF-hrwAHHc,https://i.ytimg.com/vi/ssF-hrwAHHc/maxresdefault.jpg,"The 1975/I like it when you sleep, for you are so beautiful yet so unaware of it/Somebody Else.mp3"
"About You (Live from Madison Square Garden, New York, 07.11.22)",The 1975,The 1975,At Their Very Best,usuk-rock-indie,https://music.youtube.com/watch?v=7ZvbA2UWmNg,https://i.ytimg.com/vi/7ZvbA2UWmNg/maxresdefault.jpg,"The 1975/At Their Very Best/About You (Live from Madison Square Garden, New York, 07.11.22).mp3"
Fallingforyou,The 1975,The 1975,IV,usuk-rock-indie,https://music.youtube.com/watch?v=4eERyRnD6Q8,https://i.ytimg.com/vi/4eERyRnD6Q8/maxresdefault.jpg,The 1975/IV/Fallingforyou.mp3
It's Not Living (If It's Not With You),The 1975,The 1975,A Brief Inquiry Into Online Relationships,usuk-rock-indie,https://music.youtube.com/watch?v=3bVJFgvUZHg,https://i.ytimg.com/vi/3bVJFgvUZHg/maxresdefault.jpg,The 1975/A Brief Inquiry Into Online Relationships/It's Not Living (If It's Not With You).mp3
Chocolate,The 1975,The 1975,The 1975,usuk-rock-indie,https://music.youtube.com/watch?v=gSy0ExnCC_M,https://i.ytimg.com/vi/gSy0ExnCC_M/maxresdefault.jpg,The 1975/The 1975/Chocolate.mp3
I'm In Love With You,The 1975,The 1975,Being Funny In A Foreign Language,usuk-rock-indie,https://music.youtube.com/watch?v=fdowfI9H8R4,https://i.ytimg.com/vi/fdowfI9H8R4/maxresdefault.jpg,The 1975/Being Funny In A Foreign Language/I'm In Love With You.mp3
All I Need To Hear,The 1975,The 1975,All I Need To Hear,usuk-rock-indie,https://music.youtube.com/watch?v=UBUfpxBiLSo,https://i.ytimg.com/vi/UBUfpxBiLSo/maxresdefault.jpg,The 1975/All I Need To Hear/All I Need To Hear.mp3
I Always Wanna Die (Sometimes),The 1975,The 1975,A Brief Inquiry Into Online Relationships,usuk-rock-indie,https://music.youtube.com/watch?v=k0Z6IxOeuMk,https://i.ytimg.com/vi/k0Z6IxOeuMk/maxresdefault.jpg,The 1975/A Brief Inquiry Into Online Relationships/I Always Wanna Die (Sometimes).mp3
The Sound,The 1975,The 1975,"I like it when you sleep, for you are so beautiful yet so unaware of it",usuk-rock-indie,https://music.youtube.com/watch?v=bxMA13WQjsc,https://i.ytimg.com/vi/bxMA13WQjsc/maxresdefault.jpg,"The 1975/I like it when you sleep, for you are so beautiful yet so unaware of it/The Sound.mp3"
A Change Of Heart,The 1975,The 1975,"I like it when you sleep, for you are so beautiful yet so unaware of it",usuk-rock-indie,https://music.youtube.com/watch?v=pScduAnSxEQ,https://i.ytimg.com/vi/pScduAnSxEQ/maxresdefault.jpg,"The 1975/I like it when you sleep, for you are so beautiful yet so unaware of it/A Change Of Heart.mp3"
Girls,The 1975,The 1975,The 1975,usuk-rock-indie,https://music.youtube.com/watch?v=BJlOVulswvA,https://i.ytimg.com/vi/BJlOVulswvA/maxresdefault.jpg,The 1975/The 1975/Girls.mp3
Love It If We Made It,The 1975,The 1975,A Brief Inquiry Into Online Relationships,usuk-rock-indie,https://music.youtube.com/watch?v=-Wxt5MAQ5v4,https://i.ytimg.com/vi/-Wxt5MAQ5v4/maxresdefault.jpg,The 1975/A Brief Inquiry Into Online Relationships/Love It If We Made It.mp3
Happiness,The 1975,The 1975,Being Funny In A Foreign Language,usuk-rock-indie,https://music.youtube.com/watch?v=QoKAJ15Bi0E,https://i.ytimg.com/vi/QoKAJ15Bi0E/maxresdefault.jpg,The 1975/Being Funny In A Foreign Language/Happiness.mp3
TOOTIMETOOTIMETOOTIME,The 1975,The 1975,A Brief Inquiry Into Online Relationships,usuk-rock-indie,https://music.youtube.com/watch?v=Emd6DAmYhVY,https://i.ytimg.com/vi/Emd6DAmYhVY/maxresdefault.jpg,The 1975/A Brief Inquiry Into Online Relationships/TOOTIMETOOTIMETOOTIME.mp3
Oh Caroline,The 1975,The 1975,Being Funny In A Foreign Language,usuk-rock-indie,https://music.youtube.com/watch?v=Bio4PxOWfVY,https://i.ytimg.com/vi/Bio4PxOWfVY/maxresdefault.jpg,The 1975/Being Funny In A Foreign Language/Oh Caroline.mp3
Sincerity Is Scary,The 1975,The 1975,A Brief Inquiry Into Online Relationships,usuk-rock-indie,https://music.youtube.com/watch?v=NF07HNKVQd0,https://i.ytimg.com/vi/NF07HNKVQd0/maxresdefault.jpg,The 1975/A Brief Inquiry Into Online Relationships/Sincerity Is Scary.mp3
Settle Down,The 1975,The 1975,The 1975,usuk-rock-indie,https://music.youtube.com/watch?v=l5ETja96tng,https://i.ytimg.com/vi/l5ETja96tng/maxresdefault.jpg,The 1975/The 1975/Settle Down.mp3
Paris,The 1975,The 1975,"I like it when you sleep, for you are so beautiful yet so unaware of it",usuk-rock-indie,https://music.youtube.com/watch?v=FOfV8TvwaZ8,https://i.ytimg.com/vi/FOfV8TvwaZ8/maxresdefault.jpg,"The 1975/I like it when you sleep, for you are so beautiful yet so unaware of it/Paris.mp3"
She's American,The 1975,The 1975,"I like it when you sleep, for you are so beautiful yet so unaware of it",usuk-rock-indie,https://music.youtube.com/watch?v=VqlPTEcYVYM,https://i.ytimg.com/vi/VqlPTEcYVYM/maxresdefault.jpg,"The 1975/I like it when you sleep, for you are so beautiful yet so unaware of it/She's American.mp3"
If You’re Too Shy (Let Me Know),The 1975,The 1975,Notes On A Conditional Form,usuk-rock-indie,https://music.youtube.com/watch?v=96TRu1aIOFM,https://i.ytimg.com/vi/96TRu1aIOFM/maxresdefault.jpg,The 1975/Notes On A Conditional Form/If You’re Too Shy (Let Me Know).mp3
Me & You Together Song,The 1975,The 1975,Notes On A Conditional Form,usuk-rock-indie,https://music.youtube.com/watch?v=k-d24Ep4NSQ,https://i.ytimg.com/vi/k-d24Ep4NSQ/maxresdefault.jpg,The 1975/Notes On A Conditional Form/Me & You Together Song.mp3
Be My Mistake,The 1975,The 1975,A Brief Inquiry Into Online Relationships,usuk-rock-indie,https://music.youtube.com/watch?v=9ShahyF9xr4,https://i.ytimg.com/vi/9ShahyF9xr4/maxresdefault.jpg,The 1975/A Brief Inquiry Into Online Relationships/Be My Mistake.mp3
Sex (EP Version),The 1975,The 1975,The 1975,usuk-rock-indie,https://music.youtube.com/watch?v=hKkWbBjWExc,https://i.ytimg.com/vi/hKkWbBjWExc/maxresdefault.jpg,The 1975/The 1975/Sex (EP Version).mp3
Sex,The 1975,The 1975,Sex EP,usuk-rock-indie,https://music.youtube.com/watch?v=QxXD2pIKRSs,https://i.ytimg.com/vi/QxXD2pIKRSs/maxresdefault.jpg,The 1975/Sex EP/Sex.mp3
Guys,The 1975,The 1975,Notes On A Conditional Form,usuk-rock-indie,https://music.youtube.com/watch?v=yIpiS5iX8PU,https://i.ytimg.com/vi/yIpiS5iX8PU/maxresdefault.jpg,The 1975/Notes On A Conditional Form/Guys.mp3
Heart Out,The 1975,The 1975,The 1975,usuk-rock-indie,https://music.youtube.com/watch?v=pDEvzSgfqxM,https://i.ytimg.com/vi/pDEvzSgfqxM/maxresdefault.jpg,The 1975/The 1975/Heart Out.mp3
When We Are Together,The 1975,The 1975,Being Funny In A Foreign Language,usuk-rock-indie,https://music.youtube.com/watch?v=S-Xr9YWKxMI,https://i.ytimg.com/vi/S-Xr9YWKxMI/maxresdefault.jpg,The 1975/Being Funny In A Foreign Language/When We Are Together.mp3
You,The 1975,The 1975,The 1975,usuk-rock-indie,https://music.youtube.com/watch?v=2lG8v4nfqTQ,https://i.ytimg.com/vi/2lG8v4nfqTQ/maxresdefault.jpg,The 1975/The 1975/You.mp3
This Must Be My Dream,The 1975,The 1975,"I like it when you sleep, for you are so beautiful yet so unaware of it",usuk-rock-indie,https://music.youtube.com/watch?v=QG67P9CtBdg,https://i.ytimg.com/vi/QG67P9CtBdg/maxresdefault.jpg,"The 1975/I like it when you sleep, for you are so beautiful yet so unaware of it/This Must Be My Dream.mp3"
The City,The 1975,The 1975,The 1975,usuk-rock-indie,https://music.youtube.com/watch?v=CykdA5_Ve10,https://i.ytimg.com/vi/CykdA5_Ve10/maxresdefault.jpg,The 1975/The 1975/The City.mp3
I Couldn't Be More In Love,The 1975,The 1975,A Brief Inquiry Into Online Relationships,usuk-rock-indie,https://music.youtube.com/watch?v=NT3yzVrp4o8,https://i.ytimg.com/vi/NT3yzVrp4o8/maxresdefault.jpg,The 1975/A Brief Inquiry Into Online Relationships/I Couldn't Be More In Love.mp3
Roadkill,The 1975,The 1975,Notes On A Conditional Form,usuk-rock-indie,https://music.youtube.com/watch?v=Aj3n-8OK-gA,https://i.ytimg.com/vi/Aj3n-8OK-gA/maxresdefault.jpg,The 1975/Notes On A Conditional Form/Roadkill.mp3
Part Of The Band,The 1975,The 1975,Being Funny In A Foreign Language,usuk-rock-indie,https://music.youtube.com/watch?v=4NcQ_HWKE18,https://i.ytimg.com/vi/4NcQ_HWKE18/maxresdefault.jpg,The 1975/Being Funny In A Foreign Language/Part Of The Band.mp3
"Robbers (Live From The AO Arena, Manchester, 17.02.24)",The 1975,The 1975,Still... At Their Very Best,usuk-rock-indie,https://music.youtube.com/watch?v=OY-uxwBJn1E,https://i.ytimg.com/vi/OY-uxwBJn1E/maxresdefault.jpg,"The 1975/Still... At Their Very Best/Robbers (Live From The AO Arena, Manchester, 17.02.24).mp3"
Looking For Somebody (To Love),The 1975,The 1975,Being Funny In A Foreign Language,usuk-rock-indie,https://music.youtube.com/watch?v=TzjLLYqZuBU,https://i.ytimg.com/vi/TzjLLYqZuBU/maxresdefault.jpg,The 1975/Being Funny In A Foreign Language/Looking For Somebody (To Love).mp3
Love Me,The 1975,The 1975,"I like it when you sleep, for you are so beautiful yet so unaware of it",usuk-rock-indie,https://music.youtube.com/watch?v=qStskrl-2WM,https://i.ytimg.com/vi/qStskrl-2WM/maxresdefault.jpg,"The 1975/I like it when you sleep, for you are so beautiful yet so unaware of it/Love Me.mp3"
She Way Out,The 1975,The 1975,The 1975,usuk-rock-indie,https://music.youtube.com/watch?v=W0RkSWnn1Hg,https://i.ytimg.com/vi/W0RkSWnn1Hg/maxresdefault.jpg,The 1975/The 1975/She Way Out.mp3
Give Yourself A Try,The 1975,The 1975,A Brief Inquiry Into Online Relationships,usuk-rock-indie,https://music.youtube.com/watch?v=ZH19HjSCSoA,https://i.ytimg.com/vi/ZH19HjSCSoA/maxresdefault.jpg,The 1975/A Brief Inquiry Into Online Relationships/Give Yourself A Try.mp3
UGH!,The 1975,The 1975,"I like it when you sleep, for you are so beautiful yet so unaware of it",usuk-rock-indie,https://music.youtube.com/watch?v=Yp-0znEiB_M,https://i.ytimg.com/vi/Yp-0znEiB_M/maxresdefault.jpg,"The 1975/I like it when you sleep, for you are so beautiful yet so unaware of it/UGH!.mp3"
Milk,The 1975,The 1975,Milk,usuk-rock-indie,https://music.youtube.com/watch?v=IQK7PQYaAxM,https://i.ytimg.com/vi/IQK7PQYaAxM/maxresdefault.jpg,The 1975/Milk/Milk.mp3
Undo,The 1975,The 1975,The 1975,usuk-rock-indie,https://music.youtube.com/watch?v=3RtH1YZy-Es,https://i.ytimg.com/vi/3RtH1YZy-Es/maxresdefault.jpg,The 1975/The 1975/Undo.mp3
Me,The 1975,The 1975,Music For Cars EP,usuk-rock-indie,https://music.youtube.com/watch?v=T7luOMK7o5k,https://i.ytimg.com/vi/T7luOMK7o5k/maxresdefault.jpg,The 1975/Music For Cars EP/Me.mp3
"About You (Live From The AO Arena, Manchester, 17.02.24)",The 1975,The 1975,Still... At Their Very Best,usuk-rock-indie,https://music.youtube.com/watch?v=vrScLh13Ta0,https://i.ytimg.com/vi/vrScLh13Ta0/maxresdefault.jpg,"The 1975/Still... At Their Very Best/About You (Live From The AO Arena, Manchester, 17.02.24).mp3"
Tonight (I Wish I Was Your Boy),The 1975,The 1975,Notes On A Conditional Form,usuk-rock-indie,https://music.youtube.com/watch?v=9PScqjhjMbE,https://i.ytimg.com/vi/9PScqjhjMbE/maxresdefault.jpg,The 1975/Notes On A Conditional Form/Tonight (I Wish I Was Your Boy).mp3
Medicine,The 1975,The 1975,Medicine,usuk-rock-indie,https://music.youtube.com/watch?v=9y1WThzZRNA,https://i.ytimg.com/vi/9y1WThzZRNA/maxresdefault.jpg,The 1975/Medicine/Medicine.mp3
The 1975,The 1975,The 1975,Being Funny In A Foreign Language,usuk-rock-indie,https://music.youtube.com/watch?v=042ojrFNw7A,https://i.ytimg.com/vi/042ojrFNw7A/maxresdefault.jpg,The 1975/Being Funny In A Foreign Language/The 1975.mp3
If I Believe You,The 1975,The 1975,"I like it when you sleep, for you are so beautiful yet so unaware of it",usuk-rock-indie,https://music.youtube.com/watch?v=sjhZMH42vzI,https://i.ytimg.com/vi/sjhZMH42vzI/maxresdefault.jpg,"The 1975/I like it when you sleep, for you are so beautiful yet so unaware of it/If I Believe You.mp3"
Menswear,The 1975,The 1975,The 1975,usuk-rock-indie,https://music.youtube.com/watch?v=GSdQRqjUFLM,https://i.ytimg.com/vi/GSdQRqjUFLM/maxresdefault.jpg,The 1975/The 1975/Menswear.mp3
Pressure,The 1975,The 1975,The 1975,usuk-rock-indie,https://music.youtube.com/watch?v=p8X84gUqMKs,https://i.ytimg.com/vi/p8X84gUqMKs/maxresdefault.jpg,The 1975/The 1975/Pressure.mp3
Frail State Of Mind,The 1975,The 1975,Notes On A Conditional Form,usuk-rock-indie,https://music.youtube.com/watch?v=9De-r2iPjxs,https://i.ytimg.com/vi/9De-r2iPjxs/maxresdefault.jpg,The 1975/Notes On A Conditional Form/Frail State Of Mind.mp3
Nothing Revealed / Everything Denied,The 1975,The 1975,Notes On A Conditional Form,usuk-rock-indie,https://music.youtube.com/watch?v=kpXNeiTins8,https://i.ytimg.com/vi/kpXNeiTins8/maxresdefault.jpg,The 1975/Notes On A Conditional Form/Nothing Revealed _ Everything Denied.mp3
The 1975,The 1975,The 1975,The 1975,usuk-rock-indie,https://music.youtube.com/watch?v=ei0PTLzdnWw,https://i.ytimg.com/vi/ei0PTLzdnWw/maxresdefault.jpg,The 1975/The 1975/The 1975.mp3
I Like America & America Likes Me,The 1975,The 1975,A Brief Inquiry Into Online Relationships,usuk-rock-indie,https://music.youtube.com/watch?v=IyDeOQy3Lqc,https://i.ytimg.com/vi/IyDeOQy3Lqc/maxresdefault.jpg,The 1975/A Brief Inquiry Into Online Relationships/I Like America & America Likes Me.mp3
Spinning (with Charli XCX & The 1975),The 1975,"No Rome, Charli XCX, The 1975",Spinning (with Charli XCX & The 1975),usuk-rock-indie,https://music.youtube.com/watch?v=brfqbTJZSG4,https://i.ytimg.com/vi/brfqbTJZSG4/maxresdefault.jpg,The 1975/Spinning (with Charli XCX & The 1975)/Spinning (with Charli XCX & The 1975).mp3
The Birthday Party,The 1975,The 1975,Notes On A Conditional Form,usuk-rock-indie,https://music.youtube.com/watch?v=e0mDI8ZxRW0,https://i.ytimg.com/vi/e0mDI8ZxRW0/maxresdefault.jpg,The 1975/Notes On A Conditional Form/The Birthday Party.mp3
Then Because She Goes,The 1975,The 1975,Notes On A Conditional Form,usuk-rock-indie,https://music.youtube.com/watch?v=WP8uKe-S_Uw,https://i.ytimg.com/vi/WP8uKe-S_Uw/maxresdefault.jpg,The 1975/Notes On A Conditional Form/Then Because She Goes.mp3
Wintering,The 1975,The 1975,Being Funny In A Foreign Language,usuk-rock-indie,https://music.youtube.com/watch?v=RAXVJl73qXk,https://i.ytimg.com/vi/RAXVJl73qXk/maxresdefault.jpg,The 1975/Being Funny In A Foreign Language/Wintering.mp3
"Love It If We Made It (Live from Madison Square Garden, New York, 07.11.22)",The 1975,The 1975,At Their Very Best,usuk-rock-indie,https://music.youtube.com/watch?v=5mY0gD4MPvA,https://i.ytimg.com/vi/5mY0gD4MPvA/maxresdefault.jpg,"The 1975/At Their Very Best/Love It If We Made It (Live from Madison Square Garden, New York, 07.11.22).mp3"
"fallingforyou (Live from Madison Square Garden, New York, 07.11.22)",The 1975,The 1975,At Their Very Best,usuk-rock-indie,https://music.youtube.com/watch?v=7b_qQtXSYXs,https://i.ytimg.com/vi/7b_qQtXSYXs/maxresdefault.jpg,"The 1975/At Their Very Best/fallingforyou (Live from Madison Square Garden, New York, 07.11.22).mp3"
It's Not Living (If It's Not With You),The 1975,The 1975,At Their Very Best,usuk-rock-indie,https://music.youtube.com/watch?v=sWEqBjDy8jM,https://i.ytimg.com/vi/sWEqBjDy8jM/maxresdefault.jpg,The 1975/At Their Very Best/It's Not Living (If It's Not With You).mp3
M.O.N.E.Y.,The 1975,The 1975,The 1975,usuk-rock-indie,https://music.youtube.com/watch?v=NTO3cMfHSeQ,https://i.ytimg.com/vi/NTO3cMfHSeQ/maxresdefault.jpg,The 1975/The 1975/M.O.N.E.Y..mp3
Sincerity Is Scary (Live From The BRIT Awards 2019),The 1975,The 1975,Sincerity Is Scary,usuk-rock-indie,https://music.youtube.com/watch?v=nZmGzHF1wro,https://i.ytimg.com/vi/nZmGzHF1wro/maxresdefault.jpg,The 1975/Sincerity Is Scary/Sincerity Is Scary (Live From The BRIT Awards 2019).mp3
Loving Someone,The 1975,The 1975,"I like it when you sleep, for you are so beautiful yet so unaware of it",usuk-rock-indie,https://music.youtube.com/watch?v=JeLMvZUi4_Y,https://i.ytimg.com/vi/JeLMvZUi4_Y/maxresdefault.jpg,"The 1975/I like it when you sleep, for you are so beautiful yet so unaware of it/Loving Someone.mp3"
HNSCC,The 1975,The 1975,Music For Cars EP,usuk-rock-indie,https://music.youtube.com/watch?v=6us7w8jnWKw,https://i.ytimg.com/vi/6us7w8jnWKw/maxresdefault.jpg,The 1975/Music For Cars EP/HNSCC.mp3
The Ballad Of Me And My Brain,The 1975,The 1975,"I like it when you sleep, for you are so beautiful yet so unaware of it",usuk-rock-indie,https://music.youtube.com/watch?v=4GxOz_dnnUU,https://i.ytimg.com/vi/4GxOz_dnnUU/maxresdefault.jpg,"The 1975/I like it when you sleep, for you are so beautiful yet so unaware of it/The Ballad Of Me And My Brain.mp3"
Nana,The 1975,The 1975,"I like it when you sleep, for you are so beautiful yet so unaware of it",usuk-rock-indie,https://music.youtube.com/watch?v=7wrxBlMNFmc,https://i.ytimg.com/vi/7wrxBlMNFmc/maxresdefault.jpg,"The 1975/I like it when you sleep, for you are so beautiful yet so unaware of it/Nana.mp3"
An Encounter,The 1975,The 1975,The 1975,usuk-rock-indie,https://music.youtube.com/watch?v=4SDmBiXIPLA,https://i.ytimg.com/vi/4SDmBiXIPLA/maxresdefault.jpg,The 1975/The 1975/An Encounter.mp3
People,The 1975,The 1975,Notes On A Conditional Form,usuk-rock-indie,https://music.youtube.com/watch?v=5J4gq10K9QU,https://i.ytimg.com/vi/5J4gq10K9QU/maxresdefault.jpg,The 1975/Notes On A Conditional Form/People.mp3
Haunt // Bed,The 1975,The 1975,IV,usuk-rock-indie,https://music.youtube.com/watch?v=v5oKJZQ1pfM,https://i.ytimg.com/vi/v5oKJZQ1pfM/maxresdefault.jpg,The 1975/IV/Haunt __ Bed.mp3
I Think There's Something You Should Know,The 1975,The 1975,Notes On A Conditional Form,usuk-rock-indie,https://music.youtube.com/watch?v=56Ki4Ko1my0,https://i.ytimg.com/vi/56Ki4Ko1my0/maxresdefault.jpg,The 1975/Notes On A Conditional Form/I Think There's Something You Should Know.mp3
What Should I Say,The 1975,The 1975,Notes On A Conditional Form,usuk-rock-indie,https://music.youtube.com/watch?v=QHbKsi3Plys,https://i.ytimg.com/vi/QHbKsi3Plys/maxresdefault.jpg,The 1975/Notes On A Conditional Form/What Should I Say.mp3
Talk!,The 1975,The 1975,The 1975,usuk-rock-indie,https://music.youtube.com/watch?v=oU_BtKsDTr0,https://i.ytimg.com/vi/oU_BtKsDTr0/maxresdefault.jpg,The 1975/The 1975/Talk!.mp3
"When We Are Together (Live from Madison Square Garden, New York, 07.11.22)",The 1975,The 1975,At Their Very Best,usuk-rock-indie,https://music.youtube.com/watch?v=br7baclgLNA,https://i.ytimg.com/vi/br7baclgLNA/maxresdefault.jpg,"The 1975/At Their Very Best/When We Are Together (Live from Madison Square Garden, New York, 07.11.22).mp3"
So Far (It's Alright),The 1975,The 1975,IV,usuk-rock-indie,https://music.youtube.com/watch?v=bphA53be0F8,https://i.ytimg.com/vi/bphA53be0F8/maxresdefault.jpg,The 1975/IV/So Far (It's Alright).mp3
Jesus Christ 2005 God Bless America,The 1975,The 1975,Notes On A Conditional Form,usuk-rock-indie,https://music.youtube.com/watch?v=7PtwCuxAXSA,https://i.ytimg.com/vi/7PtwCuxAXSA/maxresdefault.jpg,The 1975/Notes On A Conditional Form/Jesus Christ 2005 God Bless America.mp3
"I like it when you sleep, for you are so beautiful yet so unaware of it",The 1975,The 1975,"I like it when you sleep, for you are so beautiful yet so unaware of it",usuk-rock-indie,https://music.youtube.com/watch?v=bwE53qA-3hA,https://i.ytimg.com/vi/bwE53qA-3hA/maxresdefault.jpg,"The 1975/I like it when you sleep, for you are so beautiful yet so unaware of it/I like it when you sleep, for you are so beautiful yet so unaware of it.mp3"
"Somebody Else (Live from Madison Square Garden, New York, 07.11.22)",The 1975,The 1975,At Their Very Best,usuk-rock-indie,https://music.youtube.com/watch?v=rQtqLWezQtg,https://i.ytimg.com/vi/rQtqLWezQtg/maxresdefault.jpg,"The 1975/At Their Very Best/Somebody Else (Live from Madison Square Garden, New York, 07.11.22).mp3"
Mine,The 1975,The 1975,A Brief Inquiry Into Online Relationships,usuk-rock-indie,https://music.youtube.com/watch?v=nHDf1iq-yC0,https://i.ytimg.com/vi/nHDf1iq-yC0/maxresdefault.jpg,The 1975/A Brief Inquiry Into Online Relationships/Mine.mp3
"The Sound (Live from Madison Square Garden, New York, 07.11.22)",The 1975,The 1975,At Their Very Best,usuk-rock-indie,https://music.youtube.com/watch?v=WttRqGhVHKs,https://i.ytimg.com/vi/WttRqGhVHKs/maxresdefault.jpg,"The 1975/At Their Very Best/The Sound (Live from Madison Square Garden, New York, 07.11.22).mp3"
The 1975,The 1975,The 1975,"I like it when you sleep, for you are so beautiful yet so unaware of it",usuk-rock-indie,https://music.youtube.com/watch?v=KGcV_y6oFgg,https://i.ytimg.com/vi/KGcV_y6oFgg/maxresdefault.jpg,"The 1975/I like it when you sleep, for you are so beautiful yet so unaware of it/The 1975.mp3"
Antichrist,The 1975,The 1975,The 1975,usuk-rock-indie,https://music.youtube.com/watch?v=DClak4foYVY,https://i.ytimg.com/vi/DClak4foYVY/maxresdefault.jpg,The 1975/The 1975/Antichrist.mp3
"Somebody Else (Live From The O2, London. 16.12.16)",The 1975,The 1975,DH00278,usuk-rock-indie,https://music.youtube.com/watch?v=U4N0h4qv9iA,https://i.ytimg.com/vi/U4N0h4qv9iA/maxresdefault.jpg,"The 1975/DH00278/Somebody Else (Live From The O2, London. 16.12.16).mp3"
12,The 1975,The 1975,The 1975,usuk-rock-indie,https://music.youtube.com/watch?v=BYLHLNE4XcU,https://i.ytimg.com/vi/BYLHLNE4XcU/maxresdefault.jpg,The 1975/The 1975/12.mp3
Playing On My Mind,The 1975,The 1975,Notes On A Conditional Form,usuk-rock-indie,https://music.youtube.com/watch?v=LCb7u9Ughp4,https://i.ytimg.com/vi/LCb7u9Ughp4/maxresdefault.jpg,The 1975/Notes On A Conditional Form/Playing On My Mind.mp3
"Robbers (Live From The O2, London. 16.12.16)",The 1975,The 1975,DH00278,usuk-rock-indie,https://music.youtube.com/watch?v=i0adKMB2LD4,https://i.ytimg.com/vi/i0adKMB2LD4/maxresdefault.jpg,"The 1975/DH00278/Robbers (Live From The O2, London. 16.12.16).mp3"
Inside Your Mind,The 1975,The 1975,A Brief Inquiry Into Online Relationships,usuk-rock-indie,https://music.youtube.com/watch?v=gEhCtJYmJmw,https://i.ytimg.com/vi/gEhCtJYmJmw/maxresdefault.jpg,The 1975/A Brief Inquiry Into Online Relationships/Inside Your Mind.mp3
"fallingforyou (Live From The O2, London. 16.12.16)",The 1975,The 1975,DH00278,usuk-rock-indie,https://music.youtube.com/watch?v=ZRY1nWeE9rU,https://i.ytimg.com/vi/ZRY1nWeE9rU/maxresdefault.jpg,"The 1975/DH00278/fallingforyou (Live From The O2, London. 16.12.16).mp3"
Head.Cars.Bending,The 1975,The 1975,Music For Cars EP,usuk-rock-indie,https://music.youtube.com/watch?v=rQNP0dtNfeQ,https://i.ytimg.com/vi/rQNP0dtNfeQ/maxresdefault.jpg,The 1975/Music For Cars EP/Head.Cars.Bending.mp3
Lostmyhead,The 1975,The 1975,"I like it when you sleep, for you are so beautiful yet so unaware of it",usuk-rock-indie,https://music.youtube.com/watch?v=Oyhxw8cFt0U,https://i.ytimg.com/vi/Oyhxw8cFt0U/maxresdefault.jpg,"The 1975/I like it when you sleep, for you are so beautiful yet so unaware of it/Lostmyhead.mp3"
Don’t Worry,The 1975,The 1975,Notes On A Conditional Form,usuk-rock-indie,https://music.youtube.com/watch?v=YN19SG0EojQ,https://i.ytimg.com/vi/YN19SG0EojQ/maxresdefault.jpg,The 1975/Notes On A Conditional Form/Don’t Worry.mp3
"I’m In Love With You (Live from Madison Square Garden, New York, 07.11.22)",The 1975,The 1975,At Their Very Best,usuk-rock-indie,https://music.youtube.com/watch?v=AQTR3GiR9ss,https://i.ytimg.com/vi/AQTR3GiR9ss/maxresdefault.jpg,"The 1975/At Their Very Best/I’m In Love With You (Live from Madison Square Garden, New York, 07.11.22).mp3"
"All I Need To Hear (Live from Madison Square Garden, New York, 07.11.22)",The 1975,The 1975,At Their Very Best,usuk-rock-indie,https://music.youtube.com/watch?v=w9qQXV09-mQ,https://i.ytimg.com/vi/w9qQXV09-mQ/maxresdefault.jpg,"The 1975/At Their Very Best/All I Need To Hear (Live from Madison Square Garden, New York, 07.11.22).mp3"
Facedown,The 1975,The 1975,The 1975,usuk-rock-indie,https://music.youtube.com/watch?v=hHa6vFffmv8,https://i.ytimg.com/vi/hHa6vFffmv8/maxresdefault.jpg,The 1975/The 1975/Facedown.mp3
Is There Somebody Who Can Watch You,The 1975,The 1975,The 1975,usuk-rock-indie,https://music.youtube.com/watch?v=NWXOHh4sbPU,https://i.ytimg.com/vi/NWXOHh4sbPU/maxresdefault.jpg,The 1975/The 1975/Is There Somebody Who Can Watch You.mp3
"A Change of Heart (Live From The AO Arena, Manchester, 17.02.24)",The 1975,The 1975,Still... At Their Very Best,usuk-rock-indie,https://music.youtube.com/watch?v=3Ui-TADG8OE,https://i.ytimg.com/vi/3Ui-TADG8OE/maxresdefault.jpg,"The 1975/Still... At Their Very Best/A Change of Heart (Live From The AO Arena, Manchester, 17.02.24).mp3"
If You're Too Shy (Let Me Know),The 1975,The 1975,At Their Very Best,usuk-rock-indie,https://music.youtube.com/watch?v=PsqZmcxTR4k,https://i.ytimg.com/vi/PsqZmcxTR4k/maxresdefault.jpg,The 1975/At Their Very Best/If You're Too Shy (Let Me Know).mp3
By Your Side,The 1975,The 1975,By Your Side,usuk-rock-indie,https://music.youtube.com/watch?v=WCyYho9yVlE,https://i.ytimg.com/vi/WCyYho9yVlE/maxresdefault.jpg,The 1975/By Your Side/By Your Side.mp3
Bagsy Not In Net,The 1975,The 1975,Notes On A Conditional Form,usuk-rock-indie,https://music.youtube.com/watch?v=gMueRXuSS3Y,https://i.ytimg.com/vi/gMueRXuSS3Y/maxresdefault.jpg,The 1975/Notes On A Conditional Form/Bagsy Not In Net.mp3
I Always Wanna Die (Sometimes),The 1975,The 1975,Still... At Their Very Best,usuk-rock-indie,https://music.youtube.com/watch?v=QYeRkH1Xpaw,https://i.ytimg.com/vi/QYeRkH1Xpaw/maxresdefault.jpg,The 1975/Still... At Their Very Best/I Always Wanna Die (Sometimes).mp3
"Happiness (Live from Madison Square Garden, New York, 07.11.22)",The 1975,The 1975,At Their Very Best,usuk-rock-indie,https://music.youtube.com/watch?v=jH-LR-cpS2k,https://i.ytimg.com/vi/jH-LR-cpS2k/maxresdefault.jpg,"The 1975/At Their Very Best/Happiness (Live from Madison Square Garden, New York, 07.11.22).mp3"
Surrounded By Heads And Bodies,The 1975,The 1975,A Brief Inquiry Into Online Relationships,usuk-rock-indie,https://music.youtube.com/watch?v=JGGUy_CzZn8,https://i.ytimg.com/vi/JGGUy_CzZn8/maxresdefault.jpg,The 1975/A Brief Inquiry Into Online Relationships/Surrounded By Heads And Bodies.mp3
Please Be Naked,The 1975,The 1975,"I like it when you sleep, for you are so beautiful yet so unaware of it",usuk-rock-indie,https://music.youtube.com/watch?v=ptyHsCVrAOk,https://i.ytimg.com/vi/ptyHsCVrAOk/maxresdefault.jpg,"The 1975/I like it when you sleep, for you are so beautiful yet so unaware of it/Please Be Naked.mp3"
I Always Wanna Die (Sometimes),The 1975,The 1975,At Their Very Best,usuk-rock-indie,https://music.youtube.com/watch?v=AThreSAXckI,https://i.ytimg.com/vi/AThreSAXckI/maxresdefault.jpg,The 1975/At Their Very Best/I Always Wanna Die (Sometimes).mp3
Anobrain,The 1975,The 1975,Music For Cars EP,usuk-rock-indie,https://music.youtube.com/watch?v=twuNyiMznUo,https://i.ytimg.com/vi/twuNyiMznUo/maxresdefault.jpg,The 1975/Music For Cars EP/Anobrain.mp3
Streaming,The 1975,The 1975,Notes On A Conditional Form,usuk-rock-indie,https://music.youtube.com/watch?v=VhzMFsz1Wgc,https://i.ytimg.com/vi/VhzMFsz1Wgc/maxresdefault.jpg,The 1975/Notes On A Conditional Form/Streaming.mp3
How To Draw / Petrichor,The 1975,The 1975,A Brief Inquiry Into Online Relationships,usuk-rock-indie,https://music.youtube.com/watch?v=0E_uK01odHg,https://i.ytimg.com/vi/0E_uK01odHg/maxresdefault.jpg,The 1975/A Brief Inquiry Into Online Relationships/How To Draw _ Petrichor.mp3
"When We Are Together (Live From The AO Arena, Manchester, 17.02.24)",The 1975,The 1975,Still... At Their Very Best,usuk-rock-indie,https://music.youtube.com/watch?v=OEURsn1rRO4,https://i.ytimg.com/vi/OEURsn1rRO4/maxresdefault.jpg,"The 1975/Still... At Their Very Best/When We Are Together (Live From The AO Arena, Manchester, 17.02.24).mp3"
It's Not Living (If It's Not With You),The 1975,The 1975,Still... At Their Very Best,usuk-rock-indie,https://music.youtube.com/watch?v=VP7oLdBCJW4,https://i.ytimg.com/vi/VP7oLdBCJW4/maxresdefault.jpg,The 1975/Still... At Their Very Best/It's Not Living (If It's Not With You).mp3
"Fallingforyou (Live From The AO Arena, Manchester, 17.02.24)",The 1975,The 1975,Still... At Their Very Best,usuk-rock-indie,https://music.youtube.com/watch?v=oPIBsaW5h5k,https://i.ytimg.com/vi/oPIBsaW5h5k/maxresdefault.jpg,"The 1975/Still... At Their Very Best/Fallingforyou (Live From The AO Arena, Manchester, 17.02.24).mp3"
Woman,The 1975,The 1975,The 1975,usuk-rock-indie,https://music.youtube.com/watch?v=XHeX9v1QHG4,https://i.ytimg.com/vi/XHeX9v1QHG4/maxresdefault.jpg,The 1975/The 1975/Woman.mp3
"I'm In Love With You (Live From The AO Arena, Manchester, 17.02.24)",The 1975,The 1975,Still... At Their Very Best,usuk-rock-indie,https://music.youtube.com/watch?v=wT1rJUDVFaY,https://i.ytimg.com/vi/wT1rJUDVFaY/maxresdefault.jpg,"The 1975/Still... At Their Very Best/I'm In Love With You (Live From The AO Arena, Manchester, 17.02.24).mp3"
Somebody Else (Alt Edit),The 1975,The 1975,Electric For Life Episode 117,usuk-rock-indie,https://music.youtube.com/watch?v=3U7QMHaUZFA,https://i.ytimg.com/vi/3U7QMHaUZFA/maxresdefault.jpg,The 1975/Electric For Life Episode 117/Somebody Else (Alt Edit).mp3
The 1975,The 1975,The 1975,A Brief Inquiry Into Online Relationships,usuk-rock-indie,https://music.youtube.com/watch?v=6IAlV63rvaA,https://i.ytimg.com/vi/6IAlV63rvaA/maxresdefault.jpg,The 1975/A Brief Inquiry Into Online Relationships/The 1975.mp3
"Me (Live From The AO Arena, Manchester, 17.02.24)",The 1975,The 1975,Still... At Their Very Best,usuk-rock-indie,https://music.youtube.com/watch?v=keNlaiCx-mc,https://i.ytimg.com/vi/keNlaiCx-mc/maxresdefault.jpg,"The 1975/Still... At Their Very Best/Me (Live From The AO Arena, Manchester, 17.02.24).mp3"
"Robbers (Live from Madison Square Garden, New York, 07.11.22)",The 1975,The 1975,At Their Very Best,usuk-rock-indie,https://music.youtube.com/watch?v=NPk_BhJ3My8,https://i.ytimg.com/vi/NPk_BhJ3My8/maxresdefault.jpg,"The 1975/At Their Very Best/Robbers (Live from Madison Square Garden, New York, 07.11.22).mp3"
Yeah I Know,The 1975,The 1975,Notes On A Conditional Form,usuk-rock-indie,https://music.youtube.com/watch?v=BXk4MtUFWDU,https://i.ytimg.com/vi/BXk4MtUFWDU/maxresdefault.jpg,The 1975/Notes On A Conditional Form/Yeah I Know.mp3
She Lays Down,The 1975,The 1975,"I like it when you sleep, for you are so beautiful yet so unaware of it",usuk-rock-indie,https://music.youtube.com/watch?v=9qV6_7zU3SQ,https://i.ytimg.com/vi/9qV6_7zU3SQ/maxresdefault.jpg,"The 1975/I like it when you sleep, for you are so beautiful yet so unaware of it/She Lays Down.mp3"
The End (Music For Cars),The 1975,The 1975,Notes On A Conditional Form,usuk-rock-indie,https://music.youtube.com/watch?v=3RN3Z0exZP8,https://i.ytimg.com/vi/3RN3Z0exZP8/maxresdefault.jpg,The 1975/Notes On A Conditional Form/The End (Music For Cars).mp3
"Chocolate (Live From The AO Arena, Manchester, 17.02.24)",The 1975,The 1975,Still... At Their Very Best,usuk-rock-indie,https://music.youtube.com/watch?v=2EJOvTqZ0SM,https://i.ytimg.com/vi/2EJOvTqZ0SM/maxresdefault.jpg,"The 1975/Still... At Their Very Best/Chocolate (Live From The AO Arena, Manchester, 17.02.24).mp3"
Sex (Acoustic Version),The 1975,The 1975,Sex EP,usuk-rock-indie,https://music.youtube.com/watch?v=gxwf3T5nB3k,https://i.ytimg.com/vi/gxwf3T5nB3k/maxresdefault.jpg,The 1975/Sex EP/Sex (Acoustic Version).mp3
"Medicine (Live From The O2, London. 16.12.16)",The 1975,The 1975,DH00278,usuk-rock-indie,https://music.youtube.com/watch?v=yEs3fScjBWI,https://i.ytimg.com/vi/yEs3fScjBWI/maxresdefault.jpg,"The 1975/DH00278/Medicine (Live From The O2, London. 16.12.16).mp3"
"Paris (Live from Madison Square Garden, New York, 07.11.22)",The 1975,The 1975,At Their Very Best,usuk-rock-indie,https://music.youtube.com/watch?v=WdXtRcrS5M0,https://i.ytimg.com/vi/WdXtRcrS5M0/maxresdefault.jpg,"The 1975/At Their Very Best/Paris (Live from Madison Square Garden, New York, 07.11.22).mp3"
"Oh Caroline (Live from Madison Square Garden, New York, 07.11.22)",The 1975,The 1975,At Their Very Best,usuk-rock-indie,https://music.youtube.com/watch?v=mqLN9MC88Pk,https://i.ytimg.com/vi/mqLN9MC88Pk/maxresdefault.jpg,"The 1975/At Their Very Best/Oh Caroline (Live from Madison Square Garden, New York, 07.11.22).mp3"
"Happiness (Live From The AO Arena, Manchester, 17.02.24)",The 1975,The 1975,Still... At Their Very Best,usuk-rock-indie,https://music.youtube.com/watch?v=UzD4r-B_dA4,https://i.ytimg.com/vi/UzD4r-B_dA4/maxresdefault.jpg,"The 1975/Still... At Their Very Best/Happiness (Live From The AO Arena, Manchester, 17.02.24).mp3"
"TOOTIMETOOTIMETOOTIME (Live from Madison Square Garden, New York, 07.11.22)",The 1975,The 1975,At Their Very Best,usuk-rock-indie,https://music.youtube.com/watch?v=jDxrK742ANI,https://i.ytimg.com/vi/jDxrK742ANI/maxresdefault.jpg,"The 1975/At Their Very Best/TOOTIMETOOTIMETOOTIME (Live from Madison Square Garden, New York, 07.11.22).mp3"
"Roadkill (Live from Madison Square Garden, New York, 07.11.22)",The 1975,The 1975,At Their Very Best,usuk-rock-indie,https://music.youtube.com/watch?v=NzkBcqvsYKg,https://i.ytimg.com/vi/NzkBcqvsYKg/maxresdefault.jpg,"The 1975/At Their Very Best/Roadkill (Live from Madison Square Garden, New York, 07.11.22).mp3"
The 1975,The 1975,The 1975,Notes On A Conditional Form,usuk-rock-indie,https://music.youtube.com/watch?v=Gc9w3m5NPKI,https://i.ytimg.com/vi/Gc9w3m5NPKI/maxresdefault.jpg,The 1975/Notes On A Conditional Form/The 1975.mp3
"Oh Caroline (Live From The AO Arena, Manchester, 17.02.24)",The 1975,The 1975,Still... At Their Very Best,usuk-rock-indie,https://music.youtube.com/watch?v=ZH6q2Va-OhM,https://i.ytimg.com/vi/ZH6q2Va-OhM/maxresdefault.jpg,"The 1975/Still... At Their Very Best/Oh Caroline (Live From The AO Arena, Manchester, 17.02.24).mp3"
Chocolate (Acoustic Version),The 1975,The 1975,Sex EP,usuk-rock-indie,https://music.youtube.com/watch?v=v4ZgxmXIbyw,https://i.ytimg.com/vi/v4ZgxmXIbyw/maxresdefault.jpg,The 1975/Sex EP/Chocolate (Acoustic Version).mp3
Having No Head,The 1975,The 1975,Notes On A Conditional Form,usuk-rock-indie,https://music.youtube.com/watch?v=hp1KIaOfWeo,https://i.ytimg.com/vi/hp1KIaOfWeo/maxresdefault.jpg,The 1975/Notes On A Conditional Form/Having No Head.mp3
"Lostmyhead (Live From The O2, London. 16.12.16)",The 1975,The 1975,DH00278,usuk-rock-indie,https://music.youtube.com/watch?v=OiS7yPbNI7k,https://i.ytimg.com/vi/OiS7yPbNI7k/maxresdefault.jpg,"The 1975/DH00278/Lostmyhead (Live From The O2, London. 16.12.16).mp3"
Shiny Collarbone,The 1975,The 1975,Notes On A Conditional Form,usuk-rock-indie,https://music.youtube.com/watch?v=luk0vc4yroY,https://i.ytimg.com/vi/luk0vc4yroY/maxresdefault.jpg,The 1975/Notes On A Conditional Form/Shiny Collarbone.mp3
Intro / Set3,The 1975,The 1975,The 1975,usuk-rock-indie,https://music.youtube.com/watch?v=6Gt7GuP04WM,https://i.ytimg.com/vi/6Gt7GuP04WM/maxresdefault.jpg,The 1975/The 1975/Intro _ Set3.mp3
"You (Live From The AO Arena, Manchester, 17.02.24)",The 1975,The 1975,Still... At Their Very Best,usuk-rock-indie,https://music.youtube.com/watch?v=xgZrId4Hsv8,https://i.ytimg.com/vi/xgZrId4Hsv8/maxresdefault.jpg,"The 1975/Still... At Their Very Best/You (Live From The AO Arena, Manchester, 17.02.24).mp3"
The City (EP Version),The 1975,The 1975,The 1975,usuk-rock-indie,https://music.youtube.com/watch?v=LzedHK6TEic,https://i.ytimg.com/vi/LzedHK6TEic/maxresdefault.jpg,The 1975/The 1975/The City (EP Version).mp3
The Man Who Married A Robot / Love Theme,The 1975,The 1975,A Brief Inquiry Into Online Relationships,usuk-rock-indie,https://music.youtube.com/watch?v=R6tSpCXBazk,https://i.ytimg.com/vi/R6tSpCXBazk/maxresdefault.jpg,The 1975/A Brief Inquiry Into Online Relationships/The Man Who Married A Robot _ Love Theme.mp3
Now Is The Hour,The 1975,The 1975,The New Look: Season 1,usuk-rock-indie,https://music.youtube.com/watch?v=7kRZ_HJRung,https://i.ytimg.com/vi/7kRZ_HJRung/maxresdefault.jpg,The 1975/The New Look_ Season 1/Now Is The Hour.mp3
Spinning (with Charli XCX & The 1975) (A. G. Cook Remix),The 1975,"Charli XCX, The 1975, No Rome",Spinning (A. G. Cook Remixes),usuk-rock-indie,https://music.youtube.com/watch?v=8KObXxUraeE,https://i.ytimg.com/vi/8KObXxUraeE/maxresdefault.jpg,The 1975/Spinning (A. G. Cook Remixes)/Spinning (with Charli XCX & The 1975) (A. G. Cook Remix).mp3
"Me & You Together Song (Live from Madison Square Garden, New York, 07.11.22)",The 1975,The 1975,At Their Very Best,usuk-rock-indie,https://music.youtube.com/watch?v=RIIWkJzE4S0,https://i.ytimg.com/vi/RIIWkJzE4S0/maxresdefault.jpg,"The 1975/At Their Very Best/Me & You Together Song (Live from Madison Square Garden, New York, 07.11.22).mp3"
"Sex (Live from Madison Square Garden, New York, 07.11.22)",The 1975,The 1975,At Their Very Best,usuk-rock-indie,https://music.youtube.com/watch?v=UZEcKQ4IN7A,https://i.ytimg.com/vi/UZEcKQ4IN7A/maxresdefault.jpg,"The 1975/At Their Very Best/Sex (Live from Madison Square Garden, New York, 07.11.22).mp3"
If You're Too Shy (Let Me Know),The 1975,The 1975,Still... At Their Very Best,usuk-rock-indie,https://music.youtube.com/watch?v=J97KKqoS-iw,https://i.ytimg.com/vi/J97KKqoS-iw/maxresdefault.jpg,The 1975/Still... At Their Very Best/If You're Too Shy (Let Me Know).mp3
"Part of the Band (Live from Madison Square Garden, New York, 07.11.22)",The 1975,The 1975,At Their Very Best,usuk-rock-indie,https://music.youtube.com/watch?v=o-wai20uQmM,https://i.ytimg.com/vi/o-wai20uQmM/maxresdefault.jpg,"The 1975/At Their Very Best/Part of the Band (Live from Madison Square Garden, New York, 07.11.22).mp3"
"The 1975 (Live From The AO Arena, Manchester, 17.02.24)",The 1975,The 1975,Still... At Their Very Best,usuk-rock-indie,https://music.youtube.com/watch?v=0uqy20K5vk4,https://i.ytimg.com/vi/0uqy20K5vk4/maxresdefault.jpg,"The 1975/Still... At Their Very Best/The 1975 (Live From The AO Arena, Manchester, 17.02.24).mp3"
"The 1975 (Live from Madison Square Garden, New York, 07.11.22)",The 1975,The 1975,At Their Very Best,usuk-rock-indie,https://music.youtube.com/watch?v=XDho15qPXwY,https://i.ytimg.com/vi/XDho15qPXwY/maxresdefault.jpg,"The 1975/At Their Very Best/The 1975 (Live from Madison Square Garden, New York, 07.11.22).mp3"
"Part Of The Band (Live From The AO Arena, Manchester, 17.02.24)",The 1975,The 1975,Still... At Their Very Best,usuk-rock-indie,https://music.youtube.com/watch?v=-4o0DzTKaI0,https://i.ytimg.com/vi/-4o0DzTKaI0/maxresdefault.jpg,"The 1975/Still... At Their Very Best/Part Of The Band (Live From The AO Arena, Manchester, 17.02.24).mp3"
"Looking For Somebody To Love (Live From The AO Arena, Manchester, 17.02.24)",The 1975,The 1975,Still... At Their Very Best,usuk-rock-indie,https://music.youtube.com/watch?v=VibdC8uQnHs,https://i.ytimg.com/vi/VibdC8uQnHs/maxresdefault.jpg,"The 1975/Still... At Their Very Best/Looking For Somebody To Love (Live From The AO Arena, Manchester, 17.02.24).mp3"
"The Sound (Live From The AO Arena, Manchester, 17.02.24)",The 1975,The 1975,Still... At Their Very Best,usuk-rock-indie,https://music.youtube.com/watch?v=--5u17FzgDU,https://i.ytimg.com/vi/--5u17FzgDU/maxresdefault.jpg,"The 1975/Still... At Their Very Best/The Sound (Live From The AO Arena, Manchester, 17.02.24).mp3"
"Settle Down (Live From Gorilla, Manchester, UK / 01.02.2023)",The 1975,The 1975,Live From Gorilla,usuk-rock-indie,https://music.youtube.com/watch?v=AG8jfj0CPdo,https://i.ytimg.com/vi/AG8jfj0CPdo/maxresdefault.jpg,"The 1975/Live From Gorilla/Settle Down (Live From Gorilla, Manchester, UK _ 01.02.2023).mp3"
"Calvin Harris, Dua Lipa - One Kiss (Official Video)",Calvin Harris,Calvin Harris,Single,usuk-edm,https://music.youtube.com/watch?v=DkeiKbqa02g,https://i.ytimg.com/vi/DkeiKbqa02g/maxresdefault.jpg,"Calvin Harris/Single/Calvin Harris, Dua Lipa - One Kiss (Official Video).mp3"
"Calvin Harris, Ellie Goulding - Miracle (Official Video)",Calvin Harris,Calvin Harris,Single,usuk-edm,https://music.youtube.com/watch?v=961v0E3b01g,https://i.ytimg.com/vi/961v0E3b01g/maxresdefault.jpg,"Calvin Harris/Single/Calvin Harris, Ellie Goulding - Miracle (Official Video).mp3"
"Calvin Harris, Rag'n'Bone Man - Lovers In A Past Life (Official Video)",Calvin Harris,Calvin Harris,Single,usuk-edm,https://music.youtube.com/watch?v=uksTezIJqA4,https://i.ytimg.com/vi/uksTezIJqA4/maxresdefault.jpg,"Calvin Harris/Single/Calvin Harris, Rag'n'Bone Man - Lovers In A Past Life (Official Video).mp3"
Calvin Harris - Obsessed (Official Video) ft Charlie Puth & Shenseea,Calvin Harris,Calvin Harris,Single,usuk-edm,https://music.youtube.com/watch?v=BzOOF_BDtho,https://i.ytimg.com/vi/BzOOF_BDtho/maxresdefault.jpg,Calvin Harris/Single/Calvin Harris - Obsessed (Official Video) ft Charlie Puth & Shenseea.mp3
Calvin Harris & Disciples - How Deep Is Your Love,Calvin Harris,Calvin Harris,Single,usuk-edm,https://music.youtube.com/watch?v=EgqUJOudrcM,https://i.ytimg.com/vi/EgqUJOudrcM/maxresdefault.jpg,Calvin Harris/Single/Calvin Harris & Disciples - How Deep Is Your Love.mp3
Rihanna - We Found Love ft. Calvin Harris,Calvin Harris,Rihanna,Single,usuk-edm,https://music.youtube.com/watch?v=tg00YEETFzg,https://i.ytimg.com/vi/tg00YEETFzg/maxresdefault.jpg,Calvin Harris/Single/Rihanna - We Found Love ft. Calvin Harris.mp3
"Calvin Harris, Sam Smith - Desire (Official Video)",Calvin Harris,Calvin Harris,Single,usuk-edm,https://music.youtube.com/watch?v=1JPNFp0f53I,https://i.ytimg.com/vi/1JPNFp0f53I/maxresdefault.jpg,"Calvin Harris/Single/Calvin Harris, Sam Smith - Desire (Official Video).mp3"
"Calvin Harris, Rihanna - This Is What You Came For (Official Video)",Calvin Harris,Calvin Harris,Single,usuk-edm,https://music.youtube.com/watch?v=kOkQ4T5WO9E,https://i.ytimg.com/vi/kOkQ4T5WO9E/maxresdefault.jpg,"Calvin Harris/Single/Calvin Harris, Rihanna - This Is What You Came For (Official Video).mp3"
"Calvin Harris, Ellie Goulding - Free (Official Lyric Video)",Calvin Harris,Calvin Harris,Single,usuk-edm,https://music.youtube.com/watch?v=NAVv00ZbAdc,https://i.ytimg.com/vi/NAVv00ZbAdc/maxresdefault.jpg,"Calvin Harris/Single/Calvin Harris, Ellie Goulding - Free (Official Lyric Video).mp3"
Calvin Harris - Blame ft. John Newman,Calvin Harris,Calvin Harris,Single,usuk-edm,https://music.youtube.com/watch?v=6ACl8s_tBzE,https://i.ytimg.com/vi/6ACl8s_tBzE/maxresdefault.jpg,Calvin Harris/Single/Calvin Harris - Blame ft. John Newman.mp3
Calvin Harris - I'm Not Alone (Official Video),Calvin Harris,Calvin Harris,Single,usuk-edm,https://music.youtube.com/watch?v=JeTE5cnkhGc,https://i.ytimg.com/vi/JeTE5cnkhGc/maxresdefault.jpg,Calvin Harris/Single/Calvin Harris - I'm Not Alone (Official Video).mp3
"Calvin Harris, Jessie Reyez - Ocean (Official Visualiser)",Calvin Harris,Calvin Harris,Single,usuk-edm,https://music.youtube.com/watch?v=Tz8ullZfVvo,https://i.ytimg.com/vi/Tz8ullZfVvo/maxresdefault.jpg,"Calvin Harris/Single/Calvin Harris, Jessie Reyez - Ocean (Official Visualiser).mp3"
"Eliza Rose, Calvin Harris - Body Moving (Official Video)",Calvin Harris,Eliza Rose,Single,usuk-edm,https://music.youtube.com/watch?v=lWIQg5KRw9c,https://i.ytimg.com/vi/lWIQg5KRw9c/maxresdefault.jpg,"Calvin Harris/Single/Eliza Rose, Calvin Harris - Body Moving (Official Video).mp3"
Calvin Harris - Summer (Official Video),Calvin Harris,Calvin Harris,Single,usuk-edm,https://music.youtube.com/watch?v=ebXbLfLACGM,https://i.ytimg.com/vi/ebXbLfLACGM/maxresdefault.jpg,Calvin Harris/Single/Calvin Harris - Summer (Official Video).mp3
Calvin Harris - By Your Side (Official Video) ft. Tom Grennan,Calvin Harris,Calvin Harris,Single,usuk-edm,https://music.youtube.com/watch?v=4hu5iCqQVcM,https://i.ytimg.com/vi/4hu5iCqQVcM/maxresdefault.jpg,Calvin Harris/Single/Calvin Harris - By Your Side (Official Video) ft. Tom Grennan.mp3
Calvin Harris - My Way (Official Video),Calvin Harris,Calvin Harris,Single,usuk-edm,https://music.youtube.com/watch?v=b4Bj7Zb-YD4,https://i.ytimg.com/vi/b4Bj7Zb-YD4/maxresdefault.jpg,Calvin Harris/Single/Calvin Harris - My Way (Official Video).mp3
Calvin Harris - SMOKE THE PAIN AWAY (Official Visualiser),Calvin Harris,Calvin Harris,Single,usuk-edm,https://music.youtube.com/watch?v=5E-1YilJoU8,https://i.ytimg.com/vi/5E-1YilJoU8/maxresdefault.jpg,Calvin Harris/Single/Calvin Harris - SMOKE THE PAIN AWAY (Official Visualiser).mp3
"Calvin Harris, Clementine Douglas - Blessings (Official Video)",Calvin Harris,Calvin Harris,Single,usuk-edm,https://music.youtube.com/watch?v=JEmbyx8NLxA,https://i.ytimg.com/vi/JEmbyx8NLxA/maxresdefault.jpg,"Calvin Harris/Single/Calvin Harris, Clementine Douglas - Blessings (Official Video).mp3"
"Calvin Harris - Stay With Me (Official Video) ft Justin Timberlake, Halsey & Pharrell",Calvin Harris,Calvin Harris,Single,usuk-edm,https://music.youtube.com/watch?v=eMQuofsOOzo,https://i.ytimg.com/vi/eMQuofsOOzo/maxresdefault.jpg,"Calvin Harris/Single/Calvin Harris - Stay With Me (Official Video) ft Justin Timberlake, Halsey & Pharrell.mp3"
"Calvin Harris, The Weeknd - Over Now (Official Video)",Calvin Harris,Calvin Harris,Single,usuk-edm,https://music.youtube.com/watch?v=quFlP3cRCFs,https://i.ytimg.com/vi/quFlP3cRCFs/maxresdefault.jpg,"Calvin Harris/Single/Calvin Harris, The Weeknd - Over Now (Official Video).mp3"
"Calvin Harris, Rag'n'Bone Man - Giant (Lyric Video)",Calvin Harris,Calvin Harris,Single,usuk-edm,https://music.youtube.com/watch?v=U9Im71aNhYA,https://i.ytimg.com/vi/U9Im71aNhYA/maxresdefault.jpg,"Calvin Harris/Single/Calvin Harris, Rag'n'Bone Man - Giant (Lyric Video).mp3"
Calvin Harris - Potion (Official Video) ft Dua Lipa & Young Thug,Calvin Harris,Calvin Harris,Single,usuk-edm,https://music.youtube.com/watch?v=FFV6t4Dl_zQ,https://i.ytimg.com/vi/FFV6t4Dl_zQ/maxresdefault.jpg,Calvin Harris/Single/Calvin Harris - Potion (Official Video) ft Dua Lipa & Young Thug.mp3
"Calvin Harris, Sam Smith - Promises (Official Video)",Calvin Harris,Calvin Harris,Single,usuk-edm,https://music.youtube.com/watch?v=kkLk2XWMBf8,https://i.ytimg.com/vi/kkLk2XWMBf8/maxresdefault.jpg,"Calvin Harris/Single/Calvin Harris, Sam Smith - Promises (Official Video).mp3"
"Calvin Harris - Feels (Official Video) ft. Pharrell Williams, Katy Perry, Big Sean",Calvin Harris,Calvin Harris,Single,usuk-edm,https://music.youtube.com/watch?v=ozv4q2ov3Mk,https://i.ytimg.com/vi/ozv4q2ov3Mk/maxresdefault.jpg,"Calvin Harris/Single/Calvin Harris - Feels (Official Video) ft. Pharrell Williams, Katy Perry, Big Sean.mp3"
Dizzee Rascal & Calvin Harris - Dance Wiv Me,Calvin Harris,Calvin Harris,Single,usuk-edm,https://music.youtube.com/watch?v=c2MiyZx8MTY,https://i.ytimg.com/vi/c2MiyZx8MTY/hqdefault.jpg?sqp=-oaymwEmCOADEOgC8quKqQMa8AEB-AHqBYACsAOKAgwIABABGGQgZShDMA8=&rs=AOn4CLC548XNz53gu99vQKSiBnnchA58eA,Calvin Harris/Single/Dizzee Rascal & Calvin Harris - Dance Wiv Me.mp3
Florence + The Machine - Spectrum (Say My Name) (Calvin Harris remix),Calvin Harris,florencemachine,Single,usuk-edm,https://music.youtube.com/watch?v=O4-6Y_91v5I,https://i.ytimg.com/vi/O4-6Y_91v5I/maxresdefault.jpg,Calvin Harris/Single/Florence + The Machine - Spectrum (Say My Name) (Calvin Harris remix).mp3
Calvin Harris - Feel So Close (Official Video),Calvin Harris,Calvin Harris,Single,usuk-edm,https://music.youtube.com/watch?v=dGghkjpNCQ8,https://i.ytimg.com/vi/dGghkjpNCQ8/maxresdefault.jpg,Calvin Harris/Single/Calvin Harris - Feel So Close (Official Video).mp3
"Calvin Harris - Slide (Official Audio) ft. Frank Ocean, Migos",Calvin Harris,Calvin Harris,Single,usuk-edm,https://music.youtube.com/watch?v=8Ee4QjCEHHc,https://i.ytimg.com/vi/8Ee4QjCEHHc/maxresdefault.jpg,"Calvin Harris/Single/Calvin Harris - Slide (Official Audio) ft. Frank Ocean, Migos.mp3"
Calvin Harris - Sweet Nothing (Official Video) ft. Florence Welch,Calvin Harris,Calvin Harris,Single,usuk-edm,https://music.youtube.com/watch?v=17ozSeGw-fY,https://i.ytimg.com/vi/17ozSeGw-fY/maxresdefault.jpg,Calvin Harris/Single/Calvin Harris - Sweet Nothing (Official Video) ft. Florence Welch.mp3
Calvin Harris - I Need Your Love (Official Video) ft. Ellie Goulding,Calvin Harris,Calvin Harris,Single,usuk-edm,https://music.youtube.com/watch?v=AtKZKl7Bgu0,https://i.ytimg.com/vi/AtKZKl7Bgu0/maxresdefault.jpg,Calvin Harris/Single/Calvin Harris - I Need Your Love (Official Video) ft. Ellie Goulding.mp3
Acceptable in the 80's,Calvin Harris,Calvin Harris,Acceptable In The 80s,usuk-edm,https://music.youtube.com/watch?v=x4k4YnEbRfw,https://i.ytimg.com/vi/x4k4YnEbRfw/maxresdefault.jpg,Calvin Harris/Acceptable In The 80s/Acceptable in the 80's.mp3
Hypnagogic (I Can't Wait) (edit),Calvin Harris,"Love Regenerator, Calvin Harris",Love Regenerator 1,usuk-edm,https://music.youtube.com/watch?v=4FROoRqZD10,https://i.ytimg.com/vi/4FROoRqZD10/maxresdefault.jpg,Calvin Harris/Love Regenerator 1/Hypnagogic (I Can't Wait) (edit).mp3
Calvin Harris - Open Wide (Official Video) ft. Big Sean,Calvin Harris,Calvin Harris,Single,usuk-edm,https://music.youtube.com/watch?v=zVzhpkFBFP8,https://i.ytimg.com/vi/zVzhpkFBFP8/maxresdefault.jpg,Calvin Harris/Single/Calvin Harris - Open Wide (Official Video) ft. Big Sean.mp3
Love Regenerator x Eli Brown - Moving (Edit),Calvin Harris,Eli Brown,Single,usuk-edm,https://music.youtube.com/watch?v=GW-NyOIQi-g,https://i.ytimg.com/vi/GW-NyOIQi-g/maxresdefault.jpg,Calvin Harris/Single/Love Regenerator x Eli Brown - Moving (Edit).mp3
Calvin Harris & Alesso - Under Control (Official Video) ft. Hurts,Calvin Harris,Calvin Harris,Single,usuk-edm,https://music.youtube.com/watch?v=yZqmarGShxg,https://i.ytimg.com/vi/yZqmarGShxg/maxresdefault.jpg,Calvin Harris/Single/Calvin Harris & Alesso - Under Control (Official Video) ft. Hurts.mp3
Halsey - Alone (Calvin Harris Remix/Audio) ft. Stefflon Don,Calvin Harris,Halsey,Single,usuk-edm,https://music.youtube.com/watch?v=mlEYDB5Z59w,https://i.ytimg.com/vi/mlEYDB5Z59w/maxresdefault.jpg,Calvin Harris/Single/Halsey - Alone (Calvin Harris Remix_Audio) ft. Stefflon Don.mp3
Calvin Harris - Drinking from the Bottle (Official Video) ft. Tinie Tempah,Calvin Harris,Calvin Harris,Single,usuk-edm,https://music.youtube.com/watch?v=uztCqjxrkjQ,https://i.ytimg.com/vi/uztCqjxrkjQ/maxresdefault.jpg,Calvin Harris/Single/Calvin Harris - Drinking from the Bottle (Official Video) ft. Tinie Tempah.mp3
Give Me Strength [edit],Calvin Harris,"Love Regenerator, Calvin Harris",Love Regenerator 3,usuk-edm,https://music.youtube.com/watch?v=rsJ2I56DoJY,https://i.ytimg.com/vi/rsJ2I56DoJY/maxresdefault.jpg,Calvin Harris/Love Regenerator 3/Give Me Strength [edit].mp3
Calvin Harris - Let's Go (Official Video) ft. Ne-Yo,Calvin Harris,Calvin Harris,Single,usuk-edm,https://music.youtube.com/watch?v=LYZ6gXWZfZM,https://i.ytimg.com/vi/LYZ6gXWZfZM/maxresdefault.jpg,Calvin Harris/Single/Calvin Harris - Let's Go (Official Video) ft. Ne-Yo.mp3
Calvin Harris feat. Example - We'll Be Coming Back (Official Video) (Ultra Music),Calvin Harris,Ultra Records,Single,usuk-edm,https://music.youtube.com/watch?v=cGi4hNgyhik,https://i.ytimg.com/vi/cGi4hNgyhik/maxresdefault.jpg,Calvin Harris/Single/Calvin Harris feat. Example - We'll Be Coming Back (Official Video) (Ultra Music).mp3
Calvin Harris - Bounce ft. Kelis,Calvin Harris,Calvin Harris,Single,usuk-edm,https://music.youtube.com/watch?v=ooZwmeUfuXg,https://i.ytimg.com/vi/ooZwmeUfuXg/maxresdefault.jpg,Calvin Harris/Single/Calvin Harris - Bounce ft. Kelis.mp3
Calvin Harris - Ready for the Weekend (Official Video),Calvin Harris,Calvin Harris,Single,usuk-edm,https://music.youtube.com/watch?v=XO4msvIA7cw,https://i.ytimg.com/vi/XO4msvIA7cw/maxresdefault.jpg,Calvin Harris/Single/Calvin Harris - Ready for the Weekend (Official Video).mp3
Calvin Harris - The Girls (Official Video),Calvin Harris,Calvin Harris,Single,usuk-edm,https://music.youtube.com/watch?v=DwZVZ5qZnoA,https://i.ytimg.com/vi/DwZVZ5qZnoA/maxresdefault.jpg,Calvin Harris/Single/Calvin Harris - The Girls (Official Video).mp3
Calvin Harris - Thinking About You ft. Ayah Marar,Calvin Harris,Calvin Harris,Single,usuk-edm,https://music.youtube.com/watch?v=cl3b7dDBLpo,https://i.ytimg.com/vi/cl3b7dDBLpo/maxresdefault.jpg,Calvin Harris/Single/Calvin Harris - Thinking About You ft. Ayah Marar.mp3
Calvin Harris - Pray to God (Official Video) ft. HAIM,Calvin Harris,Calvin Harris,Single,usuk-edm,https://music.youtube.com/watch?v=8FOBxcluXdk,https://i.ytimg.com/vi/8FOBxcluXdk/maxresdefault.jpg,Calvin Harris/Single/Calvin Harris - Pray to God (Official Video) ft. HAIM.mp3
The Power of Love II [edit],Calvin Harris,"Love Regenerator, Calvin Harris",Love Regenerator 2,usuk-edm,https://music.youtube.com/watch?v=El9TcaANJSU,https://i.ytimg.com/vi/El9TcaANJSU/maxresdefault.jpg,Calvin Harris/Love Regenerator 2/The Power of Love II [edit].mp3
Calvin Harris - Outside (Official Video) ft. Ellie Goulding,Calvin Harris,Calvin Harris,Single,usuk-edm,https://music.youtube.com/watch?v=J9NQFACZYEU,https://i.ytimg.com/vi/J9NQFACZYEU/maxresdefault.jpg,Calvin Harris/Single/Calvin Harris - Outside (Official Video) ft. Ellie Goulding.mp3
"Calvin Harris - Heatstroke (Audio) ft. Young Thug, Ariana Grande, Pharrell Williams",Calvin Harris,Calvin Harris,Single,usuk-edm,https://music.youtube.com/watch?v=ME9x1mSNv-w,https://i.ytimg.com/vi/ME9x1mSNv-w/maxresdefault.jpg,"Calvin Harris/Single/Calvin Harris - Heatstroke (Audio) ft. Young Thug, Ariana Grande, Pharrell Williams.mp3"
Eat Sleep Rave Repeat (feat. Beardyman) (Calvin Harris Remix),Calvin Harris,"Fatboy Slim, Beardyman, Calvin Harris",Eat Sleep Rave Repeat (feat. Beardyman),usuk-edm,https://music.youtube.com/watch?v=zvRKLsxuzVQ,https://i.ytimg.com/vi/zvRKLsxuzVQ/maxresdefault.jpg,Calvin Harris/Eat Sleep Rave Repeat (feat. Beardyman)/Eat Sleep Rave Repeat (feat. Beardyman) (Calvin Harris Remix).mp3
The Killers - When You Were Young (Calvin Harris Remix (Audio)),Calvin Harris,TheKillersMusic,Single,usuk-edm,https://music.youtube.com/watch?v=GuPBFtbt4eU,https://i.ytimg.com/vi/GuPBFtbt4eU/maxresdefault.jpg,Calvin Harris/Single/The Killers - When You Were Young (Calvin Harris Remix (Audio)).mp3
DNA (Calvin Harris Remix Edit),Calvin Harris,Empire Of The Sun,DNA,usuk-edm,https://music.youtube.com/watch?v=zGy0Q6n3_v4,https://i.ytimg.com/vi/zGy0Q6n3_v4/maxresdefault.jpg,Calvin Harris/DNA/DNA (Calvin Harris Remix Edit).mp3
The Hours 'See The Light' CALVIN HARRIS REMIX,Calvin Harris,Calvin Harris,Single,usuk-edm,https://music.youtube.com/watch?v=EvabDpFGc8Q,https://i.ytimg.com/vi/EvabDpFGc8Q/hqdefault.jpg?sqp=-oaymwEmCOADEOgC8quKqQMa8AEB-AHUBoAC4AOKAgwIABABGEwgXyhlMA8=&rs=AOn4CLDOxkyeRt1jiW2EY-BkYL41euvHIg,Calvin Harris/Single/The Hours 'See The Light' CALVIN HARRIS REMIX.mp3
The Ting Tings - Great DJ (Calvin Harris Remix) (Audio),Calvin Harris,The Ting Tings,Single,usuk-edm,https://music.youtube.com/watch?v=09v94b7-G0Q,https://i.ytimg.com/vi/09v94b7-G0Q/maxresdefault.jpg,Calvin Harris/Single/The Ting Tings - Great DJ (Calvin Harris Remix) (Audio).mp3
Avicii - Levels,Avicii,Avicii,Single,usuk-edm,https://music.youtube.com/watch?v=_ovdm2yX4MA,https://i.ytimg.com/vi/_ovdm2yX4MA/maxresdefault.jpg,Avicii/Single/Avicii - Levels.mp3
Avicii - Wake Me Up (Official Video),Avicii,Avicii,Single,usuk-edm,https://music.youtube.com/watch?v=IcrbM1l_BoI,https://i.ytimg.com/vi/IcrbM1l_BoI/maxresdefault.jpg,Avicii/Single/Avicii - Wake Me Up (Official Video).mp3
AVICII - FADE INTO DARKNESS [OFFICIAL VIDEO],Avicii,Avicii,Single,usuk-edm,https://music.youtube.com/watch?v=t7WRkPbTjsk,https://i.ytimg.com/vi/t7WRkPbTjsk/maxresdefault.jpg,Avicii/Single/AVICII - FADE INTO DARKNESS [OFFICIAL VIDEO].mp3
"Avicii, Sandro Cavazza - Without You (Part 4)",Avicii,Avicii,Single,usuk-edm,https://music.youtube.com/watch?v=fTYhYsG9e20,https://i.ytimg.com/vi/fTYhYsG9e20/maxresdefault.jpg,"Avicii/Single/Avicii, Sandro Cavazza - Without You (Part 4).mp3"
Coldplay - A Sky Full Of Stars (Official Video),Avicii,Coldplay,Single,usuk-edm,https://music.youtube.com/watch?v=VPRjCeoBqrI,https://i.ytimg.com/vi/VPRjCeoBqrI/maxresdefault.jpg,Avicii/Single/Coldplay - A Sky Full Of Stars (Official Video).mp3
Avicii - Let's Ride Away feat. Elle King  (Lyric Video),Avicii,Avicii,Single,usuk-edm,https://music.youtube.com/watch?v=V6Iiuz_3rsE,https://i.ytimg.com/vi/V6Iiuz_3rsE/maxresdefault.jpg,Avicii/Single/Avicii - Let's Ride Away feat. Elle King  (Lyric Video).mp3
Tom Hangs feat. Shermanology - Blessed (Avicii Mix),Avicii,Robbins Entertainment,Single,usuk-edm,https://music.youtube.com/watch?v=IHR-LJmwOh4,https://i.ytimg.com/vi/IHR-LJmwOh4/sddefault.jpg?sqp=-oaymwEmCIAFEOAD8quKqQMa8AEB-AH-BIAC4AOKAgwIABABGGUgUihHMA8=&rs=AOn4CLA_RQPCQzqjqehx56v42ZifV1c5kw,Avicii/Single/Tom Hangs feat. Shermanology - Blessed (Avicii Mix).mp3
Silhouettes (Original Radio Edit),Avicii,Avicii,Silhouettes,usuk-edm,https://music.youtube.com/watch?v=5YOCpOeVPf8,https://i.ytimg.com/vi/5YOCpOeVPf8/maxresdefault.jpg,Avicii/Silhouettes/Silhouettes (Original Radio Edit).mp3
Avicii - Waiting For Love,Avicii,Avicii,Single,usuk-edm,https://music.youtube.com/watch?v=cHHLHGNpCSA,https://i.ytimg.com/vi/cHHLHGNpCSA/maxresdefault.jpg,Avicii/Single/Avicii - Waiting For Love.mp3
Armin van Buuren feat. Laura V - Drowning (Avicii Remix) [Official Music Video],Avicii,Armada Music TV,Single,usuk-edm,https://music.youtube.com/watch?v=AbB3z2fZ7PM,https://i.ytimg.com/vi/AbB3z2fZ7PM/maxresdefault.jpg,Avicii/Single/Armin van Buuren feat. Laura V - Drowning (Avicii Remix) [Official Music Video].mp3
Avicii - Hey Brother (Lyric),Avicii,Avicii,Single,usuk-edm,https://music.youtube.com/watch?v=YxIiPLVR6NA,https://i.ytimg.com/vi/YxIiPLVR6NA/maxresdefault.jpg,Avicii/Single/Avicii - Hey Brother (Lyric).mp3
Hang With Me (Avicii's exclusive club mix),Avicii,Robyn,Hang With Me,usuk-edm,https://music.youtube.com/watch?v=CcGudgVsVSQ,https://i.ytimg.com/vi/CcGudgVsVSQ/sddefault.jpg,Avicii/Hang With Me/Hang With Me (Avicii's exclusive club mix).mp3
Malo (Radio Edit),Avicii,Avicii,Malo (Radio Edit),usuk-edm,https://music.youtube.com/watch?v=GlcCeGCFpsk,https://i.ytimg.com/vi/GlcCeGCFpsk/maxresdefault.jpg,Avicii/Malo (Radio Edit)/Malo (Radio Edit).mp3
Avicii vs Nicky Romero - I Could Be The One (Nicktim),Avicii,Avicii,Single,usuk-edm,https://music.youtube.com/watch?v=bek1y2uiQGA,https://i.ytimg.com/vi/bek1y2uiQGA/maxresdefault.jpg,Avicii/Single/Avicii vs Nicky Romero - I Could Be The One (Nicktim).mp3
Bromance (Avicii’s Arena Mix),Avicii,Tim Berg,Seek Bromance,usuk-edm,https://music.youtube.com/watch?v=IkVUtgxhA20,https://i.ytimg.com/vi/IkVUtgxhA20/maxresdefault.jpg,Avicii/Seek Bromance/Bromance (Avicii’s Arena Mix).mp3
Avicii - The Nights,Avicii,Avicii,Single,usuk-edm,https://music.youtube.com/watch?v=UtF6Jej8yb4,https://i.ytimg.com/vi/UtF6Jej8yb4/maxresdefault.jpg,Avicii/Single/Avicii - The Nights.mp3
Avicii - You Make Me (Official),Avicii,Avicii,Single,usuk-edm,https://music.youtube.com/watch?v=2GADx4Hy-Gg,https://i.ytimg.com/vi/2GADx4Hy-Gg/maxresdefault.jpg,Avicii/Single/Avicii - You Make Me (Official).mp3
Derezzed (Remixed by Avicii),Avicii,Daft Punk,TRON: Legacy Reconfigured,usuk-edm,https://music.youtube.com/watch?v=FPohMBj0aKE,https://i.ytimg.com/vi/FPohMBj0aKE/maxresdefault.jpg,Avicii/TRON_ Legacy Reconfigured/Derezzed (Remixed by Avicii).mp3
Avicii - Heaven (Tribute Video),Avicii,Avicii,Single,usuk-edm,https://music.youtube.com/watch?v=fqzhtvLWefA,https://i.ytimg.com/vi/fqzhtvLWefA/maxresdefault.jpg,Avicii/Single/Avicii - Heaven (Tribute Video).mp3
Wyclef Jean - Divine Sorrow (Lyric Video) ft. Avicii,Avicii,Wyclef Jean,Single,usuk-edm,https://music.youtube.com/watch?v=Qc0pIWMhEsk,https://i.ytimg.com/vi/Qc0pIWMhEsk/maxresdefault.jpg,Avicii/Single/Wyclef Jean - Divine Sorrow (Lyric Video) ft. Avicii.mp3
Avicii - Lonely Together ft. Rita Ora,Avicii,Avicii,Single,usuk-edm,https://music.youtube.com/watch?v=vQ3XgMKAgxc,https://i.ytimg.com/vi/vQ3XgMKAgxc/maxresdefault.jpg,Avicii/Single/Avicii - Lonely Together ft. Rita Ora.mp3
Avicii - The Days (Lyric Video),Avicii,Avicii,Single,usuk-edm,https://music.youtube.com/watch?v=JDglMK9sgIQ,https://i.ytimg.com/vi/JDglMK9sgIQ/maxresdefault.jpg,Avicii/Single/Avicii - The Days (Lyric Video).mp3
Nadia Ali - Rapture [Official Video HD],Avicii,Time Records,Single,usuk-edm,https://music.youtube.com/watch?v=o5dqtRULD6w,https://i.ytimg.com/vi/o5dqtRULD6w/maxresdefault.jpg,Avicii/Single/Nadia Ali - Rapture [Official Video HD].mp3
"Avicii - Tough Love ft. Agnes, Vargas & Lagola",Avicii,Avicii,Single,usuk-edm,https://music.youtube.com/watch?v=McJgc3Nb46I,https://i.ytimg.com/vi/McJgc3Nb46I/maxresdefault.jpg,"Avicii/Single/Avicii - Tough Love ft. Agnes, Vargas & Lagola.mp3"
Avicii - For A Better Day,Avicii,Avicii,Single,usuk-edm,https://music.youtube.com/watch?v=Xq-knHXSKYY,https://i.ytimg.com/vi/Xq-knHXSKYY/maxresdefault.jpg,Avicii/Single/Avicii - For A Better Day.mp3
Faithless - Insomnia 2.0 – Avicii Remix (Official Video),Avicii,Faithless,Single,usuk-edm,https://music.youtube.com/watch?v=h198WJrquXQ,https://i.ytimg.com/vi/h198WJrquXQ/maxresdefault.jpg,Avicii/Single/Faithless - Insomnia 2.0 – Avicii Remix (Official Video).mp3
Avicii - Fades Away (Lyric Video) ft. Noonie Bao,Avicii,Avicii,Single,usuk-edm,https://music.youtube.com/watch?v=IKEuu-sA4YI,https://i.ytimg.com/vi/IKEuu-sA4YI/maxresdefault.jpg,Avicii/Single/Avicii - Fades Away (Lyric Video) ft. Noonie Bao.mp3
Avicii - Friend Of Mine (Original Video) ft. Vargas & Lagola,Avicii,Avicii,Single,usuk-edm,https://music.youtube.com/watch?v=IXNrHusLXoM,https://i.ytimg.com/vi/IXNrHusLXoM/maxresdefault.jpg,Avicii/Single/Avicii - Friend Of Mine (Original Video) ft. Vargas & Lagola.mp3
Dear Boy,Avicii,Avicii,True,usuk-edm,https://music.youtube.com/watch?v=d1-DCYL7Fng,https://i.ytimg.com/vi/d1-DCYL7Fng/maxresdefault.jpg,Avicii/True/Dear Boy.mp3
Avicii - Hold The Line (Lyric Video) ft. A R I Z O N A,Avicii,Avicii,Single,usuk-edm,https://music.youtube.com/watch?v=Y_SR7V5qglc,https://i.ytimg.com/vi/Y_SR7V5qglc/maxresdefault.jpg,Avicii/Single/Avicii - Hold The Line (Lyric Video) ft. A R I Z O N A.mp3
New New New (Avicii Remix Edit),Avicii,Bob Sinclar,Born in 69,usuk-edm,https://music.youtube.com/watch?v=j7fkHq7rtQ8,https://i.ytimg.com/vi/j7fkHq7rtQ8/maxresdefault.jpg,Avicii/Born in 69/New New New (Avicii Remix Edit).mp3
Otto Knows feat. Avicii - Back Where I Belong | LYRIC VIDEO,Avicii,Otto Knows,Single,usuk-edm,https://music.youtube.com/watch?v=OggDVRkivs8,https://i.ytimg.com/vi/OggDVRkivs8/maxresdefault.jpg,Avicii/Single/Otto Knows feat. Avicii - Back Where I Belong _ LYRIC VIDEO.mp3
Avicii - Freak (Lyric Video) ft. Bonn,Avicii,Avicii,Single,usuk-edm,https://music.youtube.com/watch?v=Jc2xfYuLWgE,https://i.ytimg.com/vi/Jc2xfYuLWgE/maxresdefault.jpg,Avicii/Single/Avicii - Freak (Lyric Video) ft. Bonn.mp3
Sunshine,Avicii,"David Guetta, Avicii",Nothing but the Beat,usuk-edm,https://music.youtube.com/watch?v=5Mg2ZZw-DBU,https://i.ytimg.com/vi/5Mg2ZZw-DBU/maxresdefault.jpg,Avicii/Nothing but the Beat/Sunshine.mp3
Avicii - Excuse Me Mr Sir (Lyric Video) ft. Vargas & Lagola,Avicii,Avicii,Single,usuk-edm,https://music.youtube.com/watch?v=yHkoWrxDuTU,https://i.ytimg.com/vi/yHkoWrxDuTU/maxresdefault.jpg,Avicii/Single/Avicii - Excuse Me Mr Sir (Lyric Video) ft. Vargas & Lagola.mp3
UMF (Ultra Music Festival Anthem),Avicii,Avicii,Ultra Music Festival Anthems EP,usuk-edm,https://music.youtube.com/watch?v=b5elY_COmlQ,https://i.ytimg.com/vi/b5elY_COmlQ/maxresdefault.jpg,Avicii/Ultra Music Festival Anthems EP/UMF (Ultra Music Festival Anthem).mp3
Avicii - Liar Liar (Audio),Avicii,Avicii,Single,usuk-edm,https://music.youtube.com/watch?v=vngjoSb-XrE,https://i.ytimg.com/vi/vngjoSb-XrE/maxresdefault.jpg,Avicii/Single/Avicii - Liar Liar (Audio).mp3
Feeling Good,Avicii,Avicii,Feeling Good,usuk-edm,https://music.youtube.com/watch?v=cyBnI9lP45I,https://i.ytimg.com/vi/cyBnI9lP45I/maxresdefault.jpg,Avicii/Feeling Good/Feeling Good.mp3
Avicii - SOS (Fan Memories Video) ft. Aloe Blacc,Avicii,Avicii,Single,usuk-edm,https://music.youtube.com/watch?v=u8tdT5pAE34,https://i.ytimg.com/vi/u8tdT5pAE34/maxresdefault.jpg,Avicii/Single/Avicii - SOS (Fan Memories Video) ft. Aloe Blacc.mp3
Avicii - Addicted To You,Avicii,Avicii,Single,usuk-edm,https://music.youtube.com/watch?v=Qc9c12q3mrc,https://i.ytimg.com/vi/Qc9c12q3mrc/maxresdefault.jpg,Avicii/Single/Avicii - Addicted To You.mp3
Avicii - Broken Arrows,Avicii,Avicii,Single,usuk-edm,https://music.youtube.com/watch?v=V6iKSUoUN48,https://i.ytimg.com/vi/V6iKSUoUN48/maxresdefault.jpg,Avicii/Single/Avicii - Broken Arrows.mp3
Avicii - Lay Me Down,Avicii,Avicii,Single,usuk-edm,https://music.youtube.com/watch?v=ISiGtxsN5d0,https://i.ytimg.com/vi/ISiGtxsN5d0/maxresdefault.jpg,Avicii/Single/Avicii - Lay Me Down.mp3
Avicii - Pure Grinding,Avicii,Avicii,Single,usuk-edm,https://music.youtube.com/watch?v=hzdIoghbFzg,https://i.ytimg.com/vi/hzdIoghbFzg/maxresdefault.jpg,Avicii/Single/Avicii - Pure Grinding.mp3
Avicii - Sunset Jesus (Lyric Video),Avicii,Avicii,Single,usuk-edm,https://music.youtube.com/watch?v=9bljFUfIshM,https://i.ytimg.com/vi/9bljFUfIshM/maxresdefault.jpg,Avicii/Single/Avicii - Sunset Jesus (Lyric Video).mp3
Avicii - You Be Love (Original Video) ft. Billy Raffoul,Avicii,Avicii,Single,usuk-edm,https://music.youtube.com/watch?v=M0X3jVSVzao,https://i.ytimg.com/vi/M0X3jVSVzao/maxresdefault.jpg,Avicii/Single/Avicii - You Be Love (Original Video) ft. Billy Raffoul.mp3
"Leona Lewis, Avicii - Collide (Official Video)",Avicii,leonalewis,Single,usuk-edm,https://music.youtube.com/watch?v=E4a82LRNdlQ,https://i.ytimg.com/vi/E4a82LRNdlQ/maxresdefault.jpg,"Avicii/Single/Leona Lewis, Avicii - Collide (Official Video).mp3"
Avicii - Bad Reputation (Lyric Video) ft. Joe Janiak,Avicii,Avicii,Single,usuk-edm,https://music.youtube.com/watch?v=dzWBgb9cr1s,https://i.ytimg.com/vi/dzWBgb9cr1s/maxresdefault.jpg,Avicii/Single/Avicii - Bad Reputation (Lyric Video) ft. Joe Janiak.mp3
Avicii - Trouble (Lyric Video),Avicii,Avicii,Single,usuk-edm,https://music.youtube.com/watch?v=GiuabrUp8zM,https://i.ytimg.com/vi/GiuabrUp8zM/maxresdefault.jpg,Avicii/Single/Avicii - Trouble (Lyric Video).mp3
Avicii - X You,Avicii,Avicii,Single,usuk-edm,https://music.youtube.com/watch?v=LpKyzSxVhk4,https://i.ytimg.com/vi/LpKyzSxVhk4/maxresdefault.jpg,Avicii/Single/Avicii - X You.mp3
Avicii - Gonna Love Ya,Avicii,Avicii,Single,usuk-edm,https://music.youtube.com/watch?v=UuxTn5vC8VM,https://i.ytimg.com/vi/UuxTn5vC8VM/maxresdefault.jpg,Avicii/Single/Avicii - Gonna Love Ya.mp3
"Kygo, Avicii, Sandro Cavazza - Forever Yours (Avicii Tribute)",Avicii,Sandro Cavazza,Single,usuk-edm,https://music.youtube.com/watch?v=Xxqz3bgPTLs,https://i.ytimg.com/vi/Xxqz3bgPTLs/maxresdefault.jpg,"Avicii/Single/Kygo, Avicii, Sandro Cavazza - Forever Yours (Avicii Tribute).mp3"
Avicii - Somewhere In Stockholm (Lyric Video),Avicii,Avicii,Single,usuk-edm,https://music.youtube.com/watch?v=9WZN3S_j9dQ,https://i.ytimg.com/vi/9WZN3S_j9dQ/maxresdefault.jpg,Avicii/Single/Avicii - Somewhere In Stockholm (Lyric Video).mp3
Eric Turner vs Avicii - Dancing in My Head (Tom Hangs Remix),Avicii,EricTurnerVEVO,Single,usuk-edm,https://music.youtube.com/watch?v=ZMScU2bRORE,https://i.ytimg.com/vi/ZMScU2bRORE/maxresdefault.jpg,Avicii/Single/Eric Turner vs Avicii - Dancing in My Head (Tom Hangs Remix).mp3
Avicii - City Lights (Lyric Video),Avicii,Avicii,Single,usuk-edm,https://music.youtube.com/watch?v=R43PCsV92R4,https://i.ytimg.com/vi/R43PCsV92R4/maxresdefault.jpg,Avicii/Single/Avicii - City Lights (Lyric Video).mp3
All You Need Is Love,Avicii,Avicii,True,usuk-edm,https://music.youtube.com/watch?v=ZbtzGt5LqTQ,https://i.ytimg.com/vi/ZbtzGt5LqTQ/maxresdefault.jpg,Avicii/True/All You Need Is Love.mp3
Avicii - What Would I Change It To (Part 5 – Lyric Video) ft. Aluna,Avicii,Avicii,Single,usuk-edm,https://music.youtube.com/watch?v=qezgfxXm3ns,https://i.ytimg.com/vi/qezgfxXm3ns/maxresdefault.jpg,Avicii/Single/Avicii - What Would I Change It To (Part 5 – Lyric Video) ft. Aluna.mp3
Avicii - Talk To Myself (Lyric Video),Avicii,Avicii,Single,usuk-edm,https://music.youtube.com/watch?v=kfntpNM1-dM,https://i.ytimg.com/vi/kfntpNM1-dM/maxresdefault.jpg,Avicii/Single/Avicii - Talk To Myself (Lyric Video).mp3
Avicii - True Believer (Lyric Video),Avicii,Avicii,Single,usuk-edm,https://music.youtube.com/watch?v=MhTJJ1AHzzU,https://i.ytimg.com/vi/MhTJJ1AHzzU/maxresdefault.jpg,Avicii/Single/Avicii - True Believer (Lyric Video).mp3
Avicii - Ten More Days,Avicii,Avicii,Single,usuk-edm,https://music.youtube.com/watch?v=21hoWeMro6Y,https://i.ytimg.com/vi/21hoWeMro6Y/maxresdefault.jpg,Avicii/Single/Avicii - Ten More Days.mp3
Avicii - Peace Of Mind (Lyric Video) ft. Vargas & Lagola,Avicii,Avicii,Single,usuk-edm,https://music.youtube.com/watch?v=i5L9gHsqSQk,https://i.ytimg.com/vi/i5L9gHsqSQk/maxresdefault.jpg,Avicii/Single/Avicii - Peace Of Mind (Lyric Video) ft. Vargas & Lagola.mp3
Avicii - Can't Catch Me (Lyric Video),Avicii,Avicii,Single,usuk-edm,https://music.youtube.com/watch?v=B1qWnmycriA,https://i.ytimg.com/vi/B1qWnmycriA/maxresdefault.jpg,Avicii/Single/Avicii - Can't Catch Me (Lyric Video).mp3
Avicii - Ain't A Thing (Lyric Video) ft. Bonn,Avicii,Avicii,Single,usuk-edm,https://music.youtube.com/watch?v=nGsmOd8xPJE,https://i.ytimg.com/vi/nGsmOd8xPJE/maxresdefault.jpg,Avicii/Single/Avicii - Ain't A Thing (Lyric Video) ft. Bonn.mp3
Avicii - Never Leave Me (Lyric Video) ft. Joe Janiak,Avicii,Avicii,Single,usuk-edm,https://music.youtube.com/watch?v=BanzDujUwF4,https://i.ytimg.com/vi/BanzDujUwF4/maxresdefault.jpg,Avicii/Single/Avicii - Never Leave Me (Lyric Video) ft. Joe Janiak.mp3
Avicii - Touch Me (Lyric Video),Avicii,Avicii,Single,usuk-edm,https://music.youtube.com/watch?v=jIOBp07deYY,https://i.ytimg.com/vi/jIOBp07deYY/maxresdefault.jpg,Avicii/Single/Avicii - Touch Me (Lyric Video).mp3
Always On The Run,Avicii,Avicii,True,usuk-edm,https://music.youtube.com/watch?v=uj8Plrj6t4s,https://i.ytimg.com/vi/uj8Plrj6t4s/maxresdefault.jpg,Avicii/True/Always On The Run.mp3
So Much Better (Avicii Remix),Avicii,"Avicii, Sandro Cavazza",AVĪCI,usuk-edm,https://music.youtube.com/watch?v=TdZyXgadFG0,https://i.ytimg.com/vi/TdZyXgadFG0/maxresdefault.jpg,Avicii/AVĪCI/So Much Better (Avicii Remix).mp3
Long Road To Hell,Avicii,Avicii,True,usuk-edm,https://music.youtube.com/watch?v=FwxeZH2DJNU,https://i.ytimg.com/vi/FwxeZH2DJNU/maxresdefault.jpg,Avicii/True/Long Road To Hell.mp3
Avicii - Shame On Me (Audio),Avicii,Avicii,Single,usuk-edm,https://music.youtube.com/watch?v=bIBcUcwu0Ig,https://i.ytimg.com/vi/bIBcUcwu0Ig/maxresdefault.jpg,Avicii/Single/Avicii - Shame On Me (Audio).mp3
Hope There's Someone,Avicii,Avicii,True,usuk-edm,https://music.youtube.com/watch?v=xf8iZFO-B1o,https://i.ytimg.com/vi/xf8iZFO-B1o/maxresdefault.jpg,Avicii/True/Hope There's Someone.mp3
My Feelings For You (Mark Knight Remix),Avicii,"Avicii, Sebastien Drums, Mark Knight",My Feelings For You,usuk-edm,https://music.youtube.com/watch?v=qcCp396-v8c,https://i.ytimg.com/vi/qcCp396-v8c/maxresdefault.jpg,Avicii/My Feelings For You/My Feelings For You (Mark Knight Remix).mp3
EDOM,Avicii,Avicii,True,usuk-edm,https://music.youtube.com/watch?v=YM0BqQSZnEU,https://i.ytimg.com/vi/YM0BqQSZnEU/maxresdefault.jpg,Avicii/True/EDOM.mp3
Canyons,Avicii,Avicii,True,usuk-edm,https://music.youtube.com/watch?v=BwOh7EyHvBA,https://i.ytimg.com/vi/BwOh7EyHvBA/maxresdefault.jpg,Avicii/True/Canyons.mp3
Heart Upon My Sleeve,Avicii,Avicii,True,usuk-edm,https://music.youtube.com/watch?v=_9u0QXs-yZ4,https://i.ytimg.com/vi/_9u0QXs-yZ4/maxresdefault.jpg,Avicii/True/Heart Upon My Sleeve.mp3
Tiësto feat. C.C. Sheffield - Escape Me (Avicii Remix),Avicii,Tiësto,Single,usuk-edm,https://music.youtube.com/watch?v=-yAqrJq9foY,https://i.ytimg.com/vi/-yAqrJq9foY/hqdefault.jpg?sqp=-oaymwEmCOADEOgC8quKqQMa8AEB-AHUBoAC4AOKAgwIABABGFcgXChlMA8=&rs=AOn4CLCELKS1JMVA8lct6y6lxS-b2BRJKg,Avicii/Single/Tiësto feat. C.C. Sheffield - Escape Me (Avicii Remix).mp3
Beautiful Heartbeat (Avicii Remix),Avicii,"MORTEN, Avicii, Frida Sundemo",Beautiful Heartbeat,usuk-edm,https://music.youtube.com/watch?v=X2g7qqLN044,https://i.ytimg.com/vi/X2g7qqLN044/maxresdefault.jpg,Avicii/Beautiful Heartbeat/Beautiful Heartbeat (Avicii Remix).mp3
Madonna vs. Avicii – Girl Gone Wild (AVICII's UMF Mix),Avicii,Madonna,Finally Enough Love: 50 Number Ones,usuk-edm,https://music.youtube.com/watch?v=v_krAt7xqxk,https://i.ytimg.com/vi/v_krAt7xqxk/maxresdefault.jpg,Avicii/Finally Enough Love_ 50 Number Ones/Madonna vs. Avicii – Girl Gone Wild (AVICII's UMF Mix).mp3
Street Dancer (Radio Edit),Avicii,Avicii,Street Dancer,usuk-edm,https://music.youtube.com/watch?v=LXtDq-WOiaA,https://i.ytimg.com/vi/LXtDq-WOiaA/maxresdefault.jpg,Avicii/Street Dancer/Street Dancer (Radio Edit).mp3
We Write The Story,Avicii,"Avicii, B & B And Choir",We Write The Story,usuk-edm,https://music.youtube.com/watch?v=y9c78nemYCg,https://i.ytimg.com/vi/y9c78nemYCg/maxresdefault.jpg,Avicii/We Write The Story/We Write The Story.mp3
We Are feat. Rudy (Avicii Remix),Avicii,Dirty South,We Are,usuk-edm,https://music.youtube.com/watch?v=L3OhadI2JPk,https://i.ytimg.com/vi/L3OhadI2JPk/maxresdefault.jpg,Avicii/We Are/We Are feat. Rudy (Avicii Remix).mp3
Shy Shy (Avicii Remix),Avicii,EDX,Shy Shy (The Vocal Remixes),usuk-edm,https://music.youtube.com/watch?v=-QSvNCJ6kJM,https://i.ytimg.com/vi/-QSvNCJ6kJM/maxresdefault.jpg,Avicii/Shy Shy (The Vocal Remixes)/Shy Shy (Avicii Remix).mp3
Snus (Radio Edit),Avicii,"Avicii, Sebastien Drums",Snus,usuk-edm,https://music.youtube.com/watch?v=Y3dut8U_kYY,https://i.ytimg.com/vi/Y3dut8U_kYY/maxresdefault.jpg,Avicii/Snus/Snus (Radio Edit).mp3
Alcoholic (Avicii Edit),Avicii,Tim Berg,"Progressive Essentials, Vol. 3",usuk-edm,https://music.youtube.com/watch?v=m7goVxjPEyA,https://i.ytimg.com/vi/m7goVxjPEyA/maxresdefault.jpg,"Avicii/Progressive Essentials, Vol. 3/Alcoholic (Avicii Edit).mp3"
Somewhere (Avicii Remix),Avicii,Albin Myers,Pinkstar House Anthems «Ibiza 2009»,usuk-edm,https://music.youtube.com/watch?v=XlXV8xe9bpQ,https://i.ytimg.com/vi/XlXV8xe9bpQ/maxresdefault.jpg,Avicii/Pinkstar House Anthems «Ibiza 2009»/Somewhere (Avicii Remix).mp3
I Like It (Avicii Remix),Avicii,"Enrique Iglesias, Pitbull",I Like It,usuk-edm,https://music.youtube.com/watch?v=qEE2tWi-XDA,https://i.ytimg.com/vi/qEE2tWi-XDA/maxresdefault.jpg,Avicii/I Like It/I Like It (Avicii Remix).mp3
Whatever Kind (Avicii Remix),Avicii,Mic Newman,Whatever Kind,usuk-edm,https://music.youtube.com/watch?v=7h-Cl6XUIfY,https://i.ytimg.com/vi/7h-Cl6XUIfY/maxresdefault.jpg,Avicii/Whatever Kind/Whatever Kind (Avicii Remix).mp3
Got 2 Get Up (Avicii Remix),Avicii,"mrTimothy, Inaya Day",Got 2 Get Up,usuk-edm,https://music.youtube.com/watch?v=caX-NzLrgJQ,https://i.ytimg.com/vi/caX-NzLrgJQ/maxresdefault.jpg,Avicii/Got 2 Get Up/Got 2 Get Up (Avicii Remix).mp3
Set Me Free (Avicii Remix),Avicii,"Phonat, Michele Balduzzi, Hal Ritson, Avicii",Set Me Free,usuk-edm,https://music.youtube.com/watch?v=vaIlML19gkc,https://i.ytimg.com/vi/vaIlML19gkc/maxresdefault.jpg,Avicii/Set Me Free/Set Me Free (Avicii Remix).mp3
D10 (AVICII Vs Philgood's Vicious Remix),Avicii,Dirty South,D10,usuk-edm,https://music.youtube.com/watch?v=Ld_yPKEOieQ,https://i.ytimg.com/vi/Ld_yPKEOieQ/maxresdefault.jpg,Avicii/D10/D10 (AVICII Vs Philgood's Vicious Remix).mp3
Painted Faces (Avicii Remix),Avicii,"Paul Thomas, Sonny Wharton",Painted Faces,usuk-edm,https://music.youtube.com/watch?v=lDLqmckBrvc,https://i.ytimg.com/vi/lDLqmckBrvc/maxresdefault.jpg,Avicii/Painted Faces/Painted Faces (Avicii Remix).mp3
Lost in Acid (Tim Berg's Acidic Remix),Avicii,David Tort,Acid,usuk-edm,https://music.youtube.com/watch?v=u7bXIK_CTM4,https://i.ytimg.com/vi/u7bXIK_CTM4/maxresdefault.jpg,Avicii/Acid/Lost in Acid (Tim Berg's Acidic Remix).mp3
In the Air (Avicii Remix),Avicii,"Austin Leeds, Jeremy Carr",In the Air,usuk-edm,https://music.youtube.com/watch?v=aNWfH8oOnDI,https://i.ytimg.com/vi/aNWfH8oOnDI/maxresdefault.jpg,Avicii/In the Air/In the Air (Avicii Remix).mp3
Do It With Me (Avicii vs Philgood Remix),Avicii,"Austin Leeds, Etienne Ozborne, Steve Bertrand",Do It With Me,usuk-edm,https://music.youtube.com/watch?v=fXuOgsmOH_Q,https://i.ytimg.com/vi/fXuOgsmOH_Q/maxresdefault.jpg,Avicii/Do It With Me/Do It With Me (Avicii vs Philgood Remix).mp3
You Used to Hold Me (Avicii Remember Remix),Avicii,D.O.N.S.,You Used to Hold Me,usuk-edm,https://music.youtube.com/watch?v=UnLSCfh5tvw,https://i.ytimg.com/vi/UnLSCfh5tvw/maxresdefault.jpg,Avicii/You Used to Hold Me/You Used to Hold Me (Avicii Remember Remix).mp3
Star Airlines (Avicii Remix),Avicii,Sebastien Benett,Star Airlines,usuk-edm,https://music.youtube.com/watch?v=mm-LgWVPtpU,https://i.ytimg.com/vi/mm-LgWVPtpU/maxresdefault.jpg,Avicii/Star Airlines/Star Airlines (Avicii Remix).mp3
Can't Sleep (Avicii vs. Philgood Remix),Avicii,Adrian Lux,Can't Sleep,usuk-edm,https://music.youtube.com/watch?v=Ybns5Qjj6A0,https://i.ytimg.com/vi/Ybns5Qjj6A0/maxresdefault.jpg,Avicii/Can't Sleep/Can't Sleep (Avicii vs. Philgood Remix).mp3
Rhythm Masters & MYNC Feat. Wynter Gordon -- I Feel Love (Avicii Forgotten Remix),Avicii,Cr2 Records,Single,usuk-edm,https://music.youtube.com/watch?v=cOkmklTvemc,https://i.ytimg.com/vi/cOkmklTvemc/maxresdefault.jpg,Avicii/Single/Rhythm Masters & MYNC Feat. Wynter Gordon -- I Feel Love (Avicii Forgotten Remix).mp3
"Greg Cerrone ""LIPSTICK"" Avicii rmx",Avicii,GregCerroneOfficial,Single,usuk-edm,https://music.youtube.com/watch?v=rcNSnkDf6Vk,https://i.ytimg.com/vi/rcNSnkDf6Vk/hqdefault.jpg?sqp=-oaymwEmCOADEOgC8quKqQMa8AEB-AGeAYACgAGKAgwIABABGD4gWShyMA8=&rs=AOn4CLBx71G7isthSvVHDROXRUCWrRLpcQ,Avicii/Single/Greg Cerrone LIPSTICK Avicii rmx.mp3
Dancin' (Avicii Remix),Avicii,Sebastien Benett,Serial Mix,usuk-edm,https://music.youtube.com/watch?v=94FkFauIVN0,https://i.ytimg.com/vi/94FkFauIVN0/maxresdefault.jpg,Avicii/Serial Mix/Dancin' (Avicii Remix).mp3
Fade (feat. KimBlee) [Avicii 2009 Remix],Avicii,"Solu Music, KimBlee",Fade (feat. KimBlee),usuk-edm,https://music.youtube.com/watch?v=LZLQWRm5g-0,https://i.ytimg.com/vi/LZLQWRm5g-0/maxresdefault.jpg,Avicii/Fade (feat. KimBlee)/Fade (feat. KimBlee) [Avicii 2009 Remix].mp3
Boogers (Avicii's Dumb Dumb Remix),Avicii,"MYNC, Harry Choo Choo Romero, Jose Nunez",Boogers,usuk-edm,https://music.youtube.com/watch?v=y9z3P1VMcOM,https://i.ytimg.com/vi/y9z3P1VMcOM/maxresdefault.jpg,Avicii/Boogers/Boogers (Avicii's Dumb Dumb Remix).mp3
When I'm Thinking of You (Avicii vs. Philgood Remix),Avicii,Francesco Diaz,Swedish House Classics,usuk-edm,https://music.youtube.com/watch?v=6vSt-qIUAg0,https://i.ytimg.com/vi/6vSt-qIUAg0/maxresdefault.jpg,Avicii/Swedish House Classics/When I'm Thinking of You (Avicii vs. Philgood Remix).mp3
Stop the Rock (Avicii's Showstopping Remix),Avicii,Jason Rooney,Stop the Rock,usuk-edm,https://music.youtube.com/watch?v=LOPjCLj04A0,https://i.ytimg.com/vi/LOPjCLj04A0/maxresdefault.jpg,Avicii/Stop the Rock/Stop the Rock (Avicii's Showstopping Remix).mp3
The Chainsmokers - Closer (Lyric) ft. Halsey,The Chainsmokers,The Chainsmokers,Single,usuk-edm,https://music.youtube.com/watch?v=PT2_F-1esPk,https://i.ytimg.com/vi/PT2_F-1esPk/maxresdefault.jpg,The Chainsmokers/Single/The Chainsmokers - Closer (Lyric) ft. Halsey.mp3
The Chainsmokers & Coldplay - Something Just Like This (Official Lyric Video),The Chainsmokers,The Chainsmokers,Single,usuk-edm,https://music.youtube.com/watch?v=FM7MFYoylVs,https://i.ytimg.com/vi/FM7MFYoylVs/maxresdefault.jpg,The Chainsmokers/Single/The Chainsmokers & Coldplay - Something Just Like This (Official Lyric Video).mp3
"The Chainsmokers, ILLENIUM - Takeaway (Official Video) ft. Lennon Stella",The Chainsmokers,The Chainsmokers,Single,usuk-edm,https://music.youtube.com/watch?v=lzkKzZmRZk8,https://i.ytimg.com/vi/lzkKzZmRZk8/maxresdefault.jpg,"The Chainsmokers/Single/The Chainsmokers, ILLENIUM - Takeaway (Official Video) ft. Lennon Stella.mp3"
The Chainsmokers - Don't Let Me Down (Official Video) ft. Daya,The Chainsmokers,The Chainsmokers,Single,usuk-edm,https://music.youtube.com/watch?v=Io0fBr1XBUA,https://i.ytimg.com/vi/Io0fBr1XBUA/maxresdefault.jpg,The Chainsmokers/Single/The Chainsmokers - Don't Let Me Down (Official Video) ft. Daya.mp3
The Chainsmokers - Kanye ft. SirenXX,The Chainsmokers,The Chainsmokers,Single,usuk-edm,https://music.youtube.com/watch?v=8ELh8eOzq_0,https://i.ytimg.com/vi/8ELh8eOzq_0/maxresdefault.jpg,The Chainsmokers/Single/The Chainsmokers - Kanye ft. SirenXX.mp3
The Chainsmokers - Echo ft. Oaks (Official Visualizer),The Chainsmokers,The Chainsmokers,Single,usuk-edm,https://music.youtube.com/watch?v=5-NfPGEyi-c,https://i.ytimg.com/vi/5-NfPGEyi-c/maxresdefault.jpg,The Chainsmokers/Single/The Chainsmokers - Echo ft. Oaks (Official Visualizer).mp3
The Chainsmokers - Roses (Official Video) ft. ROZES,The Chainsmokers,The Chainsmokers,Single,usuk-edm,https://music.youtube.com/watch?v=G5Mv2iV0wkU,https://i.ytimg.com/vi/G5Mv2iV0wkU/maxresdefault.jpg,The Chainsmokers/Single/The Chainsmokers - Roses (Official Video) ft. ROZES.mp3
Tiësto & The Chainsmokers - Split (Only U) [Official Music Video],The Chainsmokers,Spinnin' Records,Single,usuk-edm,https://music.youtube.com/watch?v=klIF0nhsxxM,https://i.ytimg.com/vi/klIF0nhsxxM/sddefault.jpg,The Chainsmokers/Single/Tiësto & The Chainsmokers - Split (Only U) [Official Music Video].mp3
"The Chainsmokers, Beau Nox - White Wine & Adderall (Official Lyric Video)",The Chainsmokers,The Chainsmokers,Single,usuk-edm,https://music.youtube.com/watch?v=TrZY3zmFK2o,https://i.ytimg.com/vi/TrZY3zmFK2o/maxresdefault.jpg,"The Chainsmokers/Single/The Chainsmokers, Beau Nox - White Wine & Adderall (Official Lyric Video).mp3"
"The Chainsmokers, Oaks - Love Is Kind (Official Visualizer)",The Chainsmokers,The Chainsmokers,Single,usuk-edm,https://music.youtube.com/watch?v=DtU94kpPeFM,https://i.ytimg.com/vi/DtU94kpPeFM/maxresdefault.jpg,"The Chainsmokers/Single/The Chainsmokers, Oaks - Love Is Kind (Official Visualizer).mp3"
"Alok, The Chainsmokers & Mae Stephens - Jungle (Official Video)",The Chainsmokers,Alok,Single,usuk-edm,https://music.youtube.com/watch?v=dqKpx51vKLc,https://i.ytimg.com/vi/dqKpx51vKLc/maxresdefault.jpg,"The Chainsmokers/Single/Alok, The Chainsmokers & Mae Stephens - Jungle (Official Video).mp3"
The Chainsmokers - Paris (Official Video),The Chainsmokers,The Chainsmokers,Single,usuk-edm,https://music.youtube.com/watch?v=fRNkQH4DVg8,https://i.ytimg.com/vi/fRNkQH4DVg8/maxresdefault.jpg,The Chainsmokers/Single/The Chainsmokers - Paris (Official Video).mp3
Bebe Rexha - I Cant Stop Drinking About You [Chainsmokers Remix Video],The Chainsmokers,Bebe Rexha,Single,usuk-edm,https://music.youtube.com/watch?v=HaGZGFeEM1s,https://i.ytimg.com/vi/HaGZGFeEM1s/sddefault.jpg,The Chainsmokers/Single/Bebe Rexha - I Cant Stop Drinking About You [Chainsmokers Remix Video].mp3
Zerb & The Chainsmokers - Addicted ft. Ink (Official Video),The Chainsmokers,The Chainsmokers,Single,usuk-edm,https://music.youtube.com/watch?v=ROhlsgTOsgc,https://i.ytimg.com/vi/ROhlsgTOsgc/maxresdefault.jpg,The Chainsmokers/Single/Zerb & The Chainsmokers - Addicted ft. Ink (Official Video).mp3
"John Summit, The Chainsmokers, Ilsey - ALL THE TIME (Official Visualizer)",The Chainsmokers,John Summit,Single,usuk-edm,https://music.youtube.com/watch?v=osOoVUM2Owg,https://i.ytimg.com/vi/osOoVUM2Owg/maxresdefault.jpg,"The Chainsmokers/Single/John Summit, The Chainsmokers, Ilsey - ALL THE TIME (Official Visualizer).mp3"
The Chainsmokers - New York City (Audio),The Chainsmokers,The Chainsmokers,Single,usuk-edm,https://music.youtube.com/watch?v=rSwdh3tITwE,https://i.ytimg.com/vi/rSwdh3tITwE/maxresdefault.jpg,The Chainsmokers/Single/The Chainsmokers - New York City (Audio).mp3
Taylor Swift - The Fate of Ophelia (The Chainsmokers Remix) (Visualizer),The Chainsmokers,Taylor Swift,Single,usuk-edm,https://music.youtube.com/watch?v=yX2kZ8OIsfU,https://i.ytimg.com/vi/yX2kZ8OIsfU/maxresdefault.jpg,The Chainsmokers/Single/Taylor Swift - The Fate of Ophelia (The Chainsmokers Remix) (Visualizer).mp3
#SELFIE (Official Music Video) - The Chainsmokers,The Chainsmokers,The Chainsmokers,Single,usuk-edm,https://music.youtube.com/watch?v=kdemFfbS5H0,https://i.ytimg.com/vi/kdemFfbS5H0/maxresdefault.jpg,The Chainsmokers/Single/#SELFIE (Official Music Video) - The Chainsmokers.mp3
Breathe,The Chainsmokers,The Chainsmokers,Breathe,usuk-edm,https://music.youtube.com/watch?v=iffeCtXq_0A,https://i.ytimg.com/vi/iffeCtXq_0A/maxresdefault.jpg,The Chainsmokers/Breathe/Breathe.mp3
Life Of Dillon - Overload (The Chainsmokers Remix - Pseudo Video),The Chainsmokers,Life Of Dillon,Single,usuk-edm,https://music.youtube.com/watch?v=B_DG5os2Mdg,https://i.ytimg.com/vi/B_DG5os2Mdg/maxresdefault.jpg,The Chainsmokers/Single/Life Of Dillon - Overload (The Chainsmokers Remix - Pseudo Video).mp3
The Chainsmokers - All We Know (Official Video) ft. Phoebe Ryan,The Chainsmokers,The Chainsmokers,Single,usuk-edm,https://music.youtube.com/watch?v=7mWQ38SpEf8,https://i.ytimg.com/vi/7mWQ38SpEf8/maxresdefault.jpg,The Chainsmokers/Single/The Chainsmokers - All We Know (Official Video) ft. Phoebe Ryan.mp3
"BUNT., The Chainsmokers, Izzy Bizu - Spaces (Official Video)",The Chainsmokers,BUNT. Music,Single,usuk-edm,https://music.youtube.com/watch?v=gMTH3DwjPo0,https://i.ytimg.com/vi/gMTH3DwjPo0/maxresdefault.jpg,"The Chainsmokers/Single/BUNT., The Chainsmokers, Izzy Bizu - Spaces (Official Video).mp3"
"The Chainsmokers, Anna Sofia - Helium (Official Video)",The Chainsmokers,The Chainsmokers,Single,usuk-edm,https://music.youtube.com/watch?v=GWoK3HULCLo,https://i.ytimg.com/vi/GWoK3HULCLo/maxresdefault.jpg,"The Chainsmokers/Single/The Chainsmokers, Anna Sofia - Helium (Official Video).mp3"
The Chainsmokers - This Feeling (Official Video) ft. Kelsea Ballerini,The Chainsmokers,The Chainsmokers,Single,usuk-edm,https://music.youtube.com/watch?v=fKtY_37r1VI,https://i.ytimg.com/vi/fKtY_37r1VI/maxresdefault.jpg,The Chainsmokers/Single/The Chainsmokers - This Feeling (Official Video) ft. Kelsea Ballerini.mp3
The Chainsmokers - Smooth (Official Video),The Chainsmokers,The Chainsmokers,Single,usuk-edm,https://music.youtube.com/watch?v=8eOTsaz_Gb4,https://i.ytimg.com/vi/8eOTsaz_Gb4/maxresdefault.jpg,The Chainsmokers/Single/The Chainsmokers - Smooth (Official Video).mp3
The Chainsmokers - Summertime Friends (Official Video),The Chainsmokers,The Chainsmokers,Single,usuk-edm,https://music.youtube.com/watch?v=tZdMX7ohw1I,https://i.ytimg.com/vi/tZdMX7ohw1I/maxresdefault.jpg,The Chainsmokers/Single/The Chainsmokers - Summertime Friends (Official Video).mp3
The Chainsmokers - Sick Boy (Official Video),The Chainsmokers,The Chainsmokers,Single,usuk-edm,https://music.youtube.com/watch?v=eACohWVwTOc,https://i.ytimg.com/vi/eACohWVwTOc/maxresdefault.jpg,The Chainsmokers/Single/The Chainsmokers - Sick Boy (Official Video).mp3
The Chainsmokers - Call You Mine (Official Video) ft. Bebe Rexha,The Chainsmokers,The Chainsmokers,Single,usuk-edm,https://music.youtube.com/watch?v=3XCVM3G3pns,https://i.ytimg.com/vi/3XCVM3G3pns/maxresdefault.jpg,The Chainsmokers/Single/The Chainsmokers - Call You Mine (Official Video) ft. Bebe Rexha.mp3
The Chainsmokers - Side Effects (Official Video) ft. Emily Warren,The Chainsmokers,The Chainsmokers,Single,usuk-edm,https://music.youtube.com/watch?v=nuckTcoZG4Q,https://i.ytimg.com/vi/nuckTcoZG4Q/maxresdefault.jpg,The Chainsmokers/Single/The Chainsmokers - Side Effects (Official Video) ft. Emily Warren.mp3
The Chainsmokers - Who Do You Love (Official Video) ft. 5 Seconds of Summer,The Chainsmokers,The Chainsmokers,Single,usuk-edm,https://music.youtube.com/watch?v=U0V1y2p1sgs,https://i.ytimg.com/vi/U0V1y2p1sgs/maxresdefault.jpg,The Chainsmokers/Single/The Chainsmokers - Who Do You Love (Official Video) ft. 5 Seconds of Summer.mp3
"The Chainsmokers, Oaks - Five Past Three (Official Visualizer)",The Chainsmokers,The Chainsmokers,Single,usuk-edm,https://music.youtube.com/watch?v=H_Z0Kv-LWkU,https://i.ytimg.com/vi/H_Z0Kv-LWkU/maxresdefault.jpg,"The Chainsmokers/Single/The Chainsmokers, Oaks - Five Past Three (Official Visualizer).mp3"
The Chainsmokers - Beach House (Lyric Video),The Chainsmokers,The Chainsmokers,Single,usuk-edm,https://music.youtube.com/watch?v=W0KMtmi2H3g,https://i.ytimg.com/vi/W0KMtmi2H3g/maxresdefault.jpg,The Chainsmokers/Single/The Chainsmokers - Beach House (Lyric Video).mp3
The Chainsmokers - You Owe Me (Official Video),The Chainsmokers,The Chainsmokers,Single,usuk-edm,https://music.youtube.com/watch?v=_hMQe2U4c6w,https://i.ytimg.com/vi/_hMQe2U4c6w/maxresdefault.jpg,The Chainsmokers/Single/The Chainsmokers - You Owe Me (Official Video).mp3
The Chainsmokers - Young (Lyric),The Chainsmokers,The Chainsmokers,Single,usuk-edm,https://music.youtube.com/watch?v=z6nfK_zhYNk,https://i.ytimg.com/vi/z6nfK_zhYNk/maxresdefault.jpg,The Chainsmokers/Single/The Chainsmokers - Young (Lyric).mp3
The Chainsmokers - High (Official Video),The Chainsmokers,The Chainsmokers,Single,usuk-edm,https://music.youtube.com/watch?v=AfxsFsLhL04,https://i.ytimg.com/vi/AfxsFsLhL04/maxresdefault.jpg,The Chainsmokers/Single/The Chainsmokers - High (Official Video).mp3
"The Chainsmokers, XYLØ - Setting Fires (Lyric)",The Chainsmokers,The Chainsmokers,Single,usuk-edm,https://music.youtube.com/watch?v=v6IAJOOmDMg,https://i.ytimg.com/vi/v6IAJOOmDMg/maxresdefault.jpg,"The Chainsmokers/Single/The Chainsmokers, XYLØ - Setting Fires (Lyric).mp3"
The Chainsmokers - Everybody Hates Me (Official Video),The Chainsmokers,The Chainsmokers,Single,usuk-edm,https://music.youtube.com/watch?v=DKPCBAlDw2A,https://i.ytimg.com/vi/DKPCBAlDw2A/maxresdefault.jpg,The Chainsmokers/Single/The Chainsmokers - Everybody Hates Me (Official Video).mp3
The Chainsmokers - The One (Audio),The Chainsmokers,The Chainsmokers,Single,usuk-edm,https://music.youtube.com/watch?v=5bA7nrdVEqE,https://i.ytimg.com/vi/5bA7nrdVEqE/maxresdefault.jpg,The Chainsmokers/Single/The Chainsmokers - The One (Audio).mp3
"The Chainsmokers, Drew Love - Somebody (Official Video)",The Chainsmokers,The Chainsmokers,Single,usuk-edm,https://music.youtube.com/watch?v=tlILlcCE8Sc,https://i.ytimg.com/vi/tlILlcCE8Sc/maxresdefault.jpg,"The Chainsmokers/Single/The Chainsmokers, Drew Love - Somebody (Official Video).mp3"
The Chainsmokers - Inside Out (Audio) ft. Charlee,The Chainsmokers,The Chainsmokers,Single,usuk-edm,https://music.youtube.com/watch?v=oygNmMISdC0,https://i.ytimg.com/vi/oygNmMISdC0/maxresdefault.jpg,The Chainsmokers/Single/The Chainsmokers - Inside Out (Audio) ft. Charlee.mp3
"The Chainsmokers, Oaks - Already Know (Official Visualizer)",The Chainsmokers,The Chainsmokers,Single,usuk-edm,https://music.youtube.com/watch?v=TH4Xtu9hHkY,https://i.ytimg.com/vi/TH4Xtu9hHkY/maxresdefault.jpg,"The Chainsmokers/Single/The Chainsmokers, Oaks - Already Know (Official Visualizer).mp3"
The Chainsmokers - iPad (Official Video),The Chainsmokers,The Chainsmokers,Single,usuk-edm,https://music.youtube.com/watch?v=FYxUJFD9Ye4,https://i.ytimg.com/vi/FYxUJFD9Ye4/maxresdefault.jpg,The Chainsmokers/Single/The Chainsmokers - iPad (Official Video).mp3
The Chainsmokers - Honest (Audio),The Chainsmokers,The Chainsmokers,Single,usuk-edm,https://music.youtube.com/watch?v=Lsv5IeI8bA8,https://i.ytimg.com/vi/Lsv5IeI8bA8/maxresdefault.jpg,The Chainsmokers/Single/The Chainsmokers - Honest (Audio).mp3
The Chainsmokers - I Love U (Official Video),The Chainsmokers,The Chainsmokers,Single,usuk-edm,https://music.youtube.com/watch?v=NmB9Rq1yVmo,https://i.ytimg.com/vi/NmB9Rq1yVmo/maxresdefault.jpg,The Chainsmokers/Single/The Chainsmokers - I Love U (Official Video).mp3
The Chainsmokers - My Type (Audio) ft. Emily Warren,The Chainsmokers,The Chainsmokers,Single,usuk-edm,https://music.youtube.com/watch?v=o16rCMSVfI8,https://i.ytimg.com/vi/o16rCMSVfI8/maxresdefault.jpg,The Chainsmokers/Single/The Chainsmokers - My Type (Audio) ft. Emily Warren.mp3
The Chainsmokers - Kills You Slowly (Official Video),The Chainsmokers,The Chainsmokers,Single,usuk-edm,https://music.youtube.com/watch?v=SO7EjEbN9BA,https://i.ytimg.com/vi/SO7EjEbN9BA/maxresdefault.jpg,The Chainsmokers/Single/The Chainsmokers - Kills You Slowly (Official Video).mp3
"The Chainsmokers - Do You Mean (Lyric Video) ft. Ty Dolla $ign, bülow",The Chainsmokers,The Chainsmokers,Single,usuk-edm,https://music.youtube.com/watch?v=p_vSh1DUsD4,https://i.ytimg.com/vi/p_vSh1DUsD4/maxresdefault.jpg,"The Chainsmokers/Single/The Chainsmokers - Do You Mean (Lyric Video) ft. Ty Dolla $ign, bülow.mp3"
"The Chainsmokers, Kim Petras - Don't Lie (Official Video)",The Chainsmokers,The Chainsmokers,Single,usuk-edm,https://music.youtube.com/watch?v=TDnIB4RAyA4,https://i.ytimg.com/vi/TDnIB4RAyA4/maxresdefault.jpg,"The Chainsmokers/Single/The Chainsmokers, Kim Petras - Don't Lie (Official Video).mp3"
The Chainsmokers - Bloodstream (Audio),The Chainsmokers,The Chainsmokers,Single,usuk-edm,https://music.youtube.com/watch?v=QH-fWNOsZsM,https://i.ytimg.com/vi/QH-fWNOsZsM/maxresdefault.jpg,The Chainsmokers/Single/The Chainsmokers - Bloodstream (Audio).mp3
"The Chainsmokers, Oaks - Wild (Official Visualizer)",The Chainsmokers,The Chainsmokers,Single,usuk-edm,https://music.youtube.com/watch?v=6LjDSYW_cPI,https://i.ytimg.com/vi/6LjDSYW_cPI/maxresdefault.jpg,"The Chainsmokers/Single/The Chainsmokers, Oaks - Wild (Official Visualizer).mp3"
The Chainsmokers - It Won't Kill Ya (Audio) ft. Louane,The Chainsmokers,The Chainsmokers,Single,usuk-edm,https://music.youtube.com/watch?v=RxljKS5rc7w,https://i.ytimg.com/vi/RxljKS5rc7w/maxresdefault.jpg,The Chainsmokers/Single/The Chainsmokers - It Won't Kill Ya (Audio) ft. Louane.mp3
The Chainsmokers - Waterbed (Official Video),The Chainsmokers,The Chainsmokers,Single,usuk-edm,https://music.youtube.com/watch?v=rNsP4nE1_FA,https://i.ytimg.com/vi/rNsP4nE1_FA/maxresdefault.jpg,The Chainsmokers/Single/The Chainsmokers - Waterbed (Official Video).mp3
The Chainsmokers - Push My Luck (Official Video),The Chainsmokers,The Chainsmokers,Single,usuk-edm,https://music.youtube.com/watch?v=HcYo_92vdbE,https://i.ytimg.com/vi/HcYo_92vdbE/maxresdefault.jpg,The Chainsmokers/Single/The Chainsmokers - Push My Luck (Official Video).mp3
"The Chainsmokers, Tritonal - Until You Were Gone (Official Video) ft. Emily Warren",The Chainsmokers,The Chainsmokers,Single,usuk-edm,https://music.youtube.com/watch?v=iPAac-0IUKQ,https://i.ytimg.com/vi/iPAac-0IUKQ/maxresdefault.jpg,"The Chainsmokers/Single/The Chainsmokers, Tritonal - Until You Were Gone (Official Video) ft. Emily Warren.mp3"
The Chainsmokers - Don't Say (Audio) ft. Emily Warren,The Chainsmokers,The Chainsmokers,Single,usuk-edm,https://music.youtube.com/watch?v=DKJIgOSlDKk,https://i.ytimg.com/vi/DKJIgOSlDKk/maxresdefault.jpg,The Chainsmokers/Single/The Chainsmokers - Don't Say (Audio) ft. Emily Warren.mp3
"The Chainsmokers, Fridayy - Friday (Official Video)",The Chainsmokers,The Chainsmokers,Single,usuk-edm,https://music.youtube.com/watch?v=yAgKmKLajFY,https://i.ytimg.com/vi/yAgKmKLajFY/maxresdefault.jpg,"The Chainsmokers/Single/The Chainsmokers, Fridayy - Friday (Official Video).mp3"
The Chainsmokers - No Shade at Pitti (Official Video),The Chainsmokers,The Chainsmokers,Single,usuk-edm,https://music.youtube.com/watch?v=62i7zHtmsTA,https://i.ytimg.com/vi/62i7zHtmsTA/maxresdefault.jpg,The Chainsmokers/Single/The Chainsmokers - No Shade at Pitti (Official Video).mp3
The Chainsmokers - Break Up Every Night (Audio),The Chainsmokers,The Chainsmokers,Single,usuk-edm,https://music.youtube.com/watch?v=Y-I45CgjX0o,https://i.ytimg.com/vi/Y-I45CgjX0o/maxresdefault.jpg,The Chainsmokers/Single/The Chainsmokers - Break Up Every Night (Audio).mp3
The Chainsmokers - If You're Serious (Official Lyric Video),The Chainsmokers,The Chainsmokers,Single,usuk-edm,https://music.youtube.com/watch?v=qxmDBSXyvsU,https://i.ytimg.com/vi/qxmDBSXyvsU/maxresdefault.jpg,The Chainsmokers/Single/The Chainsmokers - If You're Serious (Official Lyric Video).mp3
"The Chainsmokers, bludnymph - Self Destruction Mode (Official Video)",The Chainsmokers,The Chainsmokers,Single,usuk-edm,https://music.youtube.com/watch?v=DrKA7sKOhws,https://i.ytimg.com/vi/DrKA7sKOhws/maxresdefault.jpg,"The Chainsmokers/Single/The Chainsmokers, bludnymph - Self Destruction Mode (Official Video).mp3"
"The Chainsmokers, Shenseea - My Bad (Official Video)",The Chainsmokers,The Chainsmokers,Single,usuk-edm,https://music.youtube.com/watch?v=_cqdcGm0fQo,https://i.ytimg.com/vi/_cqdcGm0fQo/maxresdefault.jpg,"The Chainsmokers/Single/The Chainsmokers, Shenseea - My Bad (Official Video).mp3"
The Chainsmokers - See The Way (Lyric Video) ft. Sabrina Claudio,The Chainsmokers,The Chainsmokers,Single,usuk-edm,https://music.youtube.com/watch?v=73FuCpmShDo,https://i.ytimg.com/vi/73FuCpmShDo/maxresdefault.jpg,The Chainsmokers/Single/The Chainsmokers - See The Way (Lyric Video) ft. Sabrina Claudio.mp3
The Chainsmokers - Wake Up Alone (Audio) ft. Jhené Aiko,The Chainsmokers,The Chainsmokers,Single,usuk-edm,https://music.youtube.com/watch?v=sXdsyEUIHiI,https://i.ytimg.com/vi/sXdsyEUIHiI/maxresdefault.jpg,The Chainsmokers/Single/The Chainsmokers - Wake Up Alone (Audio) ft. Jhené Aiko.mp3
The Chainsmokers - Riptide (Official Lyric Video),The Chainsmokers,The Chainsmokers,Single,usuk-edm,https://music.youtube.com/watch?v=sMlER3GMR7c,https://i.ytimg.com/vi/sMlER3GMR7c/maxresdefault.jpg,The Chainsmokers/Single/The Chainsmokers - Riptide (Official Lyric Video).mp3
The Chainsmokers - Last Day Alive (Audio) ft. Florida Georgia Line,The Chainsmokers,The Chainsmokers,Single,usuk-edm,https://music.youtube.com/watch?v=6b6T0W3aLBg,https://i.ytimg.com/vi/6b6T0W3aLBg/maxresdefault.jpg,The Chainsmokers/Single/The Chainsmokers - Last Day Alive (Audio) ft. Florida Georgia Line.mp3
"The Chainsmokers, ILLENIUM & Carlie Hanson - ""See You Again"" (Official Video)",The Chainsmokers,The Chainsmokers,Single,usuk-edm,https://music.youtube.com/watch?v=Zy3pNc7PRVU,https://i.ytimg.com/vi/Zy3pNc7PRVU/maxresdefault.jpg,"The Chainsmokers/Single/The Chainsmokers, ILLENIUM & Carlie Hanson - See You Again (Official Video).mp3"
"The Chainsmokers, Ship Wrek - The Fall (Official Lyric Video)",The Chainsmokers,The Chainsmokers,Single,usuk-edm,https://music.youtube.com/watch?v=nsIPwvZGG84,https://i.ytimg.com/vi/nsIPwvZGG84/maxresdefault.jpg,"The Chainsmokers/Single/The Chainsmokers, Ship Wrek - The Fall (Official Lyric Video).mp3"
"The Chainsmokers, 347aidan - Up & Down (Official Video)",The Chainsmokers,The Chainsmokers,Single,usuk-edm,https://music.youtube.com/watch?v=0OKqK8Fr72k,https://i.ytimg.com/vi/0OKqK8Fr72k/maxresdefault.jpg,"The Chainsmokers/Single/The Chainsmokers, 347aidan - Up & Down (Official Video).mp3"
The Chainsmokers - Think Of Us ft. GRACEY (Official Video),The Chainsmokers,The Chainsmokers,Single,usuk-edm,https://music.youtube.com/watch?v=0jmXrJthQpQ,https://i.ytimg.com/vi/0jmXrJthQpQ/sddefault.jpg?v=65319a5d,The Chainsmokers/Single/The Chainsmokers - Think Of Us ft. GRACEY (Official Video).mp3
"The Chainsmokers, Bob Moses - Why Can't You Wait (Official Lyric Video)",The Chainsmokers,The Chainsmokers,Single,usuk-edm,https://music.youtube.com/watch?v=h1mpculkegY,https://i.ytimg.com/vi/h1mpculkegY/maxresdefault.jpg,"The Chainsmokers/Single/The Chainsmokers, Bob Moses - Why Can't You Wait (Official Lyric Video).mp3"
The Chainsmokers - Cyanide (Official Lyric Video),The Chainsmokers,The Chainsmokers,Single,usuk-edm,https://music.youtube.com/watch?v=uKYPNC3_giY,https://i.ytimg.com/vi/uKYPNC3_giY/maxresdefault.jpg,The Chainsmokers/Single/The Chainsmokers - Cyanide (Official Lyric Video).mp3
The Chainsmokers - I Hope You Change Your Mind (Official Lyric Video),The Chainsmokers,The Chainsmokers,Single,usuk-edm,https://music.youtube.com/watch?v=bsHKcOxjoiw,https://i.ytimg.com/vi/bsHKcOxjoiw/maxresdefault.jpg,The Chainsmokers/Single/The Chainsmokers - I Hope You Change Your Mind (Official Lyric Video).mp3
The Chainsmokers - Tennis Court (Official Video),The Chainsmokers,The Chainsmokers,Single,usuk-edm,https://music.youtube.com/watch?v=_ko2jPc22Q0,https://i.ytimg.com/vi/_ko2jPc22Q0/maxresdefault.jpg,The Chainsmokers/Single/The Chainsmokers - Tennis Court (Official Video).mp3
Cash Cash ft. Bebe Rexha - Take Me Home (The Chainsmokers Remix),The Chainsmokers,Proximity,Single,usuk-edm,https://music.youtube.com/watch?v=Cxliw92yHzs,https://i.ytimg.com/vi/Cxliw92yHzs/maxresdefault.jpg,The Chainsmokers/Single/Cash Cash ft. Bebe Rexha - Take Me Home (The Chainsmokers Remix).mp3
The Chainsmokers - Maradona (Official Lyric Video),The Chainsmokers,The Chainsmokers,Single,usuk-edm,https://music.youtube.com/watch?v=RE6vC9Tbc7w,https://i.ytimg.com/vi/RE6vC9Tbc7w/maxresdefault.jpg,The Chainsmokers/Single/The Chainsmokers - Maradona (Official Lyric Video).mp3
"The Chainsmokers, ELIO - Bad Advice (Official Video)",The Chainsmokers,The Chainsmokers,Single,usuk-edm,https://music.youtube.com/watch?v=vjrNbZjFPtc,https://i.ytimg.com/vi/vjrNbZjFPtc/maxresdefault.jpg,"The Chainsmokers/Single/The Chainsmokers, ELIO - Bad Advice (Official Video).mp3"
The Chainsmokers - Solo Mission (Official Lyric Video),The Chainsmokers,The Chainsmokers,Single,usuk-edm,https://music.youtube.com/watch?v=2ch4GkBLCkk,https://i.ytimg.com/vi/2ch4GkBLCkk/maxresdefault.jpg,The Chainsmokers/Single/The Chainsmokers - Solo Mission (Official Lyric Video).mp3
The Chainsmokers - Time Bomb (Official Lyric Video),The Chainsmokers,The Chainsmokers,Single,usuk-edm,https://music.youtube.com/watch?v=k1K2HSnJ4qk,https://i.ytimg.com/vi/k1K2HSnJ4qk/maxresdefault.jpg,The Chainsmokers/Single/The Chainsmokers - Time Bomb (Official Lyric Video).mp3
The Chainsmokers & NGHTMRE - Save Yourself (Official Video),The Chainsmokers,The Chainsmokers,Single,usuk-edm,https://music.youtube.com/watch?v=8rOcBgvcoDc,https://i.ytimg.com/vi/8rOcBgvcoDc/hqdefault.jpg?sqp=-oaymwEmCOADEOgC8quKqQMa8AEB-AH-CYAC0AWKAgwIABABGFggWShlMA8=&rs=AOn4CLBrqDC2vK4DG2t-ihk57PgbMWOx7g,The Chainsmokers/Single/The Chainsmokers & NGHTMRE - Save Yourself (Official Video).mp3
The Chainsmokers - Good Intentions (Official Audio) ft. BullySongs,The Chainsmokers,The Chainsmokers,Single,usuk-edm,https://music.youtube.com/watch?v=__hLiNfqZ_c,https://i.ytimg.com/vi/__hLiNfqZ_c/maxresdefault.jpg,The Chainsmokers/Single/The Chainsmokers - Good Intentions (Official Audio) ft. BullySongs.mp3
The Chainsmokers - Testing (Official Lyric Video),The Chainsmokers,The Chainsmokers,Single,usuk-edm,https://music.youtube.com/watch?v=2v3R2c1fG9c,https://i.ytimg.com/vi/2v3R2c1fG9c/maxresdefault.jpg,The Chainsmokers/Single/The Chainsmokers - Testing (Official Lyric Video).mp3
"Powfu, The Chainsmokers - fault in the stars (Official Visualizer)",The Chainsmokers,Powfu,Single,usuk-edm,https://music.youtube.com/watch?v=co5MOgc5o5I,https://i.ytimg.com/vi/co5MOgc5o5I/maxresdefault.jpg,"The Chainsmokers/Single/Powfu, The Chainsmokers - fault in the stars (Official Visualizer).mp3"
The Chainsmokers - Channel 1 (Official Lyric Video),The Chainsmokers,The Chainsmokers,Single,usuk-edm,https://music.youtube.com/watch?v=m2rXTtVa2Vc,https://i.ytimg.com/vi/m2rXTtVa2Vc/maxresdefault.jpg,The Chainsmokers/Single/The Chainsmokers - Channel 1 (Official Lyric Video).mp3
The Chainsmokers - Green Lights (demo - Official Video),The Chainsmokers,The Chainsmokers,Single,usuk-edm,https://music.youtube.com/watch?v=-AoIzzCe2a8,https://i.ytimg.com/vi/-AoIzzCe2a8/maxresdefault.jpg,The Chainsmokers/Single/The Chainsmokers - Green Lights (demo - Official Video).mp3
The Chainsmokers - Something Different (Official Lyric Video),The Chainsmokers,The Chainsmokers,Single,usuk-edm,https://music.youtube.com/watch?v=WEVGDEGiGtQ,https://i.ytimg.com/vi/WEVGDEGiGtQ/maxresdefault.jpg,The Chainsmokers/Single/The Chainsmokers - Something Different (Official Lyric Video).mp3
The Chainsmokers - In Too Deep (Official Lyric Video),The Chainsmokers,The Chainsmokers,Single,usuk-edm,https://music.youtube.com/watch?v=u2q_exOfKyk,https://i.ytimg.com/vi/u2q_exOfKyk/maxresdefault.jpg,The Chainsmokers/Single/The Chainsmokers - In Too Deep (Official Lyric Video).mp3
Clean Bandit & Jess Glynne  - Real Love (The Chainsmokers Remix) [Official],The Chainsmokers,Clean Bandit,Single,usuk-edm,https://music.youtube.com/watch?v=wEUDpgP0UfA,https://i.ytimg.com/vi/wEUDpgP0UfA/sddefault.jpg,The Chainsmokers/Single/Clean Bandit & Jess Glynne  - Real Love (The Chainsmokers Remix) [Official].mp3
Ellie Goulding - Good Gracious (The Chainsmokers Remix),The Chainsmokers,Ellie Goulding,Single,usuk-edm,https://music.youtube.com/watch?v=YyV3wxWsdfk,https://i.ytimg.com/vi/YyV3wxWsdfk/maxresdefault.jpg,The Chainsmokers/Single/Ellie Goulding - Good Gracious (The Chainsmokers Remix).mp3
"sapientdream, Slushii - Past Lives (The Chainsmokers Remix)",The Chainsmokers,The Chainsmokers,Single,usuk-edm,https://music.youtube.com/watch?v=i1Q2wiVI0ZY,https://i.ytimg.com/vi/i1Q2wiVI0ZY/maxresdefault.jpg,"The Chainsmokers/Single/sapientdream, Slushii - Past Lives (The Chainsmokers Remix).mp3"
Dreaming (The Chainsmokers Remix),The Chainsmokers,Smallpools,Dreaming Remix EP,usuk-edm,https://music.youtube.com/watch?v=T7FGL0nEMbU,https://i.ytimg.com/vi/T7FGL0nEMbU/maxresdefault.jpg,The Chainsmokers/Dreaming Remix EP/Dreaming (The Chainsmokers Remix).mp3
Sway (Chainsmokers Remix),The Chainsmokers,Anna of the North,Sway,usuk-edm,https://music.youtube.com/watch?v=KWLFHRcwtG4,https://i.ytimg.com/vi/KWLFHRcwtG4/maxresdefault.jpg,The Chainsmokers/Sway/Sway (Chainsmokers Remix).mp3
Pumpin Blood (The Chainsmokers Remix),The Chainsmokers,NONONO,We Are Only Remixes,usuk-edm,https://music.youtube.com/watch?v=PTcxdmZh2Tk,https://i.ytimg.com/vi/PTcxdmZh2Tk/maxresdefault.jpg,The Chainsmokers/We Are Only Remixes/Pumpin Blood (The Chainsmokers Remix).mp3
Erase,The Chainsmokers,"The Chainsmokers, Priyanka Chopra",Erase,usuk-edm,https://music.youtube.com/watch?v=e6IxATppGF8,https://i.ytimg.com/vi/e6IxATppGF8/maxresdefault.jpg,The Chainsmokers/Erase/Erase.mp3
Chromeo - Jealous (I Ain't With It) (Chainsmokers Remix),The Chainsmokers,Chromeo,Single,usuk-edm,https://music.youtube.com/watch?v=ZhlUiKjO5r8,https://i.ytimg.com/vi/ZhlUiKjO5r8/maxresdefault.jpg,The Chainsmokers/Single/Chromeo - Jealous (I Ain't With It) (Chainsmokers Remix).mp3
Sleeping With A Friend (The Chainsmokers Radio Remix),The Chainsmokers,Neon Trees,Sleeping With A Friend,usuk-edm,https://music.youtube.com/watch?v=A6J2avp7jaI,https://i.ytimg.com/vi/A6J2avp7jaI/maxresdefault.jpg,The Chainsmokers/Sleeping With A Friend/Sleeping With A Friend (The Chainsmokers Radio Remix).mp3
Holding Onto Heaven (Chainsmokers Remix),The Chainsmokers,Foxes,Holding Onto Heaven (Remixes),usuk-edm,https://music.youtube.com/watch?v=XsM97W8eXmo,https://i.ytimg.com/vi/XsM97W8eXmo/maxresdefault.jpg,The Chainsmokers/Holding Onto Heaven (Remixes)/Holding Onto Heaven (Chainsmokers Remix).mp3
Step Out (The Chainsmokers Remix),The Chainsmokers,José González,Step Out,usuk-edm,https://music.youtube.com/watch?v=hoSsIkYeAZM,https://i.ytimg.com/vi/hoSsIkYeAZM/maxresdefault.jpg,The Chainsmokers/Step Out/Step Out (The Chainsmokers Remix).mp3
Change (Chainsmokers Remix),The Chainsmokers,BANKS,Goddess,usuk-edm,https://music.youtube.com/watch?v=FcVOsoBIGq0,https://i.ytimg.com/vi/FcVOsoBIGq0/maxresdefault.jpg,The Chainsmokers/Goddess/Change (Chainsmokers Remix).mp3
The Colourist - Fix This (The Chainsmokers Remix),The Chainsmokers,The Colourist,Single,usuk-edm,https://music.youtube.com/watch?v=7i_aMUV6a5w,https://i.ytimg.com/vi/7i_aMUV6a5w/maxresdefault.jpg,The Chainsmokers/Single/The Colourist - Fix This (The Chainsmokers Remix).mp3
Kids (The Chainsmokers Remix),The Chainsmokers,Mikky Ekko,Kids Remix EP,usuk-edm,https://music.youtube.com/watch?v=jBbKpQHqsr0,https://i.ytimg.com/vi/jBbKpQHqsr0/maxresdefault.jpg,The Chainsmokers/Kids Remix EP/Kids (The Chainsmokers Remix).mp3
Strange Talk - Young Hearts (The Chainsmokers Remix): Ableton Visualizer,The Chainsmokers,Strange Talk,Single,usuk-edm,https://music.youtube.com/watch?v=2DKeb2yYFII,https://i.ytimg.com/vi/2DKeb2yYFII/maxresdefault.jpg,The Chainsmokers/Single/Strange Talk - Young Hearts (The Chainsmokers Remix)_ Ableton Visualizer.mp3
David Guetta & Kim Petras - When We Were Young (The Logical Song) [Official Video],David Guetta,David Guetta,Single,usuk-edm,https://music.youtube.com/watch?v=YBGtzfK5Bak,https://i.ytimg.com/vi/YBGtzfK5Bak/maxresdefault.jpg,David Guetta/Single/David Guetta & Kim Petras - When We Were Young (The Logical Song) [Official Video].mp3
David Guetta Feat. Kid Cudi - Memories (Official Video),David Guetta,David Guetta,Single,usuk-edm,https://music.youtube.com/watch?v=NUVCQXMUVnI,https://i.ytimg.com/vi/NUVCQXMUVnI/sddefault.jpg,David Guetta/Single/David Guetta Feat. Kid Cudi - Memories (Official Video).mp3
Here We Go Again,David Guetta,"Oliver Tree, David Guetta",Here We Go Again,usuk-edm,https://music.youtube.com/watch?v=rdZSf2QdHos,https://i.ytimg.com/vi/rdZSf2QdHos/maxresdefault.jpg,David Guetta/Here We Go Again/Here We Go Again.mp3
David Guetta & Becky Hill & Ella Henderson - Crazy What Love Can Do (Official Music Video),David Guetta,David Guetta,Single,usuk-edm,https://music.youtube.com/watch?v=8bzesUu_a4I,https://i.ytimg.com/vi/8bzesUu_a4I/maxresdefault.jpg,David Guetta/Single/David Guetta & Becky Hill & Ella Henderson - Crazy What Love Can Do (Official Music Video).mp3
"David Guetta, Bebe Rexha & J Balvin - Say My Name (Official Video)",David Guetta,David Guetta,Single,usuk-edm,https://music.youtube.com/watch?v=ft4jcPSLJfY,https://i.ytimg.com/vi/ft4jcPSLJfY/sddefault.jpg,"David Guetta/Single/David Guetta, Bebe Rexha & J Balvin - Say My Name (Official Video).mp3"
David Guetta Feat. Kelly Rowland - When Love Takes Over (Official Video),David Guetta,David Guetta,Single,usuk-edm,https://music.youtube.com/watch?v=zudbz4hOcbc,https://i.ytimg.com/vi/zudbz4hOcbc/hqdefault.jpg,David Guetta/Single/David Guetta Feat. Kelly Rowland - When Love Takes Over (Official Video).mp3
"Black Eyed Peas, Shakira, David Guetta - DON'T YOU WORRY (Official Music Video)",David Guetta,Black Eyed Peas,Single,usuk-edm,https://music.youtube.com/watch?v=me19SUmWu2s,https://i.ytimg.com/vi/me19SUmWu2s/maxresdefault.jpg,"David Guetta/Single/Black Eyed Peas, Shakira, David Guetta - DON'T YOU WORRY (Official Music Video).mp3"
David Guetta ft Justin Bieber - 2U (The Victoria’s Secret Angels Lip Sync),David Guetta,David Guetta,Single,usuk-edm,https://music.youtube.com/watch?v=RqcjBLMaWCg,https://i.ytimg.com/vi/RqcjBLMaWCg/hqdefault.jpg,David Guetta/Single/David Guetta ft Justin Bieber - 2U (The Victoria’s Secret Angels Lip Sync).mp3
David Guetta & Bebe Rexha - I'm Good (Blue) [Official Music Video],David Guetta,David Guetta,Single,usuk-edm,https://music.youtube.com/watch?v=90RLzVUuXe4,https://i.ytimg.com/vi/90RLzVUuXe4/maxresdefault.jpg,David Guetta/Single/David Guetta & Bebe Rexha - I'm Good (Blue) [Official Music Video].mp3
David Guetta & Sia - Let’s Love (Lyric video),David Guetta,David Guetta,Single,usuk-edm,https://music.youtube.com/watch?v=UBsPNEVt0SM,https://i.ytimg.com/vi/UBsPNEVt0SM/maxresdefault.jpg,David Guetta/Single/David Guetta & Sia - Let’s Love (Lyric video).mp3
"Lewis Thompson, David Guetta - Take Me Back (Official Video)",David Guetta,Lewis Thompson,Single,usuk-edm,https://music.youtube.com/watch?v=pKX3ds5W7QU,https://i.ytimg.com/vi/pKX3ds5W7QU/maxresdefault.jpg,"David Guetta/Single/Lewis Thompson, David Guetta - Take Me Back (Official Video).mp3"
David Guetta - Titanium ft. Sia (Official Video),David Guetta,David Guetta,Single,usuk-edm,https://music.youtube.com/watch?v=JRfuAukYTKg,https://i.ytimg.com/vi/JRfuAukYTKg/hqdefault.jpg,David Guetta/Single/David Guetta - Titanium ft. Sia (Official Video).mp3
"David Guetta - Hey Mama (Official Video) ft Nicki Minaj, Bebe Rexha & Afrojack",David Guetta,David Guetta,Single,usuk-edm,https://music.youtube.com/watch?v=uO59tfQ2TbA,https://i.ytimg.com/vi/uO59tfQ2TbA/sddefault.jpg,"David Guetta/Single/David Guetta - Hey Mama (Official Video) ft Nicki Minaj, Bebe Rexha & Afrojack.mp3"
SHOUSE - Love Tonight (David Guetta Remix),David Guetta,SHOUSE,Single,usuk-edm,https://music.youtube.com/watch?v=oDNQnm_9h-U,https://i.ytimg.com/vi/oDNQnm_9h-U/maxresdefault.jpg,David Guetta/Single/SHOUSE - Love Tonight (David Guetta Remix).mp3
David Guetta & MORTEN - Detroit 3 AM,David Guetta,David Guetta,Single,usuk-edm,https://music.youtube.com/watch?v=1W6QyZQY1is,https://i.ytimg.com/vi/1W6QyZQY1is/maxresdefault.jpg,David Guetta/Single/David Guetta & MORTEN - Detroit 3 AM.mp3
David Guetta - She Wolf (Falling To Pieces) ft. Sia (Official Video),David Guetta,David Guetta,Single,usuk-edm,https://music.youtube.com/watch?v=PVzljDmoPVs,https://i.ytimg.com/vi/PVzljDmoPVs/sddefault.jpg,David Guetta/Single/David Guetta - She Wolf (Falling To Pieces) ft. Sia (Official Video).mp3
Joel Corry x David Guetta x Bryson Tiller - What Would You Do? [Official Video],David Guetta,Joel Corry,Single,usuk-edm,https://music.youtube.com/watch?v=j3pj8-uMF4U,https://i.ytimg.com/vi/j3pj8-uMF4U/maxresdefault.jpg,David Guetta/Single/Joel Corry x David Guetta x Bryson Tiller - What Would You Do? [Official Video].mp3
"Dimitri Vegas & Like Mike, David Guetta, Daddy Yankee, Afro Bros & Natti Natasha - Instagram",David Guetta,Dimitri Vegas & Like Mike,Single,usuk-edm,https://music.youtube.com/watch?v=7khUHbQFK9I,https://i.ytimg.com/vi/7khUHbQFK9I/sddefault.jpg,"David Guetta/Single/Dimitri Vegas & Like Mike, David Guetta, Daddy Yankee, Afro Bros & Natti Natasha - Instagram.mp3"
David Guetta & Chris Willis Feat. Fergie & LMFAO - Gettin' Over You (Official Video),David Guetta,David Guetta,Single,usuk-edm,https://music.youtube.com/watch?v=hWjrMTWXH28,https://i.ytimg.com/vi/hWjrMTWXH28/hqdefault.jpg,David Guetta/Single/David Guetta & Chris Willis Feat. Fergie & LMFAO - Gettin' Over You (Official Video).mp3
"Sigala, David Guetta, Sam Ryder - Living Without You (Official Video)",David Guetta,Sigala,Single,usuk-edm,https://music.youtube.com/watch?v=1F2SRlSbwK4,https://i.ytimg.com/vi/1F2SRlSbwK4/maxresdefault.jpg,"David Guetta/Single/Sigala, David Guetta, Sam Ryder - Living Without You (Official Video).mp3"
David Guetta feat. Rihanna - Who's That Chick? Official Video – (Day Video),David Guetta,David Guetta,Single,usuk-edm,https://music.youtube.com/watch?v=EAc4zHEDd7o,https://i.ytimg.com/vi/EAc4zHEDd7o/sddefault.jpg,David Guetta/Single/David Guetta feat. Rihanna - Who's That Chick? Official Video – (Day Video).mp3
David Guetta - Lovers On The Sun (Official Video) ft Sam Martin,David Guetta,David Guetta,Single,usuk-edm,https://music.youtube.com/watch?v=BPiW0tkWfeg,https://i.ytimg.com/vi/BPiW0tkWfeg/sddefault.jpg,David Guetta/Single/David Guetta - Lovers On The Sun (Official Video) ft Sam Martin.mp3
"Becky Hill, David Guetta - Remember (Official Video)",David Guetta,Becky Hill Official,Single,usuk-edm,https://music.youtube.com/watch?v=NhCxrUEW3PM,https://i.ytimg.com/vi/NhCxrUEW3PM/maxresdefault.jpg,"David Guetta/Single/Becky Hill, David Guetta - Remember (Official Video).mp3"
"David Guetta - Play Hard ft. Ne-Yo, Akon (Official Video)",David Guetta,David Guetta,Single,usuk-edm,https://music.youtube.com/watch?v=5dbEhBKGOtY,https://i.ytimg.com/vi/5dbEhBKGOtY/sddefault.jpg,"David Guetta/Single/David Guetta - Play Hard ft. Ne-Yo, Akon (Official Video).mp3"
David Guetta feat Raye - Stay (Don't Go Away) (Official Video),David Guetta,David Guetta,Single,usuk-edm,https://music.youtube.com/watch?v=uVWlOmBqd7s,https://i.ytimg.com/vi/uVWlOmBqd7s/maxresdefault.jpg,David Guetta/Single/David Guetta feat Raye - Stay (Don't Go Away) (Official Video).mp3
Snoop Dogg - ‘Sweat’ Snoop Dogg vs David Guetta (Remix) ft. David Guetta,David Guetta,SnoopDoggTV,Single,usuk-edm,https://music.youtube.com/watch?v=KnEXrbAQyIo,https://i.ytimg.com/vi/KnEXrbAQyIo/maxresdefault.jpg,David Guetta/Single/Snoop Dogg - ‘Sweat’ Snoop Dogg vs David Guetta (Remix) ft. David Guetta.mp3
David Guetta - Dangerous (Official video - radio edit) ft Sam Martin,David Guetta,David Guetta,Single,usuk-edm,https://music.youtube.com/watch?v=-0A9CzPNVhs,https://i.ytimg.com/vi/-0A9CzPNVhs/sddefault.jpg,David Guetta/Single/David Guetta - Dangerous (Official video - radio edit) ft Sam Martin.mp3
David Guetta Feat. Akon - Sexy Chick (Official Video),David Guetta,David Guetta,Single,usuk-edm,https://music.youtube.com/watch?v=N9hazmsUxrM,https://i.ytimg.com/vi/N9hazmsUxrM/hqdefault.jpg,David Guetta/Single/David Guetta Feat. Akon - Sexy Chick (Official Video).mp3
David Guetta - Turn Me On ft. Nicki Minaj (Official Video),David Guetta,David Guetta,Single,usuk-edm,https://music.youtube.com/watch?v=YVw7eJ0vGfM,https://i.ytimg.com/vi/YVw7eJ0vGfM/sddefault.jpg,David Guetta/Single/David Guetta - Turn Me On ft. Nicki Minaj (Official Video).mp3
David Guetta & Martin Solveig - Thing For You (Official Video),David Guetta,David Guetta,Single,usuk-edm,https://music.youtube.com/watch?v=ECqFqLMz4v4,https://i.ytimg.com/vi/ECqFqLMz4v4/maxresdefault.jpg,David Guetta/Single/David Guetta & Martin Solveig - Thing For You (Official Video).mp3
David Guetta - The World Is Mine (Behind The Scenes) ft. JD Davis,David Guetta,David Guetta,Single,usuk-edm,https://music.youtube.com/watch?v=L76n7-5EhB4,https://i.ytimg.com/vi/L76n7-5EhB4/hqdefault.jpg?sqp=-oaymwEmCOADEOgC8quKqQMa8AEB-AH-BIAC4AOKAgwIABABGGUgRyhGMA8=&rs=AOn4CLDpcyYGecE9mqU2c_cIx3p_02BC3Q,David Guetta/Single/David Guetta - The World Is Mine (Behind The Scenes) ft. JD Davis.mp3
"David Guetta - Where Them Girls At ft. Nicki Minaj, Flo Rida (Official Video)",David Guetta,David Guetta,Single,usuk-edm,https://music.youtube.com/watch?v=p4kVWCSzfK4,https://i.ytimg.com/vi/p4kVWCSzfK4/sddefault.jpg,"David Guetta/Single/David Guetta - Where Them Girls At ft. Nicki Minaj, Flo Rida (Official Video).mp3"
David Guetta & Sia - Flames (Official Video),David Guetta,David Guetta,Single,usuk-edm,https://music.youtube.com/watch?v=J75enyWdbBM,https://i.ytimg.com/vi/J75enyWdbBM/sddefault.jpg,David Guetta/Single/David Guetta & Sia - Flames (Official Video).mp3
"David Guetta, Brooks & Loote - Better When You're Gone (Lyric Video)",David Guetta,David Guetta,Single,usuk-edm,https://music.youtube.com/watch?v=-OrSxiUHk4E,https://i.ytimg.com/vi/-OrSxiUHk4E/sddefault.jpg?v=5c5819cb,"David Guetta/Single/David Guetta, Brooks & Loote - Better When You're Gone (Lyric Video).mp3"
David Guetta ft. Zara Larsson - This One's For You (Music Video) (UEFA EURO 2016™ Official Song),David Guetta,David Guetta,Single,usuk-edm,https://music.youtube.com/watch?v=MoHnffhBwqs,https://i.ytimg.com/vi/MoHnffhBwqs/maxresdefault.jpg,David Guetta/Single/David Guetta ft. Zara Larsson - This One's For You (Music Video) (UEFA EURO 2016™ Official Song).mp3
"David Guetta, Martin Garrix & Brooks - Like I Do (Lyric Video)",David Guetta,David Guetta,Single,usuk-edm,https://music.youtube.com/watch?v=WfPu9Jrcpuk,https://i.ytimg.com/vi/WfPu9Jrcpuk/sddefault.jpg,"David Guetta/Single/David Guetta, Martin Garrix & Brooks - Like I Do (Lyric Video).mp3"
Joel Corry x RAYE x David Guetta - BED [Official Video],David Guetta,Joel Corry,Single,usuk-edm,https://music.youtube.com/watch?v=mD2a9YzKV3w,https://i.ytimg.com/vi/mD2a9YzKV3w/maxresdefault.jpg,David Guetta/Single/Joel Corry x RAYE x David Guetta - BED [Official Video].mp3
David Guetta & Showtek - Bad ft.Vassy (Lyrics Video),David Guetta,David Guetta,Single,usuk-edm,https://music.youtube.com/watch?v=oC-GflRB0y4,https://i.ytimg.com/vi/oC-GflRB0y4/sddefault.jpg,David Guetta/Single/David Guetta & Showtek - Bad ft.Vassy (Lyrics Video).mp3
David Guetta - Without You ft. Usher (Official Video),David Guetta,David Guetta,Single,usuk-edm,https://music.youtube.com/watch?v=jUe8uoKdHao,https://i.ytimg.com/vi/jUe8uoKdHao/sddefault.jpg,David Guetta/Single/David Guetta - Without You ft. Usher (Official Video).mp3
David Guetta - Shot Me Down ft. Skylar Grey (Lyric Video),David Guetta,David Guetta,Single,usuk-edm,https://music.youtube.com/watch?v=3x2ABSAMVno,https://i.ytimg.com/vi/3x2ABSAMVno/sddefault.jpg,David Guetta/Single/David Guetta - Shot Me Down ft. Skylar Grey (Lyric Video).mp3
Love Is Gone,David Guetta,"David Guetta, Chris Willis",Pop Life,usuk-edm,https://music.youtube.com/watch?v=XxbJzVDF8V8,https://i.ytimg.com/vi/XxbJzVDF8V8/maxresdefault.jpg,David Guetta/Pop Life/Love Is Gone.mp3
"David Guetta - Little Bad Girl ft. Taio Cruz, Ludacris (Official Video)",David Guetta,David Guetta,Single,usuk-edm,https://music.youtube.com/watch?v=9ha5ujHnYXg,https://i.ytimg.com/vi/9ha5ujHnYXg/sddefault.jpg,"David Guetta/Single/David Guetta - Little Bad Girl ft. Taio Cruz, Ludacris (Official Video).mp3"
David Guetta & Chris Willis - Tomorrow Can Wait (OFFICIAL),David Guetta,Ultra Records,Single,usuk-edm,https://music.youtube.com/watch?v=32ACuUWDGQk,https://i.ytimg.com/vi/32ACuUWDGQk/hqdefault.jpg?sqp=-oaymwEmCOADEOgC8quKqQMa8AEB-AHOBYAC4AOKAgwIABABGEIgZShbMA8=&rs=AOn4CLCP9axpSAde1K_kx65VNn7bvCyJ2w,David Guetta/Single/David Guetta & Chris Willis - Tomorrow Can Wait (OFFICIAL).mp3
Nothing Really Matters (feat. will.i.am),David Guetta,"David Guetta, will.i.am",Nothing but the Beat,usuk-edm,https://music.youtube.com/watch?v=5grNyU5OQc0,https://i.ytimg.com/vi/5grNyU5OQc0/maxresdefault.jpg,David Guetta/Nothing but the Beat/Nothing Really Matters (feat. will.i.am).mp3
David Guetta feat Anne-Marie - Don't Leave Me Alone (Official Video),David Guetta,David Guetta,Single,usuk-edm,https://music.youtube.com/watch?v=XeKoCLVXKNo,https://i.ytimg.com/vi/XeKoCLVXKNo/sddefault.jpg,David Guetta/Single/David Guetta feat Anne-Marie - Don't Leave Me Alone (Official Video).mp3
Listen (feat. John Legend),David Guetta,"David Guetta, John Legend",Listen,usuk-edm,https://music.youtube.com/watch?v=Nt_GfoP3OzI,https://i.ytimg.com/vi/Nt_GfoP3OzI/maxresdefault.jpg,David Guetta/Listen/Listen (feat. John Legend).mp3
David Guetta - Bang My Head (Official Video) feat Sia & Fetty Wap,David Guetta,David Guetta,Single,usuk-edm,https://music.youtube.com/watch?v=qqjVwAg5fK4,https://i.ytimg.com/vi/qqjVwAg5fK4/sddefault.jpg,David Guetta/Single/David Guetta - Bang My Head (Official Video) feat Sia & Fetty Wap.mp3
"David Guetta - Lift Me Up ft. Nico & Vinz, Ladysmith Black Mambazo (sneak peek)",David Guetta,David Guetta,Single,usuk-edm,https://music.youtube.com/watch?v=9UuS1NwD43k,https://i.ytimg.com/vi/9UuS1NwD43k/maxresdefault.jpg,"David Guetta/Single/David Guetta - Lift Me Up ft. Nico & Vinz, Ladysmith Black Mambazo (sneak peek).mp3"
David Guetta - Delirious (Official Video),David Guetta,David Guetta,Single,usuk-edm,https://music.youtube.com/watch?v=wiG-TgYjHP8,https://i.ytimg.com/vi/wiG-TgYjHP8/sddefault.jpg,David Guetta/Single/David Guetta - Delirious (Official Video).mp3
David Guetta - Baby When The Light (Official Video),David Guetta,David Guetta,Single,usuk-edm,https://music.youtube.com/watch?v=uQFjavLR52Q,https://i.ytimg.com/vi/uQFjavLR52Q/sddefault.jpg,David Guetta/Single/David Guetta - Baby When The Light (Official Video).mp3
In Love With Myself,David Guetta,"David Guetta, JD Davis",Guetta Blaster,usuk-edm,https://music.youtube.com/watch?v=-uA6MztRXV8,https://i.ytimg.com/vi/-uA6MztRXV8/maxresdefault.jpg,David Guetta/Guetta Blaster/In Love With Myself.mp3
David Guetta feat. Estelle - One Love (Official Video),David Guetta,David Guetta,Single,usuk-edm,https://music.youtube.com/watch?v=cQyGYdRqulQ,https://i.ytimg.com/vi/cQyGYdRqulQ/hqdefault.jpg?sqp=-oaymwEmCOADEOgC8quKqQMa8AEB-AHUBoAC4AOKAgwIABABGHIgWig2MA8=&rs=AOn4CLCeAjpVmZIclcE40jU9fcsMsR3j3w,David Guetta/Single/David Guetta feat. Estelle - One Love (Official Video).mp3
David Guetta - Just One Last Time ft. Taped Rai (Official Video),David Guetta,David Guetta,Single,usuk-edm,https://music.youtube.com/watch?v=xyqQ4iT4IeU,https://i.ytimg.com/vi/xyqQ4iT4IeU/sddefault.jpg,David Guetta/Single/David Guetta - Just One Last Time ft. Taped Rai (Official Video).mp3
"David Guetta, Cedric Gervais & Chris Willis - Would I Lie To You (Lyric Video)",David Guetta,David Guetta,Single,usuk-edm,https://music.youtube.com/watch?v=u0pmV7GoTjc,https://i.ytimg.com/vi/u0pmV7GoTjc/sddefault.jpg,"David Guetta/Single/David Guetta, Cedric Gervais & Chris Willis - Would I Lie To You (Lyric Video).mp3"
David Guetta & Afrojack ft Charli XCX & French Montana - Dirty Sexy Money (Official Video),David Guetta,David Guetta,Single,usuk-edm,https://music.youtube.com/watch?v=AenmqoozqoA,https://i.ytimg.com/vi/AenmqoozqoA/sddefault.jpg,David Guetta/Single/David Guetta & Afrojack ft Charli XCX & French Montana - Dirty Sexy Money (Official Video).mp3
David Guetta & Chris Willis - Everytime We Touch,David Guetta,Ultra Records,Single,usuk-edm,https://music.youtube.com/watch?v=vNcchcZQyVo,https://i.ytimg.com/vi/vNcchcZQyVo/hqdefault.jpg?sqp=-oaymwEmCOADEOgC8quKqQMa8AEB-AHUBoAC2gOKAgwIABABGFcgZShHMA8=&rs=AOn4CLAych2awUv_6auaHpwdK-ryOqI8Ug,David Guetta/Single/David Guetta & Chris Willis - Everytime We Touch.mp3
Marshmello ft. Bastille - Happier (Official Music Video),Marshmello,Marshmello,Single,usuk-edm,https://music.youtube.com/watch?v=m7Bc3pLyij0,https://i.ytimg.com/vi/m7Bc3pLyij0/maxresdefault.jpg,Marshmello/Single/Marshmello ft. Bastille - Happier (Official Music Video).mp3
"Marshmello, Farruko - Esta Vida (Official Video)",Marshmello,Marshmello,Single,usuk-edm,https://music.youtube.com/watch?v=wy5jmYfmX5U,https://i.ytimg.com/vi/wy5jmYfmX5U/maxresdefault.jpg,"Marshmello/Single/Marshmello, Farruko - Esta Vida (Official Video).mp3"
"Marshmello, Thomas Rhett - Where We Go (Official Lyric Video)",Marshmello,Marshmello,Single,usuk-edm,https://music.youtube.com/watch?v=PruWEeSjDsY,https://i.ytimg.com/vi/PruWEeSjDsY/maxresdefault.jpg,"Marshmello/Single/Marshmello, Thomas Rhett - Where We Go (Official Lyric Video).mp3"
"Marshmello, Khalid - Numb (Official Video)",Marshmello,Marshmello,Single,usuk-edm,https://music.youtube.com/watch?v=mRXKnG2eugU,https://i.ytimg.com/vi/mRXKnG2eugU/maxresdefault.jpg,"Marshmello/Single/Marshmello, Khalid - Numb (Official Video).mp3"
"Marshmello, Manuel Turizo - El Merengue (Official Video)",Marshmello,Marshmello,Single,usuk-edm,https://music.youtube.com/watch?v=25vNYV0qdgA,https://i.ytimg.com/vi/25vNYV0qdgA/maxresdefault.jpg,"Marshmello/Single/Marshmello, Manuel Turizo - El Merengue (Official Video).mp3"
Marshmello - FLY (Official Music Video),Marshmello,Marshmello,Single,usuk-edm,https://music.youtube.com/watch?v=oRArmtMA9AI,https://i.ytimg.com/vi/oRArmtMA9AI/maxresdefault.jpg,Marshmello/Single/Marshmello - FLY (Official Music Video).mp3
"Selena Gomez, Marshmello - Wolves",Marshmello,Selena Gomez,Single,usuk-edm,https://music.youtube.com/watch?v=cH4E_t3m3xM,https://i.ytimg.com/vi/cH4E_t3m3xM/maxresdefault.jpg,"Marshmello/Single/Selena Gomez, Marshmello - Wolves.mp3"
Marshmello - Silence Ft. Khalid (Official Music Video),Marshmello,Marshmello,Single,usuk-edm,https://music.youtube.com/watch?v=Tx1sqYc3qas,https://i.ytimg.com/vi/Tx1sqYc3qas/maxresdefault.jpg,Marshmello/Single/Marshmello - Silence Ft. Khalid (Official Music Video).mp3
"Marshmello, Jelly Roll - Holy Water (Official Music Video)",Marshmello,Marshmello,Single,usuk-edm,https://music.youtube.com/watch?v=gGJ2Ir8mMJU,https://i.ytimg.com/vi/gGJ2Ir8mMJU/maxresdefault.jpg,"Marshmello/Single/Marshmello, Jelly Roll - Holy Water (Official Music Video).mp3"
Marshmello & Anne-Marie - FRIENDS (Music Video) *OFFICIAL FRIENDZONE ANTHEM*,Marshmello,Marshmello,Single,usuk-edm,https://music.youtube.com/watch?v=jzD_yyEcp0M,https://i.ytimg.com/vi/jzD_yyEcp0M/maxresdefault.jpg,Marshmello/Single/Marshmello & Anne-Marie - FRIENDS (Music Video) *OFFICIAL FRIENDZONE ANTHEM*.mp3
Marshmello - Stars (Official Music Video),Marshmello,Marshmello,Single,usuk-edm,https://music.youtube.com/watch?v=A57B7B6w3kw,https://i.ytimg.com/vi/A57B7B6w3kw/maxresdefault.jpg,Marshmello/Single/Marshmello - Stars (Official Music Video).mp3
"Marshmello, INJI - Kissin My Friends (Official Audio)",Marshmello,Marshmello,Single,usuk-edm,https://music.youtube.com/watch?v=oO2N2kak064,https://i.ytimg.com/vi/oO2N2kak064/maxresdefault.jpg,"Marshmello/Single/Marshmello, INJI - Kissin My Friends (Official Audio).mp3"
Marshmello & Kane Brown - One Thing Right (Official Music Video),Marshmello,Marshmello,Single,usuk-edm,https://music.youtube.com/watch?v=29a6o5vRKVM,https://i.ytimg.com/vi/29a6o5vRKVM/maxresdefault.jpg,Marshmello/Single/Marshmello & Kane Brown - One Thing Right (Official Music Video).mp3
"Marshmello, Young Miko - Tempo (Official Video)",Marshmello,Marshmello,Single,usuk-edm,https://music.youtube.com/watch?v=4JVxRDY_dGw,https://i.ytimg.com/vi/4JVxRDY_dGw/maxresdefault.jpg,"Marshmello/Single/Marshmello, Young Miko - Tempo (Official Video).mp3"
Marshmello - BeFoRe U,Marshmello,Marshmello,Single,usuk-edm,https://music.youtube.com/watch?v=DFEnAJASSQ8,https://i.ytimg.com/vi/DFEnAJASSQ8/maxresdefault.jpg,Marshmello/Single/Marshmello - BeFoRe U.mp3
Marshmello x Nancy Ajram - Sah Sah (صح صح) (Official Music Video),Marshmello,Marshmello,Single,usuk-edm,https://music.youtube.com/watch?v=eUfU31LrTqQ,https://i.ytimg.com/vi/eUfU31LrTqQ/maxresdefault.jpg,Marshmello/Single/Marshmello x Nancy Ajram - Sah Sah (صح صح) (Official Music Video).mp3
Rico Nasty - Watch Your Man (feat. Marshmello) [Official Audio],Marshmello,Rico Nasty,Single,usuk-edm,https://music.youtube.com/watch?v=rZel6wpd7-Y,https://i.ytimg.com/vi/rZel6wpd7-Y/maxresdefault.jpg,Marshmello/Single/Rico Nasty - Watch Your Man (feat. Marshmello) [Official Audio].mp3
"Marshmello, Tokischa - ESTILAZO (Official Video)",Marshmello,Marshmello,Single,usuk-edm,https://music.youtube.com/watch?v=hedx3EbixZw,https://i.ytimg.com/vi/hedx3EbixZw/maxresdefault.jpg,"Marshmello/Single/Marshmello, Tokischa - ESTILAZO (Official Video).mp3"
Marshmello x Subtronics - House Party (Official Music Video),Marshmello,Marshmello,Single,usuk-edm,https://music.youtube.com/watch?v=96Y1E-zdQs0,https://i.ytimg.com/vi/96Y1E-zdQs0/maxresdefault.jpg,Marshmello/Single/Marshmello x Subtronics - House Party (Official Music Video).mp3
Marshmello x Jonas Brothers - Leave Before You Love Me (Official Music Video),Marshmello,Marshmello,Single,usuk-edm,https://music.youtube.com/watch?v=hmUyEDG7Jy0,https://i.ytimg.com/vi/hmUyEDG7Jy0/maxresdefault.jpg,Marshmello/Single/Marshmello x Jonas Brothers - Leave Before You Love Me (Official Music Video).mp3
Marshmello x Eptic - HITTA (Feat. Juicy J) [Official Music Video],Marshmello,Marshmello,Single,usuk-edm,https://music.youtube.com/watch?v=uo4cRG1Qtw0,https://i.ytimg.com/vi/uo4cRG1Qtw0/maxresdefault.jpg,Marshmello/Single/Marshmello x Eptic - HITTA (Feat. Juicy J) [Official Music Video].mp3
Alesso & Marshmello - Chasing Stars ft. James Bay (Official Video),Marshmello,Alesso,Single,usuk-edm,https://music.youtube.com/watch?v=Hj_AVuNHPTY,https://i.ytimg.com/vi/Hj_AVuNHPTY/maxresdefault.jpg,Marshmello/Single/Alesso & Marshmello - Chasing Stars ft. James Bay (Official Video).mp3
Marshmello x Carnage - Back In Time (Official Music Video),Marshmello,Marshmello,Single,usuk-edm,https://music.youtube.com/watch?v=6_IcG_xV9_U,https://i.ytimg.com/vi/6_IcG_xV9_U/maxresdefault.jpg,Marshmello/Single/Marshmello x Carnage - Back In Time (Official Music Video).mp3
DUSTY x Marshmello - Preached (Video),Marshmello,DUSTY,Single,usuk-edm,https://music.youtube.com/watch?v=_w7Gl1-Wgkk,https://i.ytimg.com/vi/_w7Gl1-Wgkk/maxresdefault.jpg,Marshmello/Single/DUSTY x Marshmello - Preached (Video).mp3
Wacotron x G Herbo - Umbrella [Prod. Marshmello] (Official Music Video),Marshmello,Wacotron,Single,usuk-edm,https://music.youtube.com/watch?v=QtysRTbPGJI,https://i.ytimg.com/vi/QtysRTbPGJI/maxresdefault.jpg,Marshmello/Single/Wacotron x G Herbo - Umbrella [Prod. Marshmello] (Official Music Video).mp3
"Marshmello, Imanbek - Too Much (Lyric Video) ft. Usher",Marshmello,Usher,Single,usuk-edm,https://music.youtube.com/watch?v=ZrCyqIdUYeo,https://i.ytimg.com/vi/ZrCyqIdUYeo/maxresdefault.jpg,"Marshmello/Single/Marshmello, Imanbek - Too Much (Lyric Video) ft. Usher.mp3"
Juice WRLD ft. Marshmello - Come & Go (Official Audio),Marshmello,Juice WRLD,Single,usuk-edm,https://music.youtube.com/watch?v=5Di20x6vVVU,https://i.ytimg.com/vi/5Di20x6vVVU/maxresdefault.jpg,Marshmello/Single/Juice WRLD ft. Marshmello - Come & Go (Official Audio).mp3
Marshmello & Demi Lovato - OK Not To Be OK (Official Music Video),Marshmello,Marshmello,Single,usuk-edm,https://music.youtube.com/watch?v=wAPlzt2L7wE,https://i.ytimg.com/vi/wAPlzt2L7wE/maxresdefault.jpg,Marshmello/Single/Marshmello & Demi Lovato - OK Not To Be OK (Official Music Video).mp3
Marshmello & Halsey - Be Kind (Marshmello Lyric Video),Marshmello,Marshmello,Single,usuk-edm,https://music.youtube.com/watch?v=flEc35foIg0,https://i.ytimg.com/vi/flEc35foIg0/maxresdefault.jpg,Marshmello/Single/Marshmello & Halsey - Be Kind (Marshmello Lyric Video).mp3
Marshmello - Together (Official Music Video),Marshmello,Marshmello,Single,usuk-edm,https://music.youtube.com/watch?v=JePnQ1gSagc,https://i.ytimg.com/vi/JePnQ1gSagc/maxresdefault.jpg,Marshmello/Single/Marshmello - Together (Official Music Video).mp3
Marshmello x SVDDEN DEATH - Crusade (Official Music Video),Marshmello,Marshmello,Single,usuk-edm,https://music.youtube.com/watch?v=hclYqAoLgoE,https://i.ytimg.com/vi/hclYqAoLgoE/maxresdefault.jpg,Marshmello/Single/Marshmello x SVDDEN DEATH - Crusade (Official Music Video).mp3
Marshmello - Here With Me Feat. CHVRCHES [Alternative Music Video],Marshmello,Marshmello,Single,usuk-edm,https://music.youtube.com/watch?v=NRmSf9VqrUA,https://i.ytimg.com/vi/NRmSf9VqrUA/maxresdefault.jpg,Marshmello/Single/Marshmello - Here With Me Feat. CHVRCHES [Alternative Music Video].mp3
Marshmello x Roddy Ricch - Project Dreams (Official Music Video),Marshmello,Marshmello,Single,usuk-edm,https://music.youtube.com/watch?v=Hn7WDtF3nKA,https://i.ytimg.com/vi/Hn7WDtF3nKA/maxresdefault.jpg,Marshmello/Single/Marshmello x Roddy Ricch - Project Dreams (Official Music Video).mp3
Marshmello - Rooftops (Official Music Video),Marshmello,Marshmello,Single,usuk-edm,https://music.youtube.com/watch?v=1N3vUlC5354,https://i.ytimg.com/vi/1N3vUlC5354/maxresdefault.jpg,Marshmello/Single/Marshmello - Rooftops (Official Music Video).mp3
Marshmello - Ritual (feat. Wrabel) [Official Music Video],Marshmello,OWSLA,Single,usuk-edm,https://music.youtube.com/watch?v=VEou0QBeHlk,https://i.ytimg.com/vi/VEou0QBeHlk/maxresdefault.jpg,Marshmello/Single/Marshmello - Ritual (feat. Wrabel) [Official Music Video].mp3
Marshmello - Alone (Official Music Video),Marshmello,Marshmello,Single,usuk-edm,https://music.youtube.com/watch?v=ALZHF5UqnU4,https://i.ytimg.com/vi/ALZHF5UqnU4/sddefault.jpg,Marshmello/Single/Marshmello - Alone (Official Music Video).mp3
Marshmello - Summer (Official Music Video) with Lele Pons,Marshmello,Marshmello,Single,usuk-edm,https://music.youtube.com/watch?v=2vMH8lITTCE,https://i.ytimg.com/vi/2vMH8lITTCE/sddefault.jpg,Marshmello/Single/Marshmello - Summer (Official Music Video) with Lele Pons.mp3
Fuerza Regida X Marshmello - HARLEY QUINN (Oficial Video),Marshmello,FUERZA REGIDA,Single,usuk-edm,https://music.youtube.com/watch?v=IIKlkqbeYbI,https://i.ytimg.com/vi/IIKlkqbeYbI/maxresdefault.jpg,Marshmello/Single/Fuerza Regida X Marshmello - HARLEY QUINN (Oficial Video).mp3
Si Ai (Marshmello & Ukay Remix),Marshmello,"Tayna, Marshmello, UKAY",Si Ai (Marshmello & Ukay Remix),usuk-edm,https://music.youtube.com/watch?v=OO_6ihu408k,https://i.ytimg.com/vi/OO_6ihu408k/maxresdefault.jpg,Marshmello/Si Ai (Marshmello & Ukay Remix)/Si Ai (Marshmello & Ukay Remix).mp3
Marshmello x Lil Peep - Spotlight (Official Music Video),Marshmello,Marshmello,Single,usuk-edm,https://music.youtube.com/watch?v=7R1N-8SoqcM,https://i.ytimg.com/vi/7R1N-8SoqcM/maxresdefault.jpg,Marshmello/Single/Marshmello x Lil Peep - Spotlight (Official Music Video).mp3
Marshmello - Blocks (Official Music Video),Marshmello,Marshmello,Single,usuk-edm,https://music.youtube.com/watch?v=5E4ZBSInqUU,https://i.ytimg.com/vi/5E4ZBSInqUU/sddefault.jpg,Marshmello/Single/Marshmello - Blocks (Official Music Video).mp3
Marshmello - Take It Back (Official Music Video),Marshmello,Marshmello,Single,usuk-edm,https://music.youtube.com/watch?v=P9Ijqa_2eu0,https://i.ytimg.com/vi/P9Ijqa_2eu0/maxresdefault.jpg,Marshmello/Single/Marshmello - Take It Back (Official Music Video).mp3
"Marshmello, Kane Brown - Miles On It (Official Music Video)",Marshmello,Marshmello,Single,usuk-edm,https://music.youtube.com/watch?v=RMmoyP_cpEg,https://i.ytimg.com/vi/RMmoyP_cpEg/maxresdefault.jpg,"Marshmello/Single/Marshmello, Kane Brown - Miles On It (Official Music Video).mp3"
Marshmello - You & Me (Official Music Video),Marshmello,Marshmello,Single,usuk-edm,https://music.youtube.com/watch?v=fiusxyygqGk,https://i.ytimg.com/vi/fiusxyygqGk/maxresdefault.jpg,Marshmello/Single/Marshmello - You & Me (Official Music Video).mp3
Marshmello - Find Me (Official Music Video),Marshmello,Marshmello,Single,usuk-edm,https://music.youtube.com/watch?v=ymq1WdGUcw8,https://i.ytimg.com/vi/ymq1WdGUcw8/sddefault.jpg,Marshmello/Single/Marshmello - Find Me (Official Music Video).mp3
Marshmello - Check This Out (Official Music Video),Marshmello,Marshmello,Single,usuk-edm,https://music.youtube.com/watch?v=D8tA6KGgmJE,https://i.ytimg.com/vi/D8tA6KGgmJE/maxresdefault.jpg,Marshmello/Single/Marshmello - Check This Out (Official Music Video).mp3
Marshmello - Tell Me (Official Music Video),Marshmello,Marshmello,Single,usuk-edm,https://music.youtube.com/watch?v=x3y4WdN4PI8,https://i.ytimg.com/vi/x3y4WdN4PI8/maxresdefault.jpg,Marshmello/Single/Marshmello - Tell Me (Official Music Video).mp3
Migos & Marshmello - Danger (from Bright: The Album) [Official Video],Marshmello,Atlantic Records,Single,usuk-edm,https://music.youtube.com/watch?v=ntLtNTUCuII,https://i.ytimg.com/vi/ntLtNTUCuII/maxresdefault.jpg,Marshmello/Single/Migos & Marshmello - Danger (from Bright_ The Album) [Official Video].mp3
Marshmello - Power (Official Music Video),Marshmello,Marshmello,Single,usuk-edm,https://music.youtube.com/watch?v=KUaVjms6yyY,https://i.ytimg.com/vi/KUaVjms6yyY/maxresdefault.jpg,Marshmello/Single/Marshmello - Power (Official Music Video).mp3
"Marshmello, Luísa Sonza - Sou Musa do Verão (Visualizer)",Marshmello,Marshmello,Single,usuk-edm,https://music.youtube.com/watch?v=pQ6ZV_sg0sY,https://i.ytimg.com/vi/pQ6ZV_sg0sY/maxresdefault.jpg,"Marshmello/Single/Marshmello, Luísa Sonza - Sou Musa do Verão (Visualizer).mp3"
"Logic, Marshmello - Everyday",Marshmello,Logic,Single,usuk-edm,https://music.youtube.com/watch?v=UCdMwyIy3ks,https://i.ytimg.com/vi/UCdMwyIy3ks/maxresdefault.jpg,"Marshmello/Single/Logic, Marshmello - Everyday.mp3"
Far East Movement x Marshmello - Freal Luv ft. Chanyeol & Tinashe (Official Music Video),Marshmello,Spinnin' Records,Single,usuk-edm,https://music.youtube.com/watch?v=BWDqy0zZAsY,https://i.ytimg.com/vi/BWDqy0zZAsY/sddefault.jpg,Marshmello/Single/Far East Movement x Marshmello - Freal Luv ft. Chanyeol & Tinashe (Official Music Video).mp3
Marshmello - Imagine (Official Music Video),Marshmello,Marshmello,Single,usuk-edm,https://music.youtube.com/watch?v=dUweAQ38Ed8,https://i.ytimg.com/vi/dUweAQ38Ed8/maxresdefault.jpg,Marshmello/Single/Marshmello - Imagine (Official Music Video).mp3
Marshmello x Ookay - Chasing Colors (ft. Noah Cyrus) [Lyric Video],Marshmello,Marshmello,Single,usuk-edm,https://music.youtube.com/watch?v=zInL1ZUPu7s,https://i.ytimg.com/vi/zInL1ZUPu7s/maxresdefault.jpg,Marshmello/Single/Marshmello x Ookay - Chasing Colors (ft. Noah Cyrus) [Lyric Video].mp3
Juice WRLD with Marshmello ft. Polo G & The Kid Laroi - Hate The Other Side (Official Visualizer),Marshmello,Juice WRLD,Single,usuk-edm,https://music.youtube.com/watch?v=KVxuHBht-M0,https://i.ytimg.com/vi/KVxuHBht-M0/maxresdefault.jpg,Marshmello/Single/Juice WRLD with Marshmello ft. Polo G & The Kid Laroi - Hate The Other Side (Official Visualizer).mp3
Marshmello - LoVe U (Official Music Video),Marshmello,Marshmello,Single,usuk-edm,https://music.youtube.com/watch?v=D-pKeb6Wf4U,https://i.ytimg.com/vi/D-pKeb6Wf4U/sddefault.jpg,Marshmello/Single/Marshmello - LoVe U (Official Music Video).mp3
"Marshmello, Jonas Brothers - Slow Motion (Official Lyric Video)",Marshmello,Marshmello,Single,usuk-edm,https://music.youtube.com/watch?v=LIFfrzojgaQ,https://i.ytimg.com/vi/LIFfrzojgaQ/maxresdefault.jpg,"Marshmello/Single/Marshmello, Jonas Brothers - Slow Motion (Official Lyric Video).mp3"
Marshmello x Juicy J - You Can Cry (Ft. James Arthur) (Official Video),Marshmello,Marshmello,Single,usuk-edm,https://music.youtube.com/watch?v=2SJ0hgdciNE,https://i.ytimg.com/vi/2SJ0hgdciNE/maxresdefault.jpg,Marshmello/Single/Marshmello x Juicy J - You Can Cry (Ft. James Arthur) (Official Video).mp3
Marshmello x Brent Faiyaz - Fell In Love (Official Music Video),Marshmello,Marshmello,Single,usuk-edm,https://music.youtube.com/watch?v=ROAtsHmvJhM,https://i.ytimg.com/vi/ROAtsHmvJhM/maxresdefault.jpg,Marshmello/Single/Marshmello x Brent Faiyaz - Fell In Love (Official Music Video).mp3
Marshmello - CoLoUR,Marshmello,Marshmello,Single,usuk-edm,https://music.youtube.com/watch?v=eBU-wsckOdU,https://i.ytimg.com/vi/eBU-wsckOdU/maxresdefault.jpg,Marshmello/Single/Marshmello - CoLoUR.mp3
"Marshmello, P!NK, Sting - Dreaming (Lyric Video)",Marshmello,P!NK,Single,usuk-edm,https://music.youtube.com/watch?v=A2xramv88Io,https://i.ytimg.com/vi/A2xramv88Io/sddefault.jpg,"Marshmello/Single/Marshmello, P!NK, Sting - Dreaming (Lyric Video).mp3"
Marshmello x Crankdat - Falling To Pieces (360° VR Music Video),Marshmello,Marshmello,Single,usuk-edm,https://music.youtube.com/watch?v=n4d3ajAFHhg,https://i.ytimg.com/vi/n4d3ajAFHhg/maxresdefault.jpg,Marshmello/Single/Marshmello x Crankdat - Falling To Pieces (360° VR Music Video).mp3
Know Me,Marshmello,Marshmello,Joytime,usuk-edm,https://music.youtube.com/watch?v=FAkT22IsMdY,https://i.ytimg.com/vi/FAkT22IsMdY/maxresdefault.jpg,Marshmello/Joytime/Know Me.mp3
Marshmello x SVDDEN DEATH - Sell Out,Marshmello,Marshmello,Single,usuk-edm,https://music.youtube.com/watch?v=XiM1eJZzgEk,https://i.ytimg.com/vi/XiM1eJZzgEk/maxresdefault.jpg,Marshmello/Single/Marshmello x SVDDEN DEATH - Sell Out.mp3
Marshmello x Flux Pavilion - Room To Fall (Feat. ELOHIM),Marshmello,Marshmello,Single,usuk-edm,https://music.youtube.com/watch?v=sgqLj5WaU90,https://i.ytimg.com/vi/sgqLj5WaU90/maxresdefault.jpg,Marshmello/Single/Marshmello x Flux Pavilion - Room To Fall (Feat. ELOHIM).mp3
DJ Snake - Let Me Love You ft Justin Bieber (Marshmello Remix),Marshmello,Marshmello,Single,usuk-edm,https://music.youtube.com/watch?v=vaMxnyKPRxI,https://i.ytimg.com/vi/vaMxnyKPRxI/maxresdefault.jpg,Marshmello/Single/DJ Snake - Let Me Love You ft Justin Bieber (Marshmello Remix).mp3
Marshmello x Space Laces - Rave Repeater (Official Video),Marshmello,Marshmello,Single,usuk-edm,https://music.youtube.com/watch?v=3A1NMcuwjlw,https://i.ytimg.com/vi/3A1NMcuwjlw/maxresdefault.jpg,Marshmello/Single/Marshmello x Space Laces - Rave Repeater (Official Video).mp3
DJ SNAKE - PARADISE (FT. BIPOLAR SUNSHINE) [LIVE EDIT],DJ Snake,DJ Snake,Single,usuk-edm,https://music.youtube.com/watch?v=Yf0DsunZurE,https://i.ytimg.com/vi/Yf0DsunZurE/maxresdefault.jpg,DJ Snake/Single/DJ SNAKE - PARADISE (FT. BIPOLAR SUNSHINE) [LIVE EDIT].mp3
DJ Snake - Let Me Love You (Official Music Video) ft. Justin Bieber,DJ Snake,DJ Snake,Single,usuk-edm,https://music.youtube.com/watch?v=euCqAq6BRa4,https://i.ytimg.com/vi/euCqAq6BRa4/maxresdefault.jpg,DJ Snake/Single/DJ Snake - Let Me Love You (Official Music Video) ft. Justin Bieber.mp3
Major Lazer & DJ Snake - Lean On (feat. MØ) [Official 4K Music Video],DJ Snake,Major Lazer Official,Single,usuk-edm,https://music.youtube.com/watch?v=YqeW9_5kURI,https://i.ytimg.com/vi/YqeW9_5kURI/maxresdefault.jpg,DJ Snake/Single/Major Lazer & DJ Snake - Lean On (feat. MØ) [Official 4K Music Video].mp3
"DJ Snake - Taki Taki ft. Selena Gomez, Ozuna, Cardi B (Official Music Video)",DJ Snake,DJ Snake,Single,usuk-edm,https://music.youtube.com/watch?v=ixkoVwKQaJg,https://i.ytimg.com/vi/ixkoVwKQaJg/maxresdefault.jpg,"DJ Snake/Single/DJ Snake - Taki Taki ft. Selena Gomez, Ozuna, Cardi B (Official Music Video).mp3"
DJ Snake - In The Dark (with Stray Kids) (Official Lyric Video),DJ Snake,DJ Snake,Single,usuk-edm,https://music.youtube.com/watch?v=xNAIOnpWepE,https://i.ytimg.com/vi/xNAIOnpWepE/maxresdefault.jpg,DJ Snake/Single/DJ Snake - In The Dark (with Stray Kids) (Official Lyric Video).mp3
DJ Snake - Disco Maghreb (Official Music Video),DJ Snake,DJ Snake,Single,usuk-edm,https://music.youtube.com/watch?v=M7xQEdKHtv0,https://i.ytimg.com/vi/M7xQEdKHtv0/maxresdefault.jpg,DJ Snake/Single/DJ Snake - Disco Maghreb (Official Music Video).mp3
"DJ Snake, Lil Jon - Turn Down for What",DJ Snake,DJ Snake,Single,usuk-edm,https://music.youtube.com/watch?v=HMUDVMiITOU,https://i.ytimg.com/vi/HMUDVMiITOU/maxresdefault.jpg,"DJ Snake/Single/DJ Snake, Lil Jon - Turn Down for What.mp3"
DJ Snake - Middle ft. Bipolar Sunshine,DJ Snake,DJ Snake,Single,usuk-edm,https://music.youtube.com/watch?v=IvPT2QuCIOA,https://i.ytimg.com/vi/IvPT2QuCIOA/maxresdefault.jpg,DJ Snake/Single/DJ Snake - Middle ft. Bipolar Sunshine.mp3
"DJ Snake, J Balvin, Tyga - Loco Contigo",DJ Snake,DJ Snake,Single,usuk-edm,https://music.youtube.com/watch?v=zNl00mOSnJI,https://i.ytimg.com/vi/zNl00mOSnJI/maxresdefault.jpg,"DJ Snake/Single/DJ Snake, J Balvin, Tyga - Loco Contigo.mp3"
"DJ Snake, J Balvin - Noventa (Official Music Video)",DJ Snake,DJ Snake,Single,usuk-edm,https://music.youtube.com/watch?v=4a67sLrI3EM,https://i.ytimg.com/vi/4a67sLrI3EM/maxresdefault.jpg,"DJ Snake/Single/DJ Snake, J Balvin - Noventa (Official Music Video).mp3"
"Dillon Francis, DJ Snake - Get Low (Official Music Video)",DJ Snake,Dillon Francis,Single,usuk-edm,https://music.youtube.com/watch?v=12CeaxLiMgE,https://i.ytimg.com/vi/12CeaxLiMgE/maxresdefault.jpg,"DJ Snake/Single/Dillon Francis, DJ Snake - Get Low (Official Music Video).mp3"
"DJ Snake, Ozuna, Megan Thee Stallion, LISA of BLACKPINK - SG (Official Music Video)",DJ Snake,DJ Snake,Single,usuk-edm,https://music.youtube.com/watch?v=tJXPfNDVF4I,https://i.ytimg.com/vi/tJXPfNDVF4I/maxresdefault.jpg,"DJ Snake/Single/DJ Snake, Ozuna, Megan Thee Stallion, LISA of BLACKPINK - SG (Official Music Video).mp3"
DJ Snake & Selena Gomez - Selfish Love (Official Video),DJ Snake,DJ Snake,Single,usuk-edm,https://music.youtube.com/watch?v=gQG_2O9Bu6c,https://i.ytimg.com/vi/gQG_2O9Bu6c/maxresdefault.jpg,DJ Snake/Single/DJ Snake & Selena Gomez - Selfish Love (Official Video).mp3
DJ Snake - Nightbird (Official Visualizer),DJ Snake,DJ Snake,Single,usuk-edm,https://music.youtube.com/watch?v=c5A2MOtGjZY,https://i.ytimg.com/vi/c5A2MOtGjZY/maxresdefault.jpg,DJ Snake/Single/DJ Snake - Nightbird (Official Visualizer).mp3
DJ Snake - You Are My High (Official Audio),DJ Snake,DJ Snake,Single,usuk-edm,https://music.youtube.com/watch?v=dbJ55eUlw3A,https://i.ytimg.com/vi/dbJ55eUlw3A/maxresdefault.jpg,DJ Snake/Single/DJ Snake - You Are My High (Official Audio).mp3
DJ Snake - Run It (ft. Rick Ross & Rich Brian) (Official Music Video),DJ Snake,DJ Snake,Single,usuk-edm,https://music.youtube.com/watch?v=EXOESyNOJhQ,https://i.ytimg.com/vi/EXOESyNOJhQ/maxresdefault.jpg,DJ Snake/Single/DJ Snake - Run It (ft. Rick Ross & Rich Brian) (Official Music Video).mp3
"DJ Snake, AlunaGeorge - You Know You Like It",DJ Snake,DJ Snake,Single,usuk-edm,https://music.youtube.com/watch?v=aBn7bjy9c4U,https://i.ytimg.com/vi/aBn7bjy9c4U/maxresdefault.jpg,"DJ Snake/Single/DJ Snake, AlunaGeorge - You Know You Like It.mp3"
"DJ Snake, Lauv - A Different Way",DJ Snake,DJ Snake,Single,usuk-edm,https://music.youtube.com/watch?v=UuCq8mtK8J4,https://i.ytimg.com/vi/UuCq8mtK8J4/maxresdefault.jpg,"DJ Snake/Single/DJ Snake, Lauv - A Different Way.mp3"
"DJ Snake, Sean Paul, Anitta - Fuego ft. Tainy",DJ Snake,DJ Snake,Single,usuk-edm,https://music.youtube.com/watch?v=pY3DHR0y0pI,https://i.ytimg.com/vi/pY3DHR0y0pI/maxresdefault.jpg,"DJ Snake/Single/DJ Snake, Sean Paul, Anitta - Fuego ft. Tainy.mp3"
DJ SNAKE x AMADOU & MARIAM - PATIENCE [VISUALIZER],DJ Snake,DJ Snake,Single,usuk-edm,https://music.youtube.com/watch?v=-0bUhdIBnSE,https://i.ytimg.com/vi/-0bUhdIBnSE/maxresdefault.jpg,DJ Snake/Single/DJ SNAKE x AMADOU & MARIAM - PATIENCE [VISUALIZER].mp3
DJ Snake & Zomboy - Quiet Storm,DJ Snake,DJ Snake,Single,usuk-edm,https://music.youtube.com/watch?v=mFrsPePOjn4,https://i.ytimg.com/vi/mFrsPePOjn4/maxresdefault.jpg,DJ Snake/Single/DJ Snake & Zomboy - Quiet Storm.mp3
DJ Snake & Malaa - Pondicherry (Official Visualizer),DJ Snake,DJ Snake,Single,usuk-edm,https://music.youtube.com/watch?v=Ybmlcjys1pY,https://i.ytimg.com/vi/Ybmlcjys1pY/maxresdefault.jpg,DJ Snake/Single/DJ Snake & Malaa - Pondicherry (Official Visualizer).mp3
DJ Snake - Magenta Riddim,DJ Snake,DJ Snake,Single,usuk-edm,https://music.youtube.com/watch?v=op4B9sNGi0k,https://i.ytimg.com/vi/op4B9sNGi0k/maxresdefault.jpg,DJ Snake/Single/DJ Snake - Magenta Riddim.mp3
Sober,DJ Snake,"DJ Snake, JRY",Encore,usuk-edm,https://music.youtube.com/watch?v=BDW7-w3PGdk,https://i.ytimg.com/vi/BDW7-w3PGdk/maxresdefault.jpg,DJ Snake/Encore/Sober.mp3
DJ Snake - When The Lights Go Down (Animated Video),DJ Snake,DJ Snake,Single,usuk-edm,https://music.youtube.com/watch?v=pVEoyv7MDdk,https://i.ytimg.com/vi/pVEoyv7MDdk/maxresdefault.jpg,DJ Snake/Single/DJ Snake - When The Lights Go Down (Animated Video).mp3
PLASTIC TOY & DJ SNAKE - TRY ME [OFFICIAL MUSIC VIDEO],DJ Snake,DJ Snake,Single,usuk-edm,https://music.youtube.com/watch?v=Z9rA_bWoRrk,https://i.ytimg.com/vi/Z9rA_bWoRrk/maxresdefault.jpg,DJ Snake/Single/PLASTIC TOY & DJ SNAKE - TRY ME [OFFICIAL MUSIC VIDEO].mp3
"DJ Snake, Sheck Wes - Enzo ft. Offset, 21 Savage, Gucci Mane",DJ Snake,DJ Snake,Single,usuk-edm,https://music.youtube.com/watch?v=lbiJboUglk0,https://i.ytimg.com/vi/lbiJboUglk0/maxresdefault.jpg,"DJ Snake/Single/DJ Snake, Sheck Wes - Enzo ft. Offset, 21 Savage, Gucci Mane.mp3"
DJ Snake & Niniola - Maradona Riddim (Official Music Video),DJ Snake,DJ Snake,Single,usuk-edm,https://music.youtube.com/watch?v=2qWAh-PKIgs,https://i.ytimg.com/vi/2qWAh-PKIgs/sddefault.jpg?sqp=-oaymwEmCIAFEOAD8quKqQMa8AEB-AGUA4AC0AWKAgwIABABGEcgZShVMA8=&rs=AOn4CLDd5dsTlG5ombyLWzF_8rVSJz1Rpw,DJ Snake/Single/DJ Snake & Niniola - Maradona Riddim (Official Music Video).mp3
DJ Snake - No Option ft Burna Boy,DJ Snake,DJ Snake,Single,usuk-edm,https://music.youtube.com/watch?v=DjEp_He1l4g,https://i.ytimg.com/vi/DjEp_He1l4g/maxresdefault.jpg,DJ Snake/Single/DJ Snake - No Option ft Burna Boy.mp3
DJ Snake - Recognize (Lyric Video) ft. Majid Jordan,DJ Snake,DJ Snake,Single,usuk-edm,https://music.youtube.com/watch?v=WF7keH9XGCY,https://i.ytimg.com/vi/WF7keH9XGCY/maxresdefault.jpg,DJ Snake/Single/DJ Snake - Recognize (Lyric Video) ft. Majid Jordan.mp3
