Title,Main_Artist,Original_Artist,Album,Genre,YouTube_URL,Cover_URL,File_Path
Nơi Này Có Anh,Sơn Tùng M-TP,Sơn Tùng M-TP,Nơi Này Có Anh,vpop-mainstream,https://music.youtube.com/watch?v=qHpE45b4INk,https://i.ytimg.com/vi/qHpE45b4INk/maxresdefault.jpg,Sơn Tùng M-TP/Nơi Này Có Anh/Nơi Này Có Anh.mp3
Đừng Làm Trái Tim Anh Đau,Sơn Tùng M-TP,Sơn Tùng M-TP,Đừng Làm Trái Tim Anh Đau,vpop-mainstream,https://music.youtube.com/watch?v=7u4g483WTzw,https://i.ytimg.com/vi/7u4g483WTzw/maxresdefault.jpg,Sơn Tùng M-TP/Đừng Làm Trái Tim Anh Đau/Đừng Làm Trái Tim Anh Đau.mp3
Buong Doi Tay Nhau Ra,Sơn Tùng M-TP,Son Tung M-TP,Buong Doi Tay Nhau Ra,vpop-mainstream,https://music.youtube.com/watch?v=VRQr1edrqOY,https://i.ytimg.com/vi/VRQr1edrqOY/maxresdefault.jpg,Sơn Tùng M-TP/Buong Doi Tay Nhau Ra/Buong Doi Tay Nhau Ra.mp3
Muộn Rồi Mà Sao Còn,Sơn Tùng M-TP,Sơn Tùng M-TP,Muộn Rồi Mà Sao Còn,vpop-mainstream,https://music.youtube.com/watch?v=dLoIOUe1oes,https://i.ytimg.com/vi/dLoIOUe1oes/maxresdefault.jpg,Sơn Tùng M-TP/Muộn Rồi Mà Sao Còn/Muộn Rồi Mà Sao Còn.mp3
Hãy Trao Cho Anh,Sơn Tùng M-TP,"Sơn Tùng M-TP, Snoop Dogg",Hãy Trao Cho Anh,vpop-mainstream,https://music.youtube.com/watch?v=emMR03tG2CE,https://i.ytimg.com/vi/emMR03tG2CE/maxresdefault.jpg,Sơn Tùng M-TP/Hãy Trao Cho Anh/Hãy Trao Cho Anh.mp3
Chúng Ta Không Thuộc Về Nhau,Sơn Tùng M-TP,Sơn Tùng M-TP,Chúng Ta Không Thuộc Về Nhau,vpop-mainstream,https://music.youtube.com/watch?v=78dCF99PheM,https://i.ytimg.com/vi/78dCF99PheM/maxresdefault.jpg,Sơn Tùng M-TP/Chúng Ta Không Thuộc Về Nhau/Chúng Ta Không Thuộc Về Nhau.mp3
Em Của Ngày Hôm Qua,Sơn Tùng M-TP,Sơn Tùng M-TP,Em Của Ngày Hôm Qua,vpop-mainstream,https://music.youtube.com/watch?v=t-cKtOItdhc,https://i.ytimg.com/vi/t-cKtOItdhc/maxresdefault.jpg,Sơn Tùng M-TP/Em Của Ngày Hôm Qua/Em Của Ngày Hôm Qua.mp3
Có Chắc Yêu Là Đây,Sơn Tùng M-TP,Sơn Tùng M-TP,Có Chắc Yêu Là Đây,vpop-mainstream,https://music.youtube.com/watch?v=9jX6cDzLM_k,https://i.ytimg.com/vi/9jX6cDzLM_k/maxresdefault.jpg,Sơn Tùng M-TP/Có Chắc Yêu Là Đây/Có Chắc Yêu Là Đây.mp3
Âm Thầm Bên Em,Sơn Tùng M-TP,Sơn Tùng M-TP,Âm Thầm Bên Em,vpop-mainstream,https://music.youtube.com/watch?v=cnHHCR7EW10,https://i.ytimg.com/vi/cnHHCR7EW10/maxresdefault.jpg,Sơn Tùng M-TP/Âm Thầm Bên Em/Âm Thầm Bên Em.mp3
Nắng Ấm Xa Dần,Sơn Tùng M-TP,Sơn Tùng M-TP,Nắng Ấm Xa Dần,vpop-mainstream,https://music.youtube.com/watch?v=HrlpCgMgRVo,https://i.ytimg.com/vi/HrlpCgMgRVo/maxresdefault.jpg,Sơn Tùng M-TP/Nắng Ấm Xa Dần/Nắng Ấm Xa Dần.mp3
Lạc Trôi,Sơn Tùng M-TP,Sơn Tùng M-TP,Lạc Trôi,vpop-mainstream,https://music.youtube.com/watch?v=RKvRLLQtDbg,https://i.ytimg.com/vi/RKvRLLQtDbg/maxresdefault.jpg,Sơn Tùng M-TP/Lạc Trôi/Lạc Trôi.mp3
Chúng Ta Của Tương Lai,Sơn Tùng M-TP,Sơn Tùng M-TP,Chúng Ta Của Tương Lai,vpop-mainstream,https://music.youtube.com/watch?v=UoXllQoqEBY,https://i.ytimg.com/vi/UoXllQoqEBY/maxresdefault.jpg,Sơn Tùng M-TP/Chúng Ta Của Tương Lai/Chúng Ta Của Tương Lai.mp3
MAKING MY WAY,Sơn Tùng M-TP,Sơn Tùng M-TP,MAKING MY WAY,vpop-mainstream,https://music.youtube.com/watch?v=ZL3xRDCAaII,https://i.ytimg.com/vi/ZL3xRDCAaII/maxresdefault.jpg,Sơn Tùng M-TP/MAKING MY WAY/MAKING MY WAY.mp3
Chúng Ta Của Hiện Tại,Sơn Tùng M-TP,Sơn Tùng M-TP,Chúng Ta Của Hiện Tại,vpop-mainstream,https://music.youtube.com/watch?v=bNp9pn0ni3I,https://i.ytimg.com/vi/bNp9pn0ni3I/maxresdefault.jpg,Sơn Tùng M-TP/Chúng Ta Của Hiện Tại/Chúng Ta Của Hiện Tại.mp3
Cơn Mưa Ngang Qua,Sơn Tùng M-TP,Sơn Tùng M-TP,m-tp M-TP,vpop-mainstream,https://music.youtube.com/watch?v=JQwLF3fsGY0,https://i.ytimg.com/vi/JQwLF3fsGY0/maxresdefault.jpg,Sơn Tùng M-TP/m-tp M-TP/Cơn Mưa Ngang Qua.mp3
Không Phải Dạng Vừa Đâu,Sơn Tùng M-TP,Sơn Tùng M-TP,Không Phải Dạng Vừa Đâu,vpop-mainstream,https://music.youtube.com/watch?v=opejV49frug,https://i.ytimg.com/vi/opejV49frug/maxresdefault.jpg,Sơn Tùng M-TP/Không Phải Dạng Vừa Đâu/Không Phải Dạng Vừa Đâu.mp3
Chạy Ngay Đi,Sơn Tùng M-TP,Sơn Tùng M-TP,Chạy Ngay Đi,vpop-mainstream,https://music.youtube.com/watch?v=Hg-eKLuK2bU,https://i.ytimg.com/vi/Hg-eKLuK2bU/maxresdefault.jpg,Sơn Tùng M-TP/Chạy Ngay Đi/Chạy Ngay Đi.mp3
Anh Sai Rồi,Sơn Tùng M-TP,Sơn Tùng M-TP,Anh Sai Rồi,vpop-mainstream,https://music.youtube.com/watch?v=0zdaS6qvmWY,https://i.ytimg.com/vi/0zdaS6qvmWY/maxresdefault.jpg,Sơn Tùng M-TP/Anh Sai Rồi/Anh Sai Rồi.mp3
Chạy Ngay Đi (Onionn Remix),Sơn Tùng M-TP,Sơn Tùng M-TP,Chạy Ngay Đi,vpop-mainstream,https://music.youtube.com/watch?v=H81QGLFtgPw,https://i.ytimg.com/vi/H81QGLFtgPw/maxresdefault.jpg,Sơn Tùng M-TP/Chạy Ngay Đi/Chạy Ngay Đi (Onionn Remix).mp3
Nhu Ngay Hom Qua,Sơn Tùng M-TP,Son Tung M-TP,Buong Doi Tay Nhau Ra,vpop-mainstream,https://music.youtube.com/watch?v=C4DRHv0yxA0,https://i.ytimg.com/vi/C4DRHv0yxA0/maxresdefault.jpg,Sơn Tùng M-TP/Buong Doi Tay Nhau Ra/Nhu Ngay Hom Qua.mp3
Ấn Nút Nhớ... Thả Giấc Mơ,Sơn Tùng M-TP,Sơn Tùng M-TP,Ấn Nút Nhớ... Thả Giấc Mơ,vpop-mainstream,https://music.youtube.com/watch?v=aTKQHlIG-BM,https://i.ytimg.com/vi/aTKQHlIG-BM/maxresdefault.jpg,Sơn Tùng M-TP/Ấn Nút Nhớ... Thả Giấc Mơ/Ấn Nút Nhớ... Thả Giấc Mơ.mp3
There's No One At All (Another Version),Sơn Tùng M-TP,Sơn Tùng M-TP,There's No One At All (Another Version),vpop-mainstream,https://music.youtube.com/watch?v=aR06CnmtKVs,https://i.ytimg.com/vi/aR06CnmtKVs/maxresdefault.jpg,Sơn Tùng M-TP/There's No One At All (Another Version)/There's No One At All (Another Version).mp3
THERE'S NO ONE AT ALL,Sơn Tùng M-TP,Sơn Tùng M-TP,THERE'S NO ONE AT ALL,vpop-mainstream,https://music.youtube.com/watch?v=SAwtA921GvY,https://i.ytimg.com/vi/SAwtA921GvY/maxresdefault.jpg,Sơn Tùng M-TP/THERE'S NO ONE AT ALL/THERE'S NO ONE AT ALL.mp3
Cơn Mưa Xa Dần,Sơn Tùng M-TP,Sơn Tùng M-TP,SKY DECADE,vpop-mainstream,https://music.youtube.com/watch?v=kpLxQMwaztk,https://i.ytimg.com/vi/kpLxQMwaztk/maxresdefault.jpg,Sơn Tùng M-TP/SKY DECADE/Cơn Mưa Xa Dần.mp3
Một Năm Mới Bình An,Sơn Tùng M-TP,Sơn Tùng M-TP,Một Năm Mới Bình An,vpop-mainstream,https://music.youtube.com/watch?v=e6RPuBcpsko,https://i.ytimg.com/vi/e6RPuBcpsko/maxresdefault.jpg,Sơn Tùng M-TP/Một Năm Mới Bình An/Một Năm Mới Bình An.mp3
Thái Bình Mồ Hôi Rơi,Sơn Tùng M-TP,Sơn Tùng M-TP,Thái Bình Mồ Hôi Rơi,vpop-mainstream,https://music.youtube.com/watch?v=moMtFrQBQws,https://i.ytimg.com/vi/moMtFrQBQws/maxresdefault.jpg,Sơn Tùng M-TP/Thái Bình Mồ Hôi Rơi/Thái Bình Mồ Hôi Rơi.mp3
Nắng Ấm Ngang Qua,Sơn Tùng M-TP,Sơn Tùng M-TP,SKY DECADE,vpop-mainstream,https://music.youtube.com/watch?v=S5ffg5zfRCE,https://i.ytimg.com/vi/S5ffg5zfRCE/maxresdefault.jpg,Sơn Tùng M-TP/SKY DECADE/Nắng Ấm Ngang Qua.mp3
Chắc Ai Đó Sẽ Về,Sơn Tùng M-TP,Sơn Tùng M-TP,Chắc Ai Đó Sẽ Về,vpop-mainstream,https://music.youtube.com/watch?v=obUwyRm6hac,https://i.ytimg.com/vi/obUwyRm6hac/maxresdefault.jpg,Sơn Tùng M-TP/Chắc Ai Đó Sẽ Về/Chắc Ai Đó Sẽ Về.mp3
Nắng Ấm Xa Dần (Onionn Remix),Sơn Tùng M-TP,Sơn Tùng M-TP,Nắng Ấm Xa Dần,vpop-mainstream,https://music.youtube.com/watch?v=ZrH0_H_MwD8,https://i.ytimg.com/vi/ZrH0_H_MwD8/maxresdefault.jpg,Sơn Tùng M-TP/Nắng Ấm Xa Dần/Nắng Ấm Xa Dần (Onionn Remix).mp3
Cơn Mưa Ngang Qua (Remix 2022),Sơn Tùng M-TP,Sơn Tùng M-TP,Cơn Mưa Ngang Qua,vpop-mainstream,https://music.youtube.com/watch?v=7zh2QCjp818,https://i.ytimg.com/vi/7zh2QCjp818/maxresdefault.jpg,Sơn Tùng M-TP/Cơn Mưa Ngang Qua/Cơn Mưa Ngang Qua (Remix 2022).mp3
Có Chắc Yêu Là Đây (Remix),Sơn Tùng M-TP,"Sơn Tùng M-TP, BOMATELA",Có Chắc Yêu Là Đây,vpop-mainstream,https://music.youtube.com/watch?v=4ZLT5rrb1us,https://i.ytimg.com/vi/4ZLT5rrb1us/maxresdefault.jpg,Sơn Tùng M-TP/Có Chắc Yêu Là Đây/Có Chắc Yêu Là Đây (Remix).mp3
Remember Me (SlimV Remix),Sơn Tùng M-TP,Sơn Tùng M-TP,m-tp M-TP,vpop-mainstream,https://music.youtube.com/watch?v=vfWbIEJDwe8,https://i.ytimg.com/vi/vfWbIEJDwe8/maxresdefault.jpg,Sơn Tùng M-TP/m-tp M-TP/Remember Me (SlimV Remix).mp3
Intro 2022,Sơn Tùng M-TP,Sơn Tùng M-TP,SKY DECADE,vpop-mainstream,https://music.youtube.com/watch?v=iRZDtzhjgEU,https://i.ytimg.com/vi/iRZDtzhjgEU/maxresdefault.jpg,Sơn Tùng M-TP/SKY DECADE/Intro 2022.mp3
Tiến Lên Việt Nam Ơi,Sơn Tùng M-TP,Sơn Tùng M-TP,Tiến Lên Việt Nam Ơi,vpop-mainstream,https://music.youtube.com/watch?v=fMS0P7z-nhs,https://i.ytimg.com/vi/fMS0P7z-nhs/maxresdefault.jpg,Sơn Tùng M-TP/Tiến Lên Việt Nam Ơi/Tiến Lên Việt Nam Ơi.mp3
Skyler,Sơn Tùng M-TP,Sơn Tùng M-TP,Skyler,vpop-mainstream,https://music.youtube.com/watch?v=NyE6_6-2SeU,https://i.ytimg.com/vi/NyE6_6-2SeU/maxresdefault.jpg,Sơn Tùng M-TP/Skyler/Skyler.mp3
Lạc Trôi (Triple D Remix),Sơn Tùng M-TP,Sơn Tùng M-TP,Lạc Trôi,vpop-mainstream,https://music.youtube.com/watch?v=-cY5pzi8ySM,https://i.ytimg.com/vi/-cY5pzi8ySM/maxresdefault.jpg,Sơn Tùng M-TP/Lạc Trôi/Lạc Trôi (Triple D Remix).mp3
Khuôn Mặt Đáng Thương,Sơn Tùng M-TP,Sơn Tùng M-TP,Khuôn Mặt Đáng Thương,vpop-mainstream,https://music.youtube.com/watch?v=2Zvx2cn37HQ,https://i.ytimg.com/vi/2Zvx2cn37HQ/maxresdefault.jpg,Sơn Tùng M-TP/Khuôn Mặt Đáng Thương/Khuôn Mặt Đáng Thương.mp3
Muộn Rồi Mà Sao Còn (Remix),Sơn Tùng M-TP,"Sơn Tùng M-TP, BOMATELA",Muộn Rồi Mà Sao Còn,vpop-mainstream,https://music.youtube.com/watch?v=XfEz3-TWits,https://i.ytimg.com/vi/XfEz3-TWits/maxresdefault.jpg,Sơn Tùng M-TP/Muộn Rồi Mà Sao Còn/Muộn Rồi Mà Sao Còn (Remix).mp3
Em Của Ngày Hôm Qua,Sơn Tùng M-TP,"Sơn Tùng M-TP, Slim V, DJ Trang Moon",Hòa Ấm Ánh Sáng 2015 Liveshow 1,vpop-mainstream,https://music.youtube.com/watch?v=SQVTsT7JTjg,https://i.ytimg.com/vi/SQVTsT7JTjg/maxresdefault.jpg,Sơn Tùng M-TP/Hòa Ấm Ánh Sáng 2015 Liveshow 1/Em Của Ngày Hôm Qua.mp3
Special Thanks,Sơn Tùng M-TP,Sơn Tùng M-TP,SKY DECADE,vpop-mainstream,https://music.youtube.com/watch?v=7DtUf9WwGis,https://i.ytimg.com/vi/7DtUf9WwGis/maxresdefault.jpg,Sơn Tùng M-TP/SKY DECADE/Special Thanks.mp3
Nơi Này Có Anh (Remix),Sơn Tùng M-TP,Sơn Tùng M-TP,Nơi Này Có Anh,vpop-mainstream,https://music.youtube.com/watch?v=xdkfUq3QtRU,https://i.ytimg.com/vi/xdkfUq3QtRU/maxresdefault.jpg,Sơn Tùng M-TP/Nơi Này Có Anh/Nơi Này Có Anh (Remix).mp3
Có Chắc Yêu Là Đây (Onionn Remix Countdown 2021),Sơn Tùng M-TP,Sơn Tùng M-TP,Có Chắc Yêu Là Đây,vpop-mainstream,https://music.youtube.com/watch?v=uLkf3xz0KnU,https://i.ytimg.com/vi/uLkf3xz0KnU/maxresdefault.jpg,Sơn Tùng M-TP/Có Chắc Yêu Là Đây/Có Chắc Yêu Là Đây (Onionn Remix Countdown 2021).mp3
Em Của Ngày Hôm Qua,Sơn Tùng M-TP,Sơn Tùng M-TP,m-tp M-TP,vpop-mainstream,https://music.youtube.com/watch?v=I_U4mU7Dq_4,https://i.ytimg.com/vi/I_U4mU7Dq_4/maxresdefault.jpg,Sơn Tùng M-TP/m-tp M-TP/Em Của Ngày Hôm Qua.mp3
Hãy Trao Cho Anh (Sky Tour 2019),Sơn Tùng M-TP,Sơn Tùng M-TP,Sky Tour,vpop-mainstream,https://music.youtube.com/watch?v=MZXYDBGzlh0,https://i.ytimg.com/vi/MZXYDBGzlh0/maxresdefault.jpg,Sơn Tùng M-TP/Sky Tour/Hãy Trao Cho Anh (Sky Tour 2019).mp3
Em Của Ngày Hôm Qua (Sky Tour 2019),Sơn Tùng M-TP,Sơn Tùng M-TP,Sky Tour,vpop-mainstream,https://music.youtube.com/watch?v=Gml7neJG7MI,https://i.ytimg.com/vi/Gml7neJG7MI/maxresdefault.jpg,Sơn Tùng M-TP/Sky Tour/Em Của Ngày Hôm Qua (Sky Tour 2019).mp3
Chắc Ai Đó Sẽ Về (Sky Tour 2019),Sơn Tùng M-TP,Sơn Tùng M-TP,Sky Tour,vpop-mainstream,https://music.youtube.com/watch?v=8KQUvmXC-xM,https://i.ytimg.com/vi/8KQUvmXC-xM/maxresdefault.jpg,Sơn Tùng M-TP/Sky Tour/Chắc Ai Đó Sẽ Về (Sky Tour 2019).mp3
Sky Tour (Intro),Sơn Tùng M-TP,Sơn Tùng M-TP,Sky Tour,vpop-mainstream,https://music.youtube.com/watch?v=h1UURO6NCIA,https://i.ytimg.com/vi/h1UURO6NCIA/maxresdefault.jpg,Sơn Tùng M-TP/Sky Tour/Sky Tour (Intro).mp3
You Of Yesterday (Khắc Hưng Remix),Sơn Tùng M-TP,Sơn Tùng M-TP,You Of Yesterday,vpop-mainstream,https://music.youtube.com/watch?v=hWWq2yt7a48,https://i.ytimg.com/vi/hWWq2yt7a48/maxresdefault.jpg,Sơn Tùng M-TP/You Of Yesterday/You Of Yesterday (Khắc Hưng Remix).mp3
Chúng Ta Không Thuộc Về Nhau (Sky Tour 2019),Sơn Tùng M-TP,Sơn Tùng M-TP,Sky Tour,vpop-mainstream,https://music.youtube.com/watch?v=d4Vwp8jufxY,https://i.ytimg.com/vi/d4Vwp8jufxY/maxresdefault.jpg,Sơn Tùng M-TP/Sky Tour/Chúng Ta Không Thuộc Về Nhau (Sky Tour 2019).mp3
Chạy Ngay Đi (Sky Tour 2019),Sơn Tùng M-TP,Sơn Tùng M-TP,Sky Tour,vpop-mainstream,https://music.youtube.com/watch?v=ooChRKk673E,https://i.ytimg.com/vi/ooChRKk673E/maxresdefault.jpg,Sơn Tùng M-TP/Sky Tour/Chạy Ngay Đi (Sky Tour 2019).mp3
Tháng Tư Là Lời Nói Dối Của Em,Hà Anh Tuấn,Hà Anh Tuấn,Tháng Tư Là Lời Nói Dối Của Em - EP,vpop-mainstream,https://music.youtube.com/watch?v=zACN_hlO5j0,https://i.ytimg.com/vi/zACN_hlO5j0/maxresdefault.jpg,Hà Anh Tuấn/Tháng Tư Là Lời Nói Dối Của Em - EP/Tháng Tư Là Lời Nói Dối Của Em.mp3
Tháng Mấy Em Nhớ Anh?,Hà Anh Tuấn,Hà Anh Tuấn,Tháng Mấy Em Nhớ Anh?,vpop-mainstream,https://music.youtube.com/watch?v=RHaLpXUSUYk,https://i.ytimg.com/vi/RHaLpXUSUYk/maxresdefault.jpg,Hà Anh Tuấn/Tháng Mấy Em Nhớ Anh?/Tháng Mấy Em Nhớ Anh?.mp3
Hoa Hồng,Hà Anh Tuấn,Hà Anh Tuấn,Hoa Hồng,vpop-mainstream,https://music.youtube.com/watch?v=HkXpRYWG1io,https://i.ytimg.com/vi/HkXpRYWG1io/maxresdefault.jpg,Hà Anh Tuấn/Hoa Hồng/Hoa Hồng.mp3
Người Tình Mùa Đông,Hà Anh Tuấn,Ha Anh Tuan,Qua Cơn Mê,vpop-mainstream,https://music.youtube.com/watch?v=U0tSnrHI2FM,https://i.ytimg.com/vi/U0tSnrHI2FM/maxresdefault.jpg,Hà Anh Tuấn/Qua Cơn Mê/Người Tình Mùa Đông.mp3
Dành Hết Xuân Thì Để Chờ Nhau,Hà Anh Tuấn,"Vũ., Hà Anh Tuấn",Dành Hết Xuân Thì Để Chờ Nhau,vpop-mainstream,https://music.youtube.com/watch?v=lbq4SCtRCKU,https://i.ytimg.com/vi/lbq4SCtRCKU/maxresdefault.jpg,Hà Anh Tuấn/Dành Hết Xuân Thì Để Chờ Nhau/Dành Hết Xuân Thì Để Chờ Nhau.mp3
Liên Khúc: Chỉ Còn Những Mùa Nhớ & Nuối Tiếc (Live in Ninh Bình),Hà Anh Tuấn,Hà Anh Tuấn,SEE SING SHARE 3 (Live in Ninh Bình),vpop-mainstream,https://music.youtube.com/watch?v=CN-pp-yQv9Y,https://i.ytimg.com/vi/CN-pp-yQv9Y/maxresdefault.jpg,Hà Anh Tuấn/SEE SING SHARE 3 (Live in Ninh Bình)/Liên Khúc_ Chỉ Còn Những Mùa Nhớ & Nuối Tiếc (Live in Ninh Bình).mp3
Cơn Mưa Tình Yêu,Hà Anh Tuấn,"Hà Anh Tuấn, Phương Linh",Ngày Hát Đôi,vpop-mainstream,https://music.youtube.com/watch?v=NxVc_Nezf9M,https://i.ytimg.com/vi/NxVc_Nezf9M/maxresdefault.jpg,Hà Anh Tuấn/Ngày Hát Đôi/Cơn Mưa Tình Yêu.mp3
Người Con Gái Ta Thương,Hà Anh Tuấn,Hà Anh Tuấn,Tháng Tư Là Lời Nói Dối Của Em - EP,vpop-mainstream,https://music.youtube.com/watch?v=Zx0gXErBBoE,https://i.ytimg.com/vi/Zx0gXErBBoE/maxresdefault.jpg,Hà Anh Tuấn/Tháng Tư Là Lời Nói Dối Của Em - EP/Người Con Gái Ta Thương.mp3
Xuân Thì,Hà Anh Tuấn,Hà Anh Tuấn,Truyện Ngắn,vpop-mainstream,https://music.youtube.com/watch?v=yoQXAyxLj0Q,https://i.ytimg.com/vi/yoQXAyxLj0Q/maxresdefault.jpg,Hà Anh Tuấn/Truyện Ngắn/Xuân Thì.mp3
Trái Tim Em Cũng Biết Đau (Live in DÀ LAT),Hà Anh Tuấn,Hà Anh Tuấn,SEE SING SHARE 2 (Live in DÀ LAT),vpop-mainstream,https://music.youtube.com/watch?v=2S7CPUltkeU,https://i.ytimg.com/vi/2S7CPUltkeU/maxresdefault.jpg,Hà Anh Tuấn/SEE SING SHARE 2 (Live in DÀ LAT)/Trái Tim Em Cũng Biết Đau (Live in DÀ LAT).mp3
Mình yêu nhau yêu nhau bình yên thôi,Hà Anh Tuấn,"Đinh Hương, Hà Anh Tuấn",Mình yêu nhau yêu nhau bình yên thôi,vpop-mainstream,https://music.youtube.com/watch?v=Mg1Pg31upos,https://i.ytimg.com/vi/Mg1Pg31upos/maxresdefault.jpg,Hà Anh Tuấn/Mình yêu nhau yêu nhau bình yên thôi/Mình yêu nhau yêu nhau bình yên thôi.mp3
Qua Dem Nay - Ha Anh Tuan ft Phuong Linh,Hà Anh Tuấn,Ha Anh Tuan - Phuog Linh,Anh Yeu Em,vpop-mainstream,https://music.youtube.com/watch?v=uaGg7yxUFyM,https://i.ytimg.com/vi/uaGg7yxUFyM/maxresdefault.jpg,Hà Anh Tuấn/Anh Yeu Em/Qua Dem Nay - Ha Anh Tuan ft Phuong Linh.mp3
Một Lời Hứa,Hà Anh Tuấn,Hà Anh Tuấn,Một Lời Hứa,vpop-mainstream,https://music.youtube.com/watch?v=k7rfRsVCxPY,https://i.ytimg.com/vi/k7rfRsVCxPY/maxresdefault.jpg,Hà Anh Tuấn/Một Lời Hứa/Một Lời Hứa.mp3
Một Năm Qua,Hà Anh Tuấn,Hà Anh Tuấn,Một Năm Qua,vpop-mainstream,https://music.youtube.com/watch?v=vXOaPY0o-gU,https://i.ytimg.com/vi/vXOaPY0o-gU/maxresdefault.jpg,Hà Anh Tuấn/Một Năm Qua/Một Năm Qua.mp3
Em,Hà Anh Tuấn,Hà Anh Tuấn,Sketch A Rose,vpop-mainstream,https://music.youtube.com/watch?v=xHvPPtOiJg4,https://i.ytimg.com/vi/xHvPPtOiJg4/maxresdefault.jpg,Hà Anh Tuấn/Sketch A Rose/Em.mp3
Nếu Như,Hà Anh Tuấn,Ha Anh Tuan,Qua Cơn Mê,vpop-mainstream,https://music.youtube.com/watch?v=fYDvVh-V6Tk,https://i.ytimg.com/vi/fYDvVh-V6Tk/maxresdefault.jpg,Hà Anh Tuấn/Qua Cơn Mê/Nếu Như.mp3
Phố Mùa Đông,Hà Anh Tuấn,Ha Anh Tuan,Qua Cơn Mê,vpop-mainstream,https://music.youtube.com/watch?v=anbaA25JMug,https://i.ytimg.com/vi/anbaA25JMug/maxresdefault.jpg,Hà Anh Tuấn/Qua Cơn Mê/Phố Mùa Đông.mp3
Qua Dem Nay Instrumental - Ha Anh Tuan ft Phuong Linh,Hà Anh Tuấn,Ha Anh Tuan - Phuog Linh,Anh Yeu Em,vpop-mainstream,https://music.youtube.com/watch?v=aMRwDbTxmBg,https://i.ytimg.com/vi/aMRwDbTxmBg/maxresdefault.jpg,Hà Anh Tuấn/Anh Yeu Em/Qua Dem Nay Instrumental - Ha Anh Tuan ft Phuong Linh.mp3
Giấc Mơ Chỉ Là Giấc Mơ,Hà Anh Tuấn,Ha Anh Tuan,Đi Đâu Để Thấy Hoa Bay,vpop-mainstream,https://music.youtube.com/watch?v=6dSIJiZTL10,https://i.ytimg.com/vi/6dSIJiZTL10/maxresdefault.jpg,Hà Anh Tuấn/Đi Đâu Để Thấy Hoa Bay/Giấc Mơ Chỉ Là Giấc Mơ.mp3
"Dear, Memory (Ký Ức Hoa Hồng)",Hà Anh Tuấn,"Hà Anh Tuấn, Yiruma","Dear, Memory (Ký Ức Hoa Hồng)",vpop-mainstream,https://music.youtube.com/watch?v=6I_XGIfEI9U,https://i.ytimg.com/vi/6I_XGIfEI9U/maxresdefault.jpg,"Hà Anh Tuấn/Dear, Memory (Ký Ức Hoa Hồng)/Dear, Memory (Ký Ức Hoa Hồng).mp3"
Thương Em,Hà Anh Tuấn,Hà Anh Tuấn,Truyện Ngắn,vpop-mainstream,https://music.youtube.com/watch?v=Ld2cufd6SPY,https://i.ytimg.com/vi/Ld2cufd6SPY/maxresdefault.jpg,Hà Anh Tuấn/Truyện Ngắn/Thương Em.mp3
Sao Em Nỡ Vội Lấy Chồng,Hà Anh Tuấn,Ha Anh Tuan,Sao Em Nỡ Vội Lấy Chồng,vpop-mainstream,https://music.youtube.com/watch?v=L0LQkeII90Q,https://i.ytimg.com/vi/L0LQkeII90Q/maxresdefault.jpg,Hà Anh Tuấn/Sao Em Nỡ Vội Lấy Chồng/Sao Em Nỡ Vội Lấy Chồng.mp3
Tôi Vẫn Đợi Em Nơi Hẹn Cũ,Hà Anh Tuấn,"Hà Anh Tuấn, Tuấn Ngọc",Những Vết Thương Lành,vpop-mainstream,https://music.youtube.com/watch?v=n95r5cXW6JU,https://i.ytimg.com/vi/n95r5cXW6JU/maxresdefault.jpg,Hà Anh Tuấn/Những Vết Thương Lành/Tôi Vẫn Đợi Em Nơi Hẹn Cũ.mp3
Em Về Tinh Khôi (feat. Mỹ Tâm),Hà Anh Tuấn,"Ha Anh Tuan, Mỹ Tâm",Em Về Tinh Khôi,vpop-mainstream,https://music.youtube.com/watch?v=VKK8ztnsPa4,https://i.ytimg.com/vi/VKK8ztnsPa4/maxresdefault.jpg,Hà Anh Tuấn/Em Về Tinh Khôi/Em Về Tinh Khôi (feat. Mỹ Tâm).mp3
Đến Cùng Tận,Hà Anh Tuấn,Hà Anh Tuấn,Những Vết Thương Lành,vpop-mainstream,https://music.youtube.com/watch?v=8c-1RE_cmLI,https://i.ytimg.com/vi/8c-1RE_cmLI/maxresdefault.jpg,Hà Anh Tuấn/Những Vết Thương Lành/Đến Cùng Tận.mp3
Một Mình Một Sớm Ban Mai,Hà Anh Tuấn,Hà Anh Tuấn,Những Vết Thương Lành,vpop-mainstream,https://music.youtube.com/watch?v=n6PRCHM5jTg,https://i.ytimg.com/vi/n6PRCHM5jTg/maxresdefault.jpg,Hà Anh Tuấn/Những Vết Thương Lành/Một Mình Một Sớm Ban Mai.mp3
Vẹn Nguyên,Hà Anh Tuấn,Hà Anh Tuấn,Sketch A Rose,vpop-mainstream,https://music.youtube.com/watch?v=proN5mtEj40,https://i.ytimg.com/vi/proN5mtEj40/maxresdefault.jpg,Hà Anh Tuấn/Sketch A Rose/Vẹn Nguyên.mp3
"Lk Sao Em Nỡ Vội Lấy Chồng &Tùy Hứng Lý Qua Cầu, Pt. 1",Hà Anh Tuấn,Ha Anh Tuan,Khúc Hát Chim Trời,vpop-mainstream,https://music.youtube.com/watch?v=86m5xyp75Co,https://i.ytimg.com/vi/86m5xyp75Co/maxresdefault.jpg,"Hà Anh Tuấn/Khúc Hát Chim Trời/Lk Sao Em Nỡ Vội Lấy Chồng &Tùy Hứng Lý Qua Cầu, Pt. 1.mp3"
Tuyết Rơi Mùa Hè,Hà Anh Tuấn,Hà Anh Tuấn,Ngày Hát Đôi (feat. Phượng Linh),vpop-mainstream,https://music.youtube.com/watch?v=pTh3KCD7Euc,https://i.ytimg.com/vi/pTh3KCD7Euc/maxresdefault.jpg,Hà Anh Tuấn/Ngày Hát Đôi (feat. Phượng Linh)/Tuyết Rơi Mùa Hè.mp3
Cứ Thế,Hà Anh Tuấn,Hà Anh Tuấn,Tháng Tư Là Lời Nói Dối Của Em - EP,vpop-mainstream,https://music.youtube.com/watch?v=mIc1c4olrKw,https://i.ytimg.com/vi/mIc1c4olrKw/maxresdefault.jpg,Hà Anh Tuấn/Tháng Tư Là Lời Nói Dối Của Em - EP/Cứ Thế.mp3
Thành Phố Sương,Hà Anh Tuấn,Hà Anh Tuấn,Những Vết Thương Lành,vpop-mainstream,https://music.youtube.com/watch?v=p4fYNLKAAss,https://i.ytimg.com/vi/p4fYNLKAAss/maxresdefault.jpg,Hà Anh Tuấn/Những Vết Thương Lành/Thành Phố Sương.mp3
Có Chàng Trai Viết Lên Cây,Hà Anh Tuấn,Hà Anh Tuấn,Truyện Ngắn,vpop-mainstream,https://music.youtube.com/watch?v=xAe3DWOso4g,https://i.ytimg.com/vi/xAe3DWOso4g/maxresdefault.jpg,Hà Anh Tuấn/Truyện Ngắn/Có Chàng Trai Viết Lên Cây.mp3
Tùy Hứng Lý Qua Cầu,Hà Anh Tuấn,Ha Anh Tuan,Tùy Hứng Lý Qua Cầu,vpop-mainstream,https://music.youtube.com/watch?v=D7QFWdwyy-I,https://i.ytimg.com/vi/D7QFWdwyy-I/maxresdefault.jpg,Hà Anh Tuấn/Tùy Hứng Lý Qua Cầu/Tùy Hứng Lý Qua Cầu.mp3
Thiên Đường Gọi Tên,Hà Anh Tuấn,"Hà Anh Tuấn, Phương Linh",Ngày Hát Đôi (feat. Phượng Linh),vpop-mainstream,https://music.youtube.com/watch?v=IEq_ykIKoBc,https://i.ytimg.com/vi/IEq_ykIKoBc/maxresdefault.jpg,Hà Anh Tuấn/Ngày Hát Đôi (feat. Phượng Linh)/Thiên Đường Gọi Tên.mp3
Hà Anh Tuấn x Oplus | Lạc,Hà Anh Tuấn,"Hà Anh Tuấn, Oplus",Vài Lần Đón Đưa,vpop-mainstream,https://music.youtube.com/watch?v=xVpJXwBV0OE,https://i.ytimg.com/vi/xVpJXwBV0OE/maxresdefault.jpg,Hà Anh Tuấn/Vài Lần Đón Đưa/Hà Anh Tuấn x Oplus _ Lạc.mp3
Cô Gái Và Cây Dương Cầm,Hà Anh Tuấn,Hà Anh Tuấn,Truyện Ngắn,vpop-mainstream,https://music.youtube.com/watch?v=uV1eaGATNUE,https://i.ytimg.com/vi/uV1eaGATNUE/maxresdefault.jpg,Hà Anh Tuấn/Truyện Ngắn/Cô Gái Và Cây Dương Cầm.mp3
Nơi Ấy Bình Yên,Hà Anh Tuấn,Ha Anh Tuan,Qua Cơn Mê,vpop-mainstream,https://music.youtube.com/watch?v=o0UddznPEMs,https://i.ytimg.com/vi/o0UddznPEMs/maxresdefault.jpg,Hà Anh Tuấn/Qua Cơn Mê/Nơi Ấy Bình Yên.mp3
Tái Bút Anh Yêu Em,Hà Anh Tuấn,Hà Anh Tuấn,Fragile,vpop-mainstream,https://music.youtube.com/watch?v=kbUP3CTC2Wg,https://i.ytimg.com/vi/kbUP3CTC2Wg/maxresdefault.jpg,Hà Anh Tuấn/Fragile/Tái Bút Anh Yêu Em.mp3
Liên Khúc: Tuyết Rơi Mùa Hè & Chân Tình (Live in Sài Gòn),Hà Anh Tuấn,Hà Anh Tuấn,SEE SING SHARE 1,vpop-mainstream,https://music.youtube.com/watch?v=yLks2Ty2MkU,https://i.ytimg.com/vi/yLks2Ty2MkU/maxresdefault.jpg,Hà Anh Tuấn/SEE SING SHARE 1/Liên Khúc_ Tuyết Rơi Mùa Hè & Chân Tình (Live in Sài Gòn).mp3
Thành Phố Buồn,Hà Anh Tuấn,Ha Anh Tuan,Thành Phố Buồn,vpop-mainstream,https://music.youtube.com/watch?v=TjDNQmMaENw,https://i.ytimg.com/vi/TjDNQmMaENw/maxresdefault.jpg,Hà Anh Tuấn/Thành Phố Buồn/Thành Phố Buồn.mp3
Ngỡ Như,Hà Anh Tuấn,Hà Anh Tuấn,Những Vết Thương Lành,vpop-mainstream,https://music.youtube.com/watch?v=QJ1NvIudMOw,https://i.ytimg.com/vi/QJ1NvIudMOw/maxresdefault.jpg,Hà Anh Tuấn/Những Vết Thương Lành/Ngỡ Như.mp3
Em À,Hà Anh Tuấn,Ha Anh Tuan,Đi Đâu Để Thấy Hoa Bay,vpop-mainstream,https://music.youtube.com/watch?v=hhbBYidRdpg,https://i.ytimg.com/vi/hhbBYidRdpg/maxresdefault.jpg,Hà Anh Tuấn/Đi Đâu Để Thấy Hoa Bay/Em À.mp3
Đi Đâu Để Thấy Hoa Bay,Hà Anh Tuấn,Ha Anh Tuan,Đi Đâu Để Thấy Hoa Bay,vpop-mainstream,https://music.youtube.com/watch?v=6ViVEzcG7pc,https://i.ytimg.com/vi/6ViVEzcG7pc/maxresdefault.jpg,Hà Anh Tuấn/Đi Đâu Để Thấy Hoa Bay/Đi Đâu Để Thấy Hoa Bay.mp3
An,Hà Anh Tuấn,Hà Anh Tuấn,Truyện Ngắn,vpop-mainstream,https://music.youtube.com/watch?v=rvPKYIOGCQA,https://i.ytimg.com/vi/rvPKYIOGCQA/maxresdefault.jpg,Hà Anh Tuấn/Truyện Ngắn/An.mp3
Tháng Tư Là Lời Nói Dối Của Em,Hà Anh Tuấn,Hà Anh Tuấn,Chân Trời Rực Rỡ,vpop-mainstream,https://music.youtube.com/watch?v=QYpN2AxygXk,https://i.ytimg.com/vi/QYpN2AxygXk/maxresdefault.jpg,Hà Anh Tuấn/Chân Trời Rực Rỡ/Tháng Tư Là Lời Nói Dối Của Em.mp3
Hà Anh Tuấn | Tình Thôi Xót Xa,Hà Anh Tuấn,Hà Anh Tuấn,Vài Lần Đón Đưa,vpop-mainstream,https://music.youtube.com/watch?v=D6TD6IchIMM,https://i.ytimg.com/vi/D6TD6IchIMM/maxresdefault.jpg,Hà Anh Tuấn/Vài Lần Đón Đưa/Hà Anh Tuấn _ Tình Thôi Xót Xa.mp3
Hoàng Hôn Tháng Tám,Hà Anh Tuấn,Ha Anh Tuan,Khúc Hát Chim Trời,vpop-mainstream,https://music.youtube.com/watch?v=Od5WRnPvCgE,https://i.ytimg.com/vi/Od5WRnPvCgE/maxresdefault.jpg,Hà Anh Tuấn/Khúc Hát Chim Trời/Hoàng Hôn Tháng Tám.mp3
Dù Tình Phôi Pha,Hà Anh Tuấn,"Hà Anh Tuấn, Hồ Ngọc Hà",Gala Nhạc Việt 4,vpop-mainstream,https://music.youtube.com/watch?v=RsqR_-SxFFs,https://i.ytimg.com/vi/RsqR_-SxFFs/maxresdefault.jpg,Hà Anh Tuấn/Gala Nhạc Việt 4/Dù Tình Phôi Pha.mp3
Qua Cơn Mê,Hà Anh Tuấn,Ha Anh Tuan,Qua Cơn Mê,vpop-mainstream,https://music.youtube.com/watch?v=rNz1Aq7Nqk4,https://i.ytimg.com/vi/rNz1Aq7Nqk4/maxresdefault.jpg,Hà Anh Tuấn/Qua Cơn Mê/Qua Cơn Mê.mp3
Lời Từ Biệt,Hà Anh Tuấn,Hà Anh Tuấn,Những Vết Thương Lành,vpop-mainstream,https://music.youtube.com/watch?v=Pb7VGm3gzxA,https://i.ytimg.com/vi/Pb7VGm3gzxA/maxresdefault.jpg,Hà Anh Tuấn/Những Vết Thương Lành/Lời Từ Biệt.mp3
Cause I Love You,Noo Phước Thịnh,Noo Phước Thịnh,Cause I Love You,vpop-mainstream,https://music.youtube.com/watch?v=S9svLQyQnv8,https://i.ytimg.com/vi/S9svLQyQnv8/maxresdefault.jpg,Noo Phước Thịnh/Cause I Love You/Cause I Love You.mp3
Thương Em Là Điều Anh Không Thể Ngờ,Noo Phước Thịnh,Noo Phước Thịnh,Thương Em Là Điều Anh Không Thể Ngờ,vpop-mainstream,https://music.youtube.com/watch?v=TFIKZNwx_qY,https://i.ytimg.com/vi/TFIKZNwx_qY/maxresdefault.jpg,Noo Phước Thịnh/Thương Em Là Điều Anh Không Thể Ngờ/Thương Em Là Điều Anh Không Thể Ngờ.mp3
Chạm Khẽ Tim Anh Một Chút Thôi,Noo Phước Thịnh,Noo Phước Thịnh,Chạm Khẽ Tim Anh Một Chút Thôi,vpop-mainstream,https://music.youtube.com/watch?v=vAtLz_-MtKo,https://i.ytimg.com/vi/vAtLz_-MtKo/maxresdefault.jpg,Noo Phước Thịnh/Chạm Khẽ Tim Anh Một Chút Thôi/Chạm Khẽ Tim Anh Một Chút Thôi.mp3
Chờ Ngày Mưa Tan,Noo Phước Thịnh,Noo Phước Thịnh,Chờ Ngày Mưa Tạnh,vpop-mainstream,https://music.youtube.com/watch?v=4uiInycCzSM,https://i.ytimg.com/vi/4uiInycCzSM/maxresdefault.jpg,Noo Phước Thịnh/Chờ Ngày Mưa Tạnh/Chờ Ngày Mưa Tan.mp3
Mãi Mãi Bên Nhau,Noo Phước Thịnh,Noo Phước Thịnh,Mãi Mãi Bên Nhau,vpop-mainstream,https://music.youtube.com/watch?v=mMIbSQpMfA4,https://i.ytimg.com/vi/mMIbSQpMfA4/maxresdefault.jpg,Noo Phước Thịnh/Mãi Mãi Bên Nhau/Mãi Mãi Bên Nhau.mp3
Định Mệnh (feat. Hoàng Tử Rồng),Noo Phước Thịnh,"The Masked Singer, Noo Phước Thịnh",Bán Kết: The Masked Singer Vietnam,vpop-mainstream,https://music.youtube.com/watch?v=zrlrSXlPfaE,https://i.ytimg.com/vi/zrlrSXlPfaE/maxresdefault.jpg,Noo Phước Thịnh/Bán Kết_ The Masked Singer Vietnam/Định Mệnh (feat. Hoàng Tử Rồng).mp3
Gạt Đi Nước Mắt,Noo Phước Thịnh,"Noo Phước Thịnh, Tonny Việt",Gạt Đi Nước Mắt,vpop-mainstream,https://music.youtube.com/watch?v=CYzT1qO2wOw,https://i.ytimg.com/vi/CYzT1qO2wOw/maxresdefault.jpg,Noo Phước Thịnh/Gạt Đi Nước Mắt/Gạt Đi Nước Mắt.mp3
Như Phút Ban Đầu,Noo Phước Thịnh,Noo Phước Thịnh,Như Phút Ban Đầu,vpop-mainstream,https://music.youtube.com/watch?v=Ol32Bhm9yDU,https://i.ytimg.com/vi/Ol32Bhm9yDU/maxresdefault.jpg,Noo Phước Thịnh/Như Phút Ban Đầu/Như Phút Ban Đầu.mp3
Em Đã Thương Người Ta Hơn Anh (Live from Noo's Chill Night 1),Noo Phước Thịnh,Noo Phước Thịnh,Noo’s Chill Night 01,vpop-mainstream,https://music.youtube.com/watch?v=enZdIFJz9-A,https://i.ytimg.com/vi/enZdIFJz9-A/maxresdefault.jpg,Noo Phước Thịnh/Noo’s Chill Night 01/Em Đã Thương Người Ta Hơn Anh (Live from Noo's Chill Night 1).mp3
Yêu Một Người Sao Buồn Đến Thế (Live from Noo's Chill Night 2),Noo Phước Thịnh,Noo Phước Thịnh,Noo’s Chill Night 02,vpop-mainstream,https://music.youtube.com/watch?v=Q22xoCE3pOs,https://i.ytimg.com/vi/Q22xoCE3pOs/maxresdefault.jpg,Noo Phước Thịnh/Noo’s Chill Night 02/Yêu Một Người Sao Buồn Đến Thế (Live from Noo's Chill Night 2).mp3
Yêu Một Người Sao Buồn Đến Thế,Noo Phước Thịnh,Noo Phước Thịnh,Yêu Một Người Sao Buồn Đến Thế,vpop-mainstream,https://music.youtube.com/watch?v=0XngZk5gBzE,https://i.ytimg.com/vi/0XngZk5gBzE/maxresdefault.jpg,Noo Phước Thịnh/Yêu Một Người Sao Buồn Đến Thế/Yêu Một Người Sao Buồn Đến Thế.mp3
Những Kẻ Mộng Mơ,Noo Phước Thịnh,Noo Phước Thịnh,Những Kẻ Mộng Mơ,vpop-mainstream,https://music.youtube.com/watch?v=NHqo1v0sa_U,https://i.ytimg.com/vi/NHqo1v0sa_U/maxresdefault.jpg,Noo Phước Thịnh/Những Kẻ Mộng Mơ/Những Kẻ Mộng Mơ.mp3
Khổ Quá Thì Về Mẹ Nuôi,Noo Phước Thịnh,"Noo Phước Thịnh, Phát Huy T4",Khổ Quá Thì Về Mẹ Nuôi,vpop-mainstream,https://music.youtube.com/watch?v=nd-VeGZ1wnw,https://i.ytimg.com/vi/nd-VeGZ1wnw/maxresdefault.jpg,Noo Phước Thịnh/Khổ Quá Thì Về Mẹ Nuôi/Khổ Quá Thì Về Mẹ Nuôi.mp3
Giá Như (Live from Noo's Chill Night 1),Noo Phước Thịnh,Noo Phước Thịnh,Noo’s Chill Night 01,vpop-mainstream,https://music.youtube.com/watch?v=IU7NvV43x70,https://i.ytimg.com/vi/IU7NvV43x70/maxresdefault.jpg,Noo Phước Thịnh/Noo’s Chill Night 01/Giá Như (Live from Noo's Chill Night 1).mp3
Yêu Phải Như Vậy,Noo Phước Thịnh,"Noo Phước Thịnh, Làn Sóng Xanh, Châu Đăng Khoa",Yêu Phải Như Vậy,vpop-mainstream,https://music.youtube.com/watch?v=fMjw2jfuj1A,https://i.ytimg.com/vi/fMjw2jfuj1A/maxresdefault.jpg,Noo Phước Thịnh/Yêu Phải Như Vậy/Yêu Phải Như Vậy.mp3
Lặng Thầm,Noo Phước Thịnh,Noo Phước Thịnh,Ba Chấm,vpop-mainstream,https://music.youtube.com/watch?v=di7QnvDUOTM,https://i.ytimg.com/vi/di7QnvDUOTM/maxresdefault.jpg,Noo Phước Thịnh/Ba Chấm/Lặng Thầm.mp3
Người Bình Thản Kẻ Nặng Lòng,Noo Phước Thịnh,Noo Phước Thịnh,Người Bình Thản Kẻ Nặng Lòng,vpop-mainstream,https://music.youtube.com/watch?v=ev2C-Wg5T-8,https://i.ytimg.com/vi/ev2C-Wg5T-8/maxresdefault.jpg,Noo Phước Thịnh/Người Bình Thản Kẻ Nặng Lòng/Người Bình Thản Kẻ Nặng Lòng.mp3
Thương Em Là Điều Anh Không Thể Ngờ (Live from Noo's Chill Night 1),Noo Phước Thịnh,Noo Phước Thịnh,Noo’s Chill Night 01,vpop-mainstream,https://music.youtube.com/watch?v=pBQ1t7Y9pvc,https://i.ytimg.com/vi/pBQ1t7Y9pvc/maxresdefault.jpg,Noo Phước Thịnh/Noo’s Chill Night 01/Thương Em Là Điều Anh Không Thể Ngờ (Live from Noo's Chill Night 1).mp3
Biệt Ly,Noo Phước Thịnh,Noo Phước Thịnh,Ba Chấm,vpop-mainstream,https://music.youtube.com/watch?v=1R8b3nNnRMs,https://i.ytimg.com/vi/1R8b3nNnRMs/maxresdefault.jpg,Noo Phước Thịnh/Ba Chấm/Biệt Ly.mp3
Thương Mấy Cũng Là Người Dưng,Noo Phước Thịnh,Noo Phước Thịnh,Thương Mấy Cũng Là Người Dưng,vpop-mainstream,https://music.youtube.com/watch?v=k_N_lj_TmWk,https://i.ytimg.com/vi/k_N_lj_TmWk/maxresdefault.jpg,Noo Phước Thịnh/Thương Mấy Cũng Là Người Dưng/Thương Mấy Cũng Là Người Dưng.mp3
Giá Như,Noo Phước Thịnh,Noo Phước Thịnh,Noo Phước Thịnh Tuyển Tập,vpop-mainstream,https://music.youtube.com/watch?v=Jxzuz1SeO5I,https://i.ytimg.com/vi/Jxzuz1SeO5I/maxresdefault.jpg,Noo Phước Thịnh/Noo Phước Thịnh Tuyển Tập/Giá Như.mp3
NGƯỜI BÌNH THẢN KẺ NẶNG LÒNG,Noo Phước Thịnh,Noo Phước Thịnh,NGƯỜI BÌNH THẢN KẺ NẶNG LÒNG,vpop-mainstream,https://music.youtube.com/watch?v=UF-xEf5AXPA,https://i.ytimg.com/vi/UF-xEf5AXPA/maxresdefault.jpg,Noo Phước Thịnh/NGƯỜI BÌNH THẢN KẺ NẶNG LÒNG/NGƯỜI BÌNH THẢN KẺ NẶNG LÒNG.mp3
Chờ Ngày Mưa Tan,Noo Phước Thịnh,"Noo Phước Thịnh, Tonny Việt",Chờ Ngày Mưa Tan,vpop-mainstream,https://music.youtube.com/watch?v=Te7mFkMFIkk,https://i.ytimg.com/vi/Te7mFkMFIkk/maxresdefault.jpg,Noo Phước Thịnh/Chờ Ngày Mưa Tan/Chờ Ngày Mưa Tan.mp3
Noo Phước Thịnh | Cả Một Trời Thương Nhớ,Noo Phước Thịnh,Noo Phước Thịnh,Cả Một Trời Thương Nhớ,vpop-mainstream,https://music.youtube.com/watch?v=kP1l8r83az4,https://i.ytimg.com/vi/kP1l8r83az4/maxresdefault.jpg,Noo Phước Thịnh/Cả Một Trời Thương Nhớ/Noo Phước Thịnh _ Cả Một Trời Thương Nhớ.mp3
Xa Em,Noo Phước Thịnh,Noo Phước Thịnh,Em,vpop-mainstream,https://music.youtube.com/watch?v=L0Bwuhe8Bvo,https://i.ytimg.com/vi/L0Bwuhe8Bvo/maxresdefault.jpg,Noo Phước Thịnh/Em/Xa Em.mp3
Em Đã Thương Người Ta Hơn Anh,Noo Phước Thịnh,Noo Phước Thịnh,Em Đã Thương Người Ta Hơn Anh,vpop-mainstream,https://music.youtube.com/watch?v=kXZTANwQRl4,https://i.ytimg.com/vi/kXZTANwQRl4/maxresdefault.jpg,Noo Phước Thịnh/Em Đã Thương Người Ta Hơn Anh/Em Đã Thương Người Ta Hơn Anh.mp3
Chợt Thấy Em Khóc (Live from Noo's Chill Night 2),Noo Phước Thịnh,Noo Phước Thịnh,Noo’s Chill Night 02,vpop-mainstream,https://music.youtube.com/watch?v=YvutXTz1CqA,https://i.ytimg.com/vi/YvutXTz1CqA/maxresdefault.jpg,Noo Phước Thịnh/Noo’s Chill Night 02/Chợt Thấy Em Khóc (Live from Noo's Chill Night 2).mp3
Một Vòng Việt Nam,Noo Phước Thịnh,Noo Phước Thịnh,Một Vòng Việt Nam,vpop-mainstream,https://music.youtube.com/watch?v=Eha3rrbfE2w,https://i.ytimg.com/vi/Eha3rrbfE2w/maxresdefault.jpg,Noo Phước Thịnh/Một Vòng Việt Nam/Một Vòng Việt Nam.mp3
Đổi Thay,Noo Phước Thịnh,Noo Phước Thịnh,Noo Phước Thịnh Tuyển Tập,vpop-mainstream,https://music.youtube.com/watch?v=nJdaAIZfHkM,https://i.ytimg.com/vi/nJdaAIZfHkM/maxresdefault.jpg,Noo Phước Thịnh/Noo Phước Thịnh Tuyển Tập/Đổi Thay.mp3
Nỗi Nhớ Đầy Vơi,Noo Phước Thịnh,"Hồ Ngọc Hà, Noo Phước Thịnh",Nỗi Nhớ Đầy Vơi,vpop-mainstream,https://music.youtube.com/watch?v=xV68hizRxE8,https://i.ytimg.com/vi/xV68hizRxE8/maxresdefault.jpg,Noo Phước Thịnh/Nỗi Nhớ Đầy Vơi/Nỗi Nhớ Đầy Vơi.mp3
Thương Mấy Cũng Là Người Dưng (Live from Noo's Chill Night 1),Noo Phước Thịnh,Noo Phước Thịnh,Noo’s Chill Night 01,vpop-mainstream,https://music.youtube.com/watch?v=5zBUpkiPMgI,https://i.ytimg.com/vi/5zBUpkiPMgI/maxresdefault.jpg,Noo Phước Thịnh/Noo’s Chill Night 01/Thương Mấy Cũng Là Người Dưng (Live from Noo's Chill Night 1).mp3
Xin Lỗi Em,Noo Phước Thịnh,Noo Phước Thịnh,Xin Lỗi Em,vpop-mainstream,https://music.youtube.com/watch?v=wH5CEFJ13Bw,https://i.ytimg.com/vi/wH5CEFJ13Bw/maxresdefault.jpg,Noo Phước Thịnh/Xin Lỗi Em/Xin Lỗi Em.mp3
I'm Still Loving You,Noo Phước Thịnh,Noo Phước Thịnh,I'm Still Loving You,vpop-mainstream,https://music.youtube.com/watch?v=3V0bDJxfvdc,https://i.ytimg.com/vi/3V0bDJxfvdc/maxresdefault.jpg,Noo Phước Thịnh/I'm Still Loving You/I'm Still Loving You.mp3
Xin Lỗi Em (Live from Noo's Chill Night 2),Noo Phước Thịnh,Noo Phước Thịnh,Noo’s Chill Night 02,vpop-mainstream,https://music.youtube.com/watch?v=PBC3hWiWMdQ,https://i.ytimg.com/vi/PBC3hWiWMdQ/maxresdefault.jpg,Noo Phước Thịnh/Noo’s Chill Night 02/Xin Lỗi Em (Live from Noo's Chill Night 2).mp3
Nếu,Noo Phước Thịnh,Noo Phước Thịnh,Ba Chấm,vpop-mainstream,https://music.youtube.com/watch?v=i2JZoglOsQs,https://i.ytimg.com/vi/i2JZoglOsQs/maxresdefault.jpg,Noo Phước Thịnh/Ba Chấm/Nếu.mp3
Mashup Giận Lòng - Xa Em (Live from Noo's Chill Night 1),Noo Phước Thịnh,"Noo Phước Thịnh, Đông Nhi",Noo’s Chill Night 01,vpop-mainstream,https://music.youtube.com/watch?v=tO607PwG1Z4,https://i.ytimg.com/vi/tO607PwG1Z4/maxresdefault.jpg,Noo Phước Thịnh/Noo’s Chill Night 01/Mashup Giận Lòng - Xa Em (Live from Noo's Chill Night 1).mp3
Mất Em,Noo Phước Thịnh,Noo Phước Thịnh,Tuyển Chọn Noo Phước Thịnh,vpop-mainstream,https://music.youtube.com/watch?v=sfRinQmBAWk,https://i.ytimg.com/vi/sfRinQmBAWk/maxresdefault.jpg,Noo Phước Thịnh/Tuyển Chọn Noo Phước Thịnh/Mất Em.mp3
Năm Qua Đã Làm Gì,Noo Phước Thịnh,"Noo Phước Thịnh, Bùi Công Nam",Gala Nhạc Việt 15 - Năm Mới Bình An,vpop-mainstream,https://music.youtube.com/watch?v=3hQqmqlXPEI,https://i.ytimg.com/vi/3hQqmqlXPEI/maxresdefault.jpg,Noo Phước Thịnh/Gala Nhạc Việt 15 - Năm Mới Bình An/Năm Qua Đã Làm Gì.mp3
100% Yêu Em,Noo Phước Thịnh,Noo Phước Thịnh,Noo Phước Thịnh Tuyển Tập,vpop-mainstream,https://music.youtube.com/watch?v=esAJ7x_Zue8,https://i.ytimg.com/vi/esAJ7x_Zue8/maxresdefault.jpg,Noo Phước Thịnh/Noo Phước Thịnh Tuyển Tập/100% Yêu Em.mp3
Hạnh Phúc Thoáng Qua,Noo Phước Thịnh,Noo Phước Thịnh,Noo Phước Thịnh Tuyển Tập,vpop-mainstream,https://music.youtube.com/watch?v=_FRM_n_vJ-8,https://i.ytimg.com/vi/_FRM_n_vJ-8/maxresdefault.jpg,Noo Phước Thịnh/Noo Phước Thịnh Tuyển Tập/Hạnh Phúc Thoáng Qua.mp3
Định Mệnh,Noo Phước Thịnh,Noo Phước Thịnh,Định Mệnh,vpop-mainstream,https://music.youtube.com/watch?v=B253H2kQWWQ,https://i.ytimg.com/vi/B253H2kQWWQ/maxresdefault.jpg,Noo Phước Thịnh/Định Mệnh/Định Mệnh.mp3
Mashup Mãi Mãi Bên Nhau - Như Phút Ban Đầu (Live from Noo's Chill Night 3),Noo Phước Thịnh,Noo Phước Thịnh,Noo’s Chill Night 03,vpop-mainstream,https://music.youtube.com/watch?v=fZ6wf2lkDms,https://i.ytimg.com/vi/fZ6wf2lkDms/maxresdefault.jpg,Noo Phước Thịnh/Noo’s Chill Night 03/Mashup Mãi Mãi Bên Nhau - Như Phút Ban Đầu (Live from Noo's Chill Night 3).mp3
Really Love You,Noo Phước Thịnh,Noo Phước Thịnh,Really Love You,vpop-mainstream,https://music.youtube.com/watch?v=dlbDzeFDW4g,https://i.ytimg.com/vi/dlbDzeFDW4g/maxresdefault.jpg,Noo Phước Thịnh/Really Love You/Really Love You.mp3
Như Vậy Mãi Thôi,Noo Phước Thịnh,Noo Phước Thịnh,Như Vậy Mãi Thôi,vpop-mainstream,https://music.youtube.com/watch?v=ePudPexnEiQ,https://i.ytimg.com/vi/ePudPexnEiQ/maxresdefault.jpg,Noo Phước Thịnh/Như Vậy Mãi Thôi/Như Vậy Mãi Thôi.mp3
Chợt Thấy Em Khóc,Noo Phước Thịnh,Noo Phước Thịnh,Noo Phước Thịnh Tuyển Tập,vpop-mainstream,https://music.youtube.com/watch?v=FL_B_c_XEAQ,https://i.ytimg.com/vi/FL_B_c_XEAQ/maxresdefault.jpg,Noo Phước Thịnh/Noo Phước Thịnh Tuyển Tập/Chợt Thấy Em Khóc.mp3
Những Kẻ Mộng Mơ (Live from Noo's Chill Night 3),Noo Phước Thịnh,Noo Phước Thịnh,Noo’s Chill Night 03,vpop-mainstream,https://music.youtube.com/watch?v=VrmsvfegXEE,https://i.ytimg.com/vi/VrmsvfegXEE/maxresdefault.jpg,Noo Phước Thịnh/Noo’s Chill Night 03/Những Kẻ Mộng Mơ (Live from Noo's Chill Night 3).mp3
Valentine Cho,Noo Phước Thịnh,Noo Phuoc Thinh,Xin Loi Em,vpop-mainstream,https://music.youtube.com/watch?v=qpWyuQrWVyI,https://i.ytimg.com/vi/qpWyuQrWVyI/maxresdefault.jpg,Noo Phước Thịnh/Xin Loi Em/Valentine Cho.mp3
Đổi Thay (Live from Noo's Chill Night 2),Noo Phước Thịnh,Noo Phước Thịnh,Noo’s Chill Night 02,vpop-mainstream,https://music.youtube.com/watch?v=0CvKWkHJW3s,https://i.ytimg.com/vi/0CvKWkHJW3s/maxresdefault.jpg,Noo Phước Thịnh/Noo’s Chill Night 02/Đổi Thay (Live from Noo's Chill Night 2).mp3
Giã Từ Trong Cơn Mưa (Live from Noo's Chill Night 1),Noo Phước Thịnh,Noo Phước Thịnh,Noo’s Chill Night 01,vpop-mainstream,https://music.youtube.com/watch?v=EV-XTNTL0i0,https://i.ytimg.com/vi/EV-XTNTL0i0/maxresdefault.jpg,Noo Phước Thịnh/Noo’s Chill Night 01/Giã Từ Trong Cơn Mưa (Live from Noo's Chill Night 1).mp3
Đến Với Nhau Là Sai,Noo Phước Thịnh,Noo Phước Thịnh,Noo Phước Thịnh Tuyển Tập,vpop-mainstream,https://music.youtube.com/watch?v=8Cbdq7YRIFM,https://i.ytimg.com/vi/8Cbdq7YRIFM/maxresdefault.jpg,Noo Phước Thịnh/Noo Phước Thịnh Tuyển Tập/Đến Với Nhau Là Sai.mp3
Anh Đã Quen Với Cô Đơn,Soobin Hoàng Sơn,Soobin Hoàng Sơn,Anh Đã Quen Với Cô Đơn,vpop-mainstream,https://music.youtube.com/watch?v=Vv1leKzSKZI,https://i.ytimg.com/vi/Vv1leKzSKZI/maxresdefault.jpg,Soobin Hoàng Sơn/Anh Đã Quen Với Cô Đơn/Anh Đã Quen Với Cô Đơn.mp3
giá như,Soobin Hoàng Sơn,SOOBIN,giá như,vpop-mainstream,https://music.youtube.com/watch?v=Kx4dmjbOaSU,https://i.ytimg.com/vi/Kx4dmjbOaSU/maxresdefault.jpg,Soobin Hoàng Sơn/giá như/giá như.mp3
Ngày Mai Em Đi,Soobin Hoàng Sơn,"Lê Hiếu, Soobin Hoàng Sơn, Touliver",Ngày Mai Em Đi,vpop-mainstream,https://music.youtube.com/watch?v=YI_b3NgCr3Q,https://i.ytimg.com/vi/YI_b3NgCr3Q/maxresdefault.jpg,Soobin Hoàng Sơn/Ngày Mai Em Đi/Ngày Mai Em Đi.mp3
Nếu Ngày Ấy,Soobin Hoàng Sơn,SOOBIN,Nếu Ngày Ấy,vpop-mainstream,https://music.youtube.com/watch?v=xBLe8hb2eTU,https://i.ytimg.com/vi/xBLe8hb2eTU/maxresdefault.jpg,Soobin Hoàng Sơn/Nếu Ngày Ấy/Nếu Ngày Ấy.mp3
DANCING IN THE DARK,Soobin Hoàng Sơn,SOOBIN,BẬT NÓ LÊN,vpop-mainstream,https://music.youtube.com/watch?v=0gGIxsbeotw,https://i.ytimg.com/vi/0gGIxsbeotw/maxresdefault.jpg,Soobin Hoàng Sơn/BẬT NÓ LÊN/DANCING IN THE DARK.mp3
Phia Sau Mot Co Gai,Soobin Hoàng Sơn,Soobin Hoang Son,Phia Sau Mot Co Gai,vpop-mainstream,https://music.youtube.com/watch?v=MzY-VgKxOmM,https://i.ytimg.com/vi/MzY-VgKxOmM/maxresdefault.jpg,Soobin Hoàng Sơn/Phia Sau Mot Co Gai/Phia Sau Mot Co Gai.mp3
Soobin Hoàng Sơn | Xin Đừng Lặng Im,Soobin Hoàng Sơn,Soobin Hoàng Sơn,Xin Đừng Lặng Im,vpop-mainstream,https://music.youtube.com/watch?v=yykAbpyof1A,https://i.ytimg.com/vi/yykAbpyof1A/maxresdefault.jpg,Soobin Hoàng Sơn/Xin Đừng Lặng Im/Soobin Hoàng Sơn _ Xin Đừng Lặng Im.mp3
Tiến Hay Lùi (Nụ Hôn Bạc Tỷ Original Soundtrack),Soobin Hoàng Sơn,"Bùi Công Nam, SOOBIN",Tiến Hay Lùi (Nụ Hôn Bạc Tỷ Original Soundtrack),vpop-mainstream,https://music.youtube.com/watch?v=kF9JIfresTY,https://i.ytimg.com/vi/kF9JIfresTY/maxresdefault.jpg,Soobin Hoàng Sơn/Tiến Hay Lùi (Nụ Hôn Bạc Tỷ Original Soundtrack)/Tiến Hay Lùi (Nụ Hôn Bạc Tỷ Original Soundtrack).mp3
Vai Lan Don Dua,Soobin Hoàng Sơn,Soobin Hoang Son,Vai Lan Don Dua,vpop-mainstream,https://music.youtube.com/watch?v=7IQTeIKQIvg,https://i.ytimg.com/vi/7IQTeIKQIvg/maxresdefault.jpg,Soobin Hoàng Sơn/Vai Lan Don Dua/Vai Lan Don Dua.mp3
Ai Mà Biết Được (feat. tlinh),Soobin Hoàng Sơn,"SOOBIN, tlinh",BẬT NÓ LÊN,vpop-mainstream,https://music.youtube.com/watch?v=I6rzjkFVtqM,https://i.ytimg.com/vi/I6rzjkFVtqM/maxresdefault.jpg,Soobin Hoàng Sơn/BẬT NÓ LÊN/Ai Mà Biết Được (feat. tlinh).mp3
"Tình Cờ (feat. CHARLES., Brown, KIMLONG & Duy Sơn)",Soobin Hoàng Sơn,"SOOBIN, 16 Typh, Hà Lê, Hà Trần, Lil Wuyn, CHARLES., Brown, Duy Sơn, KIMLONG","Space Jam, Vol. 2 - DO4LOVE",vpop-mainstream,https://music.youtube.com/watch?v=mrGn459nxGM,https://i.ytimg.com/vi/mrGn459nxGM/maxresdefault.jpg,"Soobin Hoàng Sơn/Space Jam, Vol. 2 - DO4LOVE/Tình Cờ (feat. CHARLES., Brown, KIMLONG & Duy Sơn).mp3"
Chiếc Khăn Piêu (Live),Soobin Hoàng Sơn,"Tùng Dương, Soobin",Người Đàn Ông Hát (Live Concert),vpop-mainstream,https://music.youtube.com/watch?v=Wdr64FNKzUk,https://i.ytimg.com/vi/Wdr64FNKzUk/maxresdefault.jpg,Soobin Hoàng Sơn/Người Đàn Ông Hát (Live Concert)/Chiếc Khăn Piêu (Live).mp3
Sẽ Quên Em Nhanh Thôi,Soobin Hoàng Sơn,SOOBIN,BẬT NÓ LÊN,vpop-mainstream,https://music.youtube.com/watch?v=QG3OcdUgv6Y,https://i.ytimg.com/vi/QG3OcdUgv6Y/maxresdefault.jpg,Soobin Hoàng Sơn/BẬT NÓ LÊN/Sẽ Quên Em Nhanh Thôi.mp3
Mục Hạ Vô Nhân (feat. Binz),Soobin Hoàng Sơn,"SOOBIN, Huỳnh Tú, Binz",Mục Hạ Vô Nhân (feat. Binz),vpop-mainstream,https://music.youtube.com/watch?v=M35t2bCX2eA,https://i.ytimg.com/vi/M35t2bCX2eA/maxresdefault.jpg,Soobin Hoàng Sơn/Mục Hạ Vô Nhân (feat. Binz)/Mục Hạ Vô Nhân (feat. Binz).mp3
Nắng Lên (feat. Gonzo & Bwine),Soobin Hoàng Sơn,"Rhymastic, SOOBIN, Gonzo, Bwine","Space Jam, Vol. 1",vpop-mainstream,https://music.youtube.com/watch?v=DiNCT_DLt7M,https://i.ytimg.com/vi/DiNCT_DLt7M/maxresdefault.jpg,"Soobin Hoàng Sơn/Space Jam, Vol. 1/Nắng Lên (feat. Gonzo & Bwine).mp3"
Giá Như (Live),Soobin Hoàng Sơn,"Tùng Dương, Soobin",Người Đàn Ông Hát (Live Concert),vpop-mainstream,https://music.youtube.com/watch?v=V5P0_HWvE4k,https://i.ytimg.com/vi/V5P0_HWvE4k/maxresdefault.jpg,Soobin Hoàng Sơn/Người Đàn Ông Hát (Live Concert)/Giá Như (Live).mp3
Đi Để Trở Về,Soobin Hoàng Sơn,SooBin Hoàng Sơn,Đi Để Trở Về,vpop-mainstream,https://music.youtube.com/watch?v=lEkrdKStpHw,https://i.ytimg.com/vi/lEkrdKStpHw/maxresdefault.jpg,Soobin Hoàng Sơn/Đi Để Trở Về/Đi Để Trở Về.mp3
Freaky Squad (feat. Touliver),Soobin Hoàng Sơn,"Rhymastic, Binz, SOOBIN, Touliver",Freaky Squad (feat. Touliver),vpop-mainstream,https://music.youtube.com/watch?v=CrAr_mo0lro,https://i.ytimg.com/vi/CrAr_mo0lro/maxresdefault.jpg,Soobin Hoàng Sơn/Freaky Squad (feat. Touliver)/Freaky Squad (feat. Touliver).mp3
Ai cũng phải lớn,Soobin Hoàng Sơn,SOOBIN,Ai cũng phải lớn,vpop-mainstream,https://music.youtube.com/watch?v=0kONVVDpOsk,https://i.ytimg.com/vi/0kONVVDpOsk/maxresdefault.jpg,Soobin Hoàng Sơn/Ai cũng phải lớn/Ai cũng phải lớn.mp3
Chiếc Khăn Piêu,Soobin Hoàng Sơn,"Cường Seven, SOOBIN, Tự Long, Tuấn Hưng, Jun Phạm, Thanh Duy, (S)TRONG, Đăng Khôi, Đinh Nhật Minh Flute",Anh Trai Vượt Ngàn Chông Gai 2024 - Công Diễn 4,vpop-mainstream,https://music.youtube.com/watch?v=nIGb7Z_NwBM,https://i.ytimg.com/vi/nIGb7Z_NwBM/maxresdefault.jpg,Soobin Hoàng Sơn/Anh Trai Vượt Ngàn Chông Gai 2024 - Công Diễn 4/Chiếc Khăn Piêu.mp3
Heyyy,Soobin Hoàng Sơn,SOOBIN,Heyyy,vpop-mainstream,https://music.youtube.com/watch?v=QvcJlR-DRyI,https://i.ytimg.com/vi/QvcJlR-DRyI/maxresdefault.jpg,Soobin Hoàng Sơn/Heyyy/Heyyy.mp3
NÉT,Soobin Hoàng Sơn,"Cường Seven, Phan Đình Tùng, Bằng Kiều, Jun Phạm, Tự Long, Trương Thế Vinh, Tuấn Hưng, SOOBIN, S.T Sơn Thạch, Kay Trần, BB Trần, (S)TRONG, Kiên Ứng",Anh Trai Vượt Ngàn Chông Gai 2024 - Công Diễn 5,vpop-mainstream,https://music.youtube.com/watch?v=1HI9C1VgC1Y,https://i.ytimg.com/vi/1HI9C1VgC1Y/maxresdefault.jpg,Soobin Hoàng Sơn/Anh Trai Vượt Ngàn Chông Gai 2024 - Công Diễn 5/NÉT.mp3
"Người Việt (feat. CHARLES., KIMLONG, Duy Sơn & Triple D)",Soobin Hoàng Sơn,"Lil Wuyn, Hà Lê, SOOBIN, 16 Typh, CHARLES., KIMLONG, Duy Sơn, Triple D","Space Jam, Vol. 2 - DO4LOVE",vpop-mainstream,https://music.youtube.com/watch?v=UWhdVsWEdpA,https://i.ytimg.com/vi/UWhdVsWEdpA/maxresdefault.jpg,"Soobin Hoàng Sơn/Space Jam, Vol. 2 - DO4LOVE/Người Việt (feat. CHARLES., KIMLONG, Duy Sơn & Triple D).mp3"
Chợt Nghe Bước Em Về,Soobin Hoàng Sơn,"Tự Long, Cường Seven, Quốc Thiên, SOOBIN, Rhymastic, Đinh Tiến Đạt",Anh Trai Vượt Ngàn Chông Gai 2024 - Công Diễn 2,vpop-mainstream,https://music.youtube.com/watch?v=kum7_nsbit8,https://i.ytimg.com/vi/kum7_nsbit8/maxresdefault.jpg,Soobin Hoàng Sơn/Anh Trai Vượt Ngàn Chông Gai 2024 - Công Diễn 2/Chợt Nghe Bước Em Về.mp3
Từng Ngày Em Mơ Về Anh,Soobin Hoàng Sơn,"MLee, SOOBIN, Rhymastic",I Like You/Từng Ngày Em Mơ Về Anh,vpop-mainstream,https://music.youtube.com/watch?v=LFKvbFAW70Q,https://i.ytimg.com/vi/LFKvbFAW70Q/maxresdefault.jpg,Soobin Hoàng Sơn/I Like You_Từng Ngày Em Mơ Về Anh/Từng Ngày Em Mơ Về Anh.mp3
Điều Ta Muốn,Soobin Hoàng Sơn,SOOBIN,Điều Ta Muốn,vpop-mainstream,https://music.youtube.com/watch?v=Py820KKrobM,https://i.ytimg.com/vi/Py820KKrobM/maxresdefault.jpg,Soobin Hoàng Sơn/Điều Ta Muốn/Điều Ta Muốn.mp3
Trống Cơm,Soobin Hoàng Sơn,"Cường Seven, SOOBIN, Tự Long",Anh Trai Vượt Ngàn Chông Gai 2024 - Công Diễn 1,vpop-mainstream,https://music.youtube.com/watch?v=xJN73LSnito,https://i.ytimg.com/vi/xJN73LSnito/maxresdefault.jpg,Soobin Hoàng Sơn/Anh Trai Vượt Ngàn Chông Gai 2024 - Công Diễn 1/Trống Cơm.mp3
Tiến Tới Ước Mơ 2 (feat. Rhymastic & SlimV) (Vươn Mình Vượt Trội),Soobin Hoàng Sơn,"SOOBIN, Rhymastic, SlimV",Tiến Tới Ước Mơ 2 (feat. Rhymastic & SlimV),vpop-mainstream,https://music.youtube.com/watch?v=d3EgChmIZMs,https://i.ytimg.com/vi/d3EgChmIZMs/maxresdefault.jpg,Soobin Hoàng Sơn/Tiến Tới Ước Mơ 2 (feat. Rhymastic & SlimV)/Tiến Tới Ước Mơ 2 (feat. Rhymastic & SlimV) (Vươn Mình Vượt Trội).mp3
Lalala,Soobin Hoàng Sơn,Soobin Hoang Son,Lalala,vpop-mainstream,https://music.youtube.com/watch?v=p-cP8nJVrGM,https://i.ytimg.com/vi/p-cP8nJVrGM/maxresdefault.jpg,Soobin Hoàng Sơn/Lalala/Lalala.mp3
Sunset In The City,Soobin Hoàng Sơn,SOOBIN,Sunset In The City,vpop-mainstream,https://music.youtube.com/watch?v=qlBZGJr1k3E,https://i.ytimg.com/vi/qlBZGJr1k3E/maxresdefault.jpg,Soobin Hoàng Sơn/Sunset In The City/Sunset In The City.mp3
"Em Ơi, Anh Nhớ Nhà",Soobin Hoàng Sơn,SOOBIN,"Em Ơi, Anh Nhớ Nhà",vpop-mainstream,https://music.youtube.com/watch?v=QYtcVFc0_CI,https://i.ytimg.com/vi/QYtcVFc0_CI/maxresdefault.jpg,"Soobin Hoàng Sơn/Em Ơi, Anh Nhớ Nhà/Em Ơi, Anh Nhớ Nhà.mp3"
Beautiful Monster,Soobin Hoàng Sơn,"SOOBIN, Binz",KOSMIK,vpop-mainstream,https://music.youtube.com/watch?v=Umzfvi8Q-YY,https://i.ytimg.com/vi/Umzfvi8Q-YY/maxresdefault.jpg,Soobin Hoàng Sơn/KOSMIK/Beautiful Monster.mp3
A Veil of Mist,Soobin Hoàng Sơn,"SPACESPEAKERS, Binz, JustaTee, Rhymastic, SOOBIN",KOSMIK,vpop-mainstream,https://music.youtube.com/watch?v=ViUCaz2SNqA,https://i.ytimg.com/vi/ViUCaz2SNqA/maxresdefault.jpg,Soobin Hoàng Sơn/KOSMIK/A Veil of Mist.mp3
Vinh Quang Đang Chờ Ta,Soobin Hoàng Sơn,"SOOBIN, Rhymastic, Liên Quân Mobile, Garena Liên Quân Mobile, Vũ Đức Thiện, Nguyễn Hoàng Sơn",Vinh Quang Đang Chờ Ta,vpop-mainstream,https://music.youtube.com/watch?v=rfUpLtvXzUY,https://i.ytimg.com/vi/rfUpLtvXzUY/maxresdefault.jpg,Soobin Hoàng Sơn/Vinh Quang Đang Chờ Ta/Vinh Quang Đang Chờ Ta.mp3
Sunset In The City (Deluxe Version),Soobin Hoàng Sơn,SOOBIN,BẬT NÓ LÊN,vpop-mainstream,https://music.youtube.com/watch?v=bvfTp68YyZ0,https://i.ytimg.com/vi/bvfTp68YyZ0/maxresdefault.jpg,Soobin Hoàng Sơn/BẬT NÓ LÊN/Sunset In The City (Deluxe Version).mp3
Nhanh lên nhé! (feat. Touliver & SlimV),Soobin Hoàng Sơn,"Rhymastic, Binz, SOOBIN, Touliver, SlimV",Nhanh lên nhé!,vpop-mainstream,https://music.youtube.com/watch?v=gUcM1nBBiIA,https://i.ytimg.com/vi/gUcM1nBBiIA/maxresdefault.jpg,Soobin Hoàng Sơn/Nhanh lên nhé!/Nhanh lên nhé! (feat. Touliver & SlimV).mp3
Tiến Tới Ước Mơ (feat. Rhymastic & SlimV),Soobin Hoàng Sơn,"SOOBIN, Rhymastic, SlimV",Tiến Tới Ước Mơ (feat. Rhymastic & SlimV),vpop-mainstream,https://music.youtube.com/watch?v=T6Q4vAFOJfs,https://i.ytimg.com/vi/T6Q4vAFOJfs/maxresdefault.jpg,Soobin Hoàng Sơn/Tiến Tới Ước Mơ (feat. Rhymastic & SlimV)/Tiến Tới Ước Mơ (feat. Rhymastic & SlimV).mp3
SUPERSTAR,Soobin Hoàng Sơn,"SOOBIN, (S)TRONG, Kay Trần, Kiên Ứng, Phan Đình Tùng, Tuấn Hưng",Anh Trai Vượt Ngàn Chông Gai 2024 - Chung Kết 1,vpop-mainstream,https://music.youtube.com/watch?v=GffSsotx7pI,https://i.ytimg.com/vi/GffSsotx7pI/maxresdefault.jpg,Soobin Hoàng Sơn/Anh Trai Vượt Ngàn Chông Gai 2024 - Chung Kết 1/SUPERSTAR.mp3
Lu Mờ (feat. Kris V),Soobin Hoàng Sơn,"SOOBIN, Kris V",BẬT NÓ LÊN,vpop-mainstream,https://music.youtube.com/watch?v=Xp2iqPX08nc,https://i.ytimg.com/vi/Xp2iqPX08nc/maxresdefault.jpg,Soobin Hoàng Sơn/BẬT NÓ LÊN/Lu Mờ (feat. Kris V).mp3
Cao Gót,Soobin Hoàng Sơn,SOOBIN,KOSMIK,vpop-mainstream,https://music.youtube.com/watch?v=cKk7_jsMhj0,https://i.ytimg.com/vi/cKk7_jsMhj0/maxresdefault.jpg,Soobin Hoàng Sơn/KOSMIK/Cao Gót.mp3
Bật Nó Lên,Soobin Hoàng Sơn,SOOBIN,BẬT NÓ LÊN,vpop-mainstream,https://music.youtube.com/watch?v=igr4YB14tBA,https://i.ytimg.com/vi/igr4YB14tBA/maxresdefault.jpg,Soobin Hoàng Sơn/BẬT NÓ LÊN/Bật Nó Lên.mp3
HỎA CA x TRÁI ĐẤT TRÒN,Soobin Hoàng Sơn,"Bằng Kiều, Tuấn Hưng, Tự Long, Hồng Sơn, Phan Đình Tùng, Đăng Khôi, SOOBIN, Binz, Quốc Thiên, Tăng Phúc, S.T Sơn Thạch, Rhymastic, Đinh Tiến Đạt, Hà Lê, Thanh Duy, Phạm Khánh Hưng, (S)TRONG, Trương Thế Vinh, Kay Trần, Cường Seven, Kiên Ứng, Liên Bỉnh Phát, Duy Nhất, Tiến Luật, Thiên Minh, Jun Phạm, Bùi Công Nam, Neko Lê, HuyR, Duy Khánh 周周, BB Trần, Thành Trung, Đỗ Hoàng Hiệp",Anh Trai Vượt Ngàn Chông Gai 2024 - Chung Kết,vpop-mainstream,https://music.youtube.com/watch?v=sxKLkoBguCU,https://i.ytimg.com/vi/sxKLkoBguCU/maxresdefault.jpg,Soobin Hoàng Sơn/Anh Trai Vượt Ngàn Chông Gai 2024 - Chung Kết/HỎA CA x TRÁI ĐẤT TRÒN.mp3
Những Kẻ Mộng Mơ,Soobin Hoàng Sơn,"SOOBIN, Tiến Luật, Tuấn Hưng, Quốc Thiên, Rhymastic, Tự Long",Anh Trai Vượt Ngàn Chông Gai 2024 - Công Diễn 2,vpop-mainstream,https://music.youtube.com/watch?v=zuqTFmUY0Co,https://i.ytimg.com/vi/zuqTFmUY0Co/maxresdefault.jpg,Soobin Hoàng Sơn/Anh Trai Vượt Ngàn Chông Gai 2024 - Công Diễn 2/Những Kẻ Mộng Mơ.mp3
VIỆT NAM TÔI ĐÓ,Soobin Hoàng Sơn,"SOOBIN, VCT, Lil Wuyn",VIỆT NAM TÔI ĐÓ,vpop-mainstream,https://music.youtube.com/watch?v=ZWuWcWOfyJo,https://i.ytimg.com/vi/ZWuWcWOfyJo/maxresdefault.jpg,Soobin Hoàng Sơn/VIỆT NAM TÔI ĐÓ/VIỆT NAM TÔI ĐÓ.mp3
Heyyy - OK,Soobin Hoàng Sơn,"SOOBIN, Binz",REVERSE RIDE,vpop-mainstream,https://music.youtube.com/watch?v=AUPr5plS5xE,https://i.ytimg.com/vi/AUPr5plS5xE/maxresdefault.jpg,Soobin Hoàng Sơn/REVERSE RIDE/Heyyy - OK.mp3
Day Dream (TINLE Remix),Soobin Hoàng Sơn,SOOBIN,Day Dream (TINLE Remix),vpop-mainstream,https://music.youtube.com/watch?v=1-xqLw_pd3c,https://i.ytimg.com/vi/1-xqLw_pd3c/maxresdefault.jpg,Soobin Hoàng Sơn/Day Dream (TINLE Remix)/Day Dream (TINLE Remix).mp3
Là Anh Đó,Soobin Hoàng Sơn,"Đăng Khôi, SOOBIN, Thanh Duy, (S)TRONG, Tuấn Hưng",Anh Trai Vượt Ngàn Chông Gai 2024 - Công Diễn 3,vpop-mainstream,https://music.youtube.com/watch?v=QcIyEgaLAHY,https://i.ytimg.com/vi/QcIyEgaLAHY/maxresdefault.jpg,Soobin Hoàng Sơn/Anh Trai Vượt Ngàn Chông Gai 2024 - Công Diễn 3/Là Anh Đó.mp3
Nước Hoa,Soobin Hoàng Sơn,"Kay Trần, Cường Seven, Kiên Ứng, SOOBIN",Anh Trai Vượt Ngàn Chông Gai 2024 - Vòng Concert,vpop-mainstream,https://music.youtube.com/watch?v=6tOrgDPhz8o,https://i.ytimg.com/vi/6tOrgDPhz8o/maxresdefault.jpg,Soobin Hoàng Sơn/Anh Trai Vượt Ngàn Chông Gai 2024 - Vòng Concert/Nước Hoa.mp3
Một Ngày Rất Khác,Soobin Hoàng Sơn,"SOOBIN, SUNI",Một Ngày Rất Khác,vpop-mainstream,https://music.youtube.com/watch?v=Vs8zFyLau7c,https://i.ytimg.com/vi/Vs8zFyLau7c/maxresdefault.jpg,Soobin Hoàng Sơn/Một Ngày Rất Khác/Một Ngày Rất Khác.mp3
Giá Như,Soobin Hoàng Sơn,SOOBIN,Anh Trai Vượt Ngàn Chông Gai 2024 - Vòng Concert,vpop-mainstream,https://music.youtube.com/watch?v=w42RS1H9XjM,https://i.ytimg.com/vi/w42RS1H9XjM/maxresdefault.jpg,Soobin Hoàng Sơn/Anh Trai Vượt Ngàn Chông Gai 2024 - Vòng Concert/Giá Như.mp3
Dù Cho Tận Thế,Erik,Erik,Dù Cho Tận Thế,vpop-mainstream,https://music.youtube.com/watch?v=NlWsXxkTjaU,https://i.ytimg.com/vi/NlWsXxkTjaU/maxresdefault.jpg,Erik/Dù Cho Tận Thế/Dù Cho Tận Thế.mp3
Chạm Đáy Nỗi Đau,Erik,"ERIK, Mr. Siro",Chạm Đáy Nỗi Đau,vpop-mainstream,https://music.youtube.com/watch?v=jHGfiKtZk9o,https://i.ytimg.com/vi/jHGfiKtZk9o/maxresdefault.jpg,Erik/Chạm Đáy Nỗi Đau/Chạm Đáy Nỗi Đau.mp3
Ghen,Erik,"MIN, Erik, Khắc Hưng",Ghen,vpop-mainstream,https://music.youtube.com/watch?v=oCuFT_OF2SI,https://i.ytimg.com/vi/oCuFT_OF2SI/maxresdefault.jpg,Erik/Ghen/Ghen.mp3
Chưa Bao Giờ Mẹ Kể (Ngày Thứ 8 Của Mẹ),Erik,"MIN, Erik",Chưa Bao Giờ Mẹ Kể,vpop-mainstream,https://music.youtube.com/watch?v=pYSNzzTZwGI,https://i.ytimg.com/vi/pYSNzzTZwGI/maxresdefault.jpg,Erik/Chưa Bao Giờ Mẹ Kể/Chưa Bao Giờ Mẹ Kể (Ngày Thứ 8 Của Mẹ).mp3
ĐAU NHẤT LÀ IM LẶNG,Erik,ERIK,ĐAU NHẤT LÀ IM LẶNG,vpop-mainstream,https://music.youtube.com/watch?v=snC3fXXt9tU,https://i.ytimg.com/vi/snC3fXXt9tU/maxresdefault.jpg,Erik/ĐAU NHẤT LÀ IM LẶNG/ĐAU NHẤT LÀ IM LẶNG.mp3
Đừng Xin Lỗi Nữa,Erik,"ERIK, MIN",Đừng Xin Lỗi Nữa,vpop-mainstream,https://music.youtube.com/watch?v=xOVzl46VDkU,https://i.ytimg.com/vi/xOVzl46VDkU/maxresdefault.jpg,Erik/Đừng Xin Lỗi Nữa/Đừng Xin Lỗi Nữa.mp3
Tự Tâm,Erik,Erik,Tự Tâm,vpop-mainstream,https://music.youtube.com/watch?v=l5uYx8PoB6M,https://i.ytimg.com/vi/l5uYx8PoB6M/maxresdefault.jpg,Erik/Tự Tâm/Tự Tâm.mp3
Người Lạ Trong Danh Bạ (feat. Phúc Du),Erik,"ERIK, Phúc Du",Người Lạ Trong Danh Bạ (feat. Phúc Du),vpop-mainstream,https://music.youtube.com/watch?v=phdRHIPDH-c,https://i.ytimg.com/vi/phdRHIPDH-c/maxresdefault.jpg,Erik/Người Lạ Trong Danh Bạ (feat. Phúc Du)/Người Lạ Trong Danh Bạ (feat. Phúc Du).mp3
Yêu Bền Bỉ,Erik,"Erik, Freaky, Benny",Yêu Bền Bỉ,vpop-mainstream,https://music.youtube.com/watch?v=hsaiuk5lY7g,https://i.ytimg.com/vi/hsaiuk5lY7g/maxresdefault.jpg,Erik/Yêu Bền Bỉ/Yêu Bền Bỉ.mp3
Втори опит,Erik,"Teodora, ERIK",Teodora Hit Collection,vpop-mainstream,https://music.youtube.com/watch?v=VvRWCSj32Yo,https://i.ytimg.com/vi/VvRWCSj32Yo/maxresdefault.jpg,Erik/Teodora Hit Collection/Втори опит.mp3
Dù Cho Tận Thế (Acoustic Version),Erik,Erik,Dù Cho Tận Thế (Acoustic Version),vpop-mainstream,https://music.youtube.com/watch?v=EEzK7stzk1I,https://i.ytimg.com/vi/EEzK7stzk1I/maxresdefault.jpg,Erik/Dù Cho Tận Thế (Acoustic Version)/Dù Cho Tận Thế (Acoustic Version).mp3
Chỉ cần bên anh (Will you marry me?),Erik,"Erik, Orange",Chỉ cần bên anh (Will you marry me?),vpop-mainstream,https://music.youtube.com/watch?v=6nR8JWgNZBs,https://i.ytimg.com/vi/6nR8JWgNZBs/maxresdefault.jpg,Erik/Chỉ cần bên anh (Will you marry me?)/Chỉ cần bên anh (Will you marry me?).mp3
Pozdrav Za Kolezhkata,Erik,Erik,Pozdrav Za Kolezhkata,vpop-mainstream,https://music.youtube.com/watch?v=JDhmEi5odZU,https://i.ytimg.com/vi/JDhmEi5odZU/maxresdefault.jpg,Erik/Pozdrav Za Kolezhkata/Pozdrav Za Kolezhkata.mp3
you may kiss your bride,Erik,"Kai Đinh, Orange, ERIK",1+1 = đôi,vpop-mainstream,https://music.youtube.com/watch?v=F3zxxtvpgJk,https://i.ytimg.com/vi/F3zxxtvpgJk/maxresdefault.jpg,Erik/1+1 = đôi/you may kiss your bride.mp3
Việt Nam Tử Tế,Erik,"Lam Trường, Tóc Tiên, Hoàng Thùy Linh, ERIK, Karik, Kata Trần, Thịnh Kainz, Tùng Cedrus",Việt Nam Tử Tế,vpop-mainstream,https://music.youtube.com/watch?v=IB2qxHbtGhM,https://i.ytimg.com/vi/IB2qxHbtGhM/maxresdefault.jpg,Erik/Việt Nam Tử Tế/Việt Nam Tử Tế.mp3
Chạy Về Khóc Với Anh (Lofi),Erik,Erik,Chạy Về Khóc Với Anh,vpop-mainstream,https://music.youtube.com/watch?v=wfcJrUYE-Qs,https://i.ytimg.com/vi/wfcJrUYE-Qs/maxresdefault.jpg,Erik/Chạy Về Khóc Với Anh/Chạy Về Khóc Với Anh (Lofi).mp3
Dù Cho Tận Thế (Korean Version),Erik,"Erik, Han Sara",Dù Cho Tận Thế,vpop-mainstream,https://music.youtube.com/watch?v=GjGNkrixpcQ,https://i.ytimg.com/vi/GjGNkrixpcQ/maxresdefault.jpg,Erik/Dù Cho Tận Thế/Dù Cho Tận Thế (Korean Version).mp3
Đây là một bài HIT (thở) (Theme Song from Hits Thở Series),Erik,ERIK,Đây là một bài HIT (thở) (Theme Song from Hits Thở Series),vpop-mainstream,https://music.youtube.com/watch?v=BIT_sMCu4Kw,https://i.ytimg.com/vi/BIT_sMCu4Kw/maxresdefault.jpg,Erik/Đây là một bài HIT (thở) (Theme Song from Hits Thở Series)/Đây là một bài HIT (thở) (Theme Song from Hits Thở Series).mp3
Dù Cho Tận Thế (Chinese Version),Erik,Erik,Dù Cho Tận Thế,vpop-mainstream,https://music.youtube.com/watch?v=09jdjq3n0i4,https://i.ytimg.com/vi/09jdjq3n0i4/maxresdefault.jpg,Erik/Dù Cho Tận Thế/Dù Cho Tận Thế (Chinese Version).mp3
Cảm Ơn Vì Đã Không Đợi Nhau,Erik,"Lyly, Erik",Cảm Ơn Vì Đã Không Đợi Nhau,vpop-mainstream,https://music.youtube.com/watch?v=zzkJgmv8trM,https://i.ytimg.com/vi/zzkJgmv8trM/maxresdefault.jpg,Erik/Cảm Ơn Vì Đã Không Đợi Nhau/Cảm Ơn Vì Đã Không Đợi Nhau.mp3
Nuông Chìll,Erik,ERIK,ᐸ 3RIK,vpop-mainstream,https://music.youtube.com/watch?v=CjX2Xrp6Tes,https://i.ytimg.com/vi/CjX2Xrp6Tes/maxresdefault.jpg,Erik/ᐸ 3RIK/Nuông Chìll.mp3
Cô Gái Đến Từ Hôm Qua (25th Làn Sóng Xanh),Erik,"Thu Phương, ERIK, DTAP",Cô Gái Đến Từ Hôm Qua (25th Làn Sóng Xanh),vpop-mainstream,https://music.youtube.com/watch?v=gb7YK06gQG4,https://i.ytimg.com/vi/gb7YK06gQG4/maxresdefault.jpg,Erik/Cô Gái Đến Từ Hôm Qua (25th Làn Sóng Xanh)/Cô Gái Đến Từ Hôm Qua (25th Làn Sóng Xanh).mp3
lyhoptinh (feat. Han Sara),Erik,"ERIK, Han Sara",ᐸ 3RIK,vpop-mainstream,https://music.youtube.com/watch?v=Ieiqd51SNvI,https://i.ytimg.com/vi/Ieiqd51SNvI/maxresdefault.jpg,Erik/ᐸ 3RIK/lyhoptinh (feat. Han Sara).mp3
Bao Giờ Đủ Lớn (feat. Khắc Hưng),Erik,"Erik, Khắc Hưng",Bao Giờ Đủ Lớn (feat. Khắc Hưng),vpop-mainstream,https://music.youtube.com/watch?v=u2IHL0A5aW0,https://i.ytimg.com/vi/u2IHL0A5aW0/maxresdefault.jpg,Erik/Bao Giờ Đủ Lớn (feat. Khắc Hưng)/Bao Giờ Đủ Lớn (feat. Khắc Hưng).mp3
Xoa Đầu,Erik,ERIK,ᐸ 3RIK,vpop-mainstream,https://music.youtube.com/watch?v=Nm0tUjuZBDU,https://i.ytimg.com/vi/Nm0tUjuZBDU/maxresdefault.jpg,Erik/ᐸ 3RIK/Xoa Đầu.mp3
Chờ Nhau Nhé,Erik,"Erik, SUNI",Chờ Nhau Nhé,vpop-mainstream,https://music.youtube.com/watch?v=LfVJq1O--sg,https://i.ytimg.com/vi/LfVJq1O--sg/maxresdefault.jpg,Erik/Chờ Nhau Nhé/Chờ Nhau Nhé.mp3
Dịu Dàng Em Đến (Lofi),Erik,Erik,Dịu Dàng Em Đến,vpop-mainstream,https://music.youtube.com/watch?v=IOf_B4wMwLc,https://i.ytimg.com/vi/IOf_B4wMwLc/maxresdefault.jpg,Erik/Dịu Dàng Em Đến/Dịu Dàng Em Đến (Lofi).mp3
"Thiệt Là Dễ Thương (feat. Anngo, Thuy MX, Wong, DeepK & LeWiuy)",Erik,"Nguyễn Thúc Thùy Tiên, ERIK, Anngo, Thuy MX, Wong, DeepK, LeWiuy, Lê Đặng Quang Thoại (August)","Thiệt Là Dễ Thương (feat. Anngo, Thuy MX, Wong, DeepK & LeWiuy)",vpop-mainstream,https://music.youtube.com/watch?v=I9KO-AhDyjA,https://i.ytimg.com/vi/I9KO-AhDyjA/maxresdefault.jpg,"Erik/Thiệt Là Dễ Thương (feat. Anngo, Thuy MX, Wong, DeepK & LeWiuy)/Thiệt Là Dễ Thương (feat. Anngo, Thuy MX, Wong, DeepK & LeWiuy).mp3"
Phút Giây Tỏa Sáng,Erik,"ERIK, Đức Phúc, Khắc Hưng",Phút Giây Tỏa Sáng,vpop-mainstream,https://music.youtube.com/watch?v=6TQgLIAdvCg,https://i.ytimg.com/vi/6TQgLIAdvCg/maxresdefault.jpg,Erik/Phút Giây Tỏa Sáng/Phút Giây Tỏa Sáng.mp3
Liên Khúc: Nợ Ai Đó Lời Xin Lỗi,Erik,"Trung Quân, Bùi Anh Tuấn, Hoàng Tôn, ERIK",Gala Nhạc Việt 12: Nợ Ai Đó Lời Xin Lỗi,vpop-mainstream,https://music.youtube.com/watch?v=tkk3VVDnVpc,https://i.ytimg.com/vi/tkk3VVDnVpc/maxresdefault.jpg,Erik/Gala Nhạc Việt 12_ Nợ Ai Đó Lời Xin Lỗi/Liên Khúc_ Nợ Ai Đó Lời Xin Lỗi.mp3
Yêu Bền Bỉ (Royce x GemV Remix),Erik,"Erik, Freaky, Benny",Yêu Bền Bỉ,vpop-mainstream,https://music.youtube.com/watch?v=giYafwEeuzo,https://i.ytimg.com/vi/giYafwEeuzo/maxresdefault.jpg,Erik/Yêu Bền Bỉ/Yêu Bền Bỉ (Royce x GemV Remix).mp3
Chính Tôi Người Việt Nam,Erik,"Karik, Erik, Only C",Chính Tôi Người Việt Nam,vpop-mainstream,https://music.youtube.com/watch?v=X80XTOWOQiI,https://i.ytimg.com/vi/X80XTOWOQiI/maxresdefault.jpg,Erik/Chính Tôi Người Việt Nam/Chính Tôi Người Việt Nam.mp3
Có Tất Cả Nhưng Thiếu Anh (HITStory Live Version),Erik,"ERIK, HITStory, Vương Anh Tú",ERIK (HITStory Season 3 Live Session),vpop-mainstream,https://music.youtube.com/watch?v=2Qhltba6A0U,https://i.ytimg.com/vi/2Qhltba6A0U/maxresdefault.jpg,Erik/ERIK (HITStory Season 3 Live Session)/Có Tất Cả Nhưng Thiếu Anh (HITStory Live Version).mp3
Chưa Bao Giờ Mẹ Kể (Violin Version),Erik,"MIN, Erik",Chưa Bao Giờ Mẹ Kể,vpop-mainstream,https://music.youtube.com/watch?v=dR5hP0s89L8,https://i.ytimg.com/vi/dR5hP0s89L8/maxresdefault.jpg,Erik/Chưa Bao Giờ Mẹ Kể/Chưa Bao Giờ Mẹ Kể (Violin Version).mp3
Yêu Bền Bỉ (Haky x GemV Remix),Erik,"Erik, Freaky, Benny",Yêu Bền Bỉ,vpop-mainstream,https://music.youtube.com/watch?v=ZctSjYQTTME,https://i.ytimg.com/vi/ZctSjYQTTME/maxresdefault.jpg,Erik/Yêu Bền Bỉ/Yêu Bền Bỉ (Haky x GemV Remix).mp3
Lạc Nhau Có Phải Muôn Đời (HITStory Live Version),Erik,"ERIK, HITStory, Triết Phạm",ERIK (HITStory Season 3 Live Session),vpop-mainstream,https://music.youtube.com/watch?v=5j6_el1ywyY,https://i.ytimg.com/vi/5j6_el1ywyY/maxresdefault.jpg,Erik/ERIK (HITStory Season 3 Live Session)/Lạc Nhau Có Phải Muôn Đời (HITStory Live Version).mp3
Chạy Về Khóc Với Anh (HITStory Live Version),Erik,"ERIK, HITStory, Nguyễn Phúc Thiện",ERIK (HITStory Season 3 Live Session),vpop-mainstream,https://music.youtube.com/watch?v=1RsE78aGZhY,https://i.ytimg.com/vi/1RsE78aGZhY/maxresdefault.jpg,Erik/ERIK (HITStory Season 3 Live Session)/Chạy Về Khóc Với Anh (HITStory Live Version).mp3
Chưa Bao Giờ Mẹ Kể,Erik,"Erik, Han Sara",The Heroes 2021 Tập 19,vpop-mainstream,https://music.youtube.com/watch?v=pM9hqUZRL_o,https://i.ytimg.com/vi/pM9hqUZRL_o/maxresdefault.jpg,Erik/The Heroes 2021 Tập 19/Chưa Bao Giờ Mẹ Kể.mp3
Việt Nam Tử Tế (Instrumental),Erik,"Lam Trường, Tóc Tiên, Hoàng Thùy Linh, ERIK, Karik, Kata Trần, Thịnh Kainz, Tùng Cedrus",Việt Nam Tử Tế,vpop-mainstream,https://music.youtube.com/watch?v=wqDVLJMh6pA,https://i.ytimg.com/vi/wqDVLJMh6pA/maxresdefault.jpg,Erik/Việt Nam Tử Tế/Việt Nam Tử Tế (Instrumental).mp3
Yêu Bền Bỉ,Erik,"Erik, Luny",Yêu Bền Bỉ,vpop-mainstream,https://music.youtube.com/watch?v=w8z293omiv0,https://i.ytimg.com/vi/w8z293omiv0/maxresdefault.jpg,Erik/Yêu Bền Bỉ/Yêu Bền Bỉ.mp3
Anh Luôn Là Lý Do (HITStory Live Version),Erik,"ERIK, HITStory, Nguyễn Phúc Thiện, Lou Hoàng",ERIK (HITStory Season 3 Live Session),vpop-mainstream,https://music.youtube.com/watch?v=qlkIqMgkuqg,https://i.ytimg.com/vi/qlkIqMgkuqg/maxresdefault.jpg,Erik/ERIK (HITStory Season 3 Live Session)/Anh Luôn Là Lý Do (HITStory Live Version).mp3
Be My Girl,Erik,"Thu Minh, ERIK, Phúc Bồ, Yến MooN",Be My Girl,vpop-mainstream,https://music.youtube.com/watch?v=0D13ld0iBRI,https://i.ytimg.com/vi/0D13ld0iBRI/maxresdefault.jpg,Erik/Be My Girl/Be My Girl.mp3
lyhoptinh (feat. Han Sara) (DJ AM Remix),Erik,"ERIK, Han Sara",lyhoptinh (feat. Han Sara),vpop-mainstream,https://music.youtube.com/watch?v=wh6cppoqOTw,https://i.ytimg.com/vi/wh6cppoqOTw/maxresdefault.jpg,Erik/lyhoptinh (feat. Han Sara)/lyhoptinh (feat. Han Sara) (DJ AM Remix).mp3
Yêu Bền Bỉ (GemV Lofi Chill),Erik,"Erik, Freaky, Benny",Yêu Bền Bỉ,vpop-mainstream,https://music.youtube.com/watch?v=WOTXp6qjCV8,https://i.ytimg.com/vi/WOTXp6qjCV8/maxresdefault.jpg,Erik/Yêu Bền Bỉ/Yêu Bền Bỉ (GemV Lofi Chill).mp3
Yêu Bền Bỉ (Beat) (Royce x GemV Remix),Erik,"Erik, Freaky, Benny",Yêu Bền Bỉ,vpop-mainstream,https://music.youtube.com/watch?v=UBLsGtXNtuM,https://i.ytimg.com/vi/UBLsGtXNtuM/maxresdefault.jpg,Erik/Yêu Bền Bỉ/Yêu Bền Bỉ (Beat) (Royce x GemV Remix).mp3
Yêu Bền Bỉ (Beat) (Haky x GemV Remix),Erik,"Erik, Freaky, Benny",Yêu Bền Bỉ,vpop-mainstream,https://music.youtube.com/watch?v=EEtMQgsH0eI,https://i.ytimg.com/vi/EEtMQgsH0eI/maxresdefault.jpg,Erik/Yêu Bền Bỉ/Yêu Bền Bỉ (Beat) (Haky x GemV Remix).mp3
Yêu Bền Bỉ (Beat),Erik,"Erik, Freaky, Benny",Yêu Bền Bỉ,vpop-mainstream,https://music.youtube.com/watch?v=qjcAI7YXv84,https://i.ytimg.com/vi/qjcAI7YXv84/maxresdefault.jpg,Erik/Yêu Bền Bỉ/Yêu Bền Bỉ (Beat).mp3
lyhoptinh (feat. Han Sara) (Sped Up),Erik,"ERIK, Han Sara",lyhoptinh (feat. Han Sara),vpop-mainstream,https://music.youtube.com/watch?v=L3Hms5Wf0co,https://i.ytimg.com/vi/L3Hms5Wf0co/maxresdefault.jpg,Erik/lyhoptinh (feat. Han Sara)/lyhoptinh (feat. Han Sara) (Sped Up).mp3
MÙA HÈ TUYỆT VỜI,Đức Phúc,ĐỨC PHÚC， TĂNG DUY TÂN,MÙA HÈ TUYỆT VỜI,vpop-mainstream,https://music.youtube.com/watch?v=CeKcg5r4kUQ,https://i.ytimg.com/vi/CeKcg5r4kUQ/maxresdefault.jpg,Đức Phúc/MÙA HÈ TUYỆT VỜI/MÙA HÈ TUYỆT VỜI.mp3
HET THUONG CAN NHO,Đức Phúc,DUC PHUC,HET THUONG CAN NHO,vpop-mainstream,https://music.youtube.com/watch?v=SlSfD94Tjys,https://i.ytimg.com/vi/SlSfD94Tjys/maxresdefault.jpg,Đức Phúc/HET THUONG CAN NHO/HET THUONG CAN NHO.mp3
Em Đồng Ý (I Do),Đức Phúc,"Đức Phúc, 911",Em Đồng Ý (I Do),vpop-mainstream,https://music.youtube.com/watch?v=lJEC3Nnccys,https://i.ytimg.com/vi/lJEC3Nnccys/maxresdefault.jpg,Đức Phúc/Em Đồng Ý (I Do)/Em Đồng Ý (I Do).mp3
Đóa Phù Dung Cuối Cùng,Đức Phúc,Đức Phúc,Đóa Phù Dung Cuối Cùng,vpop-mainstream,https://music.youtube.com/watch?v=_OdJOspivj0,https://i.ytimg.com/vi/_OdJOspivj0/maxresdefault.jpg,Đức Phúc/Đóa Phù Dung Cuối Cùng/Đóa Phù Dung Cuối Cùng.mp3
Ngày Đầu Sau Chia Tay,Đức Phúc,Đức Phúc,Ngày Đầu Sau Chia Tay,vpop-mainstream,https://music.youtube.com/watch?v=j-wqaSF85os,https://i.ytimg.com/vi/j-wqaSF85os/maxresdefault.jpg,Đức Phúc/Ngày Đầu Sau Chia Tay/Ngày Đầu Sau Chia Tay.mp3
NGÀY ĐẦU TIÊN,Đức Phúc,ĐỨC PHÚC,NGÀY ĐẦU TIÊN,vpop-mainstream,https://music.youtube.com/watch?v=aMlx7kKeQXY,https://i.ytimg.com/vi/aMlx7kKeQXY/maxresdefault.jpg,Đức Phúc/NGÀY ĐẦU TIÊN/NGÀY ĐẦU TIÊN.mp3
HON CA YEU,Đức Phúc,DUC PHUC,HON CA YEU,vpop-mainstream,https://music.youtube.com/watch?v=umLYXecFVaA,https://i.ytimg.com/vi/umLYXecFVaA/maxresdefault.jpg,Đức Phúc/HON CA YEU/HON CA YEU.mp3
Năm Ấy,Đức Phúc,Đức Phúc,Năm Ấy,vpop-mainstream,https://music.youtube.com/watch?v=69Jldtu2zWw,https://i.ytimg.com/vi/69Jldtu2zWw/maxresdefault.jpg,Đức Phúc/Năm Ấy/Năm Ấy.mp3
Cũng Đành Thôi,Đức Phúc,Đức Phúc,Cũng Đành Thôi,vpop-mainstream,https://music.youtube.com/watch?v=FzNBhGz_hlw,https://i.ytimg.com/vi/FzNBhGz_hlw/maxresdefault.jpg,Đức Phúc/Cũng Đành Thôi/Cũng Đành Thôi.mp3
Chăm Em Một Đời,Đức Phúc,Đức Phúc,Chăm Em Một Đời,vpop-mainstream,https://music.youtube.com/watch?v=On_Ava7hyXs,https://i.ytimg.com/vi/On_Ava7hyXs/maxresdefault.jpg,Đức Phúc/Chăm Em Một Đời/Chăm Em Một Đời.mp3
Yêu Được Không,Đức Phúc,Đức Phúc,Yêu Được Không,vpop-mainstream,https://music.youtube.com/watch?v=PZthEjvQXPA,https://i.ytimg.com/vi/PZthEjvQXPA/maxresdefault.jpg,Đức Phúc/Yêu Được Không/Yêu Được Không.mp3
Phù Đổng Thiên Vương,Đức Phúc,Đức Phúc,Phù Đổng Thiên Vương,vpop-mainstream,https://music.youtube.com/watch?v=iMX_i5CIdx4,https://i.ytimg.com/vi/iMX_i5CIdx4/maxresdefault.jpg,Đức Phúc/Phù Đổng Thiên Vương/Phù Đổng Thiên Vương.mp3
Người Ơi Người Ở Đừng Về,Đức Phúc,"Đức Phúc, Suboi",Người Ơi Người Ở Đừng Về,vpop-mainstream,https://music.youtube.com/watch?v=ihnoDhoniII,https://i.ytimg.com/vi/ihnoDhoniII/maxresdefault.jpg,Đức Phúc/Người Ơi Người Ở Đừng Về/Người Ơi Người Ở Đừng Về.mp3
Ta Còn Yêu Nhau,Đức Phúc,Đức Phúc,Ta Còn Yêu Nhau,vpop-mainstream,https://music.youtube.com/watch?v=5xm_2wb0v-E,https://i.ytimg.com/vi/5xm_2wb0v-E/maxresdefault.jpg,Đức Phúc/Ta Còn Yêu Nhau/Ta Còn Yêu Nhau.mp3
Ánh Nắng Của Anh (From “Chờ Em Đến Ngày Mai” Original Motion Picture Soundtrack),Đức Phúc,Đức Phúc,Ánh Nắng Của Anh,vpop-mainstream,https://music.youtube.com/watch?v=-GgTYmhzviw,https://i.ytimg.com/vi/-GgTYmhzviw/maxresdefault.jpg,Đức Phúc/Ánh Nắng Của Anh/Ánh Nắng Của Anh (From “Chờ Em Đến Ngày Mai” Original Motion Picture Soundtrack).mp3
Hơn Cả Hạnh Phúc,Đức Phúc,Đức Phúc,Hơn Cả Hạnh Phúc,vpop-mainstream,https://music.youtube.com/watch?v=zGDn7of9hoc,https://i.ytimg.com/vi/zGDn7of9hoc/maxresdefault.jpg,Đức Phúc/Hơn Cả Hạnh Phúc/Hơn Cả Hạnh Phúc.mp3
Đi Chùa Cầu Duyên,Đức Phúc,Đức Phúc,Đi Chùa Cầu Duyên,vpop-mainstream,https://music.youtube.com/watch?v=LSomzWZuF0I,https://i.ytimg.com/vi/LSomzWZuF0I/maxresdefault.jpg,Đức Phúc/Đi Chùa Cầu Duyên/Đi Chùa Cầu Duyên.mp3
MÙA HÈ TUYỆT VỜI (CUCAK Remix),Đức Phúc,ĐỨC PHÚC,MÙA HÈ TUYỆT VỜI (CUCAK REMIX),vpop-mainstream,https://music.youtube.com/watch?v=g9xMRaEGQJo,https://i.ytimg.com/vi/g9xMRaEGQJo/maxresdefault.jpg,Đức Phúc/MÙA HÈ TUYỆT VỜI (CUCAK REMIX)/MÙA HÈ TUYỆT VỜI (CUCAK Remix).mp3
"Còn Yêu, Đâu Ai Rời Đi",Đức Phúc,Đức Phúc,"Còn Yêu, Đâu Ai Rời Đi",vpop-mainstream,https://music.youtube.com/watch?v=5yRg3wDbrMs,https://i.ytimg.com/vi/5yRg3wDbrMs/maxresdefault.jpg,"Đức Phúc/Còn Yêu, Đâu Ai Rời Đi/Còn Yêu, Đâu Ai Rời Đi.mp3"
Cứ Thở Đi,Đức Phúc,Đức Phúc， Juky San,Cứ Thở Đi,vpop-mainstream,https://music.youtube.com/watch?v=4dexPxq5SpA,https://i.ytimg.com/vi/4dexPxq5SpA/maxresdefault.jpg,Đức Phúc/Cứ Thở Đi/Cứ Thở Đi.mp3
QUÁ KHỨ ĐÔI HIỆN TẠI ĐƠN,Đức Phúc,ĐỨC PHÚC,QUÁ KHỨ ĐÔI HIỆN TẠI ĐƠN,vpop-mainstream,https://music.youtube.com/watch?v=PsCKHuYZ0UE,https://i.ytimg.com/vi/PsCKHuYZ0UE/maxresdefault.jpg,Đức Phúc/QUÁ KHỨ ĐÔI HIỆN TẠI ĐƠN/QUÁ KHỨ ĐÔI HIỆN TẠI ĐƠN.mp3
Tết Là Đông Mới Vui,Đức Phúc,"Đức Phúc, Gducky",Tết Là Đông Mới Vui,vpop-mainstream,https://music.youtube.com/watch?v=CdhG54RmVws,https://i.ytimg.com/vi/CdhG54RmVws/maxresdefault.jpg,Đức Phúc/Tết Là Đông Mới Vui/Tết Là Đông Mới Vui.mp3
Anh Ở Đây Mà,Đức Phúc,Đức Phúc,Anh Ở Đây Mà,vpop-mainstream,https://music.youtube.com/watch?v=wBLDGEoQKDk,https://i.ytimg.com/vi/wBLDGEoQKDk/maxresdefault.jpg,Đức Phúc/Anh Ở Đây Mà/Anh Ở Đây Mà.mp3
Cười Vui Lấy Vía,Đức Phúc,Đức Phúc,Cười Vui Lấy Vía,vpop-mainstream,https://music.youtube.com/watch?v=EdbYNbFHirk,https://i.ytimg.com/vi/EdbYNbFHirk/maxresdefault.jpg,Đức Phúc/Cười Vui Lấy Vía/Cười Vui Lấy Vía.mp3
Chung Ta Lam Ban Duoc Khong?,Đức Phúc,Duc Phuc,Chung Ta Lam Ban Duoc Khong?,vpop-mainstream,https://music.youtube.com/watch?v=9-vBK-fEzG0,https://i.ytimg.com/vi/9-vBK-fEzG0/maxresdefault.jpg,Đức Phúc/Chung Ta Lam Ban Duoc Khong?/Chung Ta Lam Ban Duoc Khong?.mp3
Tình Yêu Đến Sau,Đức Phúc,"Myra Trần, Đức Phúc",Tình Yêu Đến Sau,vpop-mainstream,https://music.youtube.com/watch?v=FdyxJmPNbFc,https://i.ytimg.com/vi/FdyxJmPNbFc/maxresdefault.jpg,Đức Phúc/Tình Yêu Đến Sau/Tình Yêu Đến Sau.mp3
Hơn Cả Yêu (Tropical),Đức Phúc,Đức Phúc,Hơn Cả Yêu,vpop-mainstream,https://music.youtube.com/watch?v=1HXnyZ31IYs,https://i.ytimg.com/vi/1HXnyZ31IYs/maxresdefault.jpg,Đức Phúc/Hơn Cả Yêu/Hơn Cả Yêu (Tropical).mp3
Thắng đời 1-0,Đức Phúc,"BigDaddy, Đức Phúc, Phúc Du",WeChoice Awards 2025,vpop-mainstream,https://music.youtube.com/watch?v=KiSsuiAUVl4,https://i.ytimg.com/vi/KiSsuiAUVl4/maxresdefault.jpg,Đức Phúc/WeChoice Awards 2025/Thắng đời 1-0.mp3
THUONG NHAU NHE,Đức Phúc,DUC PHUC,THUONG NHAU NHE,vpop-mainstream,https://music.youtube.com/watch?v=bVx4j_iddTk,https://i.ytimg.com/vi/bVx4j_iddTk/maxresdefault.jpg,Đức Phúc/THUONG NHAU NHE/THUONG NHAU NHE.mp3
"Trước Khi Thanh Xuân Nghỉ Ngơi (feat. Anngo, Thuy MX, Wong & LeWiuy)",Đức Phúc,"Nguyễn Thúc Thùy Tiên, Đức Phúc, August, Anngo, Thuy MX, Wong, LeWiuy","Trước Khi Thanh Xuân Nghỉ Ngơi (feat. Anngo, Thuy MX, Wong & LeWiuy)",vpop-mainstream,https://music.youtube.com/watch?v=JzMxy4CLzOU,https://i.ytimg.com/vi/JzMxy4CLzOU/maxresdefault.jpg,"Đức Phúc/Trước Khi Thanh Xuân Nghỉ Ngơi (feat. Anngo, Thuy MX, Wong & LeWiuy)/Trước Khi Thanh Xuân Nghỉ Ngơi (feat. Anngo, Thuy MX, Wong & LeWiuy).mp3"
Gửi Ngàn Lời Yêu,Đức Phúc,Đức Phúc,Gửi Ngàn Lời Yêu,vpop-mainstream,https://music.youtube.com/watch?v=wjXPpo-D9fk,https://i.ytimg.com/vi/wjXPpo-D9fk/maxresdefault.jpg,Đức Phúc/Gửi Ngàn Lời Yêu/Gửi Ngàn Lời Yêu.mp3
Tết Này Để Con Lo,Đức Phúc,Đức Phúc,Tết Này Để Con Lo,vpop-mainstream,https://music.youtube.com/watch?v=uC10DyfPl4c,https://i.ytimg.com/vi/uC10DyfPl4c/maxresdefault.jpg,Đức Phúc/Tết Này Để Con Lo/Tết Này Để Con Lo.mp3
CHANG DE EM XA ANH (MOI TINH DAU CUA TOI OST),Đức Phúc,DUC PHUC,CHANG DE EM XA ANH (MOI TINH DAU CUA TOI OST),vpop-mainstream,https://music.youtube.com/watch?v=llP6-hx2_3A,https://i.ytimg.com/vi/llP6-hx2_3A/maxresdefault.jpg,Đức Phúc/CHANG DE EM XA ANH (MOI TINH DAU CUA TOI OST)/CHANG DE EM XA ANH (MOI TINH DAU CUA TOI OST).mp3
Yêu xa,Đức Phúc,Đức Phúc,LiveShow Dạ Khúc cho tình nhân,vpop-mainstream,https://music.youtube.com/watch?v=YRfhSd7sMCs,https://i.ytimg.com/vi/YRfhSd7sMCs/maxresdefault.jpg,Đức Phúc/LiveShow Dạ Khúc cho tình nhân/Yêu xa.mp3
GIAU MAT,Đức Phúc,DUC PHUC,GIAU MAT,vpop-mainstream,https://music.youtube.com/watch?v=obF3e1j2ULU,https://i.ytimg.com/vi/obF3e1j2ULU/maxresdefault.jpg,Đức Phúc/GIAU MAT/GIAU MAT.mp3
Thế Là Tết,Đức Phúc,"Đức Phúc, Hòa Minzy",Thế Là Tết,vpop-mainstream,https://music.youtube.com/watch?v=dF6cUnhRT9I,https://i.ytimg.com/vi/dF6cUnhRT9I/maxresdefault.jpg,Đức Phúc/Thế Là Tết/Thế Là Tết.mp3
CHI MOT CAU,Đức Phúc,DUC PHUC,CHI MOT CAU,vpop-mainstream,https://music.youtube.com/watch?v=Pr4Zaoc_lfw,https://i.ytimg.com/vi/Pr4Zaoc_lfw/maxresdefault.jpg,Đức Phúc/CHI MOT CAU/CHI MOT CAU.mp3
NAM SINH NU SINH,Đức Phúc,DUC PHUC,NAM SINH NU SINH,vpop-mainstream,https://music.youtube.com/watch?v=qkSC6cOldzc,https://i.ytimg.com/vi/qkSC6cOldzc/maxresdefault.jpg,Đức Phúc/NAM SINH NU SINH/NAM SINH NU SINH.mp3
TRAI TIM VE NHA,Đức Phúc,DUC PHUC,TRAI TIM VE NHA,vpop-mainstream,https://music.youtube.com/watch?v=CN2Xcj5EYEY,https://i.ytimg.com/vi/CN2Xcj5EYEY/maxresdefault.jpg,Đức Phúc/TRAI TIM VE NHA/TRAI TIM VE NHA.mp3
Nơi Tôi Thuộc Về,Đức Phúc,Đức Phúc,Nơi Tôi Thuộc Về,vpop-mainstream,https://music.youtube.com/watch?v=b6_rloImHgE,https://i.ytimg.com/vi/b6_rloImHgE/maxresdefault.jpg,Đức Phúc/Nơi Tôi Thuộc Về/Nơi Tôi Thuộc Về.mp3
Hey Monta!,Đức Phúc,"Đức Phúc, Monta, Phạm Toàn Thắng",Hey Monta!,vpop-mainstream,https://music.youtube.com/watch?v=ksaat6VnGg4,https://i.ytimg.com/vi/ksaat6VnGg4/maxresdefault.jpg,Đức Phúc/Hey Monta!/Hey Monta!.mp3
Trái Đất Đẹp Nhất Khi Có Em (feat. Viruss),Đức Phúc,"Đức Phúc, Viruss",Trái Đất Đẹp Nhất Khi Có Em (feat. Viruss),vpop-mainstream,https://music.youtube.com/watch?v=5h_a_C4mlMg,https://i.ytimg.com/vi/5h_a_C4mlMg/maxresdefault.jpg,Đức Phúc/Trái Đất Đẹp Nhất Khi Có Em (feat. Viruss)/Trái Đất Đẹp Nhất Khi Có Em (feat. Viruss).mp3
Thương Em,Đức Phúc,"Đức Phúc, Phạm Việt Tuân",Thương Em,vpop-mainstream,https://music.youtube.com/watch?v=83ErIxbQ_n4,https://i.ytimg.com/vi/83ErIxbQ_n4/maxresdefault.jpg,Đức Phúc/Thương Em/Thương Em.mp3
Phút Giây Tỏa Sáng,Đức Phúc,Đức Phúc,Phút Giây Tỏa Sáng,vpop-mainstream,https://music.youtube.com/watch?v=PGRBVr39pXo,https://i.ytimg.com/vi/PGRBVr39pXo/maxresdefault.jpg,Đức Phúc/Phút Giây Tỏa Sáng/Phút Giây Tỏa Sáng.mp3
Lam Lem Dieu Ky,Đức Phúc,Duc Phuc Feat. Ha Anh,Lam Lem Dieu Ky,vpop-mainstream,https://music.youtube.com/watch?v=HBGPC_JUm2I,https://i.ytimg.com/vi/HBGPC_JUm2I/maxresdefault.jpg,Đức Phúc/Lam Lem Dieu Ky/Lam Lem Dieu Ky.mp3
Người Ơi Người Ở Đừng Về (Acoustic Version),Đức Phúc,Đức Phúc,Người Ơi Người Ở Đừng Về,vpop-mainstream,https://music.youtube.com/watch?v=B2VcsXH4DuM,https://i.ytimg.com/vi/B2VcsXH4DuM/maxresdefault.jpg,Đức Phúc/Người Ơi Người Ở Đừng Về/Người Ơi Người Ở Đừng Về (Acoustic Version).mp3
DUNG ROI XA TOI,Đức Phúc,DUC PHUC,DUNG ROI XA TOI,vpop-mainstream,https://music.youtube.com/watch?v=gHwUJGnIMLs,https://i.ytimg.com/vi/gHwUJGnIMLs/maxresdefault.jpg,Đức Phúc/DUNG ROI XA TOI/DUNG ROI XA TOI.mp3
Tình Như Lá Bay Xa (Live),Mỹ Tâm,"Mỹ Tâm, Jimmii Nguyễn",Tình Như Lá Bay Xa (Live),vpop-mainstream,https://music.youtube.com/watch?v=XBQJNDJQPB0,https://i.ytimg.com/vi/XBQJNDJQPB0/maxresdefault.jpg,Mỹ Tâm/Tình Như Lá Bay Xa (Live)/Tình Như Lá Bay Xa (Live).mp3
Hẹn Ước Từ Hư Vô (Live),Mỹ Tâm,My Tam,Hẹn Ước Từ Hư Vô (Live),vpop-mainstream,https://music.youtube.com/watch?v=kqTKoffeSE0,https://i.ytimg.com/vi/kqTKoffeSE0/maxresdefault.jpg,Mỹ Tâm/Hẹn Ước Từ Hư Vô (Live)/Hẹn Ước Từ Hư Vô (Live).mp3
Chuyện Để Dành (Live),Mỹ Tâm,Mỹ Tâm,Chuyện Để Dành (Live),vpop-mainstream,https://music.youtube.com/watch?v=jhIzqaeJgHM,https://i.ytimg.com/vi/jhIzqaeJgHM/maxresdefault.jpg,Mỹ Tâm/Chuyện Để Dành (Live)/Chuyện Để Dành (Live).mp3
Vì Em Tất Cả,Mỹ Tâm,Mỹ Tâm,Vì Em Tất Cả,vpop-mainstream,https://music.youtube.com/watch?v=L5XSxAYwhQ8,https://i.ytimg.com/vi/L5XSxAYwhQ8/maxresdefault.jpg,Mỹ Tâm/Vì Em Tất Cả/Vì Em Tất Cả.mp3
Dạ Vũ (feat. Tăng Duy Tân) (Live),Mỹ Tâm,"Mỹ Tâm, Tăng Duy Tân",Dạ Vũ (feat. Tăng Duy Tân) (Live),vpop-mainstream,https://music.youtube.com/watch?v=mZG4WXnlMCY,https://i.ytimg.com/vi/mZG4WXnlMCY/maxresdefault.jpg,Mỹ Tâm/Dạ Vũ (feat. Tăng Duy Tân) (Live)/Dạ Vũ (feat. Tăng Duy Tân) (Live).mp3
Đúng Cũng Thành Sai,Mỹ Tâm,Mỹ Tâm,Đúng Cũng Thành Sai,vpop-mainstream,https://music.youtube.com/watch?v=XdEoDhD8weA,https://i.ytimg.com/vi/XdEoDhD8weA/maxresdefault.jpg,Mỹ Tâm/Đúng Cũng Thành Sai/Đúng Cũng Thành Sai.mp3
Cứ Vui Lên,Mỹ Tâm,Mỹ Tâm,Cứ Vui Lên,vpop-mainstream,https://music.youtube.com/watch?v=h_QxmaQXQlA,https://i.ytimg.com/vi/h_QxmaQXQlA/maxresdefault.jpg,Mỹ Tâm/Cứ Vui Lên/Cứ Vui Lên.mp3
Muộn Màng Là Từ Lúc,Mỹ Tâm,Mỹ Tâm,Tâm 9,vpop-mainstream,https://music.youtube.com/watch?v=l0YC97967go,https://i.ytimg.com/vi/l0YC97967go/maxresdefault.jpg,Mỹ Tâm/Tâm 9/Muộn Màng Là Từ Lúc.mp3
Đừng Hỏi Em,Mỹ Tâm,Mỹ Tâm,Tâm 9,vpop-mainstream,https://music.youtube.com/watch?v=3V-wL4V0Uj8,https://i.ytimg.com/vi/3V-wL4V0Uj8/maxresdefault.jpg,Mỹ Tâm/Tâm 9/Đừng Hỏi Em.mp3
Như Một Giấc Mơ,Mỹ Tâm,Mỹ Tâm,"Tâm, Vol. 8",vpop-mainstream,https://music.youtube.com/watch?v=h3sJj-xXDLQ,https://i.ytimg.com/vi/h3sJj-xXDLQ/maxresdefault.jpg,"Mỹ Tâm/Tâm, Vol. 8/Như Một Giấc Mơ.mp3"
Chuyện Như Chưa Bắt Đầu,Mỹ Tâm,Mỹ Tâm,Chuyện Như Chưa Bắt Đầu,vpop-mainstream,https://music.youtube.com/watch?v=UaesXh9-vNI,https://i.ytimg.com/vi/UaesXh9-vNI/maxresdefault.jpg,Mỹ Tâm/Chuyện Như Chưa Bắt Đầu/Chuyện Như Chưa Bắt Đầu.mp3
Đâu Chỉ Riêng Em,Mỹ Tâm,Mỹ Tâm,Tâm 9,vpop-mainstream,https://music.youtube.com/watch?v=m4VJ8KgS88g,https://i.ytimg.com/vi/m4VJ8KgS88g/maxresdefault.jpg,Mỹ Tâm/Tâm 9/Đâu Chỉ Riêng Em.mp3
Nơi tình yêu bắt đầu,Mỹ Tâm,"Bằng Kiều, Mỹ Tâm",LiveShow Dạ Khúc cho tình nhân,vpop-mainstream,https://music.youtube.com/watch?v=KX4fvWATWq8,https://i.ytimg.com/vi/KX4fvWATWq8/maxresdefault.jpg,Mỹ Tâm/LiveShow Dạ Khúc cho tình nhân/Nơi tình yêu bắt đầu.mp3
Anh Đợi Em Được Không (Live),Mỹ Tâm,My Tam,Anh Đợi Em Được Không (Live),vpop-mainstream,https://music.youtube.com/watch?v=XCDiSOZs5sE,https://i.ytimg.com/vi/XCDiSOZs5sE/maxresdefault.jpg,Mỹ Tâm/Anh Đợi Em Được Không (Live)/Anh Đợi Em Được Không (Live).mp3
Nơi Mình Dừng Chân (Nhạc Phim Chị Trợ Lý Của Anh),Mỹ Tâm,Mỹ Tâm,Nơi Mình Dừng Chân (Nhạc Phim Chị Trợ Lý Của Anh),vpop-mainstream,https://music.youtube.com/watch?v=JES87SgSHmU,https://i.ytimg.com/vi/JES87SgSHmU/maxresdefault.jpg,Mỹ Tâm/Nơi Mình Dừng Chân (Nhạc Phim Chị Trợ Lý Của Anh)/Nơi Mình Dừng Chân (Nhạc Phim Chị Trợ Lý Của Anh).mp3
Người Hãy Quên Em Đi,Mỹ Tâm,Mỹ Tâm,Tâm 9,vpop-mainstream,https://music.youtube.com/watch?v=CoYaV2XzSVQ,https://i.ytimg.com/vi/CoYaV2XzSVQ/maxresdefault.jpg,Mỹ Tâm/Tâm 9/Người Hãy Quên Em Đi.mp3
Rực Rỡ Tháng Năm,Mỹ Tâm,Mỹ Tâm,Rực Rỡ Tháng Năm,vpop-mainstream,https://music.youtube.com/watch?v=qSt0Cg7f3xg,https://i.ytimg.com/vi/qSt0Cg7f3xg/maxresdefault.jpg,Mỹ Tâm/Rực Rỡ Tháng Năm/Rực Rỡ Tháng Năm.mp3
Nhớ Về Em (Live),Mỹ Tâm,Mỹ Tâm,Nhớ Về Em (Live),vpop-mainstream,https://music.youtube.com/watch?v=igHJpOBBWQQ,https://i.ytimg.com/vi/igHJpOBBWQQ/maxresdefault.jpg,Mỹ Tâm/Nhớ Về Em (Live)/Nhớ Về Em (Live).mp3
Anh Đợi Em Được Không,Mỹ Tâm,Mỹ Tâm,Anh Đợi Em Được Không,vpop-mainstream,https://music.youtube.com/watch?v=-dcyVAImPE0,https://i.ytimg.com/vi/-dcyVAImPE0/maxresdefault.jpg,Mỹ Tâm/Anh Đợi Em Được Không/Anh Đợi Em Được Không.mp3
Chỉ Hai Đứa Mình Thôi Nhé,Mỹ Tâm,Mỹ Tâm,Chỉ Hai Đứa Mình Thôi Nhé,vpop-mainstream,https://music.youtube.com/watch?v=uLz7t6FdMps,https://i.ytimg.com/vi/uLz7t6FdMps/maxresdefault.jpg,Mỹ Tâm/Chỉ Hai Đứa Mình Thôi Nhé/Chỉ Hai Đứa Mình Thôi Nhé.mp3
Nếu Anh Đi,Mỹ Tâm,Mỹ Tâm,Tâm 9,vpop-mainstream,https://music.youtube.com/watch?v=R43bjg35PrA,https://i.ytimg.com/vi/R43bjg35PrA/maxresdefault.jpg,Mỹ Tâm/Tâm 9/Nếu Anh Đi.mp3
Dường Như Ta Đã,Mỹ Tâm,Mỹ Tâm,"Dường Như Ta Đã, Vol. 4.5",vpop-mainstream,https://music.youtube.com/watch?v=R849iZ3qr-g,https://i.ytimg.com/vi/R849iZ3qr-g/maxresdefault.jpg,"Mỹ Tâm/Dường Như Ta Đã, Vol. 4.5/Dường Như Ta Đã.mp3"
Độc (TÀI Original Soundtrack),Mỹ Tâm,Mỹ Tâm,Độc (TÀI Original Soundtrack),vpop-mainstream,https://music.youtube.com/watch?v=4ooQrsHTSh8,https://i.ytimg.com/vi/4ooQrsHTSh8/maxresdefault.jpg,Mỹ Tâm/Độc (TÀI Original Soundtrack)/Độc (TÀI Original Soundtrack).mp3
Chuyện Tình Ta Tan Vỡ (Live),Mỹ Tâm,Mỹ Tâm,Chuyện Tình Ta Tan Vỡ (Live),vpop-mainstream,https://music.youtube.com/watch?v=jbPgjBpJoEc,https://i.ytimg.com/vi/jbPgjBpJoEc/maxresdefault.jpg,Mỹ Tâm/Chuyện Tình Ta Tan Vỡ (Live)/Chuyện Tình Ta Tan Vỡ (Live).mp3
Hát Cho Người Ở Lại,Mỹ Tâm,Mỹ Tâm,"Đâu Chỉ Riêng Em, Vol. 2",vpop-mainstream,https://music.youtube.com/watch?v=AxkfKBmHKTQ,https://i.ytimg.com/vi/AxkfKBmHKTQ/maxresdefault.jpg,"Mỹ Tâm/Đâu Chỉ Riêng Em, Vol. 2/Hát Cho Người Ở Lại.mp3"
Một Đêm Say (Live),Mỹ Tâm,My Tam,Một Đêm Say (Live),vpop-mainstream,https://music.youtube.com/watch?v=8FLyNWxJ0m0,https://i.ytimg.com/vi/8FLyNWxJ0m0/maxresdefault.jpg,Mỹ Tâm/Một Đêm Say (Live)/Một Đêm Say (Live).mp3
Bên Trên Tầng Lầu (Live),Mỹ Tâm,Mỹ Tâm,Bên Trên Tầng Lầu (Live),vpop-mainstream,https://music.youtube.com/watch?v=tilDF2cdV6U,https://i.ytimg.com/vi/tilDF2cdV6U/maxresdefault.jpg,Mỹ Tâm/Bên Trên Tầng Lầu (Live)/Bên Trên Tầng Lầu (Live).mp3
Chỉ Cần Gọi Tên Nhau (TÀI Original Soundtrack),Mỹ Tâm,Mỹ Tâm,Chỉ Cần Gọi Tên Nhau (TÀI Original Soundtrack),vpop-mainstream,https://music.youtube.com/watch?v=OlrVyMbGMK0,https://i.ytimg.com/vi/OlrVyMbGMK0/maxresdefault.jpg,Mỹ Tâm/Chỉ Cần Gọi Tên Nhau (TÀI Original Soundtrack)/Chỉ Cần Gọi Tên Nhau (TÀI Original Soundtrack).mp3
Cuộc Hẹn Trong Mơ,Mỹ Tâm,Mỹ Tâm,Cuộc Hẹn Trong Mơ,vpop-mainstream,https://music.youtube.com/watch?v=Vztn1KMis38,https://i.ytimg.com/vi/Vztn1KMis38/maxresdefault.jpg,Mỹ Tâm/Cuộc Hẹn Trong Mơ/Cuộc Hẹn Trong Mơ.mp3
See The Light (Live),Mỹ Tâm,Mỹ Tâm,See The Light (Live),vpop-mainstream,https://music.youtube.com/watch?v=7sk5mDx3Ubg,https://i.ytimg.com/vi/7sk5mDx3Ubg/maxresdefault.jpg,Mỹ Tâm/See The Light (Live)/See The Light (Live).mp3
Tình Em Còn Mãi,Mỹ Tâm,Mỹ Tâm,Đêm Sài Gòn,vpop-mainstream,https://music.youtube.com/watch?v=haF1BFLVBow,https://i.ytimg.com/vi/haF1BFLVBow/maxresdefault.jpg,Mỹ Tâm/Đêm Sài Gòn/Tình Em Còn Mãi.mp3
Nếu Có Buông Tay,Mỹ Tâm,Mỹ Tâm,Tâm 9,vpop-mainstream,https://music.youtube.com/watch?v=gMlxQY9jglw,https://i.ytimg.com/vi/gMlxQY9jglw/maxresdefault.jpg,Mỹ Tâm/Tâm 9/Nếu Có Buông Tay.mp3
Cô Gái Đến Từ Hôm Qua,Mỹ Tâm,Mỹ Tâm,"Trở Lại, Vol. 6",vpop-mainstream,https://music.youtube.com/watch?v=sLakffFVUaQ,https://i.ytimg.com/vi/sLakffFVUaQ/maxresdefault.jpg,"Mỹ Tâm/Trở Lại, Vol. 6/Cô Gái Đến Từ Hôm Qua.mp3"
Tình Lỡ Cách Xa,Mỹ Tâm,Mỹ Tâm,Ban Mai Tình Yêu (Single),vpop-mainstream,https://music.youtube.com/watch?v=2iRtMxV0En0,https://i.ytimg.com/vi/2iRtMxV0En0/maxresdefault.jpg,Mỹ Tâm/Ban Mai Tình Yêu (Single)/Tình Lỡ Cách Xa.mp3
Uoc Gi,Mỹ Tâm,My Tam,Yesterday & Now,vpop-mainstream,https://music.youtube.com/watch?v=JTX8waLX4Zc,https://i.ytimg.com/vi/JTX8waLX4Zc/maxresdefault.jpg,Mỹ Tâm/Yesterday & Now/Uoc Gi.mp3
Vậy Cũng Vui,Mỹ Tâm,Mỹ Tâm,Vậy Cũng Vui,vpop-mainstream,https://music.youtube.com/watch?v=vgIOJjNM6qw,https://i.ytimg.com/vi/vgIOJjNM6qw/maxresdefault.jpg,Mỹ Tâm/Vậy Cũng Vui/Vậy Cũng Vui.mp3
Giọt Sương,Mỹ Tâm,Mỹ Tâm,"Vút Bay, Vol. 5",vpop-mainstream,https://music.youtube.com/watch?v=H25z4GiK3a0,https://i.ytimg.com/vi/H25z4GiK3a0/maxresdefault.jpg,"Mỹ Tâm/Vút Bay, Vol. 5/Giọt Sương.mp3"
Tay Vớt Ánh Trăng (Live),Mỹ Tâm,Mỹ Tâm,Tay Vớt Ánh Trăng (Live),vpop-mainstream,https://music.youtube.com/watch?v=wRE6RYzi5v8,https://i.ytimg.com/vi/wRE6RYzi5v8/maxresdefault.jpg,Mỹ Tâm/Tay Vớt Ánh Trăng (Live)/Tay Vớt Ánh Trăng (Live).mp3
Niem Tin Chien Thang,Mỹ Tâm,My Tam,Yesterday & Now,vpop-mainstream,https://music.youtube.com/watch?v=Fa2mf_LOYPs,https://i.ytimg.com/vi/Fa2mf_LOYPs/maxresdefault.jpg,Mỹ Tâm/Yesterday & Now/Niem Tin Chien Thang.mp3
Chia Tay (Live),Mỹ Tâm,Mỹ Tâm,Chia Tay (Live),vpop-mainstream,https://music.youtube.com/watch?v=sA8S1RkN8Gg,https://i.ytimg.com/vi/sA8S1RkN8Gg/maxresdefault.jpg,Mỹ Tâm/Chia Tay (Live)/Chia Tay (Live).mp3
Sau Lời Từ Khước (Live),Mỹ Tâm,My Tam,Sau Lời Từ Khước (Live),vpop-mainstream,https://music.youtube.com/watch?v=hHjkZwh4S5k,https://i.ytimg.com/vi/hHjkZwh4S5k/maxresdefault.jpg,Mỹ Tâm/Sau Lời Từ Khước (Live)/Sau Lời Từ Khước (Live).mp3
Em Phải Làm Sao,Mỹ Tâm,Mỹ Tâm,Em Phải Làm Sao,vpop-mainstream,https://music.youtube.com/watch?v=W9TyJWukv1E,https://i.ytimg.com/vi/W9TyJWukv1E/maxresdefault.jpg,Mỹ Tâm/Em Phải Làm Sao/Em Phải Làm Sao.mp3
Biết Khi Nào Gặp Lại,Mỹ Tâm,Mỹ Tâm,Tâm 9,vpop-mainstream,https://music.youtube.com/watch?v=B426mrbnLOU,https://i.ytimg.com/vi/B426mrbnLOU/maxresdefault.jpg,Mỹ Tâm/Tâm 9/Biết Khi Nào Gặp Lại.mp3
Khi Giấc Mơ Về (Live),Mỹ Tâm,My Tam,Khi Giấc Mơ Về (Live),vpop-mainstream,https://music.youtube.com/watch?v=JGfG_vdp_6o,https://i.ytimg.com/vi/JGfG_vdp_6o/maxresdefault.jpg,Mỹ Tâm/Khi Giấc Mơ Về (Live)/Khi Giấc Mơ Về (Live).mp3
Ngày Chưa Giông Bão (Live),Mỹ Tâm,My Tam,Ngày Chưa Giông Bão (Live),vpop-mainstream,https://music.youtube.com/watch?v=rozCre94Cxo,https://i.ytimg.com/vi/rozCre94Cxo/maxresdefault.jpg,Mỹ Tâm/Ngày Chưa Giông Bão (Live)/Ngày Chưa Giông Bão (Live).mp3
Tình mẹ,Mỹ Tâm,Mỹ Tâm,Hát với dòng sông,vpop-mainstream,https://music.youtube.com/watch?v=-O5NdzDwmmE,https://i.ytimg.com/vi/-O5NdzDwmmE/maxresdefault.jpg,Mỹ Tâm/Hát với dòng sông/Tình mẹ.mp3
Vì Em Quá Yêu Anh,Mỹ Tâm,Mỹ Tâm,"Tâm, Vol. 8",vpop-mainstream,https://music.youtube.com/watch?v=Pbi08jOocp4,https://i.ytimg.com/vi/Pbi08jOocp4/maxresdefault.jpg,"Mỹ Tâm/Tâm, Vol. 8/Vì Em Quá Yêu Anh.mp3"
Dấu Yêu,Mỹ Tâm,Mỹ Tâm,Màu Tóc Nhung,vpop-mainstream,https://music.youtube.com/watch?v=CMHyOP539Us,https://i.ytimg.com/vi/CMHyOP539Us/maxresdefault.jpg,Mỹ Tâm/Màu Tóc Nhung/Dấu Yêu.mp3
Hãy Về Với Nhau,Mỹ Tâm,Mỹ Tâm,Hãy Về Với Nhau,vpop-mainstream,https://music.youtube.com/watch?v=9HcDvemBzmc,https://i.ytimg.com/vi/9HcDvemBzmc/maxresdefault.jpg,Mỹ Tâm/Hãy Về Với Nhau/Hãy Về Với Nhau.mp3
Giấc Mơ Tình Yêu,Mỹ Tâm,Mỹ Tâm,"Đâu Chỉ Riêng Em, Vol. 2",vpop-mainstream,https://music.youtube.com/watch?v=D7qss_YmJQ8,https://i.ytimg.com/vi/D7qss_YmJQ8/maxresdefault.jpg,"Mỹ Tâm/Đâu Chỉ Riêng Em, Vol. 2/Giấc Mơ Tình Yêu.mp3"
Cự Tuyệt,Hồ Ngọc Hà,Hồ Ngọc Hà,"Love Songs Collection 4: Càng Trưởng Thành, Càng Cô Đơn",vpop-mainstream,https://music.youtube.com/watch?v=LDeIG57deWU,https://i.ytimg.com/vi/LDeIG57deWU/maxresdefault.jpg,"Hồ Ngọc Hà/Love Songs Collection 4_ Càng Trưởng Thành, Càng Cô Đơn/Cự Tuyệt.mp3"
Cô Đơn Trên Sofa,Hồ Ngọc Hà,Hồ Ngọc Hà,Cô Đơn Trên Sofa,vpop-mainstream,https://music.youtube.com/watch?v=YCYoclE3p9w,https://i.ytimg.com/vi/YCYoclE3p9w/maxresdefault.jpg,Hồ Ngọc Hà/Cô Đơn Trên Sofa/Cô Đơn Trên Sofa.mp3
Lặng Thầm Một Tình Yêu,Hồ Ngọc Hà,"Thanh Bùi, Hồ Ngọc Hà",Tìm Về Dấu Yêu,vpop-mainstream,https://music.youtube.com/watch?v=3mn-ZLilwaQ,https://i.ytimg.com/vi/3mn-ZLilwaQ/maxresdefault.jpg,Hồ Ngọc Hà/Tìm Về Dấu Yêu/Lặng Thầm Một Tình Yêu.mp3
Tìm Lại Giấc Mơ,Hồ Ngọc Hà,Hồ Ngọc Hà,Tìm Lại Giấc Mơ,vpop-mainstream,https://music.youtube.com/watch?v=UoEI-R7pJNw,https://i.ytimg.com/vi/UoEI-R7pJNw/maxresdefault.jpg,Hồ Ngọc Hà/Tìm Lại Giấc Mơ/Tìm Lại Giấc Mơ.mp3
Ngày Tháng Còn Đó,Hồ Ngọc Hà,"Quang Dũng, Hồ Ngọc Hà, Đức Trí",Ngày Tháng Còn Đó,vpop-mainstream,https://music.youtube.com/watch?v=v_bELtNxDhE,https://i.ytimg.com/vi/v_bELtNxDhE/maxresdefault.jpg,Hồ Ngọc Hà/Ngày Tháng Còn Đó/Ngày Tháng Còn Đó.mp3
Cả Một Trời Thương Nhớ,Hồ Ngọc Hà,Hồ Ngọc Hà,Cả Một Trời Thương Nhớ,vpop-mainstream,https://music.youtube.com/watch?v=sOEThAJVDPg,https://i.ytimg.com/vi/sOEThAJVDPg/maxresdefault.jpg,Hồ Ngọc Hà/Cả Một Trời Thương Nhớ/Cả Một Trời Thương Nhớ.mp3
Gửi Người Yêu Cũ,Hồ Ngọc Hà,Hồ Ngọc Hà,Gửi Người Yêu Cũ,vpop-mainstream,https://music.youtube.com/watch?v=ZrW8ziztZuc,https://i.ytimg.com/vi/ZrW8ziztZuc/maxresdefault.jpg,Hồ Ngọc Hà/Gửi Người Yêu Cũ/Gửi Người Yêu Cũ.mp3
Cô Đơn Giữa Cuộc Tình,Hồ Ngọc Hà,Hồ Ngọc Hà,My Baby,vpop-mainstream,https://music.youtube.com/watch?v=9cfmcwClzIY,https://i.ytimg.com/vi/9cfmcwClzIY/maxresdefault.jpg,Hồ Ngọc Hà/My Baby/Cô Đơn Giữa Cuộc Tình.mp3
Đã Sai Từ Lúc Đầu,Hồ Ngọc Hà,Hồ Ngọc Hà,"Love Songs Collection 4: Càng Trưởng Thành, Càng Cô Đơn",vpop-mainstream,https://music.youtube.com/watch?v=_2PET41Og30,https://i.ytimg.com/vi/_2PET41Og30/maxresdefault.jpg,"Hồ Ngọc Hà/Love Songs Collection 4_ Càng Trưởng Thành, Càng Cô Đơn/Đã Sai Từ Lúc Đầu.mp3"
Nỗi Nhớ Đầy Vơi,Hồ Ngọc Hà,"Hồ Ngọc Hà, Noo Phước Thịnh",Nỗi Nhớ Đầy Vơi,vpop-mainstream,https://music.youtube.com/watch?v=xV68hizRxE8,https://i.ytimg.com/vi/xV68hizRxE8/maxresdefault.jpg,Hồ Ngọc Hà/Nỗi Nhớ Đầy Vơi/Nỗi Nhớ Đầy Vơi.mp3
Hừng Đông (In Da Club),Hồ Ngọc Hà,Hồ Ngọc Hà,Hừng Đông,vpop-mainstream,https://music.youtube.com/watch?v=1pvpDj-BLhM,https://i.ytimg.com/vi/1pvpDj-BLhM/maxresdefault.jpg,Hồ Ngọc Hà/Hừng Đông/Hừng Đông (In Da Club).mp3
Cạn Dòng Nước Mắt,Hồ Ngọc Hà,Hồ Ngọc Hà,"Love Songs Collection 4: Càng Trưởng Thành, Càng Cô Đơn",vpop-mainstream,https://music.youtube.com/watch?v=G1QvYsQqskE,https://i.ytimg.com/vi/G1QvYsQqskE/maxresdefault.jpg,"Hồ Ngọc Hà/Love Songs Collection 4_ Càng Trưởng Thành, Càng Cô Đơn/Cạn Dòng Nước Mắt.mp3"
Cự Tuyệt / Chạy Theo Lý Trí (Live),Hồ Ngọc Hà,Hồ Ngọc Hà,Love Songs Love Vietnam in Đà Lạt (Live),vpop-mainstream,https://music.youtube.com/watch?v=sCNuH8cG884,https://i.ytimg.com/vi/sCNuH8cG884/maxresdefault.jpg,Hồ Ngọc Hà/Love Songs Love Vietnam in Đà Lạt (Live)/Cự Tuyệt _ Chạy Theo Lý Trí (Live).mp3
Cô Đơn Trên Sofa / Dạ Vũ (Live),Hồ Ngọc Hà,Hồ Ngọc Hà,Love Songs Love Vietnam in Đà Lạt (Live),vpop-mainstream,https://music.youtube.com/watch?v=pVKEEsQs_EI,https://i.ytimg.com/vi/pVKEEsQs_EI/maxresdefault.jpg,Hồ Ngọc Hà/Love Songs Love Vietnam in Đà Lạt (Live)/Cô Đơn Trên Sofa _ Dạ Vũ (Live).mp3
Xin Hay Thu Tha,Hồ Ngọc Hà,"Ho Ngoc Ha, Suboi",The First Single,vpop-mainstream,https://music.youtube.com/watch?v=l-8VSocg-xU,https://i.ytimg.com/vi/l-8VSocg-xU/maxresdefault.jpg,Hồ Ngọc Hà/The First Single/Xin Hay Thu Tha.mp3
Nguyễn Hồng Thuận (Live),Hồ Ngọc Hà,Hồ Ngọc Hà,Love Songs Love Vietnam in Đà Lạt (Live),vpop-mainstream,https://music.youtube.com/watch?v=zMdjtqFUJyM,https://i.ytimg.com/vi/zMdjtqFUJyM/maxresdefault.jpg,Hồ Ngọc Hà/Love Songs Love Vietnam in Đà Lạt (Live)/Nguyễn Hồng Thuận (Live).mp3
Như Hoa Mùa Xuân,Hồ Ngọc Hà,"Hồ Ngọc Hà, Châu Đăng Khoa",Gala Nhạc Việt Happy New Year,vpop-mainstream,https://music.youtube.com/watch?v=FhWNU336gRc,https://i.ytimg.com/vi/FhWNU336gRc/maxresdefault.jpg,Hồ Ngọc Hà/Gala Nhạc Việt Happy New Year/Như Hoa Mùa Xuân.mp3
Em Muốn Anh Đưa Em Về,Hồ Ngọc Hà,Hồ Ngọc Hà,Em Muốn Anh Đưa Em Về,vpop-mainstream,https://music.youtube.com/watch?v=SrBm2V9IXFs,https://i.ytimg.com/vi/SrBm2V9IXFs/maxresdefault.jpg,Hồ Ngọc Hà/Em Muốn Anh Đưa Em Về/Em Muốn Anh Đưa Em Về.mp3
Một Lần Cuối Thôi,Hồ Ngọc Hà,Hồ Ngọc Hà,Một Lần Cuối Thôi,vpop-mainstream,https://music.youtube.com/watch?v=iHLThBsTLZ4,https://i.ytimg.com/vi/iHLThBsTLZ4/maxresdefault.jpg,Hồ Ngọc Hà/Một Lần Cuối Thôi/Một Lần Cuối Thôi.mp3
Những Lời Dối Gian / Hoa Tàn / Xa Em Kỷ Niệm (Live),Hồ Ngọc Hà,Hồ Ngọc Hà,Love Songs Love Vietnam in Đà Nẵng (Live),vpop-mainstream,https://music.youtube.com/watch?v=qZs8U7Ar-Vk,https://i.ytimg.com/vi/qZs8U7Ar-Vk/maxresdefault.jpg,Hồ Ngọc Hà/Love Songs Love Vietnam in Đà Nẵng (Live)/Những Lời Dối Gian _ Hoa Tàn _ Xa Em Kỷ Niệm (Live).mp3
My Baby (Người Tình Ơi),Hồ Ngọc Hà,Hồ Ngọc Hà,My Baby,vpop-mainstream,https://music.youtube.com/watch?v=3UkI4jXI1H4,https://i.ytimg.com/vi/3UkI4jXI1H4/maxresdefault.jpg,Hồ Ngọc Hà/My Baby/My Baby (Người Tình Ơi).mp3
Sao Ta Lặng Im,Hồ Ngọc Hà,Hồ Ngọc Hà,Love Songs Collection 2: Vẫn Trong Đợi Chờ,vpop-mainstream,https://music.youtube.com/watch?v=RInK_xkw_iI,https://i.ytimg.com/vi/RInK_xkw_iI/maxresdefault.jpg,Hồ Ngọc Hà/Love Songs Collection 2_ Vẫn Trong Đợi Chờ/Sao Ta Lặng Im.mp3
Ngày Hạnh Phúc,Hồ Ngọc Hà,"Hồ Ngọc Hà, V.Music",Ngày Hạnh Phúc,vpop-mainstream,https://music.youtube.com/watch?v=Chz9sp5IaTM,https://i.ytimg.com/vi/Chz9sp5IaTM/maxresdefault.jpg,Hồ Ngọc Hà/Ngày Hạnh Phúc/Ngày Hạnh Phúc.mp3
Cây Đèn Thần,Hồ Ngọc Hà,Hồ Ngọc Hà,Cây Đèn Thần,vpop-mainstream,https://music.youtube.com/watch?v=moXx-QZSxlo,https://i.ytimg.com/vi/moXx-QZSxlo/maxresdefault.jpg,Hồ Ngọc Hà/Cây Đèn Thần/Cây Đèn Thần.mp3
"Càng Trưởng Thành, Càng Cô Đơn",Hồ Ngọc Hà,Hồ Ngọc Hà,"Love Songs Collection 4: Càng Trưởng Thành, Càng Cô Đơn",vpop-mainstream,https://music.youtube.com/watch?v=n2aXYTPYIw8,https://i.ytimg.com/vi/n2aXYTPYIw8/maxresdefault.jpg,"Hồ Ngọc Hà/Love Songs Collection 4_ Càng Trưởng Thành, Càng Cô Đơn/Càng Trưởng Thành, Càng Cô Đơn.mp3"
Đã Sai Từ Lúc Đầu / Cả Một Trời Thương Nhớ (Live),Hồ Ngọc Hà,Hồ Ngọc Hà,Love Songs Love Vietnam in Đà Lạt (Live),vpop-mainstream,https://music.youtube.com/watch?v=cNL9oA4_a_A,https://i.ytimg.com/vi/cNL9oA4_a_A/maxresdefault.jpg,Hồ Ngọc Hà/Love Songs Love Vietnam in Đà Lạt (Live)/Đã Sai Từ Lúc Đầu _ Cả Một Trời Thương Nhớ (Live).mp3
Destiny,Hồ Ngọc Hà,Hồ Ngọc Hà,Destiny,vpop-mainstream,https://music.youtube.com/watch?v=Sn7BoP8zY60,https://i.ytimg.com/vi/Sn7BoP8zY60/maxresdefault.jpg,Hồ Ngọc Hà/Destiny/Destiny.mp3
Chưa Bao Giờ / Chợt Nhớ Về Anh (Live),Hồ Ngọc Hà,Hồ Ngọc Hà,Love Songs Love Vietnam in Đà Lạt (Live),vpop-mainstream,https://music.youtube.com/watch?v=pflWVewfSlc,https://i.ytimg.com/vi/pflWVewfSlc/maxresdefault.jpg,Hồ Ngọc Hà/Love Songs Love Vietnam in Đà Lạt (Live)/Chưa Bao Giờ _ Chợt Nhớ Về Anh (Live).mp3
Tự Nhiên,Hồ Ngọc Hà,"Hồ Ngọc Hà, Nguyễn Minh Cường",Tự Nhiên,vpop-mainstream,https://music.youtube.com/watch?v=PvfxyQau7NY,https://i.ytimg.com/vi/PvfxyQau7NY/maxresdefault.jpg,Hồ Ngọc Hà/Tự Nhiên/Tự Nhiên.mp3
Tội Lỗi,Hồ Ngọc Hà,Hồ Ngọc Hà,Tội Lỗi,vpop-mainstream,https://music.youtube.com/watch?v=4BvS3_bILCk,https://i.ytimg.com/vi/4BvS3_bILCk/maxresdefault.jpg,Hồ Ngọc Hà/Tội Lỗi/Tội Lỗi.mp3
Chúc Tết Mọi Nhà,Hồ Ngọc Hà,"Hồ Ngọc Hà, Noo Phước Thịnh",Gala Nhạc Việt 9: Chúc Tết Mọi Nhà,vpop-mainstream,https://music.youtube.com/watch?v=xsUXoiUxf6E,https://i.ytimg.com/vi/xsUXoiUxf6E/maxresdefault.jpg,Hồ Ngọc Hà/Gala Nhạc Việt 9_ Chúc Tết Mọi Nhà/Chúc Tết Mọi Nhà.mp3
Đức Trí (Live),Hồ Ngọc Hà,Hồ Ngọc Hà,Love Songs Love Vietnam in Đà Lạt (Live),vpop-mainstream,https://music.youtube.com/watch?v=dMR3kyJnyzk,https://i.ytimg.com/vi/dMR3kyJnyzk/maxresdefault.jpg,Hồ Ngọc Hà/Love Songs Love Vietnam in Đà Lạt (Live)/Đức Trí (Live).mp3
Vì Chính Là Em,Hồ Ngọc Hà,Hồ Ngọc Hà,Vì Chính Là Em,vpop-mainstream,https://music.youtube.com/watch?v=xEpV3MTxZOU,https://i.ytimg.com/vi/xEpV3MTxZOU/maxresdefault.jpg,Hồ Ngọc Hà/Vì Chính Là Em/Vì Chính Là Em.mp3
Xóa Ký Ức,Hồ Ngọc Hà,Hồ Ngọc Hà,Xóa Ký Ức,vpop-mainstream,https://music.youtube.com/watch?v=v-9xqJ2ULl0,https://i.ytimg.com/vi/v-9xqJ2ULl0/maxresdefault.jpg,Hồ Ngọc Hà/Xóa Ký Ức/Xóa Ký Ức.mp3
Keep Me In Love (feat. Kimmese),Hồ Ngọc Hà,Hồ Ngọc Hà,Keep Me In Love (feat. Kimmese),vpop-mainstream,https://music.youtube.com/watch?v=uCrPiLxixSo,https://i.ytimg.com/vi/uCrPiLxixSo/maxresdefault.jpg,Hồ Ngọc Hà/Keep Me In Love (feat. Kimmese)/Keep Me In Love (feat. Kimmese).mp3
What Is Love?,Hồ Ngọc Hà,Hồ Ngọc Hà,What Is Love?,vpop-mainstream,https://music.youtube.com/watch?v=xq1GA2Nx4zU,https://i.ytimg.com/vi/xq1GA2Nx4zU/maxresdefault.jpg,Hồ Ngọc Hà/What Is Love?/What Is Love?.mp3
Dem nghe tieng mua,Hồ Ngọc Hà,Ho Ngoc Ha,Love Songs Collection,vpop-mainstream,https://music.youtube.com/watch?v=5i7kgo16pjw,https://i.ytimg.com/vi/5i7kgo16pjw/maxresdefault.jpg,Hồ Ngọc Hà/Love Songs Collection/Dem nghe tieng mua.mp3
Hãy Nói Với Em,Hồ Ngọc Hà,Hồ Ngọc Hà,I Love You,vpop-mainstream,https://music.youtube.com/watch?v=lkwWLk9tLMw,https://i.ytimg.com/vi/lkwWLk9tLMw/maxresdefault.jpg,Hồ Ngọc Hà/I Love You/Hãy Nói Với Em.mp3
Đừng Đi / Có Như Không Có (Live),Hồ Ngọc Hà,Hồ Ngọc Hà,Love Songs Love Vietnam in Đà Lạt (Live),vpop-mainstream,https://music.youtube.com/watch?v=LWd4C2Xh90U,https://i.ytimg.com/vi/LWd4C2Xh90U/maxresdefault.jpg,Hồ Ngọc Hà/Love Songs Love Vietnam in Đà Lạt (Live)/Đừng Đi _ Có Như Không Có (Live).mp3
Cô Đơn Trên Sofa (Live),Hồ Ngọc Hà,Hồ Ngọc Hà,Love Songs Love Vietnam in Đà Nẵng (Live),vpop-mainstream,https://music.youtube.com/watch?v=uGqucASXIMw,https://i.ytimg.com/vi/uGqucASXIMw/maxresdefault.jpg,Hồ Ngọc Hà/Love Songs Love Vietnam in Đà Nẵng (Live)/Cô Đơn Trên Sofa (Live).mp3
Chơi Vơi (Live),Hồ Ngọc Hà,Hồ Ngọc Hà,Love Songs Love Vietnam in Đà Nẵng (Live),vpop-mainstream,https://music.youtube.com/watch?v=6ypsOfp05jw,https://i.ytimg.com/vi/6ypsOfp05jw/maxresdefault.jpg,Hồ Ngọc Hà/Love Songs Love Vietnam in Đà Nẵng (Live)/Chơi Vơi (Live).mp3
Em Đi Tìm Anh,Hồ Ngọc Hà,"Hồ Ngọc Hà, Noo Phước Thịnh",Em Đi Tìm Anh,vpop-mainstream,https://music.youtube.com/watch?v=vUwotobrSSg,https://i.ytimg.com/vi/vUwotobrSSg/maxresdefault.jpg,Hồ Ngọc Hà/Em Đi Tìm Anh/Em Đi Tìm Anh.mp3
Giac Mo Chi La Giac Mo,Hồ Ngọc Hà,Ho Ngoc Ha,Muon Noi Voi Anh,vpop-mainstream,https://music.youtube.com/watch?v=NaqjdTakzZk,https://i.ytimg.com/vi/NaqjdTakzZk/maxresdefault.jpg,Hồ Ngọc Hà/Muon Noi Voi Anh/Giac Mo Chi La Giac Mo.mp3
Mascara / Lặng Thầm Một Tình Yêu (Live),Hồ Ngọc Hà,Hồ Ngọc Hà,Love Songs Love Vietnam in Đà Lạt (Live),vpop-mainstream,https://music.youtube.com/watch?v=6j6cUCR_eW4,https://i.ytimg.com/vi/6j6cUCR_eW4/maxresdefault.jpg,Hồ Ngọc Hà/Love Songs Love Vietnam in Đà Lạt (Live)/Mascara _ Lặng Thầm Một Tình Yêu (Live).mp3
Đầu Hàng,Hồ Ngọc Hà,Hồ Ngọc Hà,"Love Songs Collection 4: Càng Trưởng Thành, Càng Cô Đơn",vpop-mainstream,https://music.youtube.com/watch?v=gAUwMPIQ6F0,https://i.ytimg.com/vi/gAUwMPIQ6F0/maxresdefault.jpg,"Hồ Ngọc Hà/Love Songs Collection 4_ Càng Trưởng Thành, Càng Cô Đơn/Đầu Hàng.mp3"
Không Thể Đổi Thay,Hồ Ngọc Hà,Hồ Ngọc Hà,"Love Songs Collection 4: Càng Trưởng Thành, Càng Cô Đơn",vpop-mainstream,https://music.youtube.com/watch?v=S291pnLUpCQ,https://i.ytimg.com/vi/S291pnLUpCQ/maxresdefault.jpg,"Hồ Ngọc Hà/Love Songs Collection 4_ Càng Trưởng Thành, Càng Cô Đơn/Không Thể Đổi Thay.mp3"
Liên khúc Nguyễn Hồng Thuận (Live),Hồ Ngọc Hà,Hồ Ngọc Hà,Love Songs Love Vietnam in Đà Nẵng (Live),vpop-mainstream,https://music.youtube.com/watch?v=8OuJhnyEnio,https://i.ytimg.com/vi/8OuJhnyEnio/maxresdefault.jpg,Hồ Ngọc Hà/Love Songs Love Vietnam in Đà Nẵng (Live)/Liên khúc Nguyễn Hồng Thuận (Live).mp3
Giá Như Mình Đã Bao Dung (Lang Thang Hát Cùng Bùi Anh Tuấn),Hồ Ngọc Hà,"Bùi Anh Tuấn, Hồ Ngọc Hà",Lang Thang Hát Cùng Bùi Anh Tuấn,vpop-mainstream,https://music.youtube.com/watch?v=_0qSYQ1gYHs,https://i.ytimg.com/vi/_0qSYQ1gYHs/maxresdefault.jpg,Hồ Ngọc Hà/Lang Thang Hát Cùng Bùi Anh Tuấn/Giá Như Mình Đã Bao Dung (Lang Thang Hát Cùng Bùi Anh Tuấn).mp3
Thêm Một Lần Vỡ Tan / Anh Đừng Quên (Live),Hồ Ngọc Hà,Hồ Ngọc Hà,Love Songs Love Vietnam in Đà Lạt (Live),vpop-mainstream,https://music.youtube.com/watch?v=R-sBp2rsHrA,https://i.ytimg.com/vi/R-sBp2rsHrA/maxresdefault.jpg,Hồ Ngọc Hà/Love Songs Love Vietnam in Đà Lạt (Live)/Thêm Một Lần Vỡ Tan _ Anh Đừng Quên (Live).mp3
Hãy Thứ Tha Cho Em,Hồ Ngọc Hà,Hồ Ngọc Hà,Hãy Thứ Tha Cho Em,vpop-mainstream,https://music.youtube.com/watch?v=DxJlqC-1Qds,https://i.ytimg.com/vi/DxJlqC-1Qds/maxresdefault.jpg,Hồ Ngọc Hà/Hãy Thứ Tha Cho Em/Hãy Thứ Tha Cho Em.mp3
Kỵ Sĩ Và Ánh Sao,Đông Nhi,Đông Nhi,THEATER OF DREAMS (Volume 4),vpop-mainstream,https://music.youtube.com/watch?v=jNj6-qmO21k,https://i.ytimg.com/vi/jNj6-qmO21k/maxresdefault.jpg,Đông Nhi/THEATER OF DREAMS (Volume 4)/Kỵ Sĩ Và Ánh Sao.mp3
Ta Là Của Nhau (feat. Ông Cao Thắng),Đông Nhi,"Đông Nhi, Ông Cao Thắng",Ta Là Của Nhau (feat. Ông Cao Thắng),vpop-mainstream,https://music.youtube.com/watch?v=iTGEXcmT-Kg,https://i.ytimg.com/vi/iTGEXcmT-Kg/maxresdefault.jpg,Đông Nhi/Ta Là Của Nhau (feat. Ông Cao Thắng)/Ta Là Của Nhau (feat. Ông Cao Thắng).mp3
Khóc (feat. Huỳnh Thanh Bình),Đông Nhi,"Đông Nhi, Huỳnh Thanh Bình",The First Step,vpop-mainstream,https://music.youtube.com/watch?v=6NHD9g2F5UQ,https://i.ytimg.com/vi/6NHD9g2F5UQ/maxresdefault.jpg,Đông Nhi/The First Step/Khóc (feat. Huỳnh Thanh Bình).mp3
Ngọt Ngào,Đông Nhi,Đông Nhi,The First Step,vpop-mainstream,https://music.youtube.com/watch?v=3WHZR1pL7JM,https://i.ytimg.com/vi/3WHZR1pL7JM/maxresdefault.jpg,Đông Nhi/The First Step/Ngọt Ngào.mp3
Nhất Quỷ Nhì Ma,Đông Nhi,Đông Nhi,Nhất Quỷ Nhì Ma,vpop-mainstream,https://music.youtube.com/watch?v=T8xLel88k20,https://i.ytimg.com/vi/T8xLel88k20/maxresdefault.jpg,Đông Nhi/Nhất Quỷ Nhì Ma/Nhất Quỷ Nhì Ma.mp3
Khi Con Là Mẹ,Đông Nhi,Đông Nhi,Khi Con Là Mẹ,vpop-mainstream,https://music.youtube.com/watch?v=NwwnOdIOoKM,https://i.ytimg.com/vi/NwwnOdIOoKM/maxresdefault.jpg,Đông Nhi/Khi Con Là Mẹ/Khi Con Là Mẹ.mp3
Vì Ai Vì Anh,Đông Nhi,Đông Nhi,Vì Ai Vì Anh,vpop-mainstream,https://music.youtube.com/watch?v=41vXpnJPGY0,https://i.ytimg.com/vi/41vXpnJPGY0/maxresdefault.jpg,Đông Nhi/Vì Ai Vì Anh/Vì Ai Vì Anh.mp3
Bối Rối,Đông Nhi,Đông Nhi,The First Step,vpop-mainstream,https://music.youtube.com/watch?v=mIh21PBhhMI,https://i.ytimg.com/vi/mIh21PBhhMI/maxresdefault.jpg,Đông Nhi/The First Step/Bối Rối.mp3
Tết Ổn Rồi,Đông Nhi,"Bùi Công Nam, Jun Phạm, Hiền Thục, Đông Nhi",Tết Ổn Rồi,vpop-mainstream,https://music.youtube.com/watch?v=8C4IltNDJBY,https://i.ytimg.com/vi/8C4IltNDJBY/maxresdefault.jpg,Đông Nhi/Tết Ổn Rồi/Tết Ổn Rồi.mp3
Người Ôm Pháo Hoa,Đông Nhi,Đông Nhi,Người Ôm Pháo Hoa,vpop-mainstream,https://music.youtube.com/watch?v=4cPErnNMvjA,https://i.ytimg.com/vi/4cPErnNMvjA/maxresdefault.jpg,Đông Nhi/Người Ôm Pháo Hoa/Người Ôm Pháo Hoa.mp3
Tết Ta Về,Đông Nhi,Đông Nhi,Tết Ta Về,vpop-mainstream,https://music.youtube.com/watch?v=ZDKm7W2D05c,https://i.ytimg.com/vi/ZDKm7W2D05c/maxresdefault.jpg,Đông Nhi/Tết Ta Về/Tết Ta Về.mp3
Bad Boy,Đông Nhi,Đông Nhi,Bad Boy,vpop-mainstream,https://music.youtube.com/watch?v=1AALaffuX2E,https://i.ytimg.com/vi/1AALaffuX2E/maxresdefault.jpg,Đông Nhi/Bad Boy/Bad Boy.mp3
Lời Thú Tội Ngọt Ngào,Đông Nhi,Đông Nhi,The First Step,vpop-mainstream,https://music.youtube.com/watch?v=oLpQSIXqg3M,https://i.ytimg.com/vi/oLpQSIXqg3M/maxresdefault.jpg,Đông Nhi/The First Step/Lời Thú Tội Ngọt Ngào.mp3
Cho Em Một Lần Yêu,Đông Nhi,Đông Nhi,The Singer,vpop-mainstream,https://music.youtube.com/watch?v=29y_Pgkt0ZU,https://i.ytimg.com/vi/29y_Pgkt0ZU/maxresdefault.jpg,Đông Nhi/The Singer/Cho Em Một Lần Yêu.mp3
Một-Không (1-0),Đông Nhi,Đông Nhi,Một - Không (1-0),vpop-mainstream,https://music.youtube.com/watch?v=jNlC6ILVhDc,https://i.ytimg.com/vi/jNlC6ILVhDc/maxresdefault.jpg,Đông Nhi/Một - Không (1-0)/Một-Không (1-0).mp3
Tự Nhiên,Đông Nhi,Đông Nhi,THEATER OF DREAMS (Volume 4),vpop-mainstream,https://music.youtube.com/watch?v=Ezb_fwIz51A,https://i.ytimg.com/vi/Ezb_fwIz51A/maxresdefault.jpg,Đông Nhi/THEATER OF DREAMS (Volume 4)/Tự Nhiên.mp3
Xin Anh Đừng,Đông Nhi,Đông Nhi,Xin Anh Đừng,vpop-mainstream,https://music.youtube.com/watch?v=PBM1lrADs5k,https://i.ytimg.com/vi/PBM1lrADs5k/maxresdefault.jpg,Đông Nhi/Xin Anh Đừng/Xin Anh Đừng.mp3
Giận Lòng,Đông Nhi,Đông Nhi,I Wanna Dance,vpop-mainstream,https://music.youtube.com/watch?v=VxCYIrh8Wvw,https://i.ytimg.com/vi/VxCYIrh8Wvw/maxresdefault.jpg,Đông Nhi/I Wanna Dance/Giận Lòng.mp3
Từng Thuộc Về Nhau,Đông Nhi,Đông Nhi,Từng Thuộc Về Nhau,vpop-mainstream,https://music.youtube.com/watch?v=P3Nu45SAsFE,https://i.ytimg.com/vi/P3Nu45SAsFE/maxresdefault.jpg,Đông Nhi/Từng Thuộc Về Nhau/Từng Thuộc Về Nhau.mp3
Có Những Yêu Thương Nào (feat. Huỳnh Thanh Bình),Đông Nhi,"Đông Nhi, Huỳnh Thanh Bình",The Singer,vpop-mainstream,https://music.youtube.com/watch?v=LcQNqtukoTQ,https://i.ytimg.com/vi/LcQNqtukoTQ/maxresdefault.jpg,Đông Nhi/The Singer/Có Những Yêu Thương Nào (feat. Huỳnh Thanh Bình).mp3
Lá Thư Gửi Thầy,Đông Nhi,Đông Nhi,Lá Thư Gửi Thầy,vpop-mainstream,https://music.youtube.com/watch?v=xj4pVswdA5A,https://i.ytimg.com/vi/xj4pVswdA5A/maxresdefault.jpg,Đông Nhi/Lá Thư Gửi Thầy/Lá Thư Gửi Thầy.mp3
Tết Vỗ Về,Đông Nhi,"Đông Nhi, Bùi Công Nam, Jun Phạm",Tết Vỗ Về,vpop-mainstream,https://music.youtube.com/watch?v=tjEFwmYUCWo,https://i.ytimg.com/vi/tjEFwmYUCWo/maxresdefault.jpg,Đông Nhi/Tết Vỗ Về/Tết Vỗ Về.mp3
Mặt Trời Cô Độc (feat. SAiD),Đông Nhi,"Đông Nhi, SAiD",THEATER OF DREAMS (Volume 4),vpop-mainstream,https://music.youtube.com/watch?v=gQAterbMkVQ,https://i.ytimg.com/vi/gQAterbMkVQ/maxresdefault.jpg,Đông Nhi/THEATER OF DREAMS (Volume 4)/Mặt Trời Cô Độc (feat. SAiD).mp3
Đôi Mi Em Đang U Sầu (feat. Wowy),Đông Nhi,"Đông Nhi, Wowy",Đôi Mi Em Đang U Sầu (feat. Wowy),vpop-mainstream,https://music.youtube.com/watch?v=p64JSAjfoTM,https://i.ytimg.com/vi/p64JSAjfoTM/maxresdefault.jpg,Đông Nhi/Đôi Mi Em Đang U Sầu (feat. Wowy)/Đôi Mi Em Đang U Sầu (feat. Wowy).mp3
Sau Mỗi Giấc Mơ,Đông Nhi,Đông Nhi,Sau Mỗi Giấc Mơ,vpop-mainstream,https://music.youtube.com/watch?v=MEpTShG_GYk,https://i.ytimg.com/vi/MEpTShG_GYk/maxresdefault.jpg,Đông Nhi/Sau Mỗi Giấc Mơ/Sau Mỗi Giấc Mơ.mp3
Còn Nơi Đó Chờ Em,Đông Nhi,Đông Nhi,Còn Nơi Đó Chờ Em,vpop-mainstream,https://music.youtube.com/watch?v=-e1B2bKM-SU,https://i.ytimg.com/vi/-e1B2bKM-SU/maxresdefault.jpg,Đông Nhi/Còn Nơi Đó Chờ Em/Còn Nơi Đó Chờ Em.mp3
I Wanna Be Your Love (feat. Ông Cao Thắng),Đông Nhi,"Đông Nhi, Ông Cao Thắng",I Wanna Be Your Love (feat. Ông Cao Thắng),vpop-mainstream,https://music.youtube.com/watch?v=yZ-GjfZf2TU,https://i.ytimg.com/vi/yZ-GjfZf2TU/maxresdefault.jpg,Đông Nhi/I Wanna Be Your Love (feat. Ông Cao Thắng)/I Wanna Be Your Love (feat. Ông Cao Thắng).mp3
Sao Chẳng Thể Vì Em,Đông Nhi,Đông Nhi,Sao Chẳng Thể Vì Em,vpop-mainstream,https://music.youtube.com/watch?v=o2IjDoS9b1o,https://i.ytimg.com/vi/o2IjDoS9b1o/maxresdefault.jpg,Đông Nhi/Sao Chẳng Thể Vì Em/Sao Chẳng Thể Vì Em.mp3
Trách Ai Bây Giờ,Đông Nhi,Đông Nhi,Trách Ai Bây Giờ,vpop-mainstream,https://music.youtube.com/watch?v=5B0rkR_aPhI,https://i.ytimg.com/vi/5B0rkR_aPhI/maxresdefault.jpg,Đông Nhi/Trách Ai Bây Giờ/Trách Ai Bây Giờ.mp3
Nhớ Mãi Nụ Cười Xinh,Đông Nhi,Đông Nhi,Nhớ Mãi Nụ Cười Xinh,vpop-mainstream,https://music.youtube.com/watch?v=0rNIy-71ih4,https://i.ytimg.com/vi/0rNIy-71ih4/maxresdefault.jpg,Đông Nhi/Nhớ Mãi Nụ Cười Xinh/Nhớ Mãi Nụ Cười Xinh.mp3
Pink Girl,Đông Nhi,Đông Nhi,Pink Girl,vpop-mainstream,https://music.youtube.com/watch?v=JwhygHlX7hs,https://i.ytimg.com/vi/JwhygHlX7hs/maxresdefault.jpg,Đông Nhi/Pink Girl/Pink Girl.mp3
Cám Ơn,Đông Nhi,Đông Nhi,Cám Ơn,vpop-mainstream,https://music.youtube.com/watch?v=yuYfEl91My0,https://i.ytimg.com/vi/yuYfEl91My0/maxresdefault.jpg,Đông Nhi/Cám Ơn/Cám Ơn.mp3
Đến Bên Mưa,Đông Nhi,Đông Nhi,The Singer,vpop-mainstream,https://music.youtube.com/watch?v=4O1zAi-MbU4,https://i.ytimg.com/vi/4O1zAi-MbU4/maxresdefault.jpg,Đông Nhi/The Singer/Đến Bên Mưa.mp3
Bí Mật Của Hạnh Phúc,Đông Nhi,"Ngô Kiến Huy, Đông Nhi",Yêu Như Không Yêu,vpop-mainstream,https://music.youtube.com/watch?v=pzazhwccaqM,https://i.ytimg.com/vi/pzazhwccaqM/maxresdefault.jpg,Đông Nhi/Yêu Như Không Yêu/Bí Mật Của Hạnh Phúc.mp3
Xóa,Đông Nhi,Đông Nhi,I Wanna Dance,vpop-mainstream,https://music.youtube.com/watch?v=1_CJg-4HB_Q,https://i.ytimg.com/vi/1_CJg-4HB_Q/maxresdefault.jpg,Đông Nhi/I Wanna Dance/Xóa.mp3
Boom Boom (feat. Mei),Đông Nhi,"Đông Nhi, Mei",Boom Boom (feat. Mei),vpop-mainstream,https://music.youtube.com/watch?v=ZX3SkhDo3vU,https://i.ytimg.com/vi/ZX3SkhDo3vU/maxresdefault.jpg,Đông Nhi/Boom Boom (feat. Mei)/Boom Boom (feat. Mei).mp3
30 Ngày Yêu,Đông Nhi,Đông Nhi,The First Step,vpop-mainstream,https://music.youtube.com/watch?v=_FvOyAUu7Uw,https://i.ytimg.com/vi/_FvOyAUu7Uw/maxresdefault.jpg,Đông Nhi/The First Step/30 Ngày Yêu.mp3
Ý Trời (feat. tlinh),Đông Nhi,"Đông Nhi, tlinh",Ý Trời (feat. tlinh),vpop-mainstream,https://music.youtube.com/watch?v=Tg-SCEHu980,https://i.ytimg.com/vi/Tg-SCEHu980/maxresdefault.jpg,Đông Nhi/Ý Trời (feat. tlinh)/Ý Trời (feat. tlinh).mp3
Em,Đông Nhi,Đông Nhi,THEATER OF DREAMS (Volume 4),vpop-mainstream,https://music.youtube.com/watch?v=C28L_mcmRF8,https://i.ytimg.com/vi/C28L_mcmRF8/maxresdefault.jpg,Đông Nhi/THEATER OF DREAMS (Volume 4)/Em.mp3
Chớ Nên Về Sớm,Đông Nhi,Đông Nhi,Chớ Nên Về Sớm,vpop-mainstream,https://music.youtube.com/watch?v=45EA4sAMDn8,https://i.ytimg.com/vi/45EA4sAMDn8/maxresdefault.jpg,Đông Nhi/Chớ Nên Về Sớm/Chớ Nên Về Sớm.mp3
Đừng Bao Giờ Nói Yêu Em,Đông Nhi,Đông Nhi,Đừng Bao Giờ Nói Yêu Em,vpop-mainstream,https://music.youtube.com/watch?v=VPFKuuno2ns,https://i.ytimg.com/vi/VPFKuuno2ns/maxresdefault.jpg,Đông Nhi/Đừng Bao Giờ Nói Yêu Em/Đừng Bao Giờ Nói Yêu Em.mp3
Những Tháng Năm Tươi Đẹp,Đông Nhi,Đông Nhi,Những Tháng Năm Tươi Đẹp,vpop-mainstream,https://music.youtube.com/watch?v=Ynuh46DAYyc,https://i.ytimg.com/vi/Ynuh46DAYyc/maxresdefault.jpg,Đông Nhi/Những Tháng Năm Tươi Đẹp/Những Tháng Năm Tươi Đẹp.mp3
Shake The Rhythm (Remix),Đông Nhi,Đông Nhi,Shake The Rhythm (Remix),vpop-mainstream,https://music.youtube.com/watch?v=myMb7dZL_x0,https://i.ytimg.com/vi/myMb7dZL_x0/maxresdefault.jpg,Đông Nhi/Shake The Rhythm (Remix)/Shake The Rhythm (Remix).mp3
Cất Giấu Ký Ức (feat. Ông Cao Thắng),Đông Nhi,"Đông Nhi, Ông Cao Thắng",Cất Giấu Ký Ức (feat. Ông Cao Thắng),vpop-mainstream,https://music.youtube.com/watch?v=2o54FugUoqk,https://i.ytimg.com/vi/2o54FugUoqk/maxresdefault.jpg,Đông Nhi/Cất Giấu Ký Ức (feat. Ông Cao Thắng)/Cất Giấu Ký Ức (feat. Ông Cao Thắng).mp3
Ác Mộng Của Những Giấc Mơ,Đông Nhi,Đông Nhi,The First Step,vpop-mainstream,https://music.youtube.com/watch?v=j2bepyMoA88,https://i.ytimg.com/vi/j2bepyMoA88/maxresdefault.jpg,Đông Nhi/The First Step/Ác Mộng Của Những Giấc Mơ.mp3
Tinh Cầu Bốc Cháy,Đông Nhi,Đông Nhi,THEATER OF DREAMS (Volume 4),vpop-mainstream,https://music.youtube.com/watch?v=TvkAewVZkhw,https://i.ytimg.com/vi/TvkAewVZkhw/maxresdefault.jpg,Đông Nhi/THEATER OF DREAMS (Volume 4)/Tinh Cầu Bốc Cháy.mp3
Tết Vỗ Về (Remix),Đông Nhi,Đông Nhi,Cả Cái Tết,vpop-mainstream,https://music.youtube.com/watch?v=BTMjZGineoI,https://i.ytimg.com/vi/BTMjZGineoI/maxresdefault.jpg,Đông Nhi/Cả Cái Tết/Tết Vỗ Về (Remix).mp3
Thank You - Những Chiến Binh Thầm Lặng,Đông Nhi,"Hồ Ngọc Hà, Đông Nhi, Noo Phước Thịnh, Bảo Anh, Ngô Kiến Huy, Bùi Anh Tuấn, Phạm Việt Hoàng, Phạm Việt Hoàng",Thank You - Những Chiến Binh Thầm Lặng,vpop-mainstream,https://music.youtube.com/watch?v=x16jHgcRDV0,https://i.ytimg.com/vi/x16jHgcRDV0/maxresdefault.jpg,Đông Nhi/Thank You - Những Chiến Binh Thầm Lặng/Thank You - Những Chiến Binh Thầm Lặng.mp3
Nắm Tay Anh Nhé (feat. Ông Cao Thắng),Đông Nhi,"Đông Nhi, Ông Cao Thắng",Nắm Tay Anh Nhé (feat. Ông Cao Thắng),vpop-mainstream,https://music.youtube.com/watch?v=qaTyDvg1iQs,https://i.ytimg.com/vi/qaTyDvg1iQs/maxresdefault.jpg,Đông Nhi/Nắm Tay Anh Nhé (feat. Ông Cao Thắng)/Nắm Tay Anh Nhé (feat. Ông Cao Thắng).mp3
Có Ai Thương Em Như Anh,Tóc Tiên,"Tóc Tiên, Touliver",Có Ai Thương Em Như Anh,vpop-mainstream,https://music.youtube.com/watch?v=Cll5kAAUucY,https://i.ytimg.com/vi/Cll5kAAUucY/maxresdefault.jpg,Tóc Tiên/Có Ai Thương Em Như Anh/Có Ai Thương Em Như Anh.mp3
Nước Mắt Em Lau Bằng Tình Yêu Mới,Tóc Tiên,"Da LAB, Tóc Tiên",Nước Mắt Em Lau Bằng Tình Yêu Mới,vpop-mainstream,https://music.youtube.com/watch?v=REV4PnXcRKQ,https://i.ytimg.com/vi/REV4PnXcRKQ/maxresdefault.jpg,Tóc Tiên/Nước Mắt Em Lau Bằng Tình Yêu Mới/Nước Mắt Em Lau Bằng Tình Yêu Mới.mp3
Em Không Là Duy Nhất,Tóc Tiên,Tóc Tiên,Em Không Là Duy Nhất,vpop-mainstream,https://music.youtube.com/watch?v=NXdc6Cq5WJ4,https://i.ytimg.com/vi/NXdc6Cq5WJ4/maxresdefault.jpg,Tóc Tiên/Em Không Là Duy Nhất/Em Không Là Duy Nhất.mp3
ĐẬM ĐÀ,Tóc Tiên,Tóc Tiên,ĐẬM ĐÀ,vpop-mainstream,https://music.youtube.com/watch?v=-AiS-rSRPDU,https://i.ytimg.com/vi/-AiS-rSRPDU/maxresdefault.jpg,Tóc Tiên/ĐẬM ĐÀ/ĐẬM ĐÀ.mp3
Vũ Điệu Cồng Chiêng,Tóc Tiên,Tóc Tiên,Vũ Điệu Cồng Chiêng,vpop-mainstream,https://music.youtube.com/watch?v=On4qZCbU5cY,https://i.ytimg.com/vi/On4qZCbU5cY/maxresdefault.jpg,Tóc Tiên/Vũ Điệu Cồng Chiêng/Vũ Điệu Cồng Chiêng.mp3
Anh Là Ai (I'm In Love Cover),Tóc Tiên,Tóc Tiên,Anh Là Ai,vpop-mainstream,https://music.youtube.com/watch?v=38gy6O_RjzI,https://i.ytimg.com/vi/38gy6O_RjzI/maxresdefault.jpg,Tóc Tiên/Anh Là Ai/Anh Là Ai (I'm In Love Cover).mp3
NƯỚC MẮT EM LAU BẰNG TÌNH YÊU MỚI,Tóc Tiên,"Chị Đẹp Đạp Gió Rẽ Sóng, Tóc Tiên, Châu Tuyết Vân, Giang Hồng Ngọc",NƯỚC MẮT EM LAU BẰNG TÌNH YÊU MỚI,vpop-mainstream,https://music.youtube.com/watch?v=ohVnRqGA1kg,https://i.ytimg.com/vi/ohVnRqGA1kg/maxresdefault.jpg,Tóc Tiên/NƯỚC MẮT EM LAU BẰNG TÌNH YÊU MỚI/NƯỚC MẮT EM LAU BẰNG TÌNH YÊU MỚI.mp3
"Ngày Tận Thế (feat. Da LAB, Touliver)",Tóc Tiên,"Tóc Tiên, Touliver, Da LAB","Ngày Tận Thế (feat. Da LAB, Touliver)",vpop-mainstream,https://music.youtube.com/watch?v=t1NyWmjembg,https://i.ytimg.com/vi/t1NyWmjembg/maxresdefault.jpg,"Tóc Tiên/Ngày Tận Thế (feat. Da LAB, Touliver)/Ngày Tận Thế (feat. Da LAB, Touliver).mp3"
906090,Tóc Tiên,"Tóc Tiên, Mew Amazing",906090,vpop-mainstream,https://music.youtube.com/watch?v=aj6K3gv43fs,https://i.ytimg.com/vi/aj6K3gv43fs/maxresdefault.jpg,Tóc Tiên/906090/906090.mp3
Hoa Hồng Ai Vun Trồng,Tóc Tiên,"Minh Hằng, Tóc Tiên",Hoa Hồng Ai Vun Trồng,vpop-mainstream,https://music.youtube.com/watch?v=5mtC_ZMofQU,https://i.ytimg.com/vi/5mtC_ZMofQU/maxresdefault.jpg,Tóc Tiên/Hoa Hồng Ai Vun Trồng/Hoa Hồng Ai Vun Trồng.mp3
NGÔI SAO GIỮA THIÊN HÀ,Tóc Tiên,"Mỹ Linh, Thu Phương, Minh Hằng, Tóc Tiên, Đồng Ánh Quỳnh, Ái Phương, Minh Tuyết, Bùi Lan Hương, Tuimi, Xuân Nghi, Gil Lê, Hậu Hoàng, Misthy, Vũ Ngọc Anh, Ngọc Phước, Ngọc Thanh Tâm, Phạm Quỳnh Anh, Thu Ngọc, Kiều Anh, Thiều Bảo Trâm, Dương Hoàng Yến, Hạnh Sino, Thảo Trang, Phương Thanh, Chị Đẹp Đạp Gió Rẽ Sóng, DJ Mie, Hoàng Yến Chibi, Rocker Ngọc，",NGÔI SAO GIỮA THIÊN HÀ,vpop-mainstream,https://music.youtube.com/watch?v=YuB_S1A43sE,https://i.ytimg.com/vi/YuB_S1A43sE/maxresdefault.jpg,Tóc Tiên/NGÔI SAO GIỮA THIÊN HÀ/NGÔI SAO GIỮA THIÊN HÀ.mp3
Gọi Tên Ngày Mới,Tóc Tiên,"Như Quỳnh, Minh Tuyết, Tóc Tiên, Kỳ Phương Uyên",Angel,vpop-mainstream,https://music.youtube.com/watch?v=uEjmfMfTHvk,https://i.ytimg.com/vi/uEjmfMfTHvk/maxresdefault.jpg,Tóc Tiên/Angel/Gọi Tên Ngày Mới.mp3
Mình Yêu Đến Đây Thôi,Tóc Tiên,Tóc Tiên,Yêu Rồi Yêu Rồi Yêu,vpop-mainstream,https://music.youtube.com/watch?v=U_IykpiJB20,https://i.ytimg.com/vi/U_IykpiJB20/maxresdefault.jpg,Tóc Tiên/Yêu Rồi Yêu Rồi Yêu/Mình Yêu Đến Đây Thôi.mp3
Em Đã Có Người Mới (feat. Người cũ),Tóc Tiên,"Tóc Tiên, Người cũ",Em Đã Có Người Mới (feat. Người cũ),vpop-mainstream,https://music.youtube.com/watch?v=sJAeNF5UVrI,https://i.ytimg.com/vi/sJAeNF5UVrI/maxresdefault.jpg,Tóc Tiên/Em Đã Có Người Mới (feat. Người cũ)/Em Đã Có Người Mới (feat. Người cũ).mp3
Người Tình Ơi Mơ Gì,Tóc Tiên,"Tóc Tiên, Mai Tiến Dũng",Xuân Với Đời Sống Mới,vpop-mainstream,https://music.youtube.com/watch?v=zNgoofPzFa8,https://i.ytimg.com/vi/zNgoofPzFa8/maxresdefault.jpg,Tóc Tiên/Xuân Với Đời Sống Mới/Người Tình Ơi Mơ Gì.mp3
LK Mùa Thu Yêu Đương & Bé Yêu,Tóc Tiên,"Tóc Tiên, Mai Tiến Dũng",Mùa Thu Yêu Đương,vpop-mainstream,https://music.youtube.com/watch?v=WgzqK9eeFS8,https://i.ytimg.com/vi/WgzqK9eeFS8/maxresdefault.jpg,Tóc Tiên/Mùa Thu Yêu Đương/LK Mùa Thu Yêu Đương & Bé Yêu.mp3
Từ Những Thói Quen,Tóc Tiên,Tóc Tiên,Yêu Rồi Yêu Rồi Yêu,vpop-mainstream,https://music.youtube.com/watch?v=IUzE3-j5wWc,https://i.ytimg.com/vi/IUzE3-j5wWc/maxresdefault.jpg,Tóc Tiên/Yêu Rồi Yêu Rồi Yêu/Từ Những Thói Quen.mp3
1 Cọng Tóc Mai,Tóc Tiên,"Tóc Tiên, Touliver",1 Cọng Tóc Mai,vpop-mainstream,https://music.youtube.com/watch?v=Bijic14gLxY,https://i.ytimg.com/vi/Bijic14gLxY/maxresdefault.jpg,Tóc Tiên/1 Cọng Tóc Mai/1 Cọng Tóc Mai.mp3
I'm in Love,Tóc Tiên,"Tóc Tiên, Tourliver",I'm in Love,vpop-mainstream,https://music.youtube.com/watch?v=ynXrL0UMc3E,https://i.ytimg.com/vi/ynXrL0UMc3E/maxresdefault.jpg,Tóc Tiên/I'm in Love/I'm in Love.mp3
Hôm Nay Tôi Cô Đơn Quá,Tóc Tiên,Tóc Tiên,Hôm Nay Tôi Cô Đơn Quá,vpop-mainstream,https://music.youtube.com/watch?v=QYy5yfUyIh4,https://i.ytimg.com/vi/QYy5yfUyIh4/maxresdefault.jpg,Tóc Tiên/Hôm Nay Tôi Cô Đơn Quá/Hôm Nay Tôi Cô Đơn Quá.mp3
Nếu Anh Là Em (feat. Hứa Kim Tuyền),Tóc Tiên,"Tóc Tiên, Hứa Kim Tuyền",CONG,vpop-mainstream,https://music.youtube.com/watch?v=TehjWpfS6fs,https://i.ytimg.com/vi/TehjWpfS6fs/maxresdefault.jpg,Tóc Tiên/CONG/Nếu Anh Là Em (feat. Hứa Kim Tuyền).mp3
Việt Nam Tử Tế,Tóc Tiên,"DTAP, TÓC TIÊN, KARIK",Made In Vietnam,vpop-mainstream,https://music.youtube.com/watch?v=EU5pTIIrcTI,https://i.ytimg.com/vi/EU5pTIIrcTI/maxresdefault.jpg,Tóc Tiên/Made In Vietnam/Việt Nam Tử Tế.mp3
Việt Nam Tử Tế,Tóc Tiên,"Lam Trường, Tóc Tiên, Hoàng Thùy Linh, ERIK, Karik, Kata Trần, Thịnh Kainz, Tùng Cedrus",Việt Nam Tử Tế,vpop-mainstream,https://music.youtube.com/watch?v=IB2qxHbtGhM,https://i.ytimg.com/vi/IB2qxHbtGhM/maxresdefault.jpg,Tóc Tiên/Việt Nam Tử Tế/Việt Nam Tử Tế.mp3
Em Đẹp Nhất Đêm Nay,Tóc Tiên,Tóc Tiên,Lắng Nghe Thời Gian,vpop-mainstream,https://music.youtube.com/watch?v=-d9aaWLIoPM,https://i.ytimg.com/vi/-d9aaWLIoPM/maxresdefault.jpg,Tóc Tiên/Lắng Nghe Thời Gian/Em Đẹp Nhất Đêm Nay.mp3
Like This Like That (feat. tlinh),Tóc Tiên,"Tóc Tiên, tlinh",CONG,vpop-mainstream,https://music.youtube.com/watch?v=ujCamGu8h6I,https://i.ytimg.com/vi/ujCamGu8h6I/maxresdefault.jpg,Tóc Tiên/CONG/Like This Like That (feat. tlinh).mp3
Big Girl Don't Cry (Touliver Remix),Tóc Tiên,Tóc Tiên,Big Girl Don't Cry,vpop-mainstream,https://music.youtube.com/watch?v=h25QJl4D8kg,https://i.ytimg.com/vi/h25QJl4D8kg/maxresdefault.jpg,Tóc Tiên/Big Girl Don't Cry/Big Girl Don't Cry (Touliver Remix).mp3
LK Tung Bay & Cò Lả,Tóc Tiên,"Ánh Minh, Mai Tiến Dũng, Quỳnh Vi, Như Loan, Tóc Tiên",Tên Sở Khanh,vpop-mainstream,https://music.youtube.com/watch?v=bM7yE0k6rP4,https://i.ytimg.com/vi/bM7yE0k6rP4/maxresdefault.jpg,Tóc Tiên/Tên Sở Khanh/LK Tung Bay & Cò Lả.mp3
Tình Hoài Hương,Tóc Tiên,"Thiên Tôn, Trần Thái Hòa, Đình Bảo, Hạ Vy, Tóc Tiên, Mai Thiên Vân, Ngọc Anh, Như Quỳnh, Quỳnh Vi",Mộng Sầu,vpop-mainstream,https://music.youtube.com/watch?v=OBFdrR3eCSM,https://i.ytimg.com/vi/OBFdrR3eCSM/maxresdefault.jpg,Tóc Tiên/Mộng Sầu/Tình Hoài Hương.mp3
Gục Ngã,Tóc Tiên,Tóc Tiên,My Turn,vpop-mainstream,https://music.youtube.com/watch?v=oyC6SjcSw6k,https://i.ytimg.com/vi/oyC6SjcSw6k/maxresdefault.jpg,Tóc Tiên/My Turn/Gục Ngã.mp3
Angel,Tóc Tiên,"Mai Tiến Dũng, Tóc Tiên",Angel,vpop-mainstream,https://music.youtube.com/watch?v=dZwPSTDw5Tk,https://i.ytimg.com/vi/dZwPSTDw5Tk/maxresdefault.jpg,Tóc Tiên/Angel/Angel.mp3
Chim chích bông,Tóc Tiên,Tóc Tiên,Đội kèn tí hon Vol 2,vpop-mainstream,https://music.youtube.com/watch?v=uKa9WlPCdsQ,https://i.ytimg.com/vi/uKa9WlPCdsQ/maxresdefault.jpg,Tóc Tiên/Đội kèn tí hon Vol 2/Chim chích bông.mp3
Tình Còn Đam Mê,Tóc Tiên,"Tóc Tiên, Như Loan",Mơ Một Tình Yêu,vpop-mainstream,https://music.youtube.com/watch?v=l8X4c-fsOZc,https://i.ytimg.com/vi/l8X4c-fsOZc/maxresdefault.jpg,Tóc Tiên/Mơ Một Tình Yêu/Tình Còn Đam Mê.mp3
Ngày Tết Việt Nam,Tóc Tiên,"Tóc Tiên, Hương Giang, Quỳnh Vi, Nguyệt Anh, Diễm Sương, Kỳ Phương Uyên",Xuân Với Đời Sống Mới,vpop-mainstream,https://music.youtube.com/watch?v=h67CA6nZidQ,https://i.ytimg.com/vi/h67CA6nZidQ/maxresdefault.jpg,Tóc Tiên/Xuân Với Đời Sống Mới/Ngày Tết Việt Nam.mp3
Cho Em Ngày Mới,Tóc Tiên,Tóc Tiên,Mystical Night,vpop-mainstream,https://music.youtube.com/watch?v=21shmr2uHEo,https://i.ytimg.com/vi/21shmr2uHEo/maxresdefault.jpg,Tóc Tiên/Mystical Night/Cho Em Ngày Mới.mp3
Tiễn Anh Về Nơi Xa,Tóc Tiên,Tóc Tiên,Tên Sở Khanh,vpop-mainstream,https://music.youtube.com/watch?v=9zS6zO8o0JA,https://i.ytimg.com/vi/9zS6zO8o0JA/maxresdefault.jpg,Tóc Tiên/Tên Sở Khanh/Tiễn Anh Về Nơi Xa.mp3
Walk Away,Tóc Tiên,"Tóc Tiên, Lưu Thiên Hương",Walk Away,vpop-mainstream,https://music.youtube.com/watch?v=H4fsZH2Jv7g,https://i.ytimg.com/vi/H4fsZH2Jv7g/maxresdefault.jpg,Tóc Tiên/Walk Away/Walk Away.mp3
Ngày Mai,Tóc Tiên,Tóc Tiên,Vũ Điệu Cồng Chiêng,vpop-mainstream,https://music.youtube.com/watch?v=xN3DnaMXwsM,https://i.ytimg.com/vi/xN3DnaMXwsM/maxresdefault.jpg,Tóc Tiên/Vũ Điệu Cồng Chiêng/Ngày Mai.mp3
Xuân Về Nhớ Tết Năm Nay,Tóc Tiên,"Hương Thủy, Tóc Tiên",Giai Điệu Mùa Xuân,vpop-mainstream,https://music.youtube.com/watch?v=aLxinqjeSUM,https://i.ytimg.com/vi/aLxinqjeSUM/maxresdefault.jpg,Tóc Tiên/Giai Điệu Mùa Xuân/Xuân Về Nhớ Tết Năm Nay.mp3
Trên Chuyến Xe Lên Đà Lạt Chiều Nay,Tóc Tiên,Tóc Tiên,Yêu Rồi Yêu Rồi Yêu,vpop-mainstream,https://music.youtube.com/watch?v=vut40zV0t4g,https://i.ytimg.com/vi/vut40zV0t4g/maxresdefault.jpg,Tóc Tiên/Yêu Rồi Yêu Rồi Yêu/Trên Chuyến Xe Lên Đà Lạt Chiều Nay.mp3
Em Trong Mắt Tôi,Tóc Tiên,Tóc Tiên,Tim Em Mãi Thuộc Về Anh,vpop-mainstream,https://music.youtube.com/watch?v=0w9974U376U,https://i.ytimg.com/vi/0w9974U376U/maxresdefault.jpg,Tóc Tiên/Tim Em Mãi Thuộc Về Anh/Em Trong Mắt Tôi.mp3
Hoa Cúc Dại,Tóc Tiên,Tóc Tiên,Hoa Cúc Dại,vpop-mainstream,https://music.youtube.com/watch?v=X40xJzISPKg,https://i.ytimg.com/vi/X40xJzISPKg/maxresdefault.jpg,Tóc Tiên/Hoa Cúc Dại/Hoa Cúc Dại.mp3
Am I Clear?,Tóc Tiên,Tóc Tiên,Am I Clear?,vpop-mainstream,https://music.youtube.com/watch?v=oLKfSUviCUY,https://i.ytimg.com/vi/oLKfSUviCUY/maxresdefault.jpg,Tóc Tiên/Am I Clear?/Am I Clear?.mp3
Xuống Phố Phải Tươi,Tóc Tiên,"Tóc Tiên, Khắc Hưng",Xuống Phố Phải Tươi,vpop-mainstream,https://music.youtube.com/watch?v=_SjcpDtNwQ0,https://i.ytimg.com/vi/_SjcpDtNwQ0/maxresdefault.jpg,Tóc Tiên/Xuống Phố Phải Tươi/Xuống Phố Phải Tươi.mp3
Khá Khen,Tóc Tiên,Tóc Tiên,CONG,vpop-mainstream,https://music.youtube.com/watch?v=l9Wvm5Us_90,https://i.ytimg.com/vi/l9Wvm5Us_90/maxresdefault.jpg,Tóc Tiên/CONG/Khá Khen.mp3
The Beat of Celebration,Tóc Tiên,Tóc Tiên,The Beat of Celebration,vpop-mainstream,https://music.youtube.com/watch?v=dJDHII5M3lA,https://i.ytimg.com/vi/dJDHII5M3lA/maxresdefault.jpg,Tóc Tiên/The Beat of Celebration/The Beat of Celebration.mp3
KAHEDA,Tóc Tiên,Tóc Tiên,KAHEDA,vpop-mainstream,https://music.youtube.com/watch?v=5ANCnIokf0A,https://i.ytimg.com/vi/5ANCnIokf0A/maxresdefault.jpg,Tóc Tiên/KAHEDA/KAHEDA.mp3
CHÚ ẾCH HẾT BUỒN,Tóc Tiên,Jun Phạm,CHÚ ẾCH HẾT BUỒN,vpop-mainstream,https://music.youtube.com/watch?v=OZnqeCXUqpY,https://i.ytimg.com/vi/OZnqeCXUqpY/maxresdefault.jpg,Tóc Tiên/CHÚ ẾCH HẾT BUỒN/CHÚ ẾCH HẾT BUỒN.mp3
"Sàigòn, Sàigòn",Tóc Tiên,"Mai Tiến Dũng, Justin Nguyen, Anh Tú, Kỳ Phương Uyên, Như Loan, Tóc Tiên, Diễm Sương, Lam Anh, Ánh Minh","Sàigòn, Sàigòn",vpop-mainstream,https://music.youtube.com/watch?v=fy4SKmGoCY4,https://i.ytimg.com/vi/fy4SKmGoCY4/maxresdefault.jpg,"Tóc Tiên/Sàigòn, Sàigòn/Sàigòn, Sàigòn.mp3"
Có Không Dài Lâu?,Tóc Tiên,"Tóc Tiên, Diễm Sương",Samba Cho Em,vpop-mainstream,https://music.youtube.com/watch?v=q3DyDHB8Igw,https://i.ytimg.com/vi/q3DyDHB8Igw/maxresdefault.jpg,Tóc Tiên/Samba Cho Em/Có Không Dài Lâu?.mp3
Mash Up: Ánh Sáng Của Đời Tôi / Giọt Sương Trên Mí Mắt (25th Làn Sóng Xanh),Tóc Tiên,Tóc Tiên,Mash Up: Ánh Sáng Của Đời Tôi / Giọt Sương Trên Mí Mắt (25th Làn Sóng Xanh),vpop-mainstream,https://music.youtube.com/watch?v=9wIMSuzYzNQ,https://i.ytimg.com/vi/9wIMSuzYzNQ/maxresdefault.jpg,Tóc Tiên/Mash Up_ Ánh Sáng Của Đời Tôi _ Giọt Sương Trên Mí Mắt (25th Làn Sóng Xanh)/Mash Up_ Ánh Sáng Của Đời Tôi _ Giọt Sương Trên Mí Mắt (25th Làn Sóng Xanh).mp3
Từng Là Của Nhau,Bảo Anh,"Bảo Anh, Táo",Từng Là Của Nhau,vpop-mainstream,https://music.youtube.com/watch?v=gJYT4Uggy_U,https://i.ytimg.com/vi/gJYT4Uggy_U/maxresdefault.jpg,Bảo Anh/Từng Là Của Nhau/Từng Là Của Nhau.mp3
Từng Là Của Nhau/ Không Biết Nên Vui Hay Buồn (Mashup) (Live session),Bảo Anh,"Bảo Anh, Táo",B.A,vpop-mainstream,https://music.youtube.com/watch?v=3dsCccZ8Qt0,https://i.ytimg.com/vi/3dsCccZ8Qt0/maxresdefault.jpg,Bảo Anh/B.A/Từng Là Của Nhau_ Không Biết Nên Vui Hay Buồn (Mashup) (Live session).mp3
cô ấy của anh ấy,Bảo Anh,"Bảo Anh, Kai Đinh",không biết nên vui hay buồn,vpop-mainstream,https://music.youtube.com/watch?v=Tr05ZFfxPlQ,https://i.ytimg.com/vi/Tr05ZFfxPlQ/maxresdefault.jpg,Bảo Anh/không biết nên vui hay buồn/cô ấy của anh ấy.mp3
Trái Tim Em Cũng Biết Đau,Bảo Anh,Bảo Anh,Tổng Hợp Ca Khúc MV Hay Nhất Bảo Anh,vpop-mainstream,https://music.youtube.com/watch?v=njjVBOOKjqs,https://i.ytimg.com/vi/njjVBOOKjqs/maxresdefault.jpg,Bảo Anh/Tổng Hợp Ca Khúc MV Hay Nhất Bảo Anh/Trái Tim Em Cũng Biết Đau.mp3
Yêu Một Người Vô Tâm,Bảo Anh,Bảo Anh,Tổng Hợp Ca Khúc MV Hay Nhất Bảo Anh,vpop-mainstream,https://music.youtube.com/watch?v=oFF23-7ofK8,https://i.ytimg.com/vi/oFF23-7ofK8/maxresdefault.jpg,Bảo Anh/Tổng Hợp Ca Khúc MV Hay Nhất Bảo Anh/Yêu Một Người Vô Tâm.mp3
Bảo Anh | Sống Xa Anh Chẳng Dễ Dàng,Bảo Anh,Bảo Anh,Nhạc Việt Top Hit 2,vpop-mainstream,https://music.youtube.com/watch?v=nLh5PLLGN9w,https://i.ytimg.com/vi/nLh5PLLGN9w/maxresdefault.jpg,Bảo Anh/Nhạc Việt Top Hit 2/Bảo Anh _ Sống Xa Anh Chẳng Dễ Dàng.mp3
Anh Muốn Em Sống Sao,Bảo Anh,"Bảo Anh, Nguyễn Trung Hiếu",Những Ca Khúc Hay Nhất Của Bảo Anh,vpop-mainstream,https://music.youtube.com/watch?v=fzaxLWQ6Quc,https://i.ytimg.com/vi/fzaxLWQ6Quc/maxresdefault.jpg,Bảo Anh/Những Ca Khúc Hay Nhất Của Bảo Anh/Anh Muốn Em Sống Sao.mp3
Nhu Loi Don,Bảo Anh,Bao Anh,Ai Can Ai,vpop-mainstream,https://music.youtube.com/watch?v=vwc8s5JmRF4,https://i.ytimg.com/vi/vwc8s5JmRF4/maxresdefault.jpg,Bảo Anh/Ai Can Ai/Nhu Loi Don.mp3
không biết nên vui hay buồn (feat. Táo),Bảo Anh,"Bảo Anh, Kai Đinh, Táo",không biết nên vui hay buồn,vpop-mainstream,https://music.youtube.com/watch?v=G3w0f2J7Nms,https://i.ytimg.com/vi/G3w0f2J7Nms/maxresdefault.jpg,Bảo Anh/không biết nên vui hay buồn/không biết nên vui hay buồn (feat. Táo).mp3
Túp Lều Lý Tưởng (Live session),Bảo Anh,Bảo Anh,B.A,vpop-mainstream,https://music.youtube.com/watch?v=ABfSHEiDOFU,https://i.ytimg.com/vi/ABfSHEiDOFU/maxresdefault.jpg,Bảo Anh/B.A/Túp Lều Lý Tưởng (Live session).mp3
20 25 30,Bảo Anh,"Bảo Anh, Kai Đinh",không biết nên vui hay buồn,vpop-mainstream,https://music.youtube.com/watch?v=nbvDTy7Lgag,https://i.ytimg.com/vi/nbvDTy7Lgag/maxresdefault.jpg,Bảo Anh/không biết nên vui hay buồn/20 25 30.mp3
Thanh Xuân Của Chúng Ta (Kỷ Niệm Hành Trình 5 Năm & Thực Hiện Chương Trình Gala Nhạc Việt Số 10),Bảo Anh,"Bùi Anh Tuấn, Bảo Anh",Thanh Xuân Của Chúng Ta (Kỷ Niệm Hành Trình 5 Năm & Thực Hiện Chương Trình Gala Nhạc Việt Số 10),vpop-mainstream,https://music.youtube.com/watch?v=-W9rLZNIkQ4,https://i.ytimg.com/vi/-W9rLZNIkQ4/maxresdefault.jpg,Bảo Anh/Thanh Xuân Của Chúng Ta (Kỷ Niệm Hành Trình 5 Năm & Thực Hiện Chương Trình Gala Nhạc Việt Số 10)/Thanh Xuân Của Chúng Ta (Kỷ Niệm Hành Trình 5 Năm & Thực Hiện Chương Trình Gala Nhạc Việt Số 10).mp3
Ai Khóc Nỗi Đau Này,Bảo Anh,Bảo Anh,Ai Khóc Nỗi Đau Này,vpop-mainstream,https://music.youtube.com/watch?v=8X4rWJOwm68,https://i.ytimg.com/vi/8X4rWJOwm68/maxresdefault.jpg,Bảo Anh/Ai Khóc Nỗi Đau Này/Ai Khóc Nỗi Đau Này.mp3
Ai Cần Ai,Bảo Anh,"Bao Anh, Hứa Kim Tuyền",Ai Cần Ai,vpop-mainstream,https://music.youtube.com/watch?v=9CFAhObI6sg,https://i.ytimg.com/vi/9CFAhObI6sg/maxresdefault.jpg,Bảo Anh/Ai Cần Ai/Ai Cần Ai.mp3
Lười Yêu,Bảo Anh,"Bảo Anh, Lâm Nguyên",Lười Yêu,vpop-mainstream,https://music.youtube.com/watch?v=AbSawtoehjE,https://i.ytimg.com/vi/AbSawtoehjE/maxresdefault.jpg,Bảo Anh/Lười Yêu/Lười Yêu.mp3
Lang Quen Chieu Thu,Bảo Anh,Bao Anh,Lang Quen Chieu Thu,vpop-mainstream,https://music.youtube.com/watch?v=Cfih2QEX-Bk,https://i.ytimg.com/vi/Cfih2QEX-Bk/maxresdefault.jpg,Bảo Anh/Lang Quen Chieu Thu/Lang Quen Chieu Thu.mp3
Con Tim Dại Khờ,Bảo Anh,Bảo Anh,"Ballad, Vol. 1",vpop-mainstream,https://music.youtube.com/watch?v=72LKTdjpfXA,https://i.ytimg.com/vi/72LKTdjpfXA/maxresdefault.jpg,"Bảo Anh/Ballad, Vol. 1/Con Tim Dại Khờ.mp3"
Mình Yêu Nhau Bao Lâu,Bảo Anh,Bảo Anh,"Ballad, Vol. 1",vpop-mainstream,https://music.youtube.com/watch?v=1faG01nrsgc,https://i.ytimg.com/vi/1faG01nrsgc/maxresdefault.jpg,"Bảo Anh/Ballad, Vol. 1/Mình Yêu Nhau Bao Lâu.mp3"
Người Yêu Anh Nhất,Bảo Anh,"Bảo Anh, Châu Đăng Khoa",Người Yêu Anh Nhất,vpop-mainstream,https://music.youtube.com/watch?v=0WF4VwBA3x8,https://i.ytimg.com/vi/0WF4VwBA3x8/maxresdefault.jpg,Bảo Anh/Người Yêu Anh Nhất/Người Yêu Anh Nhất.mp3
Hoa Bằng Lăng,Bảo Anh,Bảo Anh,MoodShow,vpop-mainstream,https://music.youtube.com/watch?v=mM8EhZ7ukC8,https://i.ytimg.com/vi/mM8EhZ7ukC8/maxresdefault.jpg,Bảo Anh/MoodShow/Hoa Bằng Lăng.mp3
"Cô Ấy Của Anh Ấy (From ""Gala Nhạc Việt"", Live)",Bảo Anh,"Bảo Anh, Trung Quân",Comeback Stage,vpop-mainstream,https://music.youtube.com/watch?v=4fzcK9Horok,https://i.ytimg.com/vi/4fzcK9Horok/maxresdefault.jpg,"Bảo Anh/Comeback Stage/Cô Ấy Của Anh Ấy (From Gala Nhạc Việt, Live).mp3"
Lần Đầu,Bảo Anh,Bảo Anh,Tổng Hợp Ca Khúc MV Hay Nhất Bảo Anh,vpop-mainstream,https://music.youtube.com/watch?v=yO0dT692ouk,https://i.ytimg.com/vi/yO0dT692ouk/maxresdefault.jpg,Bảo Anh/Tổng Hợp Ca Khúc MV Hay Nhất Bảo Anh/Lần Đầu.mp3
Điệp Khúc Mùa Xuân,Bảo Anh,Bảo Anh,Những Ca Khúc Hay Nhất,vpop-mainstream,https://music.youtube.com/watch?v=BcMJU6b5VIw,https://i.ytimg.com/vi/BcMJU6b5VIw/maxresdefault.jpg,Bảo Anh/Những Ca Khúc Hay Nhất/Điệp Khúc Mùa Xuân.mp3
Tình Như Lá Bay Xa,Bảo Anh,Bảo Anh,MoodShow,vpop-mainstream,https://music.youtube.com/watch?v=iDtfk2qzt5s,https://i.ytimg.com/vi/iDtfk2qzt5s/maxresdefault.jpg,Bảo Anh/MoodShow/Tình Như Lá Bay Xa.mp3
Có Anh Ở Đây,Bảo Anh,"Bảo Anh, Cheng, Nguyễn Quang Anh",Có Anh Ở Đây,vpop-mainstream,https://music.youtube.com/watch?v=t6EHOrw2KxU,https://i.ytimg.com/vi/t6EHOrw2KxU/maxresdefault.jpg,Bảo Anh/Có Anh Ở Đây/Có Anh Ở Đây.mp3
Đan Trường | Sao Đổi Ngôi,Bảo Anh,Đan Trường,Mãi Mãi Một Tình Yêu,vpop-mainstream,https://music.youtube.com/watch?v=prCggo8jWV0,https://i.ytimg.com/vi/prCggo8jWV0/maxresdefault.jpg,Bảo Anh/Mãi Mãi Một Tình Yêu/Đan Trường _ Sao Đổi Ngôi.mp3
Hay Là Mình Chia Tay,Bảo Anh,Bảo Anh,"Ballad, Vol. 1",vpop-mainstream,https://music.youtube.com/watch?v=WFbGlnitVgQ,https://i.ytimg.com/vi/WFbGlnitVgQ/maxresdefault.jpg,"Bảo Anh/Ballad, Vol. 1/Hay Là Mình Chia Tay.mp3"
In The Night,Bảo Anh,Bảo Anh,Hòa Ấm Ánh Sáng 2017 Liveshow 12,vpop-mainstream,https://music.youtube.com/watch?v=z56nPGBpzag,https://i.ytimg.com/vi/z56nPGBpzag/maxresdefault.jpg,Bảo Anh/Hòa Ấm Ánh Sáng 2017 Liveshow 12/In The Night.mp3
Lieu Thuoc Cho Trai Tim,Bảo Anh,Bao Anh,Lang Quen Chieu Thu,vpop-mainstream,https://music.youtube.com/watch?v=2KLjt4RnOMc,https://i.ytimg.com/vi/2KLjt4RnOMc/maxresdefault.jpg,Bảo Anh/Lang Quen Chieu Thu/Lieu Thuoc Cho Trai Tim.mp3
Em Đã Từng Yêu,Bảo Anh,"Bảo Anh, Thái Thịnh",Những Ca Khúc Hay Nhất Của Bảo Anh,vpop-mainstream,https://music.youtube.com/watch?v=p-2uBn8kKPU,https://i.ytimg.com/vi/p-2uBn8kKPU/maxresdefault.jpg,Bảo Anh/Những Ca Khúc Hay Nhất Của Bảo Anh/Em Đã Từng Yêu.mp3
Khúc Giao Mùa,Bảo Anh,"Trung Quân, Bảo Anh",Gala Nhạc Việt 7: Tết Trong Tâm Hồn,vpop-mainstream,https://music.youtube.com/watch?v=H-K8yEVIeBU,https://i.ytimg.com/vi/H-K8yEVIeBU/maxresdefault.jpg,Bảo Anh/Gala Nhạc Việt 7_ Tết Trong Tâm Hồn/Khúc Giao Mùa.mp3
Xa Vắng,Bảo Anh,Bảo Anh,Xa Vắng,vpop-mainstream,https://music.youtube.com/watch?v=0wpb0UNUd1A,https://i.ytimg.com/vi/0wpb0UNUd1A/maxresdefault.jpg,Bảo Anh/Xa Vắng/Xa Vắng.mp3
Mot Ngay Mua Dong,Bảo Anh,Bao Anh,Moodshow 3,vpop-mainstream,https://music.youtube.com/watch?v=ue7z2qM5Lq8,https://i.ytimg.com/vi/ue7z2qM5Lq8/maxresdefault.jpg,Bảo Anh/Moodshow 3/Mot Ngay Mua Dong.mp3
favourite liar,Bảo Anh,"Bảo Anh, Kai Đinh",không biết nên vui hay buồn,vpop-mainstream,https://music.youtube.com/watch?v=2Hn5r2LJsQE,https://i.ytimg.com/vi/2Hn5r2LJsQE/maxresdefault.jpg,Bảo Anh/không biết nên vui hay buồn/favourite liar.mp3
"Trái Tim Em Cũng Biết Đau / Yêu Một Người Vô Tâm / Sống Xa Anh Chẳng Dễ Dàng (From ""Gala Nhạc Việt"", Live)",Bảo Anh,Bảo Anh,Comeback Stage,vpop-mainstream,https://music.youtube.com/watch?v=Jgu9kfy2Kk4,https://i.ytimg.com/vi/Jgu9kfy2Kk4/maxresdefault.jpg,"Bảo Anh/Comeback Stage/Trái Tim Em Cũng Biết Đau _ Yêu Một Người Vô Tâm _ Sống Xa Anh Chẳng Dễ Dàng (From Gala Nhạc Việt, Live).mp3"
Hoa Cỏ Mùa Xuân,Bảo Anh,"Trà My Idol, Bảo Anh",Gala Nhạc Việt 9: Chúc Tết Mọi Nhà,vpop-mainstream,https://music.youtube.com/watch?v=VemVH1jzjX0,https://i.ytimg.com/vi/VemVH1jzjX0/maxresdefault.jpg,Bảo Anh/Gala Nhạc Việt 9_ Chúc Tết Mọi Nhà/Hoa Cỏ Mùa Xuân.mp3
Và Em Đã Biết Mình Yêu,Bảo Anh,Bảo Anh,Và Em Đã Biết Mình Yêu,vpop-mainstream,https://music.youtube.com/watch?v=hi3LH-ByU8A,https://i.ytimg.com/vi/hi3LH-ByU8A/maxresdefault.jpg,Bảo Anh/Và Em Đã Biết Mình Yêu/Và Em Đã Biết Mình Yêu.mp3
Nhớ Về Em,Bảo Anh,Bảo Anh,Nhớ Về Em,vpop-mainstream,https://music.youtube.com/watch?v=KPp0nlEk6Jk,https://i.ytimg.com/vi/KPp0nlEk6Jk/maxresdefault.jpg,Bảo Anh/Nhớ Về Em/Nhớ Về Em.mp3
Khoảnh Khắc Ấy,Bảo Anh,Bảo Anh,"Ballad, Vol. 1",vpop-mainstream,https://music.youtube.com/watch?v=lZVnBJXckwg,https://i.ytimg.com/vi/lZVnBJXckwg/maxresdefault.jpg,"Bảo Anh/Ballad, Vol. 1/Khoảnh Khắc Ấy.mp3"
"Ước Mơ Của Mẹ (From ""Gala Nhạc Việt"", Live)",Bảo Anh,Bảo Anh,Comeback Stage,vpop-mainstream,https://music.youtube.com/watch?v=hyi6buRL0Vg,https://i.ytimg.com/vi/hyi6buRL0Vg/maxresdefault.jpg,"Bảo Anh/Comeback Stage/Ước Mơ Của Mẹ (From Gala Nhạc Việt, Live).mp3"
Hôm Nay Tôi Buồn (Bẫy Ngọt Ngào Original Sountrack),Bảo Anh,"Bảo Anh, Phùng Khánh Linh",Hôm Nay Tôi Buồn (Bẫy Ngọt Ngào Original Sountrack),vpop-mainstream,https://music.youtube.com/watch?v=hbVbyjFmqAE,https://i.ytimg.com/vi/hbVbyjFmqAE/maxresdefault.jpg,Bảo Anh/Hôm Nay Tôi Buồn (Bẫy Ngọt Ngào Original Sountrack)/Hôm Nay Tôi Buồn (Bẫy Ngọt Ngào Original Sountrack).mp3
Nhớ Nhung,Bảo Anh,Bảo Anh,"Ballad, Vol. 1",vpop-mainstream,https://music.youtube.com/watch?v=fy650kzQF54,https://i.ytimg.com/vi/fy650kzQF54/maxresdefault.jpg,"Bảo Anh/Ballad, Vol. 1/Nhớ Nhung.mp3"
"Không Biết Nên Vui Hay Buồn (From ""Gala Nhạc Việt"", Live)",Bảo Anh,"Bảo Anh, Kai Đinh",Comeback Stage,vpop-mainstream,https://music.youtube.com/watch?v=zP0wJC4lEEk,https://i.ytimg.com/vi/zP0wJC4lEEk/maxresdefault.jpg,"Bảo Anh/Comeback Stage/Không Biết Nên Vui Hay Buồn (From Gala Nhạc Việt, Live).mp3"
Lắng Nghe Mùa Xuân Về,Bảo Anh,"Bùi Anh Tuấn, Bảo Anh",Gala Nhạc Việt 3: Hương Sắc Tết Việt,vpop-mainstream,https://music.youtube.com/watch?v=9MuSOx22zhI,https://i.ytimg.com/vi/9MuSOx22zhI/maxresdefault.jpg,Bảo Anh/Gala Nhạc Việt 3_ Hương Sắc Tết Việt/Lắng Nghe Mùa Xuân Về.mp3
Kathy Kathy (MoodShow The 2nd Show),Bảo Anh,Bảo Anh,Kathy Kathy (MoodShow The 2nd Show),vpop-mainstream,https://music.youtube.com/watch?v=gh7Pe7-vewY,https://i.ytimg.com/vi/gh7Pe7-vewY/maxresdefault.jpg,Bảo Anh/Kathy Kathy (MoodShow The 2nd Show)/Kathy Kathy (MoodShow The 2nd Show).mp3
Yêu Một Người Vô Tâm (Live session),Bảo Anh,Bảo Anh,B.A,vpop-mainstream,https://music.youtube.com/watch?v=SuCx24JHQXE,https://i.ytimg.com/vi/SuCx24JHQXE/maxresdefault.jpg,Bảo Anh/B.A/Yêu Một Người Vô Tâm (Live session).mp3
Giả Vờ Thôi,Bảo Anh,"Bảo Anh, Trúc Nhi",Giả Vờ Thôi,vpop-mainstream,https://music.youtube.com/watch?v=ffaRBi7zg2k,https://i.ytimg.com/vi/ffaRBi7zg2k/maxresdefault.jpg,Bảo Anh/Giả Vờ Thôi/Giả Vờ Thôi.mp3
Thank You - Những Chiến Binh Thầm Lặng,Bảo Anh,"Hồ Ngọc Hà, Đông Nhi, Noo Phước Thịnh, Bảo Anh, Ngô Kiến Huy, Bùi Anh Tuấn, Phạm Việt Hoàng, Phạm Việt Hoàng",Thank You - Những Chiến Binh Thầm Lặng,vpop-mainstream,https://music.youtube.com/watch?v=x16jHgcRDV0,https://i.ytimg.com/vi/x16jHgcRDV0/maxresdefault.jpg,Bảo Anh/Thank You - Những Chiến Binh Thầm Lặng/Thank You - Những Chiến Binh Thầm Lặng.mp3
Chỉ Có Thể Là Anh,Bảo Anh,Bảo Anh,"Ballad, Vol. 1",vpop-mainstream,https://music.youtube.com/watch?v=LAbJnzqAU3M,https://i.ytimg.com/vi/LAbJnzqAU3M/maxresdefault.jpg,"Bảo Anh/Ballad, Vol. 1/Chỉ Có Thể Là Anh.mp3"
Trái Tim Em Cũng Biết Đau/ Sống Xa Anh Chẳng Dễ Dàng (Mashup) (Live session),Bảo Anh,Bảo Anh,B.A,vpop-mainstream,https://music.youtube.com/watch?v=YIU06YKvxNY,https://i.ytimg.com/vi/YIU06YKvxNY/maxresdefault.jpg,Bảo Anh/B.A/Trái Tim Em Cũng Biết Đau_ Sống Xa Anh Chẳng Dễ Dàng (Mashup) (Live session).mp3
Mưa Tháng Sáu,Văn Mai Hương,"Văn Mai Hương, GREY D, Trung Quân",Mưa Tháng Sáu,vpop-mainstream,https://music.youtube.com/watch?v=_DcBGBaNvwY,https://i.ytimg.com/vi/_DcBGBaNvwY/maxresdefault.jpg,Văn Mai Hương/Mưa Tháng Sáu/Mưa Tháng Sáu.mp3
Ướt Lòng,Văn Mai Hương,Văn Mai Hương,Ướt Lòng,vpop-mainstream,https://music.youtube.com/watch?v=dTkzXGiIf0Q,https://i.ytimg.com/vi/dTkzXGiIf0Q/maxresdefault.jpg,Văn Mai Hương/Ướt Lòng/Ướt Lòng.mp3
Đại Minh Tinh,Văn Mai Hương,"Văn Mai Hương, Hứa Kim Tuyền",Đại Minh Tinh,vpop-mainstream,https://music.youtube.com/watch?v=lz6qJRlsyd0,https://i.ytimg.com/vi/lz6qJRlsyd0/maxresdefault.jpg,Văn Mai Hương/Đại Minh Tinh/Đại Minh Tinh.mp3
Một Ngàn Nỗi Đau,Văn Mai Hương,"Văn Mai Hương, Hứa Kim Tuyền",Một Ngàn Nỗi Đau,vpop-mainstream,https://music.youtube.com/watch?v=WxBo28qsRCg,https://i.ytimg.com/vi/WxBo28qsRCg/maxresdefault.jpg,Văn Mai Hương/Một Ngàn Nỗi Đau/Một Ngàn Nỗi Đau.mp3
Ước Mơ Của Mẹ (feat. Hứa Kim Tuyền),Văn Mai Hương,"Văn Mai Hương, Hứa Kim Tuyền",Ước Mơ Của Mẹ,vpop-mainstream,https://music.youtube.com/watch?v=MwJUM5_FG_M,https://i.ytimg.com/vi/MwJUM5_FG_M/maxresdefault.jpg,Văn Mai Hương/Ước Mơ Của Mẹ/Ước Mơ Của Mẹ (feat. Hứa Kim Tuyền).mp3
Xuân Thì (Theme Song From “Một Thời Ta Đã Yêu”),Văn Mai Hương,Văn Mai Hương,Xuân Thì,vpop-mainstream,https://music.youtube.com/watch?v=knrpOs2JJ0A,https://i.ytimg.com/vi/knrpOs2JJ0A/maxresdefault.jpg,Văn Mai Hương/Xuân Thì/Xuân Thì (Theme Song From “Một Thời Ta Đã Yêu”).mp3
Hương (feat. Negav),Văn Mai Hương,"Văn Mai Hương, Negav",hương,vpop-mainstream,https://music.youtube.com/watch?v=-Kh7PWkT490,https://i.ytimg.com/vi/-Kh7PWkT490/maxresdefault.jpg,Văn Mai Hương/hương/Hương (feat. Negav).mp3
Đủ Nắng Hoa Sẽ Nở,Văn Mai Hương,"Văn Mai Hương, (S)TRONG, Phùng Khánh Linh",Đủ Nắng Hoa Sẽ Nở,vpop-mainstream,https://music.youtube.com/watch?v=zxDzxIR49TM,https://i.ytimg.com/vi/zxDzxIR49TM/maxresdefault.jpg,Văn Mai Hương/Đủ Nắng Hoa Sẽ Nở/Đủ Nắng Hoa Sẽ Nở.mp3
Vườn Hồng,Văn Mai Hương,"Văn Mai Hương, Chi Pu, Hà Trần",Vườn Hồng,vpop-mainstream,https://music.youtube.com/watch?v=ZXpCkKxf3oE,https://i.ytimg.com/vi/ZXpCkKxf3oE/maxresdefault.jpg,Văn Mai Hương/Vườn Hồng/Vườn Hồng.mp3
Cơn Mưa Rào,Văn Mai Hương,"Văn Mai Hương, Negav, Hứa Kim Tuyền",Cơn Mưa Rào,vpop-mainstream,https://music.youtube.com/watch?v=j2r-KI1-BYw,https://i.ytimg.com/vi/j2r-KI1-BYw/maxresdefault.jpg,Văn Mai Hương/Cơn Mưa Rào/Cơn Mưa Rào.mp3
Martini,Văn Mai Hương,"Văn Mai Hương, Hứa Kim Tuyền",Minh Tinh,vpop-mainstream,https://music.youtube.com/watch?v=jq_sGMS35XA,https://i.ytimg.com/vi/jq_sGMS35XA/maxresdefault.jpg,Văn Mai Hương/Minh Tinh/Martini.mp3
Vùng Xám,Văn Mai Hương,"Văn Mai Hương, GREY D",Giai Nhân,vpop-mainstream,https://music.youtube.com/watch?v=j5CAniVlK30,https://i.ytimg.com/vi/j5CAniVlK30/maxresdefault.jpg,Văn Mai Hương/Giai Nhân/Vùng Xám.mp3
Nếu Như Anh Đến,Văn Mai Hương,Văn Mai Hương,Hãy Mỉm Cười,vpop-mainstream,https://music.youtube.com/watch?v=e0yXSji6Py0,https://i.ytimg.com/vi/e0yXSji6Py0/maxresdefault.jpg,Văn Mai Hương/Hãy Mỉm Cười/Nếu Như Anh Đến.mp3
Cho phép tôi mời anh một ly,Văn Mai Hương,"VƯƠNG BÌNH, Văn Mai Hương",Cho phép tôi mời anh một ly,vpop-mainstream,https://music.youtube.com/watch?v=dZAPZeoyp38,https://i.ytimg.com/vi/dZAPZeoyp38/maxresdefault.jpg,Văn Mai Hương/Cho phép tôi mời anh một ly/Cho phép tôi mời anh một ly.mp3
Ngày Chung Đôi,Văn Mai Hương,Văn Mai Hương,Hãy Mỉm Cười,vpop-mainstream,https://music.youtube.com/watch?v=KgEbgU-HJyo,https://i.ytimg.com/vi/KgEbgU-HJyo/maxresdefault.jpg,Văn Mai Hương/Hãy Mỉm Cười/Ngày Chung Đôi.mp3
Bảo Bối,Văn Mai Hương,Văn Mai Hương,Giai Nhân,vpop-mainstream,https://music.youtube.com/watch?v=_HtUE_cZi3E,https://i.ytimg.com/vi/_HtUE_cZi3E/maxresdefault.jpg,Văn Mai Hương/Giai Nhân/Bảo Bối.mp3
Khép Màn,Văn Mai Hương,Văn Mai Hương,Giai Nhân,vpop-mainstream,https://music.youtube.com/watch?v=ovKiuEzkaBQ,https://i.ytimg.com/vi/ovKiuEzkaBQ/maxresdefault.jpg,Văn Mai Hương/Giai Nhân/Khép Màn.mp3
"Tôi Thương Ba (From ""Con Nhót Mót Chồng"")",Văn Mai Hương,"Văn Mai Hương, Hồ Trung Dũng, Nguyễn Thanh Nhật Minh","Tôi Thương Ba (From ""Con Nhót Mót Chồng"")",vpop-mainstream,https://music.youtube.com/watch?v=VZFmorCJ4rI,https://i.ytimg.com/vi/VZFmorCJ4rI/maxresdefault.jpg,Văn Mai Hương/Tôi Thương Ba (From Con Nhót Mót Chồng)/Tôi Thương Ba (From Con Nhót Mót Chồng).mp3
Hương (HAOZI x RINV Remix),Văn Mai Hương,Văn Mai Hương,hương (Remix),vpop-mainstream,https://music.youtube.com/watch?v=6qciIEalMPY,https://i.ytimg.com/vi/6qciIEalMPY/maxresdefault.jpg,Văn Mai Hương/hương (Remix)/Hương (HAOZI x RINV Remix).mp3
mưa tháng sáu (suy Version),Văn Mai Hương,"Văn Mai Hương, GREY D, Hứa Kim Tuyền",Mưa Tháng Sáu,vpop-mainstream,https://music.youtube.com/watch?v=E-zUszvZFrI,https://i.ytimg.com/vi/E-zUszvZFrI/maxresdefault.jpg,Văn Mai Hương/Mưa Tháng Sáu/mưa tháng sáu (suy Version).mp3
"Một Ngày Hay Trăm Năm (Theme Song From ""100 Ngày Bên Em"")",Văn Mai Hương,"Forest Studio, Văn Mai Hương","Xuân Hạ Thu Đông, rồi lại Xuân (Tập 8)",vpop-mainstream,https://music.youtube.com/watch?v=x8sOtM8XPyI,https://i.ytimg.com/vi/x8sOtM8XPyI/maxresdefault.jpg,"Văn Mai Hương/Xuân Hạ Thu Đông, rồi lại Xuân (Tập 8)/Một Ngày Hay Trăm Năm (Theme Song From 100 Ngày Bên Em).mp3"
Món Quà,Văn Mai Hương,Văn Mai Hương,Giai Nhân,vpop-mainstream,https://music.youtube.com/watch?v=M0-25W8ipT8,https://i.ytimg.com/vi/M0-25W8ipT8/maxresdefault.jpg,Văn Mai Hương/Giai Nhân/Món Quà.mp3
Phong Thanh,Văn Mai Hương,Văn Mai Hương,Giai Nhân,vpop-mainstream,https://music.youtube.com/watch?v=w0j7veKl3kA,https://i.ytimg.com/vi/w0j7veKl3kA/maxresdefault.jpg,Văn Mai Hương/Giai Nhân/Phong Thanh.mp3
Nam Bán Cầu,Văn Mai Hương,"Văn Mai Hương, Hứa Kim Tuyền",Minh Tinh,vpop-mainstream,https://music.youtube.com/watch?v=nBDTfl0V0L0,https://i.ytimg.com/vi/nBDTfl0V0L0/maxresdefault.jpg,Văn Mai Hương/Minh Tinh/Nam Bán Cầu.mp3
Nghĩ Về Anh,Văn Mai Hương,Văn Mai Hương,Nghĩ Về Anh,vpop-mainstream,https://music.youtube.com/watch?v=D8JYIU2aN-4,https://i.ytimg.com/vi/D8JYIU2aN-4/maxresdefault.jpg,Văn Mai Hương/Nghĩ Về Anh/Nghĩ Về Anh.mp3
Nghe Nói Anh Sắp Kết Hôn (feat. Bùi Anh Tuấn),Văn Mai Hương,"Văn Mai Hương, Bùi Anh Tuấn, Hứa Kim Tuyền",Nghe Nói Anh Sắp Kết Hôn (feat. Bùi Anh Tuấn),vpop-mainstream,https://music.youtube.com/watch?v=dtBtMu2T-A0,https://i.ytimg.com/vi/dtBtMu2T-A0/maxresdefault.jpg,Văn Mai Hương/Nghe Nói Anh Sắp Kết Hôn (feat. Bùi Anh Tuấn)/Nghe Nói Anh Sắp Kết Hôn (feat. Bùi Anh Tuấn).mp3
BƯỚC ĐI/NÁN LẠI?,Văn Mai Hương,"2pillz, Văn Mai Hương",PILLZCASSO,vpop-mainstream,https://music.youtube.com/watch?v=1FrAhRiTpoM,https://i.ytimg.com/vi/1FrAhRiTpoM/maxresdefault.jpg,Văn Mai Hương/PILLZCASSO/BƯỚC ĐI_NÁN LẠI?.mp3
Nhạc Tình,Văn Mai Hương,"Văn Mai Hương, HURRYKNG",Giai Nhân,vpop-mainstream,https://music.youtube.com/watch?v=lmiS2HvpH1I,https://i.ytimg.com/vi/lmiS2HvpH1I/maxresdefault.jpg,Văn Mai Hương/Giai Nhân/Nhạc Tình.mp3
Vườn Địa Đàng,Văn Mai Hương,"Văn Mai Hương, Hứa Kim Tuyền",Minh Tinh,vpop-mainstream,https://music.youtube.com/watch?v=ILuUDr2Jd9U,https://i.ytimg.com/vi/ILuUDr2Jd9U/maxresdefault.jpg,Văn Mai Hương/Minh Tinh/Vườn Địa Đàng.mp3
Cầu Vồng Lấp Lánh,Văn Mai Hương,"Văn Mai Hương, Myra Trần, Hứa Kim Tuyền",Cầu Vồng Lấp Lánh,vpop-mainstream,https://music.youtube.com/watch?v=VuHttIxfHfs,https://i.ytimg.com/vi/VuHttIxfHfs/maxresdefault.jpg,Văn Mai Hương/Cầu Vồng Lấp Lánh/Cầu Vồng Lấp Lánh.mp3
Đốt,Văn Mai Hương,Văn Mai Hương,hương,vpop-mainstream,https://music.youtube.com/watch?v=63RGovB8hjI,https://i.ytimg.com/vi/63RGovB8hjI/maxresdefault.jpg,Văn Mai Hương/hương/Đốt.mp3
Neu Nhu Anh Den - Beat,Văn Mai Hương,Van Mai Huong - Beat,Best songs Vietnam - Van Mai Huong,vpop-mainstream,https://music.youtube.com/watch?v=9sPWN50isYU,https://i.ytimg.com/vi/9sPWN50isYU/maxresdefault.jpg,Văn Mai Hương/Best songs Vietnam - Van Mai Huong/Neu Nhu Anh Den - Beat.mp3
Tuyết Rơi Mùa Hè (25th Làn Sóng Xanh),Văn Mai Hương,Văn Mai Hương,Tuyết Rơi Mùa Hè (25th Làn Sóng Xanh),vpop-mainstream,https://music.youtube.com/watch?v=9LbhlpOPOfs,https://i.ytimg.com/vi/9LbhlpOPOfs/maxresdefault.jpg,Văn Mai Hương/Tuyết Rơi Mùa Hè (25th Làn Sóng Xanh)/Tuyết Rơi Mùa Hè (25th Làn Sóng Xanh).mp3
Chuyện Tình Nhà Thơ,Văn Mai Hương,Văn Mai Hương,Chuyện Tình Nhà Thơ,vpop-mainstream,https://music.youtube.com/watch?v=ZwhvUzSjkHc,https://i.ytimg.com/vi/ZwhvUzSjkHc/maxresdefault.jpg,Văn Mai Hương/Chuyện Tình Nhà Thơ/Chuyện Tình Nhà Thơ.mp3
Mỹ Vị,Văn Mai Hương,Văn Mai Hương,Giai Nhân,vpop-mainstream,https://music.youtube.com/watch?v=z59BvJqE8Q8,https://i.ytimg.com/vi/z59BvJqE8Q8/maxresdefault.jpg,Văn Mai Hương/Giai Nhân/Mỹ Vị.mp3
Hoa Gạo (From “Thỏ Ơi!!” Original Motion Picture Soundtrack),Văn Mai Hương,"Thanh Lam, Văn Mai Hương",Hoa Gạo,vpop-mainstream,https://music.youtube.com/watch?v=lhUXPPytMZI,https://i.ytimg.com/vi/lhUXPPytMZI/maxresdefault.jpg,Văn Mai Hương/Hoa Gạo/Hoa Gạo (From “Thỏ Ơi!!” Original Motion Picture Soundtrack).mp3
"Người Không Cô Đơn (""Anh Hùng"" Original Soundtrack)",Văn Mai Hương,Văn Mai Hương,Người Không Cô Đơn,vpop-mainstream,https://music.youtube.com/watch?v=rH2p_IA51iU,https://i.ytimg.com/vi/rH2p_IA51iU/maxresdefault.jpg,Văn Mai Hương/Người Không Cô Đơn/Người Không Cô Đơn (Anh Hùng Original Soundtrack).mp3
Hương (Cukak Remix),Văn Mai Hương,Văn Mai Hương,hương (Remix),vpop-mainstream,https://music.youtube.com/watch?v=AAfTsd1KQJk,https://i.ytimg.com/vi/AAfTsd1KQJk/maxresdefault.jpg,Văn Mai Hương/hương (Remix)/Hương (Cukak Remix).mp3
"Rồi Mình Sẽ Gặp Nhau (Theme Song From ""Anh Trai Yêu Quái"")",Văn Mai Hương,Văn Mai Hương,"Rồi Mình Sẽ Gặp Nhau (Theme Song From ""Anh Trai Yêu Quái"")",vpop-mainstream,https://music.youtube.com/watch?v=L1XhGu4HlDw,https://i.ytimg.com/vi/L1XhGu4HlDw/maxresdefault.jpg,Văn Mai Hương/Rồi Mình Sẽ Gặp Nhau (Theme Song From Anh Trai Yêu Quái)/Rồi Mình Sẽ Gặp Nhau (Theme Song From Anh Trai Yêu Quái).mp3
Chim Quý Trong Lồng,Văn Mai Hương,"K-ICM, Văn Mai Hương",Chim Quý Trong Lồng,vpop-mainstream,https://music.youtube.com/watch?v=uKGPwzF6TXA,https://i.ytimg.com/vi/uKGPwzF6TXA/maxresdefault.jpg,Văn Mai Hương/Chim Quý Trong Lồng/Chim Quý Trong Lồng.mp3
Trên Cây Cầu Bên Sông,Văn Mai Hương,Văn Mai Hương,hương,vpop-mainstream,https://music.youtube.com/watch?v=_cH0hLR6w9k,https://i.ytimg.com/vi/_cH0hLR6w9k/maxresdefault.jpg,Văn Mai Hương/hương/Trên Cây Cầu Bên Sông.mp3
Lâu Đài Cát,Văn Mai Hương,Văn Mai Hương,Lâu Đài Cát,vpop-mainstream,https://music.youtube.com/watch?v=zRng-Rg939E,https://i.ytimg.com/vi/zRng-Rg939E/maxresdefault.jpg,Văn Mai Hương/Lâu Đài Cát/Lâu Đài Cát.mp3
Cầu Hôn (Happy Ver.),Văn Mai Hương,Văn Mai Hương,hương,vpop-mainstream,https://music.youtube.com/watch?v=-7InlPbLwOY,https://i.ytimg.com/vi/-7InlPbLwOY/maxresdefault.jpg,Văn Mai Hương/hương/Cầu Hôn (Happy Ver.).mp3
Mai Đây Em Thương Một Chàng Trai,Văn Mai Hương,Văn Mai Hương,hương,vpop-mainstream,https://music.youtube.com/watch?v=wH0fCdH9ppU,https://i.ytimg.com/vi/wH0fCdH9ppU/maxresdefault.jpg,Văn Mai Hương/hương/Mai Đây Em Thương Một Chàng Trai.mp3
Suong Nam Tren La,Văn Mai Hương,Van Mai Huong,Phuong Khau,vpop-mainstream,https://music.youtube.com/watch?v=WL_3i18gWR0,https://i.ytimg.com/vi/WL_3i18gWR0/maxresdefault.jpg,Văn Mai Hương/Phuong Khau/Suong Nam Tren La.mp3
Tình Lãng Phí,Văn Mai Hương,Văn Mai Hương,hương,vpop-mainstream,https://music.youtube.com/watch?v=XwiGYHESgrg,https://i.ytimg.com/vi/XwiGYHESgrg/maxresdefault.jpg,Văn Mai Hương/hương/Tình Lãng Phí.mp3
Hương (Royce x GemV Remix),Văn Mai Hương,"Văn Mai Hương, Negav",Hương,vpop-mainstream,https://music.youtube.com/watch?v=sVQIwzCKSGY,https://i.ytimg.com/vi/sVQIwzCKSGY/maxresdefault.jpg,Văn Mai Hương/Hương/Hương (Royce x GemV Remix).mp3
Nghe Nói Anh Sắp Kết Hôn (Solo Ver.),Văn Mai Hương,Văn Mai Hương,hương,vpop-mainstream,https://music.youtube.com/watch?v=9q_ZWQytE2E,https://i.ytimg.com/vi/9q_ZWQytE2E/maxresdefault.jpg,Văn Mai Hương/hương/Nghe Nói Anh Sắp Kết Hôn (Solo Ver.).mp3
Bay Cùng Bay,Văn Mai Hương,"Văn Mai Hương, Hứa Kim Tuyền, Tuimi",Minh Tinh,vpop-mainstream,https://music.youtube.com/watch?v=zmF6LGRWhwE,https://i.ytimg.com/vi/zmF6LGRWhwE/maxresdefault.jpg,Văn Mai Hương/Minh Tinh/Bay Cùng Bay.mp3
nếu lúc đó,tlinh,tlinh， 2pillz,nếu lúc đó,vpop-genz,https://music.youtube.com/watch?v=27Q74nknDyk,https://i.ytimg.com/vi/27Q74nknDyk/maxresdefault.jpg,tlinh/nếu lúc đó/nếu lúc đó.mp3
vaicaunoicokhiennguoithaydoi,tlinh,"GREY D, tlinh, Đoàn Thế Lân, Nguyễn Thảo Linh, Đoàn Thế Lân, Nguyễn Thảo Linh, Aiden Nguyen",vaicaunoicokhiennguoithaydoi,vpop-genz,https://music.youtube.com/watch?v=CBtQ1QJbQYE,https://i.ytimg.com/vi/CBtQ1QJbQYE/maxresdefault.jpg,tlinh/vaicaunoicokhiennguoithaydoi/vaicaunoicokhiennguoithaydoi.mp3
PHÓNG ZÌN ZÌN,tlinh,"tlinh, Low G",FLVR,vpop-genz,https://music.youtube.com/watch?v=Tx6O7y4QpyU,https://i.ytimg.com/vi/Tx6O7y4QpyU/maxresdefault.jpg,tlinh/FLVR/PHÓNG ZÌN ZÌN.mp3
shhhhhhh..,tlinh,WEAN,shhhhhhh..,vpop-genz,https://music.youtube.com/watch?v=WQhPznFu6VQ,https://i.ytimg.com/vi/WQhPznFu6VQ/maxresdefault.jpg,tlinh/shhhhhhh../shhhhhhh...mp3
Thích quá rùi nà,tlinh,TLINH; TRUNG TRAN,Thích quá rùi nà,vpop-genz,https://music.youtube.com/watch?v=n7kiE0CBqyU,https://i.ytimg.com/vi/n7kiE0CBqyU/maxresdefault.jpg,tlinh/Thích quá rùi nà/Thích quá rùi nà.mp3
Có Hẹn Với Thanh Xuân,tlinh,"Ban Nhạc Hương Mùa Hè, Đoàn Thế Lân, Trần Phong Hào, Tlinh, Suni",Hương Mùa Hè,vpop-genz,https://music.youtube.com/watch?v=1GUwjXRo3X4,https://i.ytimg.com/vi/1GUwjXRo3X4/maxresdefault.jpg,tlinh/Hương Mùa Hè/Có Hẹn Với Thanh Xuân.mp3
Love Game,tlinh,Low G,Love Game,vpop-genz,https://music.youtube.com/watch?v=oKBm_3nnc_w,https://i.ytimg.com/vi/oKBm_3nnc_w/maxresdefault.jpg,tlinh/Love Game/Love Game.mp3
HOP ON DA SHOW,tlinh,"tlinh, Low G",FLVR,vpop-genz,https://music.youtube.com/watch?v=wtxHotQZNuw,https://i.ytimg.com/vi/wtxHotQZNuw/maxresdefault.jpg,tlinh/FLVR/HOP ON DA SHOW.mp3
MẮT XANH,tlinh,GILL， TLINH,MẮT XANH,vpop-genz,https://music.youtube.com/watch?v=GHTiaPw80hE,https://i.ytimg.com/vi/GHTiaPw80hE/maxresdefault.jpg,tlinh/MẮT XANH/MẮT XANH.mp3
nữ siêu anh hùng,tlinh,tlinh,ái,vpop-genz,https://music.youtube.com/watch?v=VVxxats9s9E,https://i.ytimg.com/vi/VVxxats9s9E/maxresdefault.jpg,tlinh/ái/nữ siêu anh hùng.mp3
thế giới thần tiên,tlinh,tlinh,ái,vpop-genz,https://music.youtube.com/watch?v=Mu_fr-MubRs,https://i.ytimg.com/vi/Mu_fr-MubRs/maxresdefault.jpg,tlinh/ái/thế giới thần tiên.mp3
3 Bích,tlinh,Pháp Kiều,3 Bích,vpop-genz,https://music.youtube.com/watch?v=scG69fEIF_4,https://i.ytimg.com/vi/scG69fEIF_4/maxresdefault.jpg,tlinh/3 Bích/3 Bích.mp3
ĐẾN LÚC NÀY THÌ...,tlinh,"2pillz, tlinh",ĐẾN LÚC NÀY THÌ...,vpop-genz,https://music.youtube.com/watch?v=96wNIQGvJDQ,https://i.ytimg.com/vi/96wNIQGvJDQ/maxresdefault.jpg,tlinh/ĐẾN LÚC NÀY THÌ.../ĐẾN LÚC NÀY THÌ....mp3
ghệ iu dấu của em ơi,tlinh,tlinh,ghệ iu dấu của em ơi,vpop-genz,https://music.youtube.com/watch?v=_dwGM2g-baM,https://i.ytimg.com/vi/_dwGM2g-baM/maxresdefault.jpg,tlinh/ghệ iu dấu của em ơi/ghệ iu dấu của em ơi.mp3
Em Là Châu Báu,tlinh,"TLinh, RPT MCK, Hứa Kim Tuyền, Hứa Kim Tuyền",Em Là Châu Báu,vpop-genz,https://music.youtube.com/watch?v=J30wQyuhsGk,https://i.ytimg.com/vi/J30wQyuhsGk/maxresdefault.jpg,tlinh/Em Là Châu Báu/Em Là Châu Báu.mp3
những đốm sáng,tlinh,tlinh,ái,vpop-genz,https://music.youtube.com/watch?v=ztRkbfO9D9s,https://i.ytimg.com/vi/ztRkbfO9D9s/maxresdefault.jpg,tlinh/ái/những đốm sáng.mp3
người điên,tlinh,tlinh,ái,vpop-genz,https://music.youtube.com/watch?v=qZB2ciOzy4A,https://i.ytimg.com/vi/qZB2ciOzy4A/maxresdefault.jpg,tlinh/ái/người điên.mp3
tình yêu có nghĩa là gì?,tlinh,tlinh,ái,vpop-genz,https://music.youtube.com/watch?v=BflRQKILah0,https://i.ytimg.com/vi/BflRQKILah0/maxresdefault.jpg,tlinh/ái/tình yêu có nghĩa là gì?.mp3
Xích Thêm Chút Nữa,tlinh,"Tlinh, RPT Groovie, Nguyễn Thảo Linh, Grey D",Hương Mùa Hè,vpop-genz,https://music.youtube.com/watch?v=zhAO1fykfRk,https://i.ytimg.com/vi/zhAO1fykfRk/maxresdefault.jpg,tlinh/Hương Mùa Hè/Xích Thêm Chút Nữa.mp3
Siren,tlinh,"TGSN, tlinh, Mason Nguyen",Siren,vpop-genz,https://music.youtube.com/watch?v=um_vT-TobKE,https://i.ytimg.com/vi/um_vT-TobKE/maxresdefault.jpg,tlinh/Siren/Siren.mp3
'Tâm Tình',tlinh,"Orange, Tường Vân, Võ Thiện Thanh, Khắc Hưng, Suni, Tlinh",Hương Mùa Hè,vpop-genz,https://music.youtube.com/watch?v=FEloQXrWLho,https://i.ytimg.com/vi/FEloQXrWLho/maxresdefault.jpg,tlinh/Hương Mùa Hè/'Tâm Tình'.mp3
FEVER,tlinh,"Coldzy, Minsicko, tlinh",MEDICINE,vpop-genz,https://music.youtube.com/watch?v=eVIm7zOtPRQ,https://i.ytimg.com/vi/eVIm7zOtPRQ/maxresdefault.jpg,tlinh/MEDICINE/FEVER.mp3
Yêu Thầm (Live Performance),tlinh,"Hoàng Yến Chibi, tlinh, TDK",Yêu Thầm,vpop-genz,https://music.youtube.com/watch?v=dAnPV3iyO-k,https://i.ytimg.com/vi/dAnPV3iyO-k/maxresdefault.jpg,tlinh/Yêu Thầm/Yêu Thầm (Live Performance).mp3
POLITE,tlinh,"SonaOne, tlinh",POLITE,vpop-genz,https://music.youtube.com/watch?v=6wMgR3rgcWg,https://i.ytimg.com/vi/6wMgR3rgcWg/maxresdefault.jpg,tlinh/POLITE/POLITE.mp3
kho báu đánh rơi (feat. GREY D),tlinh,tlinh ft. GREY D,ái,vpop-genz,https://music.youtube.com/watch?v=sSmaoovf_yc,https://i.ytimg.com/vi/sSmaoovf_yc/maxresdefault.jpg,tlinh/ái/kho báu đánh rơi (feat. GREY D).mp3
làm lành chữa tình,tlinh,tlinh,ái,vpop-genz,https://music.youtube.com/watch?v=QsayoXdVubQ,https://i.ytimg.com/vi/QsayoXdVubQ/maxresdefault.jpg,tlinh/ái/làm lành chữa tình.mp3
Teen Sái Cổ (Machimix),tlinh,"Machiot, tlinh",Đổi Nhạc Nền Vol. 3 (Machimix),vpop-genz,https://music.youtube.com/watch?v=6CS2f5gIx8w,https://i.ytimg.com/vi/6CS2f5gIx8w/maxresdefault.jpg,tlinh/Đổi Nhạc Nền Vol. 3 (Machimix)/Teen Sái Cổ (Machimix).mp3
đừng làm nó phức tạp,tlinh,tlinh,đừng làm nó phức tạp,vpop-genz,https://music.youtube.com/watch?v=XPjRADqth1c,https://i.ytimg.com/vi/XPjRADqth1c/maxresdefault.jpg,tlinh/đừng làm nó phức tạp/đừng làm nó phức tạp.mp3
Strip 'em Down,tlinh,tlinh ft. 2pillz,Strip 'em Down,vpop-genz,https://music.youtube.com/watch?v=tZZ42ZV-wUg,https://i.ytimg.com/vi/tZZ42ZV-wUg/maxresdefault.jpg,tlinh/Strip 'em Down/Strip 'em Down.mp3
CÁI ĐẸP,tlinh,"tlinh, Pháo, Pháp Kiều",WeChoice Awards 2024,vpop-genz,https://music.youtube.com/watch?v=9PIQz7ONi00,https://i.ytimg.com/vi/9PIQz7ONi00/maxresdefault.jpg,tlinh/WeChoice Awards 2024/CÁI ĐẸP.mp3
nếu lúc đó (Onionn. Remix) (live from GENfest 23),tlinh,tlinh,ái (live from GENfest 23),vpop-genz,https://music.youtube.com/watch?v=J_5TMQuoZPM,https://i.ytimg.com/vi/J_5TMQuoZPM/maxresdefault.jpg,tlinh/ái (live from GENfest 23)/nếu lúc đó (Onionn. Remix) (live from GENfest 23).mp3
DÂU TẰM,tlinh,"tlinh, Low G",FLVR,vpop-genz,https://music.youtube.com/watch?v=S2LkstXGkRo,https://i.ytimg.com/vi/S2LkstXGkRo/maxresdefault.jpg,tlinh/FLVR/DÂU TẰM.mp3
PHÓNG ZÌN ZÌN (Live at GENfest 24),tlinh,"tlinh, Low G, GENfest, MMUSIC",tlinh (Live at GENfest 24),vpop-genz,https://music.youtube.com/watch?v=sNySxh-PdtU,https://i.ytimg.com/vi/sNySxh-PdtU/maxresdefault.jpg,tlinh/tlinh (Live at GENfest 24)/PHÓNG ZÌN ZÌN (Live at GENfest 24).mp3
Yêu Thầm,tlinh,"Hoàng Yến Chibi, tlinh, TDK",Yêu Thầm (EP),vpop-genz,https://music.youtube.com/watch?v=Y1ar5_l_WRE,https://i.ytimg.com/vi/Y1ar5_l_WRE/maxresdefault.jpg,tlinh/Yêu Thầm (EP)/Yêu Thầm.mp3
Rebound,tlinh,"TGSN, tlinh",Rebound,vpop-genz,https://music.youtube.com/watch?v=DSetKTCSK5c,https://i.ytimg.com/vi/DSetKTCSK5c/maxresdefault.jpg,tlinh/Rebound/Rebound.mp3
người đẹp ngủ,tlinh,tlinh,ái,vpop-genz,https://music.youtube.com/watch?v=RLYMOP-0LUg,https://i.ytimg.com/vi/RLYMOP-0LUg/maxresdefault.jpg,tlinh/ái/người đẹp ngủ.mp3
SAIGONTEY,tlinh,"Thể Thiên, tlinh",Trần Thế,vpop-genz,https://music.youtube.com/watch?v=794QMUua7qE,https://i.ytimg.com/vi/794QMUua7qE/maxresdefault.jpg,tlinh/Trần Thế/SAIGONTEY.mp3
ghệ iu dấu của em ơi (CLOUDEE Remix),tlinh,tlinh,ghệ remixes của em ơi,vpop-genz,https://music.youtube.com/watch?v=Y5hmvX03KuU,https://i.ytimg.com/vi/Y5hmvX03KuU/maxresdefault.jpg,tlinh/ghệ remixes của em ơi/ghệ iu dấu của em ơi (CLOUDEE Remix).mp3
Nothing In Your Eyes (Machimix),tlinh,"Machiot, tlinh",Đổi Nhạc Nền Vol. 3 (Machimix),vpop-genz,https://music.youtube.com/watch?v=Rbt2GPlj-Yg,https://i.ytimg.com/vi/Rbt2GPlj-Yg/maxresdefault.jpg,tlinh/Đổi Nhạc Nền Vol. 3 (Machimix)/Nothing In Your Eyes (Machimix).mp3
Night,tlinh,"Dustin NGO 春風, tlinh, wAvy, xolitxo, da/md, mess.",Night,vpop-genz,https://music.youtube.com/watch?v=7pomzANFDOM,https://i.ytimg.com/vi/7pomzANFDOM/maxresdefault.jpg,tlinh/Night/Night.mp3
dạy tui cách iu,tlinh,tlinh,dạy tui cách iu,vpop-genz,https://music.youtube.com/watch?v=X2h9SD-ROJU,https://i.ytimg.com/vi/X2h9SD-ROJU/maxresdefault.jpg,tlinh/dạy tui cách iu/dạy tui cách iu.mp3
NGÂN,tlinh,"tlinh, Low G",FLVR,vpop-genz,https://music.youtube.com/watch?v=CyPIJUh7Y-4,https://i.ytimg.com/vi/CyPIJUh7Y-4/maxresdefault.jpg,tlinh/FLVR/NGÂN.mp3
Gái Độc Thân (Teddy Doox Remix),tlinh,tlinh,Gái Độc Thân (Teddy Doox Remix),vpop-genz,https://music.youtube.com/watch?v=qMlJxgnbv9w,https://i.ytimg.com/vi/qMlJxgnbv9w/maxresdefault.jpg,tlinh/Gái Độc Thân (Teddy Doox Remix)/Gái Độc Thân (Teddy Doox Remix).mp3
Mắt Xanh (Live at GENfest 24),tlinh,"tlinh, Gill, GENfest, MMUSIC",tlinh (Live at GENfest 24),vpop-genz,https://music.youtube.com/watch?v=SgmJaB0RUuE,https://i.ytimg.com/vi/SgmJaB0RUuE/maxresdefault.jpg,tlinh/tlinh (Live at GENfest 24)/Mắt Xanh (Live at GENfest 24).mp3
Còn Gì Để Mất,tlinh,"Wxrdie, tlinh, 2Pillz, Wokeupat4am",Còn Gì Để Mất,vpop-genz,https://music.youtube.com/watch?v=fIZhMn9aK5Q,https://i.ytimg.com/vi/fIZhMn9aK5Q/maxresdefault.jpg,tlinh/Còn Gì Để Mất/Còn Gì Để Mất.mp3
Đã Từng MissUBabi (Machimix),tlinh,"Machiot, tlinh",Đổi Nhạc Nền Vol. 3 (Machimix),vpop-genz,https://music.youtube.com/watch?v=hncfb-05kc4,https://i.ytimg.com/vi/hncfb-05kc4/maxresdefault.jpg,tlinh/Đổi Nhạc Nền Vol. 3 (Machimix)/Đã Từng MissUBabi (Machimix).mp3
Thích Quá Rùi Nà (Live at GENfest 24),tlinh,"tlinh, Trung Trần, GENfest, MMUSIC",tlinh (Live at GENfest 24),vpop-genz,https://music.youtube.com/watch?v=iFDZ-k5XcuU,https://i.ytimg.com/vi/iFDZ-k5XcuU/maxresdefault.jpg,tlinh/tlinh (Live at GENfest 24)/Thích Quá Rùi Nà (Live at GENfest 24).mp3
Out Of Body (Live at GENfest 24),tlinh,"tlinh, VSTRA, GENfest, MMUSIC",tlinh (Live at GENfest 24),vpop-genz,https://music.youtube.com/watch?v=BNBd9grzDcA,https://i.ytimg.com/vi/BNBd9grzDcA/maxresdefault.jpg,tlinh/tlinh (Live at GENfest 24)/Out Of Body (Live at GENfest 24).mp3
ái,tlinh,tlinh,ái,vpop-genz,https://music.youtube.com/watch?v=lRqABd8xRH0,https://i.ytimg.com/vi/lRqABd8xRH0/maxresdefault.jpg,tlinh/ái/ái.mp3
HOP ON DA SHOW (Live at GENfest 24),tlinh,"tlinh, Low G, GENfest, MMUSIC",tlinh (Live at GENfest 24),vpop-genz,https://music.youtube.com/watch?v=l1YaNFMS_r4,https://i.ytimg.com/vi/l1YaNFMS_r4/maxresdefault.jpg,tlinh/tlinh (Live at GENfest 24)/HOP ON DA SHOW (Live at GENfest 24).mp3
"ex's hate me, Pt.2",AMEE,AMEE,dreaAMEE,vpop-genz,https://music.youtube.com/watch?v=L7py6QJyERE,https://i.ytimg.com/vi/L7py6QJyERE/maxresdefault.jpg,"AMEE/dreaAMEE/ex's hate me, Pt.2.mp3"
MỘNG YU,AMEE,"AMEE, RPT MCK",MỘNGMEE,vpop-genz,https://music.youtube.com/watch?v=iLVEfrRzPrk,https://i.ytimg.com/vi/iLVEfrRzPrk/maxresdefault.jpg,AMEE/MỘNGMEE/MỘNG YU.mp3
anh nhà ở đâu thế,AMEE,AMEE,dreaAMEE,vpop-genz,https://music.youtube.com/watch?v=QF7v2FjlTyk,https://i.ytimg.com/vi/QF7v2FjlTyk/maxresdefault.jpg,AMEE/dreaAMEE/anh nhà ở đâu thế.mp3
trời giấu trời mang đi,AMEE,AMEE,dreaAMEE,vpop-genz,https://music.youtube.com/watch?v=_BZS4WYmIIE,https://i.ytimg.com/vi/_BZS4WYmIIE/maxresdefault.jpg,AMEE/dreaAMEE/trời giấu trời mang đi.mp3
sao anh chưa về nhà,AMEE,"AMEE, Ricky Star",dreaAMEE,vpop-genz,https://music.youtube.com/watch?v=2oouDEAsVbA,https://i.ytimg.com/vi/2oouDEAsVbA/maxresdefault.jpg,AMEE/dreaAMEE/sao anh chưa về nhà.mp3
Tình Bạn Diệu Kỳ,AMEE,"Ricky Star, AMEE, Lăng LD",Tình Bạn Diệu Kỳ,vpop-genz,https://music.youtube.com/watch?v=nwsg-lZJRpg,https://i.ytimg.com/vi/nwsg-lZJRpg/maxresdefault.jpg,AMEE/Tình Bạn Diệu Kỳ/Tình Bạn Diệu Kỳ.mp3
thật quá đáng.. để yêu,AMEE,"NICKY, AMEE",thật quá đáng.. để yêu,vpop-genz,https://music.youtube.com/watch?v=wBy7KFcDpPY,https://i.ytimg.com/vi/wBy7KFcDpPY/maxresdefault.jpg,AMEE/thật quá đáng.. để yêu/thật quá đáng.. để yêu.mp3
hai mươi hai (22),AMEE,"Hứa Kim Tuyền, AMEE",hai mươi hai (22),vpop-genz,https://music.youtube.com/watch?v=2KxumsBSED0,https://i.ytimg.com/vi/2KxumsBSED0/maxresdefault.jpg,AMEE/hai mươi hai (22)/hai mươi hai (22).mp3
từ thích thích thành thương thương (feat. Hoàng Dũng),AMEE,"Amee, Hoàng Dũng",dreAMEE (feat. Hoàng Dũng) (acoustic),vpop-genz,https://music.youtube.com/watch?v=VdKWlNfpxZ0,https://i.ytimg.com/vi/VdKWlNfpxZ0/maxresdefault.jpg,AMEE/dreAMEE (feat. Hoàng Dũng) (acoustic)/từ thích thích thành thương thương (feat. Hoàng Dũng).mp3
Cuộc gọi lúc nửa đêm,AMEE,AMEE,MỘNGMEE,vpop-genz,https://music.youtube.com/watch?v=aeB2pml-ZE0,https://i.ytimg.com/vi/aeB2pml-ZE0/maxresdefault.jpg,AMEE/MỘNGMEE/Cuộc gọi lúc nửa đêm.mp3
nàng thơ... trời giấu trời mang đi (feat. Hoàng Dũng),AMEE,"Amee, Hoàng Dũng",dreAMEE (feat. Hoàng Dũng) (acoustic),vpop-genz,https://music.youtube.com/watch?v=zx4f-mZfeOU,https://i.ytimg.com/vi/zx4f-mZfeOU/maxresdefault.jpg,AMEE/dreAMEE (feat. Hoàng Dũng) (acoustic)/nàng thơ... trời giấu trời mang đi (feat. Hoàng Dũng).mp3
đen đá không đường,AMEE,AMEE,dreaAMEE,vpop-genz,https://music.youtube.com/watch?v=XSHd3ixv9ho,https://i.ytimg.com/vi/XSHd3ixv9ho/maxresdefault.jpg,AMEE/dreaAMEE/đen đá không đường.mp3
Shay Nắnggg,AMEE,"Amee, Obito",Shay Nắnggg,vpop-genz,https://music.youtube.com/watch?v=MQa_NeoMhsQ,https://i.ytimg.com/vi/MQa_NeoMhsQ/maxresdefault.jpg,AMEE/Shay Nắnggg/Shay Nắnggg.mp3
Em Bé,AMEE,"AMEE, Karik",Em Bé,vpop-genz,https://music.youtube.com/watch?v=Gk80IcAWIps,https://i.ytimg.com/vi/Gk80IcAWIps/maxresdefault.jpg,AMEE/Em Bé/Em Bé.mp3
từ 1 sẽ thành 2,AMEE,"Kai Đinh, AMEE",từ 1 sẽ thành 2,vpop-genz,https://music.youtube.com/watch?v=nbG7WDS3kYI,https://i.ytimg.com/vi/nbG7WDS3kYI/maxresdefault.jpg,AMEE/từ 1 sẽ thành 2/từ 1 sẽ thành 2.mp3
thay mọi cô gái yêu anh,AMEE,AMEE,thay mọi cô gái yêu anh,vpop-genz,https://music.youtube.com/watch?v=QXI9Y30C7AY,https://i.ytimg.com/vi/QXI9Y30C7AY/maxresdefault.jpg,AMEE/thay mọi cô gái yêu anh/thay mọi cô gái yêu anh.mp3
"xuân, hạ, thu, đông rồi lại xuân",AMEE,AMEE,dreaAMEE,vpop-genz,https://music.youtube.com/watch?v=RK1z-ALbuWQ,https://i.ytimg.com/vi/RK1z-ALbuWQ/maxresdefault.jpg,"AMEE/dreaAMEE/xuân, hạ, thu, đông rồi lại xuân.mp3"
2000 câu hỏi vì sao,AMEE,AMEE,MỘNGMEE,vpop-genz,https://music.youtube.com/watch?v=ziFDwFJz1g4,https://i.ytimg.com/vi/ziFDwFJz1g4/maxresdefault.jpg,AMEE/MỘNGMEE/2000 câu hỏi vì sao.mp3
Trái đất ôm Mặt trời,AMEE,"Kai Đinh, AMEE, GREY D",Summeroom,vpop-genz,https://music.youtube.com/watch?v=RMTXs6V3KS0,https://i.ytimg.com/vi/RMTXs6V3KS0/maxresdefault.jpg,AMEE/Summeroom/Trái đất ôm Mặt trời.mp3
Em Về Tinh Khôi (25th Làn Sóng Xanh),AMEE,"AMEE, GREY D, Hoàng Dũng",Em Về Tinh Khôi (25th Làn Sóng Xanh),vpop-genz,https://music.youtube.com/watch?v=W1X2YanpYXw,https://i.ytimg.com/vi/W1X2YanpYXw/maxresdefault.jpg,AMEE/Em Về Tinh Khôi (25th Làn Sóng Xanh)/Em Về Tinh Khôi (25th Làn Sóng Xanh).mp3
ưng quá chừng,AMEE,AMEE,ưng quá chừng,vpop-genz,https://music.youtube.com/watch?v=gzaTn4BHLZo,https://i.ytimg.com/vi/gzaTn4BHLZo/maxresdefault.jpg,AMEE/ưng quá chừng/ưng quá chừng.mp3
mama boy,AMEE,AMEE,dreaAMEE,vpop-genz,https://music.youtube.com/watch?v=aZFMZ4jgZdQ,https://i.ytimg.com/vi/aZFMZ4jgZdQ/maxresdefault.jpg,AMEE/dreaAMEE/mama boy.mp3
Miền Mộng Mị,AMEE,AMEE,MỘNGMEE,vpop-genz,https://music.youtube.com/watch?v=6d51ulYGI_w,https://i.ytimg.com/vi/6d51ulYGI_w/maxresdefault.jpg,AMEE/MỘNGMEE/Miền Mộng Mị.mp3
yêu thì yêu không yêu thì yêu,AMEE,AMEE,dreaAMEE,vpop-genz,https://music.youtube.com/watch?v=54IsuFlIQwA,https://i.ytimg.com/vi/54IsuFlIQwA/maxresdefault.jpg,AMEE/dreaAMEE/yêu thì yêu không yêu thì yêu.mp3
Tình Bạn Diệu Kỳ (Masew Remix),AMEE,"AMEE, Ricky Star, Masew",Masew Remix,vpop-genz,https://music.youtube.com/watch?v=pv07zjuipXg,https://i.ytimg.com/vi/pv07zjuipXg/maxresdefault.jpg,AMEE/Masew Remix/Tình Bạn Diệu Kỳ (Masew Remix).mp3
Nói Hoặc Không Nói,AMEE,AMEE,Nói Hoặc Không Nói,vpop-genz,https://music.youtube.com/watch?v=O79XBc3QI_w,https://i.ytimg.com/vi/O79XBc3QI_w/maxresdefault.jpg,AMEE/Nói Hoặc Không Nói/Nói Hoặc Không Nói.mp3
Anh Nhà Ở Đâu Thế (Masew Remix),AMEE,"AMEE, B Ray, Masew",Masew Remix,vpop-genz,https://music.youtube.com/watch?v=R_lBW3-QuPA,https://i.ytimg.com/vi/R_lBW3-QuPA/maxresdefault.jpg,AMEE/Masew Remix/Anh Nhà Ở Đâu Thế (Masew Remix).mp3
baby you are not alone,AMEE,"Kai Đinh, AMEE, TDK",baby you are not alone,vpop-genz,https://music.youtube.com/watch?v=o3euSlvhsA0,https://i.ytimg.com/vi/o3euSlvhsA0/maxresdefault.jpg,AMEE/baby you are not alone/baby you are not alone.mp3
"ex's hate me, Pt. 2 (Masew Remix)",AMEE,"AMEE, B Ray, Masew",Masew Remix,vpop-genz,https://music.youtube.com/watch?v=_FkxINhO0Fc,https://i.ytimg.com/vi/_FkxINhO0Fc/maxresdefault.jpg,"AMEE/Masew Remix/ex's hate me, Pt. 2 (Masew Remix).mp3"
anh nhà ở đâu thế,AMEE,AMEE,dreAMEE (acoustic),vpop-genz,https://music.youtube.com/watch?v=1T-uWpsm5F4,https://i.ytimg.com/vi/1T-uWpsm5F4/maxresdefault.jpg,AMEE/dreAMEE (acoustic)/anh nhà ở đâu thế.mp3
Mưa Nào Mà Hông Tạnh,AMEE,"AMEE, Phúc Du, TRID MINH, WOKEUP",Mưa Nào Mà Hông Tạnh,vpop-genz,https://music.youtube.com/watch?v=QBwHFpXk-Mo,https://i.ytimg.com/vi/QBwHFpXk-Mo/maxresdefault.jpg,AMEE/Mưa Nào Mà Hông Tạnh/Mưa Nào Mà Hông Tạnh.mp3
tone up your heart,AMEE,AMEE,tone up your heart,vpop-genz,https://music.youtube.com/watch?v=Hxkd-mt61uQ,https://i.ytimg.com/vi/Hxkd-mt61uQ/maxresdefault.jpg,AMEE/tone up your heart/tone up your heart.mp3
Tết Đón Xuân Về,AMEE,"AMEE, Han Sara, Xesi, Châu Đăng Khoa",Tết 2020 (Gala Nhạc Việt 14),vpop-genz,https://music.youtube.com/watch?v=5uHXxJvqKnk,https://i.ytimg.com/vi/5uHXxJvqKnk/maxresdefault.jpg,AMEE/Tết 2020 (Gala Nhạc Việt 14)/Tết Đón Xuân Về.mp3
"sao anh chưa về nhà (feat. Hoàng Dũng, Ricky Star)",AMEE,"AMEE, Hoàng Dũng, Ricky Star",dreAMEE (acoustic),vpop-genz,https://music.youtube.com/watch?v=_O8Tyc0-M8Q,https://i.ytimg.com/vi/_O8Tyc0-M8Q/maxresdefault.jpg,"AMEE/dreAMEE (acoustic)/sao anh chưa về nhà (feat. Hoàng Dũng, Ricky Star).mp3"
Ex's Hate Me (Masew Remix),AMEE,"B Ray, AMEE, Masew",Masew Remix,vpop-genz,https://music.youtube.com/watch?v=vY0ekvnCdQw,https://i.ytimg.com/vi/vY0ekvnCdQw/maxresdefault.jpg,AMEE/Masew Remix/Ex's Hate Me (Masew Remix).mp3
Chủ nhật boy,AMEE,AMEE,Chủ nhật boy,vpop-genz,https://music.youtube.com/watch?v=-3Tyh9Sx1-U,https://i.ytimg.com/vi/-3Tyh9Sx1-U/maxresdefault.jpg,AMEE/Chủ nhật boy/Chủ nhật boy.mp3
thật quá đáng.. để yêu (sped up),AMEE,"NICKY, AMEE, Trid Minh",thật quá đáng.. để yêu,vpop-genz,https://music.youtube.com/watch?v=vBv53JdEln0,https://i.ytimg.com/vi/vBv53JdEln0/maxresdefault.jpg,AMEE/thật quá đáng.. để yêu/thật quá đáng.. để yêu (sped up).mp3
Chờ Anh Về,AMEE,"B Ray, AMEE",Chờ Anh Về,vpop-genz,https://music.youtube.com/watch?v=nbju-Lg2kHc,https://i.ytimg.com/vi/nbju-Lg2kHc/maxresdefault.jpg,AMEE/Chờ Anh Về/Chờ Anh Về.mp3
Hai Mươi Hai (Lofi),AMEE,"AMEE, Hứa Kim Tuyền",Hai Mươi Hai,vpop-genz,https://music.youtube.com/watch?v=xV3h62LZAgs,https://i.ytimg.com/vi/xV3h62LZAgs/maxresdefault.jpg,AMEE/Hai Mươi Hai/Hai Mươi Hai (Lofi).mp3
sao anh chưa về nhà,AMEE,"AMEE, Hoàng Dũng, Ricky Star",dreaAMEE,vpop-genz,https://music.youtube.com/watch?v=G9-dRADXdfc,https://i.ytimg.com/vi/G9-dRADXdfc/maxresdefault.jpg,AMEE/dreaAMEE/sao anh chưa về nhà.mp3
Bài Ca Bầu Cử 2021,AMEE,"AMEE, GREY D",Bài Ca Bầu Cử 2021,vpop-genz,https://music.youtube.com/watch?v=uoXfLL3vHXc,https://i.ytimg.com/vi/uoXfLL3vHXc/maxresdefault.jpg,AMEE/Bài Ca Bầu Cử 2021/Bài Ca Bầu Cử 2021.mp3
Beautiful nightmare (interlude),AMEE,AMEE,MỘNGMEE,vpop-genz,https://music.youtube.com/watch?v=WlvYeHpzvck,https://i.ytimg.com/vi/WlvYeHpzvck/maxresdefault.jpg,AMEE/MỘNGMEE/Beautiful nightmare (interlude).mp3
yêu thì yêu không yêu thì yêu,AMEE,AMEE,dreAMEE (acoustic),vpop-genz,https://music.youtube.com/watch?v=jtBc0p0iOGY,https://i.ytimg.com/vi/jtBc0p0iOGY/maxresdefault.jpg,AMEE/dreAMEE (acoustic)/yêu thì yêu không yêu thì yêu.mp3
g9 (Outro),AMEE,AMEE,dreaAMEE,vpop-genz,https://music.youtube.com/watch?v=5gLvG5UleOE,https://i.ytimg.com/vi/5gLvG5UleOE/maxresdefault.jpg,AMEE/dreaAMEE/g9 (Outro).mp3
dreAMEE (intro),AMEE,AMEE,dreaAMEE,vpop-genz,https://music.youtube.com/watch?v=0yxVzeq1kkQ,https://i.ytimg.com/vi/0yxVzeq1kkQ/maxresdefault.jpg,AMEE/dreaAMEE/dreAMEE (intro).mp3
gr8teful (intro),AMEE,AMEE,dreAMEE (acoustic),vpop-genz,https://music.youtube.com/watch?v=XUYpb4MtUXU,https://i.ytimg.com/vi/XUYpb4MtUXU/maxresdefault.jpg,AMEE/dreAMEE (acoustic)/gr8teful (intro).mp3
Tangled Drums,AMEE,AMEE,FOOTPRINT 2,vpop-genz,https://music.youtube.com/watch?v=ONp8RijSWjY,https://i.ytimg.com/vi/ONp8RijSWjY/maxresdefault.jpg,AMEE/FOOTPRINT 2/Tangled Drums.mp3
Ex's Hate Me (Lofi),AMEE,"B Ray, AMEE",Ex's Hate Me,vpop-genz,https://music.youtube.com/watch?v=-SkbSurK4Hw,https://i.ytimg.com/vi/-SkbSurK4Hw/maxresdefault.jpg,AMEE/Ex's Hate Me/Ex's Hate Me (Lofi).mp3
Do for Love,AMEE,"Masta Trippy, AMEE, Trần Thiện Thanh Bảo",Top 5 Rising Stars,vpop-genz,https://music.youtube.com/watch?v=8nLcuFxyr54,https://i.ytimg.com/vi/8nLcuFxyr54/maxresdefault.jpg,AMEE/Top 5 Rising Stars/Do for Love.mp3
W0RLD R3C0RD SP33DRUN,AMEE,amee,watercolor: MAKE A SCENE!,vpop-genz,https://music.youtube.com/watch?v=Bbiukw7VwiA,https://i.ytimg.com/vi/Bbiukw7VwiA/maxresdefault.jpg,AMEE/watercolor_ MAKE A SCENE!/W0RLD R3C0RD SP33DRUN.mp3
Bài Ca Đất Phương Nam,Phương Mỹ Chi,Phương Mỹ Chi,Bài Ca Đất Phương Nam,vpop-genz,https://music.youtube.com/watch?v=MyD5Zm5DfkE,https://i.ytimg.com/vi/MyD5Zm5DfkE/maxresdefault.jpg,Phương Mỹ Chi/Bài Ca Đất Phương Nam/Bài Ca Đất Phương Nam.mp3
Hình Bóng Quê Nhà,Phương Mỹ Chi,"Quang Lê, Phương Mỹ Chi",Hát Trên Quê Hương 3,vpop-genz,https://music.youtube.com/watch?v=vkqTMi4MxKc,https://i.ytimg.com/vi/vkqTMi4MxKc/maxresdefault.jpg,Phương Mỹ Chi/Hát Trên Quê Hương 3/Hình Bóng Quê Nhà.mp3
Những Ngôi Sao Xa Xôi,Phương Mỹ Chi,"Phương Mỹ Chi, DTAP",Vũ Trụ Cò Bay,vpop-genz,https://music.youtube.com/watch?v=8WiQvRAz4xo,https://i.ytimg.com/vi/8WiQvRAz4xo/maxresdefault.jpg,Phương Mỹ Chi/Vũ Trụ Cò Bay/Những Ngôi Sao Xa Xôi.mp3
Bóng Phù Hoa,Phương Mỹ Chi,"Phương Mỹ Chi, DTAP",Vũ Trụ Cò Bay,vpop-genz,https://music.youtube.com/watch?v=cRAEbWVnSC8,https://i.ytimg.com/vi/cRAEbWVnSC8/maxresdefault.jpg,Phương Mỹ Chi/Vũ Trụ Cò Bay/Bóng Phù Hoa.mp3
Rock Hạt Gạo,Phương Mỹ Chi,"Phương Mỹ Chi, DTAP",Vũ Trụ Cò Bay (Deluxe Version),vpop-genz,https://music.youtube.com/watch?v=bA3phAVWU7Y,https://i.ytimg.com/vi/bA3phAVWU7Y/maxresdefault.jpg,Phương Mỹ Chi/Vũ Trụ Cò Bay (Deluxe Version)/Rock Hạt Gạo.mp3
"Nhà Còn Thương Em Mà (Theme Song From ""Nhà Gia Tiên"")",Phương Mỹ Chi,Phương Mỹ Chi,"Nhà Còn Thương Em Mà (Theme Song From ""Nhà Gia Tiên"")",vpop-genz,https://music.youtube.com/watch?v=KxCUPz-UnI4,https://i.ytimg.com/vi/KxCUPz-UnI4/maxresdefault.jpg,Phương Mỹ Chi/Nhà Còn Thương Em Mà (Theme Song From Nhà Gia Tiên)/Nhà Còn Thương Em Mà (Theme Song From Nhà Gia Tiên).mp3
Thương Về Miền Trung,Phương Mỹ Chi,Phương Mỹ Chi,Thương Về Miền Trung,vpop-genz,https://music.youtube.com/watch?v=jiDsT-mBji8,https://i.ytimg.com/vi/jiDsT-mBji8/maxresdefault.jpg,Phương Mỹ Chi/Thương Về Miền Trung/Thương Về Miền Trung.mp3
Đẩy Xe Bò,Phương Mỹ Chi,"Phương Mỹ Chi, DTAP",Vũ Trụ Cò Bay,vpop-genz,https://music.youtube.com/watch?v=lsMAbIHCr7k,https://i.ytimg.com/vi/lsMAbIHCr7k/maxresdefault.jpg,Phương Mỹ Chi/Vũ Trụ Cò Bay/Đẩy Xe Bò.mp3
Vũ Trụ Có Anh (feat. Pháo),Phương Mỹ Chi,"Phương Mỹ Chi, DTAP, Pháo",Vũ Trụ Cò Bay,vpop-genz,https://music.youtube.com/watch?v=vbbE_cqwPLU,https://i.ytimg.com/vi/vbbE_cqwPLU/maxresdefault.jpg,Phương Mỹ Chi/Vũ Trụ Cò Bay/Vũ Trụ Có Anh (feat. Pháo).mp3
Tiếng Vạc Sành,Phương Mỹ Chi,"Phi Nhung, Phương Mỹ Chi",Hát Trên Quê Hương 3,vpop-genz,https://music.youtube.com/watch?v=-r_8CjdjcSM,https://i.ytimg.com/vi/-r_8CjdjcSM/maxresdefault.jpg,Phương Mỹ Chi/Hát Trên Quê Hương 3/Tiếng Vạc Sành.mp3
Gối Gấm,Phương Mỹ Chi,"Phương Mỹ Chi, DTAP",Vũ Trụ Cò Bay,vpop-genz,https://music.youtube.com/watch?v=b5kXIw9YwSw,https://i.ytimg.com/vi/b5kXIw9YwSw/maxresdefault.jpg,Phương Mỹ Chi/Vũ Trụ Cò Bay/Gối Gấm.mp3
Buôn Trăng,Phương Mỹ Chi,"Phương Mỹ Chi, DTAP",Vũ Trụ Cò Bay (Deluxe Version),vpop-genz,https://music.youtube.com/watch?v=oU584k8eQZk,https://i.ytimg.com/vi/oU584k8eQZk/maxresdefault.jpg,Phương Mỹ Chi/Vũ Trụ Cò Bay (Deluxe Version)/Buôn Trăng.mp3
Vũ Trụ Có Anh (Làn Sóng Xanh Version),Phương Mỹ Chi,"Phương Mỹ Chi, DTAP",Vũ Trụ Có Anh (Làn Sóng Xanh Version),vpop-genz,https://music.youtube.com/watch?v=yvnzN3NPhoc,https://i.ytimg.com/vi/yvnzN3NPhoc/maxresdefault.jpg,Phương Mỹ Chi/Vũ Trụ Có Anh (Làn Sóng Xanh Version)/Vũ Trụ Có Anh (Làn Sóng Xanh Version).mp3
Lượm,Phương Mỹ Chi,"Phương Mỹ Chi, DTAP",Vũ Trụ Cò Bay (Deluxe Version),vpop-genz,https://music.youtube.com/watch?v=72sQaRqnjbA,https://i.ytimg.com/vi/72sQaRqnjbA/maxresdefault.jpg,Phương Mỹ Chi/Vũ Trụ Cò Bay (Deluxe Version)/Lượm.mp3
VỢ CHỒNG MÌNH QUÊ,Phương Mỹ Chi,"Tiêu Minh Phụng, Phương Mỹ Chi",VỢ CHỒNG MÌNH QUÊ,vpop-genz,https://music.youtube.com/watch?v=zQkCBjJKUdg,https://i.ytimg.com/vi/zQkCBjJKUdg/maxresdefault.jpg,Phương Mỹ Chi/VỢ CHỒNG MÌNH QUÊ/VỢ CHỒNG MÌNH QUÊ.mp3
Mùa xuân trên Thành phố Hồ Chí Minh - Phương Mỹ Chi Version,Phương Mỹ Chi,Phương Mỹ Chi,Mùa xuân trên Thành phố Hồ Chí Minh - Phương Mỹ Chi Version,vpop-genz,https://music.youtube.com/watch?v=v-RJQ225IgE,https://i.ytimg.com/vi/v-RJQ225IgE/maxresdefault.jpg,Phương Mỹ Chi/Mùa xuân trên Thành phố Hồ Chí Minh - Phương Mỹ Chi Version/Mùa xuân trên Thành phố Hồ Chí Minh - Phương Mỹ Chi Version.mp3
Đất Phương Nam,Phương Mỹ Chi,Phương Mỹ Chi,Hát Trên Quê Hương 2,vpop-genz,https://music.youtube.com/watch?v=yk7criubAeg,https://i.ytimg.com/vi/yk7criubAeg/maxresdefault.jpg,Phương Mỹ Chi/Hát Trên Quê Hương 2/Đất Phương Nam.mp3
Điệu Đà,Phương Mỹ Chi,"Phương Mỹ Chi, DTAP",Điệu Đà,vpop-genz,https://music.youtube.com/watch?v=9e0w3SwCqs0,https://i.ytimg.com/vi/9e0w3SwCqs0/maxresdefault.jpg,Phương Mỹ Chi/Điệu Đà/Điệu Đà.mp3
Con Cò Và Mặt Trời,Phương Mỹ Chi,"Phương Mỹ Chi, DTAP",Vũ Trụ Cò Bay (Deluxe Version),vpop-genz,https://music.youtube.com/watch?v=45stgZ29kbU,https://i.ytimg.com/vi/45stgZ29kbU/maxresdefault.jpg,Phương Mỹ Chi/Vũ Trụ Cò Bay (Deluxe Version)/Con Cò Và Mặt Trời.mp3
Lý Cò Style (School Tour 2024 Version),Phương Mỹ Chi,"Phương Mỹ Chi, DTAP",Vũ Trụ Cò Bay,vpop-genz,https://music.youtube.com/watch?v=c9MDbat4R2k,https://i.ytimg.com/vi/c9MDbat4R2k/maxresdefault.jpg,Phương Mỹ Chi/Vũ Trụ Cò Bay/Lý Cò Style (School Tour 2024 Version).mp3
Chiếc Lược Ngà (feat. Kim Tử Long),Phương Mỹ Chi,"Phương Mỹ Chi, DTAP, Kim Tử Long",Vũ Trụ Cò Bay,vpop-genz,https://music.youtube.com/watch?v=YN2NTbKV9kw,https://i.ytimg.com/vi/YN2NTbKV9kw/maxresdefault.jpg,Phương Mỹ Chi/Vũ Trụ Cò Bay/Chiếc Lược Ngà (feat. Kim Tử Long).mp3
Người Con Gái Nằm Nghe Biển Hát,Phương Mỹ Chi,"Phương Mỹ Chi, DTAP",Vũ Trụ Cò Bay,vpop-genz,https://music.youtube.com/watch?v=L-q_FqEnP_k,https://i.ytimg.com/vi/L-q_FqEnP_k/maxresdefault.jpg,Phương Mỹ Chi/Vũ Trụ Cò Bay/Người Con Gái Nằm Nghe Biển Hát.mp3
Lý Bắc Bộ (School Tour 2024 Version),Phương Mỹ Chi,"Phương Mỹ Chi, DTAP",Vũ Trụ Cò Bay,vpop-genz,https://music.youtube.com/watch?v=5ZIlkij7T18,https://i.ytimg.com/vi/5ZIlkij7T18/maxresdefault.jpg,Phương Mỹ Chi/Vũ Trụ Cò Bay/Lý Bắc Bộ (School Tour 2024 Version).mp3
Bóng Phù Hoa (School Tour 2024 Version),Phương Mỹ Chi,"Phương Mỹ Chi, DTAP",Vũ Trụ Cò Bay,vpop-genz,https://music.youtube.com/watch?v=G8wefWQ_1yM,https://i.ytimg.com/vi/G8wefWQ_1yM/maxresdefault.jpg,Phương Mỹ Chi/Vũ Trụ Cò Bay/Bóng Phù Hoa (School Tour 2024 Version).mp3
Chiếc Thuyền Ngoài Sa (feat. Trung Quân),Phương Mỹ Chi,"Phương Mỹ Chi, DTAP, Trung Quân",Vũ Trụ Cò Bay,vpop-genz,https://music.youtube.com/watch?v=cqYnAJgVQSM,https://i.ytimg.com/vi/cqYnAJgVQSM/maxresdefault.jpg,Phương Mỹ Chi/Vũ Trụ Cò Bay/Chiếc Thuyền Ngoài Sa (feat. Trung Quân).mp3
Hoa trinh nữ,Phương Mỹ Chi,Phương Mỹ Chi,LiveShow Duyên phận,vpop-genz,https://music.youtube.com/watch?v=2dZYclgVnVA,https://i.ytimg.com/vi/2dZYclgVnVA/maxresdefault.jpg,Phương Mỹ Chi/LiveShow Duyên phận/Hoa trinh nữ.mp3
Tết Ngọt Sớt,Phương Mỹ Chi,"Phương Mỹ Chi, DTAP",Tết Ngọt Sớt,vpop-genz,https://music.youtube.com/watch?v=wdydWklux6Q,https://i.ytimg.com/vi/wdydWklux6Q/maxresdefault.jpg,Phương Mỹ Chi/Tết Ngọt Sớt/Tết Ngọt Sớt.mp3
Hai Đứa Trẻ (feat. Suboi),Phương Mỹ Chi,"Phương Mỹ Chi, DTAP, Suboi",Vũ Trụ Cò Bay,vpop-genz,https://music.youtube.com/watch?v=AN6wil98U6w,https://i.ytimg.com/vi/AN6wil98U6w/maxresdefault.jpg,Phương Mỹ Chi/Vũ Trụ Cò Bay/Hai Đứa Trẻ (feat. Suboi).mp3
Máu Đỏ Da Vàng (feat. Haley) (School Tour 2024 Version),Phương Mỹ Chi,"Phương Mỹ Chi, DTAP, Haley",Vũ Trụ Cò Bay,vpop-genz,https://music.youtube.com/watch?v=2-8dndSvLaw,https://i.ytimg.com/vi/2-8dndSvLaw/maxresdefault.jpg,Phương Mỹ Chi/Vũ Trụ Cò Bay/Máu Đỏ Da Vàng (feat. Haley) (School Tour 2024 Version).mp3
Diều Ngược Gió (The Future Is Now) (Performance),Phương Mỹ Chi,"Rhyder, 52Hz, Phương Mỹ Chi, Captain, DTAP, Làn Sóng Xanh",Diều Ngược Gió (The Future Is Now) (Performance),vpop-genz,https://music.youtube.com/watch?v=1kLe_xwaEog,https://i.ytimg.com/vi/1kLe_xwaEog/maxresdefault.jpg,Phương Mỹ Chi/Diều Ngược Gió (The Future Is Now) (Performance)/Diều Ngược Gió (The Future Is Now) (Performance).mp3
Mời Anh Về Thăm Quê Em,Phương Mỹ Chi,"Phuong My Chi, Thùy Linh",16 Xuân Trăng,vpop-genz,https://music.youtube.com/watch?v=-K7_5xTSgjg,https://i.ytimg.com/vi/-K7_5xTSgjg/maxresdefault.jpg,Phương Mỹ Chi/16 Xuân Trăng/Mời Anh Về Thăm Quê Em.mp3
Hai Đứa Trẻ (feat. Suboi) (School Tour 2024 Version),Phương Mỹ Chi,"Phương Mỹ Chi, DTAP, Suboi",Vũ Trụ Cò Bay,vpop-genz,https://music.youtube.com/watch?v=9tTA7gFavSY,https://i.ytimg.com/vi/9tTA7gFavSY/maxresdefault.jpg,Phương Mỹ Chi/Vũ Trụ Cò Bay/Hai Đứa Trẻ (feat. Suboi) (School Tour 2024 Version).mp3
Hẹn Em Kiếp Sau,Phương Mỹ Chi,Phương Mỹ Chi,Hẹn Em Kiếp Sau,vpop-genz,https://music.youtube.com/watch?v=bD3GwdTDGMY,https://i.ytimg.com/vi/bD3GwdTDGMY/maxresdefault.jpg,Phương Mỹ Chi/Hẹn Em Kiếp Sau/Hẹn Em Kiếp Sau.mp3
Mưa Trên Quê Hương,Phương Mỹ Chi,Phương Mỹ Chi,Hát Trên Quê Hương 4,vpop-genz,https://music.youtube.com/watch?v=45AhWK_Ubxk,https://i.ytimg.com/vi/45AhWK_Ubxk/maxresdefault.jpg,Phương Mỹ Chi/Hát Trên Quê Hương 4/Mưa Trên Quê Hương.mp3
Vũ Trụ Cò Bay,Phương Mỹ Chi,"Phương Mỹ Chi, DTAP",Vũ Trụ Cò Bay,vpop-genz,https://music.youtube.com/watch?v=OUSf0CGTaQE,https://i.ytimg.com/vi/OUSf0CGTaQE/maxresdefault.jpg,Phương Mỹ Chi/Vũ Trụ Cò Bay/Vũ Trụ Cò Bay.mp3
Hồn Quê,Phương Mỹ Chi,Phương Mỹ Chi,Hát Trên Quê Hương 3,vpop-genz,https://music.youtube.com/watch?v=tbEYn4W4kBo,https://i.ytimg.com/vi/tbEYn4W4kBo/maxresdefault.jpg,Phương Mỹ Chi/Hát Trên Quê Hương 3/Hồn Quê.mp3
Những Ngôi Sao Xa Xôi (School Tour 2024 Version),Phương Mỹ Chi,"Phương Mỹ Chi, DTAP",Vũ Trụ Cò Bay,vpop-genz,https://music.youtube.com/watch?v=Hh3bqvSvM04,https://i.ytimg.com/vi/Hh3bqvSvM04/maxresdefault.jpg,Phương Mỹ Chi/Vũ Trụ Cò Bay/Những Ngôi Sao Xa Xôi (School Tour 2024 Version).mp3
Quê Em Mùa Nước Lũ,Phương Mỹ Chi,Phương Mỹ Chi,Quê Em Mùa Nước Lũ,vpop-genz,https://music.youtube.com/watch?v=mUI-PUsJE-E,https://i.ytimg.com/vi/mUI-PUsJE-E/maxresdefault.jpg,Phương Mỹ Chi/Quê Em Mùa Nước Lũ/Quê Em Mùa Nước Lũ.mp3
Giấc Mơ Cánh Cò,Phương Mỹ Chi,Phương Mỹ Chi,Hát Trên Quê Hương 3,vpop-genz,https://music.youtube.com/watch?v=jC1Yjg29ahY,https://i.ytimg.com/vi/jC1Yjg29ahY/maxresdefault.jpg,Phương Mỹ Chi/Hát Trên Quê Hương 3/Giấc Mơ Cánh Cò.mp3
Liên Khúc Trẩy Hội Làng (School Tour 2024 Version),Phương Mỹ Chi,"Phương Mỹ Chi, DTAP",Vũ Trụ Cò Bay,vpop-genz,https://music.youtube.com/watch?v=URSbl58XN4w,https://i.ytimg.com/vi/URSbl58XN4w/maxresdefault.jpg,Phương Mỹ Chi/Vũ Trụ Cò Bay/Liên Khúc Trẩy Hội Làng (School Tour 2024 Version).mp3
Gái Nhà Nghèo,Phương Mỹ Chi,"Phuong My Chi, Vinh Sử",16 Xuân Trăng,vpop-genz,https://music.youtube.com/watch?v=_YE8n0AXdHM,https://i.ytimg.com/vi/_YE8n0AXdHM/maxresdefault.jpg,Phương Mỹ Chi/16 Xuân Trăng/Gái Nhà Nghèo.mp3
Dòng Đời,Phương Mỹ Chi,"Phuong My Chi, Nguyễn Thu",16 Xuân Trăng,vpop-genz,https://music.youtube.com/watch?v=2lotCcrbf58,https://i.ytimg.com/vi/2lotCcrbf58/maxresdefault.jpg,Phương Mỹ Chi/16 Xuân Trăng/Dòng Đời.mp3
Hành Trình Trên Đất Phù Sa,Phương Mỹ Chi,Phương Mỹ Chi,Quê Em Mùa Nước Lũ,vpop-genz,https://music.youtube.com/watch?v=LSwJ2jvYQUw,https://i.ytimg.com/vi/LSwJ2jvYQUw/maxresdefault.jpg,Phương Mỹ Chi/Quê Em Mùa Nước Lũ/Hành Trình Trên Đất Phù Sa.mp3
Đính Ước,Phương Mỹ Chi,"Trung Quang, Phương Mỹ Chi",Xuân Phát Tài 12,vpop-genz,https://music.youtube.com/watch?v=G4CT1aCaKhM,https://i.ytimg.com/vi/G4CT1aCaKhM/maxresdefault.jpg,Phương Mỹ Chi/Xuân Phát Tài 12/Đính Ước.mp3
Vũ Trụ Có Anh (School Tour 2024 Version),Phương Mỹ Chi,"Phương Mỹ Chi, DTAP",Vũ Trụ Cò Bay,vpop-genz,https://music.youtube.com/watch?v=XAFfGb8V4bs,https://i.ytimg.com/vi/XAFfGb8V4bs/maxresdefault.jpg,Phương Mỹ Chi/Vũ Trụ Cò Bay/Vũ Trụ Có Anh (School Tour 2024 Version).mp3
Hoa Dại,Phương Mỹ Chi,Phương Mỹ Chi,Hoa Dại,vpop-genz,https://music.youtube.com/watch?v=bmCMa-VjNMg,https://i.ytimg.com/vi/bmCMa-VjNMg/maxresdefault.jpg,Phương Mỹ Chi/Hoa Dại/Hoa Dại.mp3
Quê em mùa nước lũ,Phương Mỹ Chi,Phương Mỹ Chi,LiveShow Duyên phận,vpop-genz,https://music.youtube.com/watch?v=mu0wfDczm0o,https://i.ytimg.com/vi/mu0wfDczm0o/maxresdefault.jpg,Phương Mỹ Chi/LiveShow Duyên phận/Quê em mùa nước lũ.mp3
Gối Gấm (School Tour 2024 Version),Phương Mỹ Chi,"Phương Mỹ Chi, DTAP",Vũ Trụ Cò Bay,vpop-genz,https://music.youtube.com/watch?v=msmVnyIdfJM,https://i.ytimg.com/vi/msmVnyIdfJM/maxresdefault.jpg,Phương Mỹ Chi/Vũ Trụ Cò Bay/Gối Gấm (School Tour 2024 Version).mp3
Chopsticks,Phương Mỹ Chi,"Phương Mỹ Chi, DTAP, INUS",Chopsticks,vpop-genz,https://music.youtube.com/watch?v=Ot32YM753UE,https://i.ytimg.com/vi/Ot32YM753UE/maxresdefault.jpg,Phương Mỹ Chi/Chopsticks/Chopsticks.mp3
Hành Trình Trên Đất Phù Sa (School Tour 2024 Version),Phương Mỹ Chi,"Phương Mỹ Chi, DTAP",Vũ Trụ Cò Bay,vpop-genz,https://music.youtube.com/watch?v=OFUL0mY1oD8,https://i.ytimg.com/vi/OFUL0mY1oD8/maxresdefault.jpg,Phương Mỹ Chi/Vũ Trụ Cò Bay/Hành Trình Trên Đất Phù Sa (School Tour 2024 Version).mp3
2 Phút Hơn (KAIZ Remix),Pháo,Pháo,2 Phút Hơn,vpop-genz,https://music.youtube.com/watch?v=Ra5qZDJefJs,https://i.ytimg.com/vi/Ra5qZDJefJs/maxresdefault.jpg,Pháo/2 Phút Hơn/2 Phút Hơn (KAIZ Remix).mp3
Một Ngày Chẳng Nắng,Pháo,Pháo,Một Ngày Chẳng Nắng,vpop-genz,https://music.youtube.com/watch?v=bWu9O8jHEuE,https://i.ytimg.com/vi/bWu9O8jHEuE/maxresdefault.jpg,Pháo/Một Ngày Chẳng Nắng/Một Ngày Chẳng Nắng.mp3
NO CHASE,Pháo,Pháo,NO CHASE,vpop-genz,https://music.youtube.com/watch?v=nPSEuLG49qc,https://i.ytimg.com/vi/nPSEuLG49qc/maxresdefault.jpg,Pháo/NO CHASE/NO CHASE.mp3
ngu nger,Pháo,"OSAD, Pháo",ngu nger,vpop-genz,https://music.youtube.com/watch?v=Eixpvf4qctA,https://i.ytimg.com/vi/Eixpvf4qctA/maxresdefault.jpg,Pháo/ngu nger/ngu nger.mp3
TOIDO,Pháo,Pháo,TOIDO,vpop-genz,https://music.youtube.com/watch?v=50DOZUgsGRo,https://i.ytimg.com/vi/50DOZUgsGRo/maxresdefault.jpg,Pháo/TOIDO/TOIDO.mp3
NO CHASE KHÔNG TUNE,Pháo,Pháo,NO CHASE KHÔNG TUNE,vpop-genz,https://music.youtube.com/watch?v=JjfgX6L0by0,https://i.ytimg.com/vi/JjfgX6L0by0/maxresdefault.jpg,Pháo/NO CHASE KHÔNG TUNE/NO CHASE KHÔNG TUNE.mp3
2 Phút Hơn (Masew Remix),Pháo,"Pháo, Masew",Masew Remix,vpop-genz,https://music.youtube.com/watch?v=E5ycCxLXIlY,https://i.ytimg.com/vi/E5ycCxLXIlY/maxresdefault.jpg,Pháo/Masew Remix/2 Phút Hơn (Masew Remix).mp3
Điêu Toa,Pháo,"Masew, Pháo",Điêu Toa,vpop-genz,https://music.youtube.com/watch?v=BTpHbS1P_BI,https://i.ytimg.com/vi/BTpHbS1P_BI/maxresdefault.jpg,Pháo/Điêu Toa/Điêu Toa.mp3
EM CHỈ IM LẶNG,Pháo,"Osad, Pháo, Mai Quang Nam",EM CHỈ IM LẶNG,vpop-genz,https://music.youtube.com/watch?v=LIWaClLJOSQ,https://i.ytimg.com/vi/LIWaClLJOSQ/maxresdefault.jpg,Pháo/EM CHỈ IM LẶNG/EM CHỈ IM LẶNG.mp3
Nhả Vía,Pháo,"Kiều Anh, Pháo",Nhả Vía,vpop-genz,https://music.youtube.com/watch?v=pHseR3FWcGA,https://i.ytimg.com/vi/pHseR3FWcGA/maxresdefault.jpg,Pháo/Nhả Vía/Nhả Vía.mp3
Kìa Bóng Dáng Ai,Pháo,"Pháo, Sterry",Kìa Bóng Dáng Ai,vpop-genz,https://music.youtube.com/watch?v=kj74DM8EgRc,https://i.ytimg.com/vi/kj74DM8EgRc/maxresdefault.jpg,Pháo/Kìa Bóng Dáng Ai/Kìa Bóng Dáng Ai.mp3
Tình K,Pháo,Pháo， Mason Nguyễn,Là Em,vpop-genz,https://music.youtube.com/watch?v=hA1oeGybpsc,https://i.ytimg.com/vi/hA1oeGybpsc/maxresdefault.jpg,Pháo/Là Em/Tình K.mp3
2 Phút Hơn (Make It Hot) (KAIZ Remix),Pháo,"Pháo, Tyga",2 Phút Hơn (Make It Hot),vpop-genz,https://music.youtube.com/watch?v=-cbGww7sL_s,https://i.ytimg.com/vi/-cbGww7sL_s/maxresdefault.jpg,Pháo/2 Phút Hơn (Make It Hot)/2 Phút Hơn (Make It Hot) (KAIZ Remix).mp3
3T,Pháo,Pháo,3T,vpop-genz,https://music.youtube.com/watch?v=ACMqMcixeP4,https://i.ytimg.com/vi/ACMqMcixeP4/maxresdefault.jpg,Pháo/3T/3T.mp3
Nam Quốc Sơn Hà,Pháo,"DTAP, NSND BẠCH TUYẾT, PHÁO",Made In Vietnam,vpop-genz,https://music.youtube.com/watch?v=lbA4-Vp44VA,https://i.ytimg.com/vi/lbA4-Vp44VA/maxresdefault.jpg,Pháo/Made In Vietnam/Nam Quốc Sơn Hà.mp3
Hò Kéo Rank (Theme song sự kiện Liên Quân x Thỏ 7 Màu),Pháo,"Liên Quân Mobile, Pháo, Mason Nguyen, Garena Liên Quân Mobile, Nguyễn Diệu Huyền, Nguyễn Xuân Bách",Hò Kéo Rank (Theme song sự kiện Liên Quân x Thỏ 7 Màu),vpop-genz,https://music.youtube.com/watch?v=Xg3W3gaV25M,https://i.ytimg.com/vi/Xg3W3gaV25M/maxresdefault.jpg,Pháo/Hò Kéo Rank (Theme song sự kiện Liên Quân x Thỏ 7 Màu)/Hò Kéo Rank (Theme song sự kiện Liên Quân x Thỏ 7 Màu).mp3
Hai Phút Hơn,Pháo,Pháo,Hai Phút Hơn,vpop-genz,https://music.youtube.com/watch?v=LWfyUHJcECU,https://i.ytimg.com/vi/LWfyUHJcECU/maxresdefault.jpg,Pháo/Hai Phút Hơn/Hai Phút Hơn.mp3
CÁI ĐẸP,Pháo,"tlinh, Pháo, Pháp Kiều",WeChoice Awards 2024,vpop-genz,https://music.youtube.com/watch?v=9PIQz7ONi00,https://i.ytimg.com/vi/9PIQz7ONi00/maxresdefault.jpg,Pháo/WeChoice Awards 2024/CÁI ĐẸP.mp3
Một Ngày Chẳng Nắng (Cukak Remix),Pháo,"Pháo, Cukak",Một Ngày Chẳng Nắng (Cukak Remix),vpop-genz,https://music.youtube.com/watch?v=bXTtWzfmqOA,https://i.ytimg.com/vi/bXTtWzfmqOA/maxresdefault.jpg,Pháo/Một Ngày Chẳng Nắng (Cukak Remix)/Một Ngày Chẳng Nắng (Cukak Remix).mp3
Sập,Pháo,"Pháo, Tez, MEGAZETZ, HNGTOOM",Sập,vpop-genz,https://music.youtube.com/watch?v=1Lsfphxbixc,https://i.ytimg.com/vi/1Lsfphxbixc/maxresdefault.jpg,Pháo/Sập/Sập.mp3
Trúc Xinh (Original),Pháo,"Pháo, Tez",Trúc Xinh (Original),vpop-genz,https://music.youtube.com/watch?v=HTnuiUGRuTo,https://i.ytimg.com/vi/HTnuiUGRuTo/maxresdefault.jpg,Pháo/Trúc Xinh (Original)/Trúc Xinh (Original).mp3
Một Ngày Chẳng Nắng (Remix),Pháo,Pháo,Một Ngày Chẳng Nắng (Remix),vpop-genz,https://music.youtube.com/watch?v=i9oqNyHPGWU,https://i.ytimg.com/vi/i9oqNyHPGWU/maxresdefault.jpg,Pháo/Một Ngày Chẳng Nắng (Remix)/Một Ngày Chẳng Nắng (Remix).mp3
Nói Dối,Pháo,"Pháo, HIEUTHUHAI",Nói Dối,vpop-genz,https://music.youtube.com/watch?v=PWHC4zhcfAA,https://i.ytimg.com/vi/PWHC4zhcfAA/maxresdefault.jpg,Pháo/Nói Dối/Nói Dối.mp3
Cho Anh,Pháo,Pháo， Trung Trần,Là Em,vpop-genz,https://music.youtube.com/watch?v=VLSA81EuXNE,https://i.ytimg.com/vi/VLSA81EuXNE/maxresdefault.jpg,Pháo/Là Em/Cho Anh.mp3
Nói Dối (Remix),Pháo,"Pháo, HIEUTHUHAI, CM1X",Nói Dối (Remix),vpop-genz,https://music.youtube.com/watch?v=u0Xi2L9k2dk,https://i.ytimg.com/vi/u0Xi2L9k2dk/maxresdefault.jpg,Pháo/Nói Dối (Remix)/Nói Dối (Remix).mp3
Hồng Hồng,Pháo,"Pháo, Tez",Hồng Hồng,vpop-genz,https://music.youtube.com/watch?v=D8VhVs6Vrdg,https://i.ytimg.com/vi/D8VhVs6Vrdg/maxresdefault.jpg,Pháo/Hồng Hồng/Hồng Hồng.mp3
Just You,Pháo,Pháo,Là Em,vpop-genz,https://music.youtube.com/watch?v=VkUE86N9yf8,https://i.ytimg.com/vi/VkUE86N9yf8/maxresdefault.jpg,Pháo/Là Em/Just You.mp3
Tối Đó Chẳng Có Đối,Pháo,Pháo,Là Em,vpop-genz,https://music.youtube.com/watch?v=RMEUVMffEoU,https://i.ytimg.com/vi/RMEUVMffEoU/maxresdefault.jpg,Pháo/Là Em/Tối Đó Chẳng Có Đối.mp3
2 Phút Hơn (Remake),Pháo,"Pháo, Wack, Diệu Huyền, Duy Anh, Diệu Huyền, Duy Anh, Mouse T",2 Phút Hơn,vpop-genz,https://music.youtube.com/watch?v=CfWWAqqIbDU,https://i.ytimg.com/vi/CfWWAqqIbDU/maxresdefault.jpg,Pháo/2 Phút Hơn/2 Phút Hơn (Remake).mp3
Điêu Toa (Cukak Remix),Pháo,"Masew, Pháo",Điêu Toa,vpop-genz,https://music.youtube.com/watch?v=jjHqlepeMFY,https://i.ytimg.com/vi/jjHqlepeMFY/maxresdefault.jpg,Pháo/Điêu Toa/Điêu Toa (Cukak Remix).mp3
Hai Phút Hơn,Pháo,"Pháo, Wack, DANG QUANG HOA, Hawys",Hai Phút Hơn,vpop-genz,https://music.youtube.com/watch?v=yJQEXQPhKeY,https://i.ytimg.com/vi/yJQEXQPhKeY/maxresdefault.jpg,Pháo/Hai Phút Hơn/Hai Phút Hơn.mp3
Nai Vàng,Pháo,Pháo,Nai Vàng,vpop-genz,https://music.youtube.com/watch?v=v8_dGSdf7iA,https://i.ytimg.com/vi/v8_dGSdf7iA/maxresdefault.jpg,Pháo/Nai Vàng/Nai Vàng.mp3
Kìa Bóng Dáng Ai (Cukak Remix),Pháo,"Pháo, Sterry, Cukak",Kìa Bóng Dáng Ai,vpop-genz,https://music.youtube.com/watch?v=vIRDQoE2uFc,https://i.ytimg.com/vi/vIRDQoE2uFc/maxresdefault.jpg,Pháo/Kìa Bóng Dáng Ai/Kìa Bóng Dáng Ai (Cukak Remix).mp3
Lạy Ông Lạy Bà,Pháo,"Pháo, CM1X",Lạy Ông Lạy Bà,vpop-genz,https://music.youtube.com/watch?v=Z5fxc3WTh_U,https://i.ytimg.com/vi/Z5fxc3WTh_U/maxresdefault.jpg,Pháo/Lạy Ông Lạy Bà/Lạy Ông Lạy Bà.mp3
Vietnamese Girl (live from GENfest 23),Pháo,Pháo,Pháo (live from GENfest),vpop-genz,https://music.youtube.com/watch?v=NpM0Rkcusmo,https://i.ytimg.com/vi/NpM0Rkcusmo/maxresdefault.jpg,Pháo/Pháo (live from GENfest)/Vietnamese Girl (live from GENfest 23).mp3
Cá Tính,Pháo,"Pháo, Liu Grace, Wren Evans",Cá Tính,vpop-genz,https://music.youtube.com/watch?v=lxbJr3ozaQs,https://i.ytimg.com/vi/lxbJr3ozaQs/maxresdefault.jpg,Pháo/Cá Tính/Cá Tính.mp3
Chất Cypher (Prod.Chap),Pháo,"Pháo, Tez, gung0cay",Chất Cypher (Prod.Chap),vpop-genz,https://music.youtube.com/watch?v=p-bnfghqAqk,https://i.ytimg.com/vi/p-bnfghqAqk/maxresdefault.jpg,Pháo/Chất Cypher (Prod.Chap)/Chất Cypher (Prod.Chap).mp3
2 Phút Hơn (KAIZ Remix),Pháo,"Pháo, Ty.",2 Phút Hơn,vpop-genz,https://music.youtube.com/watch?v=LAuGa92qq-k,https://i.ytimg.com/vi/LAuGa92qq-k/maxresdefault.jpg,Pháo/2 Phút Hơn/2 Phút Hơn (KAIZ Remix).mp3
Nói Dối (Remix),Pháo,"Pháo, HIEUTHUHAI, KAIZ",Nói Dối (Remix),vpop-genz,https://music.youtube.com/watch?v=xn2KXW7MVx0,https://i.ytimg.com/vi/xn2KXW7MVx0/maxresdefault.jpg,Pháo/Nói Dối (Remix)/Nói Dối (Remix).mp3
Điêu Toa (Masew Remix),Pháo,"Pháo, Masew",Điêu Toa,vpop-genz,https://music.youtube.com/watch?v=CvGLXSEeEgw,https://i.ytimg.com/vi/CvGLXSEeEgw/maxresdefault.jpg,Pháo/Điêu Toa/Điêu Toa (Masew Remix).mp3
Kìa Bóng Dáng Ai (Lofi),Pháo,Pháo,Kìa Bóng Dáng Ai,vpop-genz,https://music.youtube.com/watch?v=0Ctu5FxVArQ,https://i.ytimg.com/vi/0Ctu5FxVArQ/maxresdefault.jpg,Pháo/Kìa Bóng Dáng Ai/Kìa Bóng Dáng Ai (Lofi).mp3
2 Phút Hơn (KAIZ Remix) (Squid Kids Remix),Pháo,Pháo,2 Phút Hơn (KAIZ Remix) (Squid Kids Remix),vpop-genz,https://music.youtube.com/watch?v=UdF-6mWuPEw,https://i.ytimg.com/vi/UdF-6mWuPEw/maxresdefault.jpg,Pháo/2 Phút Hơn (KAIZ Remix) (Squid Kids Remix)/2 Phút Hơn (KAIZ Remix) (Squid Kids Remix).mp3
2 Phút Hơn,Pháo,"Danyon, Pháo",2 Phút Hơn,vpop-genz,https://music.youtube.com/watch?v=1aJNXO5Pi9M,https://i.ytimg.com/vi/1aJNXO5Pi9M/maxresdefault.jpg,Pháo/2 Phút Hơn/2 Phút Hơn.mp3
Điêu Toa (Instrumental),Pháo,"Masew, Pháo",Điêu Toa,vpop-genz,https://music.youtube.com/watch?v=Pv2tVStmYss,https://i.ytimg.com/vi/Pv2tVStmYss/maxresdefault.jpg,Pháo/Điêu Toa/Điêu Toa (Instrumental).mp3
Sợ Quá Cơ (live from GENfest 23),Pháo,Pháo,Pháo (live from GENfest),vpop-genz,https://music.youtube.com/watch?v=z6OsoynH6ws,https://i.ytimg.com/vi/z6OsoynH6ws/maxresdefault.jpg,Pháo/Pháo (live from GENfest)/Sợ Quá Cơ (live from GENfest 23).mp3
Để Em Sống (feat. CM1X),Pháo,"Pháo, CM1X",Để Em Sống,vpop-genz,https://music.youtube.com/watch?v=TPIAhTDL0Xo,https://i.ytimg.com/vi/TPIAhTDL0Xo/maxresdefault.jpg,Pháo/Để Em Sống/Để Em Sống (feat. CM1X).mp3
Ganh (live from GENfest 23),Pháo,Pháo,Pháo (live from GENfest),vpop-genz,https://music.youtube.com/watch?v=DCNNQWDQ4Xs,https://i.ytimg.com/vi/DCNNQWDQ4Xs/maxresdefault.jpg,Pháo/Pháo (live from GENfest)/Ganh (live from GENfest 23).mp3
Nói Dối (Remix),Pháo,"Pháo, HIEUTHUHAI, Feliks Alvin, MEGAZETZ",Nói Dối (Remix),vpop-genz,https://music.youtube.com/watch?v=OtoD6qrfa7w,https://i.ytimg.com/vi/OtoD6qrfa7w/maxresdefault.jpg,Pháo/Nói Dối (Remix)/Nói Dối (Remix).mp3
Anh Phải Đi Tìm (feat. Machiot),Pháo,"Pháo, Machiot",Anh Phải Đi Tìm (feat. Machiot),vpop-genz,https://music.youtube.com/watch?v=BkkJdVj7TxM,https://i.ytimg.com/vi/BkkJdVj7TxM/maxresdefault.jpg,Pháo/Anh Phải Đi Tìm (feat. Machiot)/Anh Phải Đi Tìm (feat. Machiot).mp3
chẳng phải tình đầu sao đau đến thế,Min,"MIN, Dangrangto, antransax",Dear Min,vpop-genz,https://music.youtube.com/watch?v=nGa6UaPxQ_w,https://i.ytimg.com/vi/nGa6UaPxQ_w/maxresdefault.jpg,Min/Dear Min/chẳng phải tình đầu sao đau đến thế.mp3
Có Em Chờ,Min,MIN,Có Em Chờ,vpop-genz,https://music.youtube.com/watch?v=87XeG7Dxxto,https://i.ytimg.com/vi/87XeG7Dxxto/maxresdefault.jpg,Min/Có Em Chờ/Có Em Chờ.mp3
Em Mới Là Người Yêu Anh,Min,MIN,Em Mới Là Người Yêu Anh,vpop-genz,https://music.youtube.com/watch?v=QmjSdssN9EA,https://i.ytimg.com/vi/QmjSdssN9EA/maxresdefault.jpg,Min/Em Mới Là Người Yêu Anh/Em Mới Là Người Yêu Anh.mp3
để tôi ôm em bằng giai điệu này,Min,"Kai Đinh, MIN, GREY D",winter warmer,vpop-genz,https://music.youtube.com/watch?v=VrApW31MivQ,https://i.ytimg.com/vi/VrApW31MivQ/maxresdefault.jpg,Min/winter warmer/để tôi ôm em bằng giai điệu này.mp3
Trên Tình Bạn Dưới Tình Yêu,Min,MIN,Trên Tình Bạn Dưới Tình Yêu,vpop-genz,https://music.youtube.com/watch?v=NsOrizfFboE,https://i.ytimg.com/vi/NsOrizfFboE/maxresdefault.jpg,Min/Trên Tình Bạn Dưới Tình Yêu/Trên Tình Bạn Dưới Tình Yêu.mp3
"Đừng Yêu Nữa, Em Mệt Rồi",Min,MIN,"Đừng Yêu Nữa, Em Mệt Rồi",vpop-genz,https://music.youtube.com/watch?v=B4UWnSsFXf4,https://i.ytimg.com/vi/B4UWnSsFXf4/maxresdefault.jpg,"Min/Đừng Yêu Nữa, Em Mệt Rồi/Đừng Yêu Nữa, Em Mệt Rồi.mp3"
Có Em Là Nhà,Min,MIN,Dear Min,vpop-genz,https://music.youtube.com/watch?v=22opdLbDgM8,https://i.ytimg.com/vi/22opdLbDgM8/maxresdefault.jpg,Min/Dear Min/Có Em Là Nhà.mp3
Vì Yêu Cứ Đâm Đầu,Min,MIN,Vì Yêu Cứ Đâm Đầu,vpop-genz,https://music.youtube.com/watch?v=MDS9Cp5kmxQ,https://i.ytimg.com/vi/MDS9Cp5kmxQ/maxresdefault.jpg,Min/Vì Yêu Cứ Đâm Đầu/Vì Yêu Cứ Đâm Đầu.mp3
Cà Phê,Min,MIN,50/50,vpop-genz,https://music.youtube.com/watch?v=qz6YAZG1YPU,https://i.ytimg.com/vi/qz6YAZG1YPU/maxresdefault.jpg,Min/50_50/Cà Phê.mp3
Bài Này Chill Phết,Min,"Đen, MIN",Bài Này Chill Phết,vpop-genz,https://music.youtube.com/watch?v=eJZ65JSoM6I,https://i.ytimg.com/vi/eJZ65JSoM6I/maxresdefault.jpg,Min/Bài Này Chill Phết/Bài Này Chill Phết.mp3
Quá Muộn,Min,MIN,Dear Min,vpop-genz,https://music.youtube.com/watch?v=aqDzTImo1hE,https://i.ytimg.com/vi/aqDzTImo1hE/maxresdefault.jpg,Min/Dear Min/Quá Muộn.mp3
Chế Độ Im Lặng,Min,MIN,Dear Min,vpop-genz,https://music.youtube.com/watch?v=ckchSYGJpN8,https://i.ytimg.com/vi/ckchSYGJpN8/maxresdefault.jpg,Min/Dear Min/Chế Độ Im Lặng.mp3
Ghen,Min,"MIN, Erik, Khắc Hưng",Ghen,vpop-genz,https://music.youtube.com/watch?v=oCuFT_OF2SI,https://i.ytimg.com/vi/oCuFT_OF2SI/maxresdefault.jpg,Min/Ghen/Ghen.mp3
phải viết bao nhiêu bản tình ca,Min,MIN,Dear Min,vpop-genz,https://music.youtube.com/watch?v=oafsYTfqvbg,https://i.ytimg.com/vi/oafsYTfqvbg/maxresdefault.jpg,Min/Dear Min/phải viết bao nhiêu bản tình ca.mp3
Ghen Co Vy (Vietnamese Version),Min,"Min, Erik, Khắc Hưng",Ghen Co Vy,vpop-genz,https://music.youtube.com/watch?v=lgaNSqJMFts,https://i.ytimg.com/vi/lgaNSqJMFts/maxresdefault.jpg,Min/Ghen Co Vy/Ghen Co Vy (Vietnamese Version).mp3
Chưa Bao Giờ Mẹ Kể (Ngày Thứ 8 Của Mẹ),Min,"MIN, Erik",Chưa Bao Giờ Mẹ Kể,vpop-genz,https://music.youtube.com/watch?v=pYSNzzTZwGI,https://i.ytimg.com/vi/pYSNzzTZwGI/maxresdefault.jpg,Min/Chưa Bao Giờ Mẹ Kể/Chưa Bao Giờ Mẹ Kể (Ngày Thứ 8 Của Mẹ).mp3
Gọi Tên Em,Min,MIN,Gọi Tên Em,vpop-genz,https://music.youtube.com/watch?v=53TmY8wMZFQ,https://i.ytimg.com/vi/53TmY8wMZFQ/maxresdefault.jpg,Min/Gọi Tên Em/Gọi Tên Em.mp3
"(từng là) Boyfriend, Girlfriend",Min,MIN,"(từng là) Boyfriend, Girlfriend",vpop-genz,https://music.youtube.com/watch?v=e2tTBZjci88,https://i.ytimg.com/vi/e2tTBZjci88/maxresdefault.jpg,"Min/(từng là) Boyfriend, Girlfriend/(từng là) Boyfriend, Girlfriend.mp3"
điều vô tri nhất,Min,"Kai Đinh, MIN, Hoàng Dũng",điều vô tri nhất,vpop-genz,https://music.youtube.com/watch?v=mzXbxwAC1w4,https://i.ytimg.com/vi/mzXbxwAC1w4/maxresdefault.jpg,Min/điều vô tri nhất/điều vô tri nhất.mp3
Tìm (Lost),Min,MIN,Tìm,vpop-genz,https://music.youtube.com/watch?v=miYyCWIJrgo,https://i.ytimg.com/vi/miYyCWIJrgo/maxresdefault.jpg,Min/Tìm/Tìm (Lost).mp3
Hoa Ban Nhỏ Bé,Min,"Min, Bùi Công Nam, VƯƠNG BÌNH, Kai Đinh",WeChoice Awards 2025,vpop-genz,https://music.youtube.com/watch?v=Ql1VAQTYXZ4,https://i.ytimg.com/vi/Ql1VAQTYXZ4/maxresdefault.jpg,Min/WeChoice Awards 2025/Hoa Ban Nhỏ Bé.mp3
YÊU,Min,MIN,YÊU,vpop-genz,https://music.youtube.com/watch?v=Ntd0V3y54QQ,https://i.ytimg.com/vi/Ntd0V3y54QQ/maxresdefault.jpg,Min/YÊU/YÊU.mp3
LOSER,Min,"MIN, Chillies",Dear Min,vpop-genz,https://music.youtube.com/watch?v=83Veqvm8J5o,https://i.ytimg.com/vi/83Veqvm8J5o/maxresdefault.jpg,Min/Dear Min/LOSER.mp3
Em Mới Là Người Yêu Anh (Acoustic Version),Min,MIN,Em Mới Là Người Yêu Anh,vpop-genz,https://music.youtube.com/watch?v=g6XIszlXLac,https://i.ytimg.com/vi/g6XIszlXLac/maxresdefault.jpg,Min/Em Mới Là Người Yêu Anh/Em Mới Là Người Yêu Anh (Acoustic Version).mp3
Đừng Xin Lỗi Nữa,Min,"ERIK, MIN",Đừng Xin Lỗi Nữa,vpop-genz,https://music.youtube.com/watch?v=xOVzl46VDkU,https://i.ytimg.com/vi/xOVzl46VDkU/maxresdefault.jpg,Min/Đừng Xin Lỗi Nữa/Đừng Xin Lỗi Nữa.mp3
Hôn Anh,Min,MIN,Hôn Anh,vpop-genz,https://music.youtube.com/watch?v=EuXw9rya-oY,https://i.ytimg.com/vi/EuXw9rya-oY/maxresdefault.jpg,Min/Hôn Anh/Hôn Anh.mp3
Hòa Nhịp Giáng Sinh,Min,MIN,Hòa Nhịp Giáng Sinh,vpop-genz,https://music.youtube.com/watch?v=s2eFSQUJ1-M,https://i.ytimg.com/vi/s2eFSQUJ1-M/maxresdefault.jpg,Min/Hòa Nhịp Giáng Sinh/Hòa Nhịp Giáng Sinh.mp3
Luôn Bên Anh,Min,MIN,Luôn Bên Anh,vpop-genz,https://music.youtube.com/watch?v=5q3znpaek-g,https://i.ytimg.com/vi/5q3znpaek-g/maxresdefault.jpg,Min/Luôn Bên Anh/Luôn Bên Anh.mp3
Điều Em Khó Nói,Min,MIN,Dear Min,vpop-genz,https://music.youtube.com/watch?v=uU8F3Kj9SCg,https://i.ytimg.com/vi/uU8F3Kj9SCg/maxresdefault.jpg,Min/Dear Min/Điều Em Khó Nói.mp3
"Chuyện Nhà Bé Thôi, Con Đừng Về",Min,"Kai Đinh, MIN","Chuyện Nhà Bé Thôi, Con Đừng Về",vpop-genz,https://music.youtube.com/watch?v=fTYs3Umf_bM,https://i.ytimg.com/vi/fTYs3Umf_bM/maxresdefault.jpg,"Min/Chuyện Nhà Bé Thôi, Con Đừng Về/Chuyện Nhà Bé Thôi, Con Đừng Về.mp3"
Mlem Mlem,Min,"MIN, Justatee, Yuno Bigboi",Mlem Mlem,vpop-genz,https://music.youtube.com/watch?v=iy7kpeE1CyA,https://i.ytimg.com/vi/iy7kpeE1CyA/maxresdefault.jpg,Min/Mlem Mlem/Mlem Mlem.mp3
Có Em Chờ (Orchestra Version),Min,MIN,Có Em Chờ,vpop-genz,https://music.youtube.com/watch?v=3dz7iCFpG5w,https://i.ytimg.com/vi/3dz7iCFpG5w/maxresdefault.jpg,Min/Có Em Chờ/Có Em Chờ (Orchestra Version).mp3
Người Em Tìm Kiếm,Min,MIN,Người Em Tìm Kiếm,vpop-genz,https://music.youtube.com/watch?v=ZS6ZAlxVRYk,https://i.ytimg.com/vi/ZS6ZAlxVRYk/maxresdefault.jpg,Min/Người Em Tìm Kiếm/Người Em Tìm Kiếm.mp3
Min | I Heart You,Min,Min,Yêu,vpop-genz,https://music.youtube.com/watch?v=wAEGQcnlmYc,https://i.ytimg.com/vi/wAEGQcnlmYc/maxresdefault.jpg,Min/Yêu/Min _ I Heart You.mp3
Hít Vào Thở Ra,Min,"MIN, HIEUTHUHAI",Hít Vào Thở Ra,vpop-genz,https://music.youtube.com/watch?v=YSC8a925RKQ,https://i.ytimg.com/vi/YSC8a925RKQ/maxresdefault.jpg,Min/Hít Vào Thở Ra/Hít Vào Thở Ra.mp3
Cà Phê (Sped Up Version),Min,MIN,Cà Phê,vpop-genz,https://music.youtube.com/watch?v=Hw4l_W8ZqOQ,https://i.ytimg.com/vi/Hw4l_W8ZqOQ/maxresdefault.jpg,Min/Cà Phê/Cà Phê (Sped Up Version).mp3
Min | One Day,Min,Min,Yêu,vpop-genz,https://music.youtube.com/watch?v=LgkIYWY9IrI,https://i.ytimg.com/vi/LgkIYWY9IrI/maxresdefault.jpg,Min/Yêu/Min _ One Day.mp3
fragile (intro),Min,MIN,Dear Min,vpop-genz,https://music.youtube.com/watch?v=Yt7AE35BzhQ,https://i.ytimg.com/vi/Yt7AE35BzhQ/maxresdefault.jpg,Min/Dear Min/fragile (intro).mp3
ILYSMBIHTLYG (interlude),Min,MIN,Dear Min,vpop-genz,https://music.youtube.com/watch?v=4CJsAgNYlXM,https://i.ytimg.com/vi/4CJsAgNYlXM/maxresdefault.jpg,Min/Dear Min/ILYSMBIHTLYG (interlude).mp3
Get Out!,Min,MIN,Stuck,vpop-genz,https://music.youtube.com/watch?v=SeNZPalQ4x8,https://i.ytimg.com/vi/SeNZPalQ4x8/maxresdefault.jpg,Min/Stuck/Get Out!.mp3
Phải Lòng Anh (Dream Ver.),Min,MIN,50/50,vpop-genz,https://music.youtube.com/watch?v=LsfjLblKFY0,https://i.ytimg.com/vi/LsfjLblKFY0/maxresdefault.jpg,Min/50_50/Phải Lòng Anh (Dream Ver.).mp3
Phải Lòng Anh,Min,MIN,50/50,vpop-genz,https://music.youtube.com/watch?v=nW5gTDc7Dto,https://i.ytimg.com/vi/nW5gTDc7Dto/maxresdefault.jpg,Min/50_50/Phải Lòng Anh.mp3
Jenny,Min,"Min, Mal, Mateo, Spirit",Minimal & Min Techno,vpop-genz,https://music.youtube.com/watch?v=-mhD8dTNiWs,https://i.ytimg.com/vi/-mhD8dTNiWs/maxresdefault.jpg,Min/Minimal & Min Techno/Jenny.mp3
điều vô tri nhất (xmas version),Min,"Kai Đinh, MIN, Hoàng Dũng",mùa ôm ôm,vpop-genz,https://music.youtube.com/watch?v=-QkHVPLuV6Y,https://i.ytimg.com/vi/-QkHVPLuV6Y/maxresdefault.jpg,Min/mùa ôm ôm/điều vô tri nhất (xmas version).mp3
Em Mới Là Người Yêu Anh (English Version),Min,MIN,Em Mới Là Người Yêu Anh,vpop-genz,https://music.youtube.com/watch?v=sWYzfik4YCk,https://i.ytimg.com/vi/sWYzfik4YCk/maxresdefault.jpg,Min/Em Mới Là Người Yêu Anh/Em Mới Là Người Yêu Anh (English Version).mp3
Shine Your Light,Min,MIN,Shine Your Light,vpop-genz,https://music.youtube.com/watch?v=QqAv_Tg2-do,https://i.ytimg.com/vi/QqAv_Tg2-do/maxresdefault.jpg,Min/Shine Your Light/Shine Your Light.mp3
Ngắm Sao (Dear Miniacs),Min,MIN,50/50,vpop-genz,https://music.youtube.com/watch?v=bT0j-OJ0WuE,https://i.ytimg.com/vi/bT0j-OJ0WuE/maxresdefault.jpg,Min/50_50/Ngắm Sao (Dear Miniacs).mp3
Tìm (Lost) (Acoustic Version),Min,MIN,Tìm,vpop-genz,https://music.youtube.com/watch?v=Zwbzv2wKDT0,https://i.ytimg.com/vi/Zwbzv2wKDT0/maxresdefault.jpg,Min/Tìm/Tìm (Lost) (Acoustic Version).mp3
Anh Qua Đây Đi,Min,MIN,50/50,vpop-genz,https://music.youtube.com/watch?v=Ro6L28szwWY,https://i.ytimg.com/vi/Ro6L28szwWY/maxresdefault.jpg,Min/50_50/Anh Qua Đây Đi.mp3
not a good time for love,Min,MIN,not a good time for love,vpop-genz,https://music.youtube.com/watch?v=a49w8FbfIOc,https://i.ytimg.com/vi/a49w8FbfIOc/maxresdefault.jpg,Min/not a good time for love/not a good time for love.mp3
dự báo thời tiết hôm nay mưa,GREY D,"GREY D, Đoàn Thế Lân, Đoàn Thế Lân, GREY D, TDK, Aiden Nguyen",dự báo thời tiết hôm nay mưa - Maxi Single,vpop-genz,https://music.youtube.com/watch?v=i7ZyZHIY2Jw,https://i.ytimg.com/vi/i7ZyZHIY2Jw/maxresdefault.jpg,GREY D/dự báo thời tiết hôm nay mưa - Maxi Single/dự báo thời tiết hôm nay mưa.mp3
có hẹn với thanh xuân,GREY D,"MONSTAR, GREY D, VƯƠNG BÌNH",có hẹn với thanh xuân,vpop-genz,https://music.youtube.com/watch?v=HXzRlUL1cF0,https://i.ytimg.com/vi/HXzRlUL1cF0/maxresdefault.jpg,GREY D/có hẹn với thanh xuân/có hẹn với thanh xuân.mp3
hoá ra…,GREY D,GREY D,hoá ra…,vpop-genz,https://music.youtube.com/watch?v=5ibi4qoT_vc,https://i.ytimg.com/vi/5ibi4qoT_vc/maxresdefault.jpg,GREY D/hoá ra…/hoá ra….mp3
vaicaunoicokhiennguoithaydoi,GREY D,"GREY D, tlinh, Đoàn Thế Lân, Nguyễn Thảo Linh, Đoàn Thế Lân, Nguyễn Thảo Linh, Aiden Nguyen",vaicaunoicokhiennguoithaydoi,vpop-genz,https://music.youtube.com/watch?v=CBtQ1QJbQYE,https://i.ytimg.com/vi/CBtQ1QJbQYE/maxresdefault.jpg,GREY D/vaicaunoicokhiennguoithaydoi/vaicaunoicokhiennguoithaydoi.mp3
đôi mắt kẻ tình si,GREY D,"GREY D, MIN",ÁNH SÁNG • MÀN ĐÊM (side A),vpop-genz,https://music.youtube.com/watch?v=vSGoKUDRuYg,https://i.ytimg.com/vi/vSGoKUDRuYg/maxresdefault.jpg,GREY D/ÁNH SÁNG • MÀN ĐÊM (side A)/đôi mắt kẻ tình si.mp3
mới hôm qua,GREY D,GREY D,ÁNH SÁNG • MÀN ĐÊM (side A),vpop-genz,https://music.youtube.com/watch?v=BCILFNL0mDw,https://i.ytimg.com/vi/BCILFNL0mDw/maxresdefault.jpg,GREY D/ÁNH SÁNG • MÀN ĐÊM (side A)/mới hôm qua.mp3
để tôi ôm em bằng giai điệu này,GREY D,"Kai Đinh, MIN, GREY D",winter warmer,vpop-genz,https://music.youtube.com/watch?v=VrApW31MivQ,https://i.ytimg.com/vi/VrApW31MivQ/maxresdefault.jpg,GREY D/winter warmer/để tôi ôm em bằng giai điệu này.mp3
đưa em về nhàa,GREY D,"GREY D, Chillies",đưa em về nhàa,vpop-genz,https://music.youtube.com/watch?v=kAijE5mPGgU,https://i.ytimg.com/vi/kAijE5mPGgU/maxresdefault.jpg,GREY D/đưa em về nhàa/đưa em về nhàa.mp3
Mưa Tháng Sáu,GREY D,"Văn Mai Hương, GREY D, Trung Quân",Mưa Tháng Sáu,vpop-genz,https://music.youtube.com/watch?v=_DcBGBaNvwY,https://i.ytimg.com/vi/_DcBGBaNvwY/maxresdefault.jpg,GREY D/Mưa Tháng Sáu/Mưa Tháng Sáu.mp3
tình yêu chậm trễ,GREY D,"MONSTAR, GREY D, NICKY, VƯƠNG BÌNH",Over The Moon,vpop-genz,https://music.youtube.com/watch?v=QXWAReyqf98,https://i.ytimg.com/vi/QXWAReyqf98/maxresdefault.jpg,GREY D/Over The Moon/tình yêu chậm trễ.mp3
yêu em như…,GREY D,GREY D,ÁNH SÁNG • MÀN ĐÊM (side A),vpop-genz,https://music.youtube.com/watch?v=YC0jJHjLp0A,https://i.ytimg.com/vi/YC0jJHjLp0A/maxresdefault.jpg,GREY D/ÁNH SÁNG • MÀN ĐÊM (side A)/yêu em như….mp3
Việt Nam Tinh Hoa,GREY D,Nguyễn Hải Phong,Việt Nam Tinh Hoa,vpop-genz,https://music.youtube.com/watch?v=4Ft-uSD3XbM,https://i.ytimg.com/vi/4Ft-uSD3XbM/maxresdefault.jpg,GREY D/Việt Nam Tinh Hoa/Việt Nam Tinh Hoa.mp3
Trái đất ôm Mặt trời,GREY D,"Kai Đinh, GREY D, Hoàng Thuỳ Linh",Trái đất ôm Mặt trời,vpop-genz,https://music.youtube.com/watch?v=hz72vrn2uPE,https://i.ytimg.com/vi/hz72vrn2uPE/maxresdefault.jpg,GREY D/Trái đất ôm Mặt trời/Trái đất ôm Mặt trời.mp3
Lời Tạm Biệt Chưa Nói,GREY D,"Grey D, Kai Đinh, Orange",Hương Mùa Hè,vpop-genz,https://music.youtube.com/watch?v=rTBisJn155Q,https://i.ytimg.com/vi/rTBisJn155Q/maxresdefault.jpg,GREY D/Hương Mùa Hè/Lời Tạm Biệt Chưa Nói.mp3
VAICAUNOICOKHIENNGUOITHAYDOI,GREY D,"Grey D, Đoàn Thế Lân",Hương Mùa Hè,vpop-genz,https://music.youtube.com/watch?v=txhEGfAkBLY,https://i.ytimg.com/vi/txhEGfAkBLY/maxresdefault.jpg,GREY D/Hương Mùa Hè/VAICAUNOICOKHIENNGUOITHAYDOI.mp3
tựa đầu,GREY D,GREY D,ÁNH SÁNG • MÀN ĐÊM (side A),vpop-genz,https://music.youtube.com/watch?v=6_X4IA9VoDY,https://i.ytimg.com/vi/6_X4IA9VoDY/maxresdefault.jpg,GREY D/ÁNH SÁNG • MÀN ĐÊM (side A)/tựa đầu.mp3
anh sẽ đến cùng cơn mưa,GREY D,"Hứa Kim Tuyền, GREY D",anh sẽ đến cùng cơn mưa,vpop-genz,https://music.youtube.com/watch?v=hdhaLMgqAok,https://i.ytimg.com/vi/hdhaLMgqAok/maxresdefault.jpg,GREY D/anh sẽ đến cùng cơn mưa/anh sẽ đến cùng cơn mưa.mp3
tỉnh thức sau giấc ngủ đông,GREY D,"GREY D, Đoàn Thế Lân, Đoàn Thế Lân, GREY D, TDK, Aiden Nguyen",dự báo thời tiết hôm nay mưa - Maxi Single,vpop-genz,https://music.youtube.com/watch?v=NYZx1uzAJ-s,https://i.ytimg.com/vi/NYZx1uzAJ-s/maxresdefault.jpg,GREY D/dự báo thời tiết hôm nay mưa - Maxi Single/tỉnh thức sau giấc ngủ đông.mp3
nhạt-fine,GREY D,GREY D,nhạt-fine,vpop-genz,https://music.youtube.com/watch?v=h1oOfwKf6dc,https://i.ytimg.com/vi/h1oOfwKf6dc/maxresdefault.jpg,GREY D/nhạt-fine/nhạt-fine.mp3
mộng tình,GREY D,GREY D,ÁNH SÁNG • MÀN ĐÊM (side A),vpop-genz,https://music.youtube.com/watch?v=PGTXRY2YBlo,https://i.ytimg.com/vi/PGTXRY2YBlo/maxresdefault.jpg,GREY D/ÁNH SÁNG • MÀN ĐÊM (side A)/mộng tình.mp3
Cho phép tôi mời anh một ly,GREY D,"VƯƠNG BÌNH, GREY D",ANH BỜ VAI,vpop-genz,https://music.youtube.com/watch?v=49_n7MhlLsY,https://i.ytimg.com/vi/49_n7MhlLsY/maxresdefault.jpg,GREY D/ANH BỜ VAI/Cho phép tôi mời anh một ly.mp3
Dám Rực Rỡ,GREY D,"GREY D, HIEUTHUHAI, Wren Evans, Obito",Dám Rực Rỡ,vpop-genz,https://music.youtube.com/watch?v=RHfX6lWKixo,https://i.ytimg.com/vi/RHfX6lWKixo/maxresdefault.jpg,GREY D/Dám Rực Rỡ/Dám Rực Rỡ.mp3
Vùng Xám,GREY D,"Văn Mai Hương, GREY D",Giai Nhân,vpop-genz,https://music.youtube.com/watch?v=j5CAniVlK30,https://i.ytimg.com/vi/j5CAniVlK30/maxresdefault.jpg,GREY D/Giai Nhân/Vùng Xám.mp3
Mưa Thâm Lặng Giời,GREY D,"BigDaddy, GREY D",NHÂN TRẦN,vpop-genz,https://music.youtube.com/watch?v=WEZx116j8cA,https://i.ytimg.com/vi/WEZx116j8cA/maxresdefault.jpg,GREY D/NHÂN TRẦN/Mưa Thâm Lặng Giời.mp3
Tình Em Là Đại Dương,GREY D,"Grey D, Duy Mạnh, Hoàng Dũng",Hương Mùa Hè,vpop-genz,https://music.youtube.com/watch?v=vVXO90gdkR4,https://i.ytimg.com/vi/vVXO90gdkR4/maxresdefault.jpg,GREY D/Hương Mùa Hè/Tình Em Là Đại Dương.mp3
Trái đất ôm Mặt trời,GREY D,"Kai Đinh, AMEE, GREY D",Summeroom,vpop-genz,https://music.youtube.com/watch?v=RMTXs6V3KS0,https://i.ytimg.com/vi/RMTXs6V3KS0/maxresdefault.jpg,GREY D/Summeroom/Trái đất ôm Mặt trời.mp3
dự báo thời tiết hôm nay mưa - live from GENfest 23,GREY D,GREY D,GREY Dimension - Live from GENfest 23,vpop-genz,https://music.youtube.com/watch?v=cA86hGsvdOU,https://i.ytimg.com/vi/cA86hGsvdOU/maxresdefault.jpg,GREY D/GREY Dimension - Live from GENfest 23/dự báo thời tiết hôm nay mưa - live from GENfest 23.mp3
100 Cuộc Gọi Nhỡ,GREY D,"WOKEUP, GREY D, VSTRA, Parys",100 Cuộc Gọi Nhỡ,vpop-genz,https://music.youtube.com/watch?v=ZBjJB6x-zdk,https://i.ytimg.com/vi/ZBjJB6x-zdk/maxresdefault.jpg,GREY D/100 Cuộc Gọi Nhỡ/100 Cuộc Gọi Nhỡ.mp3
Xích Thêm Chút Nữa,GREY D,"Tlinh, RPT Groovie, Nguyễn Thảo Linh, Grey D",Hương Mùa Hè,vpop-genz,https://music.youtube.com/watch?v=zhAO1fykfRk,https://i.ytimg.com/vi/zhAO1fykfRk/maxresdefault.jpg,GREY D/Hương Mùa Hè/Xích Thêm Chút Nữa.mp3
Em Về Tinh Khôi (25th Làn Sóng Xanh),GREY D,"AMEE, GREY D, Hoàng Dũng",Em Về Tinh Khôi (25th Làn Sóng Xanh),vpop-genz,https://music.youtube.com/watch?v=W1X2YanpYXw,https://i.ytimg.com/vi/W1X2YanpYXw/maxresdefault.jpg,GREY D/Em Về Tinh Khôi (25th Làn Sóng Xanh)/Em Về Tinh Khôi (25th Làn Sóng Xanh).mp3
tình yêu chậm trễ (live piano ver.),GREY D,GREY D,tình yêu chậm trễ (live piano ver.),vpop-genz,https://music.youtube.com/watch?v=EDSeqvbKkbY,https://i.ytimg.com/vi/EDSeqvbKkbY/maxresdefault.jpg,GREY D/tình yêu chậm trễ (live piano ver.)/tình yêu chậm trễ (live piano ver.).mp3
THÁC NÌNG,GREY D,"2pillz, MONO, GREY D",THÁC NÌNG,vpop-genz,https://music.youtube.com/watch?v=eom52-J91hA,https://i.ytimg.com/vi/eom52-J91hA/maxresdefault.jpg,GREY D/THÁC NÌNG/THÁC NÌNG.mp3
lâu phai,GREY D,"Kai Đinh, GREY D",Summeroom,vpop-genz,https://music.youtube.com/watch?v=ma4uDtujRLQ,https://i.ytimg.com/vi/ma4uDtujRLQ/maxresdefault.jpg,GREY D/Summeroom/lâu phai.mp3
GIẤC DU MIÊN,GREY D,"2pillz, GREY D, NeeNee",PILLZCASSO,vpop-genz,https://music.youtube.com/watch?v=V4Dcr7mSopc,https://i.ytimg.com/vi/V4Dcr7mSopc/maxresdefault.jpg,GREY D/PILLZCASSO/GIẤC DU MIÊN.mp3
"vaicaunoicokhiennguoithaydoi - storm version (feat. tlinh, 2pillz, NewL, WOKEUP)",GREY D,"GREY D, tlinh, 2pillz, NewL, WOKEUP, Đoàn Thế Lân, Nguyễn Thảo Linh, Đoàn Thế Lân, Nguyễn Thảo Linh, TDK, 2pillz, Aiden Nguyen",dự báo thời tiết hôm nay mưa - Maxi Single (storm version),vpop-genz,https://music.youtube.com/watch?v=txdTrlyhy90,https://i.ytimg.com/vi/txdTrlyhy90/maxresdefault.jpg,"GREY D/dự báo thời tiết hôm nay mưa - Maxi Single (storm version)/vaicaunoicokhiennguoithaydoi - storm version (feat. tlinh, 2pillz, NewL, WOKEUP).mp3"
hơi thở của gió,GREY D,GREY D,ÁNH SÁNG • MÀN ĐÊM (side A),vpop-genz,https://music.youtube.com/watch?v=-B9xU5YvOYI,https://i.ytimg.com/vi/-B9xU5YvOYI/maxresdefault.jpg,GREY D/ÁNH SÁNG • MÀN ĐÊM (side A)/hơi thở của gió.mp3
mưa tháng sáu (suy Version),GREY D,"Văn Mai Hương, GREY D, Hứa Kim Tuyền",Mưa Tháng Sáu,vpop-genz,https://music.youtube.com/watch?v=E-zUszvZFrI,https://i.ytimg.com/vi/E-zUszvZFrI/maxresdefault.jpg,GREY D/Mưa Tháng Sáu/mưa tháng sáu (suy Version).mp3
nhạt-fine (blue ver.),GREY D,GREY D,nhạt-fine (blue ver.),vpop-genz,https://music.youtube.com/watch?v=4RFMaPTtoMM,https://i.ytimg.com/vi/4RFMaPTtoMM/maxresdefault.jpg,GREY D/nhạt-fine (blue ver.)/nhạt-fine (blue ver.).mp3
Simple Love,GREY D,"Grey D, Lý Quốc Phong, Huỳnh Long Hải, Đoàn Thế Lân, Orange",Hương Mùa Hè,vpop-genz,https://music.youtube.com/watch?v=0Y95Lgy_sFo,https://i.ytimg.com/vi/0Y95Lgy_sFo/maxresdefault.jpg,GREY D/Hương Mùa Hè/Simple Love.mp3
tình wá akk,GREY D,"2pillz, GREY D",tình wá akk,vpop-genz,https://music.youtube.com/watch?v=ha0a9TdXQ9I,https://i.ytimg.com/vi/ha0a9TdXQ9I/maxresdefault.jpg,GREY D/tình wá akk/tình wá akk.mp3
Một Mình Có Buồn Không (2022 version),GREY D,"Thiều Bảo Trâm, GREY D",after YOU (winter version - live session),vpop-genz,https://music.youtube.com/watch?v=G7IghXSfkSI,https://i.ytimg.com/vi/G7IghXSfkSI/maxresdefault.jpg,GREY D/after YOU (winter version - live session)/Một Mình Có Buồn Không (2022 version).mp3
"no rules, all welcome",GREY D,"GREY D, Đoàn Thế Lân, Đoàn Thế Lân, 2pillz, Wokeupat4am, NewL","no rules, all welcome",vpop-genz,https://music.youtube.com/watch?v=VRotmMlCy8o,https://i.ytimg.com/vi/VRotmMlCy8o/maxresdefault.jpg,"GREY D/no rules, all welcome/no rules, all welcome.mp3"
Trước Tiên Anh Hãy Nói Chia Tay Em Đi (live),GREY D,"Thiều Bảo Trâm, GREY D",after YOU (winter version - live session),vpop-genz,https://music.youtube.com/watch?v=Suv8fhHglOo,https://i.ytimg.com/vi/Suv8fhHglOo/maxresdefault.jpg,GREY D/after YOU (winter version - live session)/Trước Tiên Anh Hãy Nói Chia Tay Em Đi (live).mp3
Bài Ca Bầu Cử 2021,GREY D,"AMEE, GREY D",Bài Ca Bầu Cử 2021,vpop-genz,https://music.youtube.com/watch?v=uoXfLL3vHXc,https://i.ytimg.com/vi/uoXfLL3vHXc/maxresdefault.jpg,GREY D/Bài Ca Bầu Cử 2021/Bài Ca Bầu Cử 2021.mp3
Anh sẽ đến cùng cơn mưa (Lofi),GREY D,"Hứa Kim Tuyền, GREY D",Anh sẽ đến cùng cơn mưa,vpop-genz,https://music.youtube.com/watch?v=7o_fqHL7I6I,https://i.ytimg.com/vi/7o_fqHL7I6I/maxresdefault.jpg,GREY D/Anh sẽ đến cùng cơn mưa/Anh sẽ đến cùng cơn mưa (Lofi).mp3
kho báu đánh rơi (extended) (live from GENfest 23),GREY D,"tlinh, GREY D",ái (live from GENfest 23),vpop-genz,https://music.youtube.com/watch?v=BB0xA5C7cA0,https://i.ytimg.com/vi/BB0xA5C7cA0/maxresdefault.jpg,GREY D/ái (live from GENfest 23)/kho báu đánh rơi (extended) (live from GENfest 23).mp3
giữ lấy làm gì - live from GENfest 23,GREY D,GREY D,GREY Dimension - Live from GENfest 23,vpop-genz,https://music.youtube.com/watch?v=VK-hyPZ0YE0,https://i.ytimg.com/vi/VK-hyPZ0YE0/maxresdefault.jpg,GREY D/GREY Dimension - Live from GENfest 23/giữ lấy làm gì - live from GENfest 23.mp3
đưa em về nhàa - live from GENfest 23,GREY D,GREY D,GREY Dimension - Live from GENfest 23,vpop-genz,https://music.youtube.com/watch?v=AeTpQhtrizI,https://i.ytimg.com/vi/AeTpQhtrizI/maxresdefault.jpg,GREY D/GREY Dimension - Live from GENfest 23/đưa em về nhàa - live from GENfest 23.mp3
badadu - live from GENfest 23,GREY D,GREY D,GREY Dimension - Live from GENfest 23,vpop-genz,https://music.youtube.com/watch?v=nt8v8NV51Qw,https://i.ytimg.com/vi/nt8v8NV51Qw/maxresdefault.jpg,GREY D/GREY Dimension - Live from GENfest 23/badadu - live from GENfest 23.mp3
có hẹn với thanh xuân - live from GENfest 23,GREY D,GREY D,GREY Dimension - Live from GENfest 23,vpop-genz,https://music.youtube.com/watch?v=GjlgWlSHMUA,https://i.ytimg.com/vi/GjlgWlSHMUA/maxresdefault.jpg,GREY D/GREY Dimension - Live from GENfest 23/có hẹn với thanh xuân - live from GENfest 23.mp3
Chăm Hoa,MONO,MONO,Chăm Hoa,vpop-genz,https://music.youtube.com/watch?v=Dk_mafPZLU4,https://i.ytimg.com/vi/Dk_mafPZLU4/maxresdefault.jpg,MONO/Chăm Hoa/Chăm Hoa.mp3
WAITING FOR YOU,MONO,MONO,22,vpop-genz,https://music.youtube.com/watch?v=tOZoAsJO00w,https://i.ytimg.com/vi/tOZoAsJO00w/maxresdefault.jpg,MONO/22/WAITING FOR YOU.mp3
Young,MONO,MONO,ĐẸP,vpop-genz,https://music.youtube.com/watch?v=liIP_HPXrds,https://i.ytimg.com/vi/liIP_HPXrds/maxresdefault.jpg,MONO/ĐẸP/Young.mp3
EM LÀ,MONO,MONO,22,vpop-genz,https://music.youtube.com/watch?v=URKozxi-v1U,https://i.ytimg.com/vi/URKozxi-v1U/maxresdefault.jpg,MONO/22/EM LÀ.mp3
Ôm Em Thật Lâu,MONO,MONO,Ôm Em Thật Lâu,vpop-genz,https://music.youtube.com/watch?v=t-ShhnhDW0k,https://i.ytimg.com/vi/t-ShhnhDW0k/maxresdefault.jpg,MONO/Ôm Em Thật Lâu/Ôm Em Thật Lâu.mp3
Đi Tìm Tình Yêu,MONO,"MONO, 2pillz",Đi Tìm Tình Yêu,vpop-genz,https://music.youtube.com/watch?v=d0xJnOr9iAg,https://i.ytimg.com/vi/d0xJnOr9iAg/maxresdefault.jpg,MONO/Đi Tìm Tình Yêu/Đi Tìm Tình Yêu.mp3
ANH KHÔNG THỂ,MONO,MONO,22,vpop-genz,https://music.youtube.com/watch?v=MobMSmDohok,https://i.ytimg.com/vi/MobMSmDohok/maxresdefault.jpg,MONO/22/ANH KHÔNG THỂ.mp3
Tết Cộng Nụ Cười,MONO,MONO,Tết Cộng Nụ Cười,vpop-genz,https://music.youtube.com/watch?v=RqCc8-FE7-I,https://i.ytimg.com/vi/RqCc8-FE7-I/maxresdefault.jpg,MONO/Tết Cộng Nụ Cười/Tết Cộng Nụ Cười.mp3
QUÊN ANH ĐI,MONO,MONO,QUÊN ANH ĐI,vpop-genz,https://music.youtube.com/watch?v=PGkbp7eL6n8,https://i.ytimg.com/vi/PGkbp7eL6n8/maxresdefault.jpg,MONO/QUÊN ANH ĐI/QUÊN ANH ĐI.mp3
KILL ME,MONO,MONO,22,vpop-genz,https://music.youtube.com/watch?v=8_WPpWVyz9s,https://i.ytimg.com/vi/8_WPpWVyz9s/maxresdefault.jpg,MONO/22/KILL ME.mp3
BUÔNG,MONO,MONO,22,vpop-genz,https://music.youtube.com/watch?v=a_-GIp1fiyM,https://i.ytimg.com/vi/a_-GIp1fiyM/maxresdefault.jpg,MONO/22/BUÔNG.mp3
L.I.E,MONO,MONO,22,vpop-genz,https://music.youtube.com/watch?v=O-Ekv54XE0Y,https://i.ytimg.com/vi/O-Ekv54XE0Y/maxresdefault.jpg,MONO/22/L.I.E.mp3
Cười Lên,MONO,MONO,ĐẸP,vpop-genz,https://music.youtube.com/watch?v=36xujyHXq7E,https://i.ytimg.com/vi/36xujyHXq7E/maxresdefault.jpg,MONO/ĐẸP/Cười Lên.mp3
STAY COOL,MONO,MONO,STAY COOL,vpop-genz,https://music.youtube.com/watch?v=hCIMGASlUuk,https://i.ytimg.com/vi/hCIMGASlUuk/maxresdefault.jpg,MONO/STAY COOL/STAY COOL.mp3
INTRO,MONO,MONO,22,vpop-genz,https://music.youtube.com/watch?v=y9Ksmhc8_Bc,https://i.ytimg.com/vi/y9Ksmhc8_Bc/maxresdefault.jpg,MONO/22/INTRO.mp3
MONOLOGUE,MONO,MONO,22,vpop-genz,https://music.youtube.com/watch?v=BMI6zS92VZ0,https://i.ytimg.com/vi/BMI6zS92VZ0/maxresdefault.jpg,MONO/22/MONOLOGUE.mp3
PURPLE LIGHTNING,MONO,MONO,PURPLE LIGHTNING,vpop-genz,https://music.youtube.com/watch?v=H_u2Dr0I2Gc,https://i.ytimg.com/vi/H_u2Dr0I2Gc/maxresdefault.jpg,MONO/PURPLE LIGHTNING/PURPLE LIGHTNING.mp3
CÔ NƯƠNG AHHHH,MONO,MONO,22,vpop-genz,https://music.youtube.com/watch?v=kZ4ue3_Ulw8,https://i.ytimg.com/vi/kZ4ue3_Ulw8/maxresdefault.jpg,MONO/22/CÔ NƯƠNG AHHHH.mp3
Intro,MONO,MONO,ĐẸP,vpop-genz,https://music.youtube.com/watch?v=OXcHEx4oTW4,https://i.ytimg.com/vi/OXcHEx4oTW4/maxresdefault.jpg,MONO/ĐẸP/Intro.mp3
Cool Thứ Thiệt,MONO,"MONO, Low G",Cool Thứ Thiệt,vpop-genz,https://music.youtube.com/watch?v=cT6odPZMO_s,https://i.ytimg.com/vi/cT6odPZMO_s/maxresdefault.jpg,MONO/Cool Thứ Thiệt/Cool Thứ Thiệt.mp3
Người Gieo Mầm Xanh,Hoàng Dũng,"Hứa Kim Tuyền, Hoàng Dũng",Người Gieo Mầm Xanh,vpop-genz,https://music.youtube.com/watch?v=fXLKvwIsh3c,https://i.ytimg.com/vi/fXLKvwIsh3c/maxresdefault.jpg,Hoàng Dũng/Người Gieo Mầm Xanh/Người Gieo Mầm Xanh.mp3
Giữ Anh Cho Ngày Hôm Qua,Hoàng Dũng,"Hoàng Dũng, Rhymastic, Lelarec",XOAY TRÒN,vpop-genz,https://music.youtube.com/watch?v=mRXLNtzm9y0,https://i.ytimg.com/vi/mRXLNtzm9y0/maxresdefault.jpg,Hoàng Dũng/XOAY TRÒN/Giữ Anh Cho Ngày Hôm Qua.mp3
Nàng Thơ,Hoàng Dũng,Hoàng Dũng,Nàng Thơ,vpop-genz,https://music.youtube.com/watch?v=W_gCqfWHd5E,https://i.ytimg.com/vi/W_gCqfWHd5E/maxresdefault.jpg,Hoàng Dũng/Nàng Thơ/Nàng Thơ.mp3
Dành Cho Em (Live At Yên Concert),Hoàng Dũng,"Hoàng Dũng, Orange",Dành Cho Em (Live At Yên Concert),vpop-genz,https://music.youtube.com/watch?v=1s97dgK59ec,https://i.ytimg.com/vi/1s97dgK59ec/maxresdefault.jpg,Hoàng Dũng/Dành Cho Em (Live At Yên Concert)/Dành Cho Em (Live At Yên Concert).mp3
Nơi Pháo Hoa Rực Rỡ (ft. Cẩm Vân),Hoàng Dũng,"Orange, Hoàng Dũng, Hứa Kim Tuyền",Nơi Pháo Hoa Rực Rỡ (ft. Cẩm Vân) (Đi Để Trở Về 8),vpop-genz,https://music.youtube.com/watch?v=jEej3CIQh_Q,https://i.ytimg.com/vi/jEej3CIQh_Q/maxresdefault.jpg,Hoàng Dũng/Nơi Pháo Hoa Rực Rỡ (ft. Cẩm Vân) (Đi Để Trở Về 8)/Nơi Pháo Hoa Rực Rỡ (ft. Cẩm Vân).mp3
Chờ Anh Nhé (feat. Hoàng Rob),Hoàng Dũng,"Hoàng Dũng, Hoàng Rob",Tình Ca Hoàng Dũng,vpop-genz,https://music.youtube.com/watch?v=0chK12qHGfM,https://i.ytimg.com/vi/0chK12qHGfM/maxresdefault.jpg,Hoàng Dũng/Tình Ca Hoàng Dũng/Chờ Anh Nhé (feat. Hoàng Rob).mp3
Đoạn Kết Mới,Hoàng Dũng,Hoàng Dũng,Đoạn Kết Mới,vpop-genz,https://music.youtube.com/watch?v=KkHNe_BNUE8,https://i.ytimg.com/vi/KkHNe_BNUE8/maxresdefault.jpg,Hoàng Dũng/Đoạn Kết Mới/Đoạn Kết Mới.mp3
MỘT NGÀY NÀO ĐÓ,Hoàng Dũng,"Hoàng Dũng, Đen, Bạn Nhạc.",MỘT NGÀY NÀO ĐÓ,vpop-genz,https://music.youtube.com/watch?v=O18v4g1ror8,https://i.ytimg.com/vi/O18v4g1ror8/maxresdefault.jpg,Hoàng Dũng/MỘT NGÀY NÀO ĐÓ/MỘT NGÀY NÀO ĐÓ.mp3
Đôi Mươi,Hoàng Dũng,Hoàng Dũng,Yên,vpop-genz,https://music.youtube.com/watch?v=PTJQ1nC5pIQ,https://i.ytimg.com/vi/PTJQ1nC5pIQ/maxresdefault.jpg,Hoàng Dũng/Yên/Đôi Mươi.mp3
Chưa Bao Giờ (Live At Yên Concert),Hoàng Dũng,"Hoàng Dũng, Thu Phương",Chưa Bao Giờ (Live At Yên Concert),vpop-genz,https://music.youtube.com/watch?v=4Ycfi6qRrV4,https://i.ytimg.com/vi/4Ycfi6qRrV4/maxresdefault.jpg,Hoàng Dũng/Chưa Bao Giờ (Live At Yên Concert)/Chưa Bao Giờ (Live At Yên Concert).mp3
Vì Một Câu Nói,Hoàng Dũng,Hoàng Dũng,25 Mét Vuông,vpop-genz,https://music.youtube.com/watch?v=powB3Z30ko8,https://i.ytimg.com/vi/powB3Z30ko8/maxresdefault.jpg,Hoàng Dũng/25 Mét Vuông/Vì Một Câu Nói.mp3
Phonecert,Hoàng Dũng,Hoàng Dũng,Phonecert,vpop-genz,https://music.youtube.com/watch?v=nwKqUnuuy38,https://i.ytimg.com/vi/nwKqUnuuy38/maxresdefault.jpg,Hoàng Dũng/Phonecert/Phonecert.mp3
đứa nào làm em buồn?,Hoàng Dũng,"Phúc Du, Hoàng Dũng, Tiên Cookie, Phạm Thanh Hà",đứa nào làm em buồn?,vpop-genz,https://music.youtube.com/watch?v=wHzziE3alVc,https://i.ytimg.com/vi/wHzziE3alVc/maxresdefault.jpg,Hoàng Dũng/đứa nào làm em buồn?/đứa nào làm em buồn?.mp3
Lý Giải,Hoàng Dũng,Hoàng Dũng,Lý Giải,vpop-genz,https://music.youtube.com/watch?v=ZwsZPWgjios,https://i.ytimg.com/vi/ZwsZPWgjios/maxresdefault.jpg,Hoàng Dũng/Lý Giải/Lý Giải.mp3
Nép Vào Anh Và Nghe Anh Hát,Hoàng Dũng,Hoàng Dũng,Nép Vào Anh Và Nghe Anh Hát,vpop-genz,https://music.youtube.com/watch?v=ie49_PrMJkM,https://i.ytimg.com/vi/ie49_PrMJkM/maxresdefault.jpg,Hoàng Dũng/Nép Vào Anh Và Nghe Anh Hát/Nép Vào Anh Và Nghe Anh Hát.mp3
Nàng Thơ (Instrumental),Hoàng Dũng,Hoàng Dũng,Nàng Thơ,vpop-genz,https://music.youtube.com/watch?v=RttUr36pUf0,https://i.ytimg.com/vi/RttUr36pUf0/maxresdefault.jpg,Hoàng Dũng/Nàng Thơ/Nàng Thơ (Instrumental).mp3
Thói Quen (25 Mét Vuông) (feat. Gducky),Hoàng Dũng,"Hoàng Dũng, Gducky",Thói Quen (25 mét vuông) (feat. Gducky),vpop-genz,https://music.youtube.com/watch?v=u6zxEjswKXM,https://i.ytimg.com/vi/u6zxEjswKXM/maxresdefault.jpg,Hoàng Dũng/Thói Quen (25 mét vuông) (feat. Gducky)/Thói Quen (25 Mét Vuông) (feat. Gducky).mp3
điều vô tri nhất,Hoàng Dũng,"Kai Đinh, MIN, Hoàng Dũng",điều vô tri nhất,vpop-genz,https://music.youtube.com/watch?v=mzXbxwAC1w4,https://i.ytimg.com/vi/mzXbxwAC1w4/maxresdefault.jpg,Hoàng Dũng/điều vô tri nhất/điều vô tri nhất.mp3
Liên khúc Chờ Anh Nhé / Chẳng Nói Nên Lời / Yếu Đuối (Live At Yên Concert),Hoàng Dũng,Hoàng Dũng,Liên khúc Chờ Anh Nhé / Chẳng Nói Nên Lời / Yếu Đuối (Live At Yên Concert),vpop-genz,https://music.youtube.com/watch?v=l47cz0ANWEs,https://i.ytimg.com/vi/l47cz0ANWEs/maxresdefault.jpg,Hoàng Dũng/Liên khúc Chờ Anh Nhé _ Chẳng Nói Nên Lời _ Yếu Đuối (Live At Yên Concert)/Liên khúc Chờ Anh Nhé _ Chẳng Nói Nên Lời _ Yếu Đuối (Live At Yên Concert).mp3
Ném Câu Yêu Vào Không Trung,Hoàng Dũng,Hoàng Dũng,Yên,vpop-genz,https://music.youtube.com/watch?v=4vmq4HpozPA,https://i.ytimg.com/vi/4vmq4HpozPA/maxresdefault.jpg,Hoàng Dũng/Yên/Ném Câu Yêu Vào Không Trung.mp3
Em Về Tinh Khôi (25th Làn Sóng Xanh),Hoàng Dũng,"AMEE, GREY D, Hoàng Dũng",Em Về Tinh Khôi (25th Làn Sóng Xanh),vpop-genz,https://music.youtube.com/watch?v=W1X2YanpYXw,https://i.ytimg.com/vi/W1X2YanpYXw/maxresdefault.jpg,Hoàng Dũng/Em Về Tinh Khôi (25th Làn Sóng Xanh)/Em Về Tinh Khôi (25th Làn Sóng Xanh).mp3
Tách,Hoàng Dũng,"Hoàng Dũng, Lelarec",XOAY TRÒN,vpop-genz,https://music.youtube.com/watch?v=T8njeacm7Yw,https://i.ytimg.com/vi/T8njeacm7Yw/maxresdefault.jpg,Hoàng Dũng/XOAY TRÒN/Tách.mp3
Đôi Lời,Hoàng Dũng,Hoàng Dũng,Tình Ca Hoàng Dũng,vpop-genz,https://music.youtube.com/watch?v=6PcvzQVYgRI,https://i.ytimg.com/vi/6PcvzQVYgRI/maxresdefault.jpg,Hoàng Dũng/Tình Ca Hoàng Dũng/Đôi Lời.mp3
Chẳng Nói Nên Lời,Hoàng Dũng,Hoàng Dũng,Tình Ca Hoàng Dũng,vpop-genz,https://music.youtube.com/watch?v=zNPnVuCI1mA,https://i.ytimg.com/vi/zNPnVuCI1mA/maxresdefault.jpg,Hoàng Dũng/Tình Ca Hoàng Dũng/Chẳng Nói Nên Lời.mp3
Vì Một Câu Nói,Hoàng Dũng,Hoang Dung,Vì Một Câu Nói,vpop-genz,https://music.youtube.com/watch?v=T6qS-8Y5Weo,https://i.ytimg.com/vi/T6qS-8Y5Weo/maxresdefault.jpg,Hoàng Dũng/Vì Một Câu Nói/Vì Một Câu Nói.mp3
Vì Anh Vẫn,Hoàng Dũng,Hoàng Dũng,Vì Anh Vẫn,vpop-genz,https://music.youtube.com/watch?v=o5Qz5qgRNUU,https://i.ytimg.com/vi/o5Qz5qgRNUU/maxresdefault.jpg,Hoàng Dũng/Vì Anh Vẫn/Vì Anh Vẫn.mp3
Yếu Đuối,Hoàng Dũng,Hoàng Dũng,Tình Ca Hoàng Dũng,vpop-genz,https://music.youtube.com/watch?v=YT1PnluF_qQ,https://i.ytimg.com/vi/YT1PnluF_qQ/maxresdefault.jpg,Hoàng Dũng/Tình Ca Hoàng Dũng/Yếu Đuối.mp3
Đôi Lời Tình Ca,Hoàng Dũng,Hoàng Dũng,Đôi Lời Tình Ca,vpop-genz,https://music.youtube.com/watch?v=Dnj5fwOh1Lg,https://i.ytimg.com/vi/Dnj5fwOh1Lg/maxresdefault.jpg,Hoàng Dũng/Đôi Lời Tình Ca/Đôi Lời Tình Ca.mp3
Đừng Giữ Chỗ,Hoàng Dũng,Hoàng Dũng,XOAY TRÒN,vpop-genz,https://music.youtube.com/watch?v=nZ0dub6v6_M,https://i.ytimg.com/vi/nZ0dub6v6_M/maxresdefault.jpg,Hoàng Dũng/XOAY TRÒN/Đừng Giữ Chỗ.mp3
Uyên ương hồ điệp mộng - Cô láng giềng - Bao năm ta chờ em,Hoàng Dũng,Hoàng Dung,Liên khúc Người em cùng xóm,vpop-genz,https://music.youtube.com/watch?v=UMqFCKr1yvs,https://i.ytimg.com/vi/UMqFCKr1yvs/maxresdefault.jpg,Hoàng Dũng/Liên khúc Người em cùng xóm/Uyên ương hồ điệp mộng - Cô láng giềng - Bao năm ta chờ em.mp3
La Bàn,Hoàng Dũng,"Hoàng Dũng, Pixel Neko",La Bàn,vpop-genz,https://music.youtube.com/watch?v=PDRu8RzM5tc,https://i.ytimg.com/vi/PDRu8RzM5tc/maxresdefault.jpg,Hoàng Dũng/La Bàn/La Bàn.mp3
Sâm-panh,Hoàng Dũng,"Hoàng Dũng, Lelarec",XOAY TRÒN,vpop-genz,https://music.youtube.com/watch?v=G7tQa14PqEY,https://i.ytimg.com/vi/G7tQa14PqEY/maxresdefault.jpg,Hoàng Dũng/XOAY TRÒN/Sâm-panh.mp3
Về Nghe Mẹ Ru,Hoàng Dũng,"NSND Bach Tuyet, Hứa Kim Tuyền, 14 Casper, Hoàng Dũng",Về Nghe Mẹ Ru,vpop-genz,https://music.youtube.com/watch?v=u2JPxeni-CY,https://i.ytimg.com/vi/u2JPxeni-CY/maxresdefault.jpg,Hoàng Dũng/Về Nghe Mẹ Ru/Về Nghe Mẹ Ru.mp3
Đi Đâu Để Thấy Hoa Bay,Hoàng Dũng,Hoàng Dũng,Đi Đâu Để Thấy Hoa Bay,vpop-genz,https://music.youtube.com/watch?v=8QFrA0r4LLo,https://i.ytimg.com/vi/8QFrA0r4LLo/maxresdefault.jpg,Hoàng Dũng/Đi Đâu Để Thấy Hoa Bay/Đi Đâu Để Thấy Hoa Bay.mp3
Nửa Thập Kỷ,Hoàng Dũng,Hoàng Dũng,25 Mét Vuông,vpop-genz,https://music.youtube.com/watch?v=62wf3uQatkU,https://i.ytimg.com/vi/62wf3uQatkU/maxresdefault.jpg,Hoàng Dũng/25 Mét Vuông/Nửa Thập Kỷ.mp3
Bức Tranh Và Cánh Chim,Hoàng Dũng,"Hoàng Dũng, Lelarec",XOAY TRÒN,vpop-genz,https://music.youtube.com/watch?v=lML_7rRuujk,https://i.ytimg.com/vi/lML_7rRuujk/maxresdefault.jpg,Hoàng Dũng/XOAY TRÒN/Bức Tranh Và Cánh Chim.mp3
Nơi Pháo Hoa Rực Rỡ (Special Edition Từ Đi Để Trở Về 8),Hoàng Dũng,"Hoàng Dũng, Orange",Nơi Pháo Hoa Rực Rỡ (Special Edition Từ Đi Để Trở Về 8),vpop-genz,https://music.youtube.com/watch?v=WhUBte3eHv4,https://i.ytimg.com/vi/WhUBte3eHv4/maxresdefault.jpg,Hoàng Dũng/Nơi Pháo Hoa Rực Rỡ (Special Edition Từ Đi Để Trở Về 8)/Nơi Pháo Hoa Rực Rỡ (Special Edition Từ Đi Để Trở Về 8).mp3
Sao Giờ Em Mới Tới,Hoàng Dũng,"Hoàng Dũng, Pixel Neko",XOAY TRÒN,vpop-genz,https://music.youtube.com/watch?v=DOo4vnlYr9M,https://i.ytimg.com/vi/DOo4vnlYr9M/maxresdefault.jpg,Hoàng Dũng/XOAY TRÒN/Sao Giờ Em Mới Tới.mp3
Ba Mươi Cái Chớp Mắt,Hoàng Dũng,"Hoàng Dũng, Pixel Neko",XOAY TRÒN,vpop-genz,https://music.youtube.com/watch?v=t00EJrjPTDI,https://i.ytimg.com/vi/t00EJrjPTDI/maxresdefault.jpg,Hoàng Dũng/XOAY TRÒN/Ba Mươi Cái Chớp Mắt.mp3
Em Trồng Cây,Hoàng Dũng,"Hoàng Dũng, Lelarec",XOAY TRÒN,vpop-genz,https://music.youtube.com/watch?v=TROWKjp8A6Q,https://i.ytimg.com/vi/TROWKjp8A6Q/maxresdefault.jpg,Hoàng Dũng/XOAY TRÒN/Em Trồng Cây.mp3
Thói Quen,Hoàng Dũng,Hoàng Dũng,25,vpop-genz,https://music.youtube.com/watch?v=2r8chZA-Tvo,https://i.ytimg.com/vi/2r8chZA-Tvo/maxresdefault.jpg,Hoàng Dũng/25/Thói Quen.mp3
Cuối Tuần (1825),Hoàng Dũng,"Hoàng Dũng, Lelarec",Cuối Tuần (1825),vpop-genz,https://music.youtube.com/watch?v=ElyaFJGI4zw,https://i.ytimg.com/vi/ElyaFJGI4zw/maxresdefault.jpg,Hoàng Dũng/Cuối Tuần (1825)/Cuối Tuần (1825).mp3
COLD LẠC BỘ,Hoàng Dũng,"Coldzy, Minsicko, Hoàng Dũng",MEDICINE,vpop-genz,https://music.youtube.com/watch?v=2Kum65iWmoU,https://i.ytimg.com/vi/2Kum65iWmoU/maxresdefault.jpg,Hoàng Dũng/MEDICINE/COLD LẠC BỘ.mp3
Em Mới Là Người Yêu Anh (feat. Thỏ Xỏ Khuyên),Hoàng Dũng,"The Masked Singer, Hoàng Dũng",(Tập 6) Ca Sĩ Mặt Nạ Mùa 2 (The Masked Singer Vietnam),vpop-genz,https://music.youtube.com/watch?v=Z02AgRczcys,https://i.ytimg.com/vi/Z02AgRczcys/maxresdefault.jpg,Hoàng Dũng/(Tập 6) Ca Sĩ Mặt Nạ Mùa 2 (The Masked Singer Vietnam)/Em Mới Là Người Yêu Anh (feat. Thỏ Xỏ Khuyên).mp3
Về Nhà,Hoàng Dũng,Hoàng Dũng,25 Mét Vuông,vpop-genz,https://music.youtube.com/watch?v=GA8rourDOCo,https://i.ytimg.com/vi/GA8rourDOCo/maxresdefault.jpg,Hoàng Dũng/25 Mét Vuông/Về Nhà.mp3
Khiêu Vũ Trong Đêm,Hoàng Dũng,"Hoàng Dũng, NÂN, Pixel Neko",XOAY TRÒN,vpop-genz,https://music.youtube.com/watch?v=hVHY-6Ed3wY,https://i.ytimg.com/vi/hVHY-6Ed3wY/maxresdefault.jpg,Hoàng Dũng/XOAY TRÒN/Khiêu Vũ Trong Đêm.mp3
Không Quan Trọng,Hoàng Dũng,"Hoàng Dũng, Pixel Neko",XOAY TRÒN,vpop-genz,https://music.youtube.com/watch?v=cENIx8h7CZA,https://i.ytimg.com/vi/cENIx8h7CZA/maxresdefault.jpg,Hoàng Dũng/XOAY TRÒN/Không Quan Trọng.mp3
Thói Quen,Hoàng Dũng,Hoàng Dũng,25,vpop-genz,https://music.youtube.com/watch?v=q0w7EenpwKo,https://i.ytimg.com/vi/q0w7EenpwKo/maxresdefault.jpg,Hoàng Dũng/25/Thói Quen.mp3
Viết tiếp câu chuyện Việt Nam,Hoàng Dũng,"Hải Bột, Hoàng Dũng, Bùi Công Nam",Viết tiếp câu chuyện Việt Nam,vpop-genz,https://music.youtube.com/watch?v=5tKN2-0EwPI,https://i.ytimg.com/vi/5tKN2-0EwPI/maxresdefault.jpg,Hoàng Dũng/Viết tiếp câu chuyện Việt Nam/Viết tiếp câu chuyện Việt Nam.mp3
Yên (Intro),Hoàng Dũng,Hoàng Dũng,Yên,vpop-genz,https://music.youtube.com/watch?v=qEaZLZbHMgc,https://i.ytimg.com/vi/qEaZLZbHMgc/maxresdefault.jpg,Hoàng Dũng/Yên/Yên (Intro).mp3
Cắt Đôi Nỗi Sầu,Tăng Duy Tân,"Tăng Duy Tân, Drum7",Cắt Đôi Nỗi Sầu,vpop-genz,https://music.youtube.com/watch?v=Wt3y-4GFgUY,https://i.ytimg.com/vi/Wt3y-4GFgUY/maxresdefault.jpg,Tăng Duy Tân/Cắt Đôi Nỗi Sầu/Cắt Đôi Nỗi Sầu.mp3
Ánh Mắt Biết Cười,Tăng Duy Tân,"Quang Hùng MasterD, Tăng Duy Tân",Ánh Mắt Biết Cười,vpop-genz,https://music.youtube.com/watch?v=kzZIBSbw1Eo,https://i.ytimg.com/vi/kzZIBSbw1Eo/maxresdefault.jpg,Tăng Duy Tân/Ánh Mắt Biết Cười/Ánh Mắt Biết Cười.mp3
Cắt Đôi Nỗi Sầu Remix,Tăng Duy Tân,"H2O Remix, Tăng Duy Tân",Cắt Đôi Nỗi Sầu Remix,vpop-genz,https://music.youtube.com/watch?v=b9mduI5KD5k,https://i.ytimg.com/vi/b9mduI5KD5k/maxresdefault.jpg,Tăng Duy Tân/Cắt Đôi Nỗi Sầu Remix/Cắt Đôi Nỗi Sầu Remix.mp3
Ngây Thơ,Tăng Duy Tân,"Tăng Duy Tân, Phong Max",Ngây Thơ,vpop-genz,https://music.youtube.com/watch?v=dB9zdrPLVaw,https://i.ytimg.com/vi/dB9zdrPLVaw/maxresdefault.jpg,Tăng Duy Tân/Ngây Thơ/Ngây Thơ.mp3
Say Sóng,Tăng Duy Tân,"Tăng Duy Tân, Drum7, 2pillz",Khu Vườn Tình,vpop-genz,https://music.youtube.com/watch?v=dxIHMvvXvmY,https://i.ytimg.com/vi/dxIHMvvXvmY/maxresdefault.jpg,Tăng Duy Tân/Khu Vườn Tình/Say Sóng.mp3
Ngây Thơ (Phong Max Remix),Tăng Duy Tân,Tăng Duy Tân,Ngây Thơ,vpop-genz,https://music.youtube.com/watch?v=J-Dyw4Kn3xQ,https://i.ytimg.com/vi/J-Dyw4Kn3xQ/maxresdefault.jpg,Tăng Duy Tân/Ngây Thơ/Ngây Thơ (Phong Max Remix).mp3
Ikigai,Tăng Duy Tân,"Tăng Duy Tân, Bích Phương, 2pillz",Ikigai,vpop-genz,https://music.youtube.com/watch?v=fCzyye_BFgE,https://i.ytimg.com/vi/fCzyye_BFgE/maxresdefault.jpg,Tăng Duy Tân/Ikigai/Ikigai.mp3
05 (Không Phai) (Masew Remix),Tăng Duy Tân,"Tăng Duy Tân, T.R.I, Phong Max, Masew",Masew Remix,vpop-genz,https://music.youtube.com/watch?v=pS_p-MEODS4,https://i.ytimg.com/vi/pS_p-MEODS4/maxresdefault.jpg,Tăng Duy Tân/Masew Remix/05 (Không Phai) (Masew Remix).mp3
Bật Tình Yêu Lên,Tăng Duy Tân,"Tăng Duy Tân, Hòa Minzy",Bật Tình Yêu Lên,vpop-genz,https://music.youtube.com/watch?v=9lTMspswK5I,https://i.ytimg.com/vi/9lTMspswK5I/maxresdefault.jpg,Tăng Duy Tân/Bật Tình Yêu Lên/Bật Tình Yêu Lên.mp3
Thấy Trung Nhân Giữa Thiên Hạ,Tăng Duy Tân,"Phan Mạnh Quỳnh, Tăng Duy Tân, Drum7",Thấy Trung Nhân Giữa Thiên Hạ,vpop-genz,https://music.youtube.com/watch?v=EvE2aZBXQ-4,https://i.ytimg.com/vi/EvE2aZBXQ-4/maxresdefault.jpg,Tăng Duy Tân/Thấy Trung Nhân Giữa Thiên Hạ/Thấy Trung Nhân Giữa Thiên Hạ.mp3
Say Trong Nụ Cười,Tăng Duy Tân,"Tăng Duy Tân, Drum7",Say Trong Nụ Cười,vpop-genz,https://music.youtube.com/watch?v=-kEIOnIxr2E,https://i.ytimg.com/vi/-kEIOnIxr2E/maxresdefault.jpg,Tăng Duy Tân/Say Trong Nụ Cười/Say Trong Nụ Cười.mp3
Bên Trên Tầng Lầu (Live),Tăng Duy Tân,"Tùng Dương, Tăng Duy Tân",Người Đàn Ông Hát (Live Concert),vpop-genz,https://music.youtube.com/watch?v=7pPkcX09Zk0,https://i.ytimg.com/vi/7pPkcX09Zk0/maxresdefault.jpg,Tăng Duy Tân/Người Đàn Ông Hát (Live Concert)/Bên Trên Tầng Lầu (Live).mp3
Nhà Giam Tâm Hồn,Tăng Duy Tân,"Tăng Duy Tân, 2pillz",Khu Vườn Tình,vpop-genz,https://music.youtube.com/watch?v=MfegNqaJmEI,https://i.ytimg.com/vi/MfegNqaJmEI/maxresdefault.jpg,Tăng Duy Tân/Khu Vườn Tình/Nhà Giam Tâm Hồn.mp3
Anh Đã Loop Trong Niềm Đau Này,Tăng Duy Tân,"Tăng Duy Tân, Drum7",Khu Vườn Tình,vpop-genz,https://music.youtube.com/watch?v=H7jP5kRFs7c,https://i.ytimg.com/vi/H7jP5kRFs7c/maxresdefault.jpg,Tăng Duy Tân/Khu Vườn Tình/Anh Đã Loop Trong Niềm Đau Này.mp3
Tái Sinh (Author Version),Tăng Duy Tân,Tăng Duy Tân,Tái Sinh (Author Version),vpop-genz,https://music.youtube.com/watch?v=2WVzQRh53PU,https://i.ytimg.com/vi/2WVzQRh53PU/maxresdefault.jpg,Tăng Duy Tân/Tái Sinh (Author Version)/Tái Sinh (Author Version).mp3
Buồn Nốt Hôm Nay,Tăng Duy Tân,Tăng Duy Tân,Buồn Nốt Hôm Nay,vpop-genz,https://music.youtube.com/watch?v=X-Fa-uAeQwo,https://i.ytimg.com/vi/X-Fa-uAeQwo/maxresdefault.jpg,Tăng Duy Tân/Buồn Nốt Hôm Nay/Buồn Nốt Hôm Nay.mp3
Bật Tình Yêu Lên (Lofi Version),Tăng Duy Tân,"Tăng Duy Tân, Hòa Minzy, NH4T Media Music",Bật Tình Yêu Lên (Lofi Version),vpop-genz,https://music.youtube.com/watch?v=CDhL6lsveOs,https://i.ytimg.com/vi/CDhL6lsveOs/maxresdefault.jpg,Tăng Duy Tân/Bật Tình Yêu Lên (Lofi Version)/Bật Tình Yêu Lên (Lofi Version).mp3
Cắt Đôi Nỗi Sầu (Cover),Tăng Duy Tân,"Nguyễn Đình Vũ, Tăng Duy Tân",Cắt Đôi Nỗi Sầu (Cover),vpop-genz,https://music.youtube.com/watch?v=-FEKBHGjjRE,https://i.ytimg.com/vi/-FEKBHGjjRE/maxresdefault.jpg,Tăng Duy Tân/Cắt Đôi Nỗi Sầu (Cover)/Cắt Đôi Nỗi Sầu (Cover).mp3
Anh Không Sợ Đâu,Tăng Duy Tân,"Tăng Duy Tân, WOKEUP, Drum7",Anh Không Sợ Đâu,vpop-genz,https://music.youtube.com/watch?v=vKk9EFWwwxM,https://i.ytimg.com/vi/vKk9EFWwwxM/maxresdefault.jpg,Tăng Duy Tân/Anh Không Sợ Đâu/Anh Không Sợ Đâu.mp3
Xa Nhau Cả Hai Đều Buồn,Tăng Duy Tân,"D Blue, Tăng Duy Tân, Mc Wiz, MC Wiz",Xa Nhau Cả Hai Đều Buồn,vpop-genz,https://music.youtube.com/watch?v=YuBwPf7HPVM,https://i.ytimg.com/vi/YuBwPf7HPVM/maxresdefault.jpg,Tăng Duy Tân/Xa Nhau Cả Hai Đều Buồn/Xa Nhau Cả Hai Đều Buồn.mp3
Khu Vườn Tình,Tăng Duy Tân,"Tăng Duy Tân, Drum7",Khu Vườn Tình,vpop-genz,https://music.youtube.com/watch?v=GPf1JQmVwaI,https://i.ytimg.com/vi/GPf1JQmVwaI/maxresdefault.jpg,Tăng Duy Tân/Khu Vườn Tình/Khu Vườn Tình.mp3
Bôn Ba (Nước Ngoài),Tăng Duy Tân,"Phan Mạnh Quỳnh, Tăng Duy Tân, DuongK",Bôn Ba (Nước Ngoài),vpop-genz,https://music.youtube.com/watch?v=QtVnREAqurw,https://i.ytimg.com/vi/QtVnREAqurw/maxresdefault.jpg,Tăng Duy Tân/Bôn Ba (Nước Ngoài)/Bôn Ba (Nước Ngoài).mp3
Đêm Mang Nỗi Nhớ Đi Đâu,Tăng Duy Tân,"Tăng Duy Tân, Drum7",Khu Vườn Tình,vpop-genz,https://music.youtube.com/watch?v=DAteptu_D0Q,https://i.ytimg.com/vi/DAteptu_D0Q/maxresdefault.jpg,Tăng Duy Tân/Khu Vườn Tình/Đêm Mang Nỗi Nhớ Đi Đâu.mp3
Đi Ngủ,Tăng Duy Tân,"Tăng Duy Tân, 2pillz",Khu Vườn Tình,vpop-genz,https://music.youtube.com/watch?v=QkOixN3QwCE,https://i.ytimg.com/vi/QkOixN3QwCE/maxresdefault.jpg,Tăng Duy Tân/Khu Vườn Tình/Đi Ngủ.mp3
Say Sóng (Deep House),Tăng Duy Tân,"Tăng Duy Tân, NH4T Remix",Say Sóng (Deep House),vpop-genz,https://music.youtube.com/watch?v=CburejVIMrk,https://i.ytimg.com/vi/CburejVIMrk/maxresdefault.jpg,Tăng Duy Tân/Say Sóng (Deep House)/Say Sóng (Deep House).mp3
Đêm Nay Anh Lại Mơ Thấy Em Rồi,Tăng Duy Tân,"Tăng Duy Tân, 2pillz",Khu Vườn Tình,vpop-genz,https://music.youtube.com/watch?v=ocfwYjcgCKw,https://i.ytimg.com/vi/ocfwYjcgCKw/maxresdefault.jpg,Tăng Duy Tân/Khu Vườn Tình/Đêm Nay Anh Lại Mơ Thấy Em Rồi.mp3
052 (Không Phai 2),Tăng Duy Tân,Tăng Duy Tân,"052 (Không Phai, 2)",vpop-genz,https://music.youtube.com/watch?v=e9yrIdoYzig,https://i.ytimg.com/vi/e9yrIdoYzig/maxresdefault.jpg,"Tăng Duy Tân/052 (Không Phai, 2)/052 (Không Phai 2).mp3"
Thiên Đường Cô Đơn,Tăng Duy Tân,"Tăng Duy Tân, Drum7",Khu Vườn Tình,vpop-genz,https://music.youtube.com/watch?v=bza7El8xB1c,https://i.ytimg.com/vi/bza7El8xB1c/maxresdefault.jpg,Tăng Duy Tân/Khu Vườn Tình/Thiên Đường Cô Đơn.mp3
Nhà Giam Tâm Hồn (NH4T Remix),Tăng Duy Tân,"Tăng Duy Tân, NH4T",Nhà Giam Tâm Hồn (NH4T Remix),vpop-genz,https://music.youtube.com/watch?v=UccdqaVdYLY,https://i.ytimg.com/vi/UccdqaVdYLY/maxresdefault.jpg,Tăng Duy Tân/Nhà Giam Tâm Hồn (NH4T Remix)/Nhà Giam Tâm Hồn (NH4T Remix).mp3
Bật Tình Yêu Lên Remix (Vinahouse),Tăng Duy Tân,"H2O Remix, Tăng Duy Tân",Bật Tình Yêu Lên Remix (Vinahouse),vpop-genz,https://music.youtube.com/watch?v=lqGoWglzK0Y,https://i.ytimg.com/vi/lqGoWglzK0Y/maxresdefault.jpg,Tăng Duy Tân/Bật Tình Yêu Lên Remix (Vinahouse)/Bật Tình Yêu Lên Remix (Vinahouse).mp3
Khóa Cửa,Tăng Duy Tân,"Tăng Duy Tân, Drum7",Khu Vườn Tình,vpop-genz,https://music.youtube.com/watch?v=66uPmQ1_nPc,https://i.ytimg.com/vi/66uPmQ1_nPc/maxresdefault.jpg,Tăng Duy Tân/Khu Vườn Tình/Khóa Cửa.mp3
Bật Tình Yêu Lên Remix (Deep House),Tăng Duy Tân,"H2O Remix, Tăng Duy Tân",Bật Tình Yêu Lên Remix (Deep House),vpop-genz,https://music.youtube.com/watch?v=UQy7oB508P0,https://i.ytimg.com/vi/UQy7oB508P0/maxresdefault.jpg,Tăng Duy Tân/Bật Tình Yêu Lên Remix (Deep House)/Bật Tình Yêu Lên Remix (Deep House).mp3
Bật Tình Yêu Lên (Remix),Tăng Duy Tân,"Tăng Duy Tân, Hòa Minzy",Bật Tình Yêu Lên (Remix),vpop-genz,https://music.youtube.com/watch?v=CW_k4cNLW0g,https://i.ytimg.com/vi/CW_k4cNLW0g/maxresdefault.jpg,Tăng Duy Tân/Bật Tình Yêu Lên (Remix)/Bật Tình Yêu Lên (Remix).mp3
Say Sóng (NH4T Remix Ver.2),Tăng Duy Tân,"NH4T, Tăng Duy Tân",Say Sóng (NH4T Remix Ver.2),vpop-genz,https://music.youtube.com/watch?v=qcmXOiJmqk4,https://i.ytimg.com/vi/qcmXOiJmqk4/maxresdefault.jpg,Tăng Duy Tân/Say Sóng (NH4T Remix Ver.2)/Say Sóng (NH4T Remix Ver.2).mp3
Chất Riêng Rất Ngầu,Tăng Duy Tân,Tăng Duy Tân,Chất Riêng Rất Ngầu,vpop-genz,https://music.youtube.com/watch?v=zNq2Kifh7L4,https://i.ytimg.com/vi/zNq2Kifh7L4/maxresdefault.jpg,Tăng Duy Tân/Chất Riêng Rất Ngầu/Chất Riêng Rất Ngầu.mp3
Cắt Đôi Nỗi Sầu (WM Remix),Tăng Duy Tân,Tăng Duy Tân,Cắt Đôi Nỗi Sầu,vpop-genz,https://music.youtube.com/watch?v=IWsC1EL1VUQ,https://i.ytimg.com/vi/IWsC1EL1VUQ/maxresdefault.jpg,Tăng Duy Tân/Cắt Đôi Nỗi Sầu/Cắt Đôi Nỗi Sầu (WM Remix).mp3
Anh Tệ Lắm Đúng Không,Tăng Duy Tân,Tăng Duy Tân,Anh Tệ Lắm Đúng Không,vpop-genz,https://music.youtube.com/watch?v=S3oWQRfoaEU,https://i.ytimg.com/vi/S3oWQRfoaEU/maxresdefault.jpg,Tăng Duy Tân/Anh Tệ Lắm Đúng Không/Anh Tệ Lắm Đúng Không.mp3
Bật Tình Yêu Lên (Remix),Tăng Duy Tân,"Tăng Duy Tân, Orinn",Bật Tình Yêu Lên (Remix Version),vpop-genz,https://music.youtube.com/watch?v=0b4EQlujTBk,https://i.ytimg.com/vi/0b4EQlujTBk/maxresdefault.jpg,Tăng Duy Tân/Bật Tình Yêu Lên (Remix Version)/Bật Tình Yêu Lên (Remix).mp3
Bên Trên Tầng Lầu (Remix),Tăng Duy Tân,"1 9 6 7, Tăng Duy Tân",Bên Trên Tầng Lầu,vpop-genz,https://music.youtube.com/watch?v=qrBsHYeQUhw,https://i.ytimg.com/vi/qrBsHYeQUhw/maxresdefault.jpg,Tăng Duy Tân/Bên Trên Tầng Lầu/Bên Trên Tầng Lầu (Remix).mp3
Cắt Đôi Nỗi Sầu (Instrumental),Tăng Duy Tân,Tăng Duy Tân,Cắt Đôi Nỗi Sầu (Instrumental),vpop-genz,https://music.youtube.com/watch?v=9y88YkxODRs,https://i.ytimg.com/vi/9y88YkxODRs/maxresdefault.jpg,Tăng Duy Tân/Cắt Đôi Nỗi Sầu (Instrumental)/Cắt Đôi Nỗi Sầu (Instrumental).mp3
IKIGAI (NH4T Remix),Tăng Duy Tân,"Tăng Duy Tân, Bích Phương, NH4T",IKIGAI (NH4T Remix),vpop-genz,https://music.youtube.com/watch?v=_hpEICrwPes,https://i.ytimg.com/vi/_hpEICrwPes/maxresdefault.jpg,Tăng Duy Tân/IKIGAI (NH4T Remix)/IKIGAI (NH4T Remix).mp3
Ikigai (Deep House),Tăng Duy Tân,"NH4T Remix, Tăng Duy Tân, Bích Phương",Ikigai (Deep House),vpop-genz,https://music.youtube.com/watch?v=qOwN3G7MS5Q,https://i.ytimg.com/vi/qOwN3G7MS5Q/maxresdefault.jpg,Tăng Duy Tân/Ikigai (Deep House)/Ikigai (Deep House).mp3
Đừng (Don't Do It),Tăng Duy Tân,"Tăng Duy Tân, Bofie",Đừng (Don't Do It),vpop-genz,https://music.youtube.com/watch?v=wWXFMROwBPE,https://i.ytimg.com/vi/wWXFMROwBPE/maxresdefault.jpg,Tăng Duy Tân/Đừng (Don't Do It)/Đừng (Don't Do It).mp3
"Made, Not Born (Tôi Luyện Nên Tôi)",Tăng Duy Tân,"Tăng Duy Tân, Vũ Thảo My","Made, Not Born (Tôi Luyện Nên Tôi)",vpop-genz,https://music.youtube.com/watch?v=Sdx5ZnBMyiQ,https://i.ytimg.com/vi/Sdx5ZnBMyiQ/maxresdefault.jpg,"Tăng Duy Tân/Made, Not Born (Tôi Luyện Nên Tôi)/Made, Not Born (Tôi Luyện Nên Tôi).mp3"
Thôi Anh Chẳng Sao Đâu (feat. Jade),Tăng Duy Tân,"Tăng Duy Tân, Jade",Thôi Anh Chẳng Sao Đâu,vpop-genz,https://music.youtube.com/watch?v=68zKz4XrPy4,https://i.ytimg.com/vi/68zKz4XrPy4/maxresdefault.jpg,Tăng Duy Tân/Thôi Anh Chẳng Sao Đâu/Thôi Anh Chẳng Sao Đâu (feat. Jade).mp3
Cuộc Sống Em Ổn Không,Anh Tú (Voi Bản Đôn),"Anh Tú, Vương Anh Tú",Cuộc Sống Em Ổn Không,vpop-genz,https://music.youtube.com/watch?v=UxNtmVnCmbA,https://i.ytimg.com/vi/UxNtmVnCmbA/maxresdefault.jpg,Anh Tú (Voi Bản Đôn)/Cuộc Sống Em Ổn Không/Cuộc Sống Em Ổn Không.mp3
Giữa Hoà Bình,Anh Tú (Voi Bản Đôn),"Lyly, Anh Tú",Giữa Hoà Bình,vpop-genz,https://music.youtube.com/watch?v=NWs3pL3U1uM,https://i.ytimg.com/vi/NWs3pL3U1uM/maxresdefault.jpg,Anh Tú (Voi Bản Đôn)/Giữa Hoà Bình/Giữa Hoà Bình.mp3
Hoàng Hôn Nhớ (Hoa Vương Original SoundTrack),Anh Tú (Voi Bản Đôn),Anh Tú,Hoàng Hôn Nhớ,vpop-genz,https://music.youtube.com/watch?v=82ZdjcWc_UE,https://i.ytimg.com/vi/82ZdjcWc_UE/maxresdefault.jpg,Anh Tú (Voi Bản Đôn)/Hoàng Hôn Nhớ/Hoàng Hôn Nhớ (Hoa Vương Original SoundTrack).mp3
Ban Tinh Ca Dau Tien,Anh Tú (Voi Bản Đôn),Anh Tu,Ban Tinh Ca Dau Tien,vpop-genz,https://music.youtube.com/watch?v=tCLwT4vg5ws,https://i.ytimg.com/vi/tCLwT4vg5ws/maxresdefault.jpg,Anh Tú (Voi Bản Đôn)/Ban Tinh Ca Dau Tien/Ban Tinh Ca Dau Tien.mp3
Cha Gia Roi Dung Khong,Anh Tú (Voi Bản Đôn),Anh Tu,Cha Gia Roi Dung Khong,vpop-genz,https://music.youtube.com/watch?v=L4UBDnVBxgI,https://i.ytimg.com/vi/L4UBDnVBxgI/maxresdefault.jpg,Anh Tú (Voi Bản Đôn)/Cha Gia Roi Dung Khong/Cha Gia Roi Dung Khong.mp3
Khước Từ,Anh Tú (Voi Bản Đôn),"Hà Nhi, Anh Tú",Khước Từ,vpop-genz,https://music.youtube.com/watch?v=KB1fzVFul3c,https://i.ytimg.com/vi/KB1fzVFul3c/maxresdefault.jpg,Anh Tú (Voi Bản Đôn)/Khước Từ/Khước Từ.mp3
Roi Con Tim Em Se Lanh (Live ver at XHTDRLX),Anh Tú (Voi Bản Đôn),Anh Tu,Roi Con Tim Em Se Lanh (Live ver at XHTDRLX),vpop-genz,https://music.youtube.com/watch?v=rytqBZIuBv0,https://i.ytimg.com/vi/rytqBZIuBv0/maxresdefault.jpg,Anh Tú (Voi Bản Đôn)/Roi Con Tim Em Se Lanh (Live ver at XHTDRLX)/Roi Con Tim Em Se Lanh (Live ver at XHTDRLX).mp3
Những Lời Dối Gian,Anh Tú (Voi Bản Đôn),"Anh Tú, Tấn Triệu",Tình Như Cánh Chim,vpop-genz,https://music.youtube.com/watch?v=97CSxbUiA74,https://i.ytimg.com/vi/97CSxbUiA74/maxresdefault.jpg,Anh Tú (Voi Bản Đôn)/Tình Như Cánh Chim/Những Lời Dối Gian.mp3
"Có Chàng Trai Viết Lên Cây (Theme Song From ""Mắt Biếc"")",Anh Tú (Voi Bản Đôn),"Forest Studio, Anh Tú, Bùi Công Nam","Có Chàng Trai Viết Lên Cây (Theme Song From ""Mắt Biếc"")",vpop-genz,https://music.youtube.com/watch?v=Aw6x4f-ewLI,https://i.ytimg.com/vi/Aw6x4f-ewLI/maxresdefault.jpg,Anh Tú (Voi Bản Đôn)/Có Chàng Trai Viết Lên Cây (Theme Song From Mắt Biếc)/Có Chàng Trai Viết Lên Cây (Theme Song From Mắt Biếc).mp3
Mạnh Mẽ Lên Cô Gái,Anh Tú (Voi Bản Đôn),"Anh Tú, Hùng Quân",Mạnh Mẽ Lên Cô Gái,vpop-genz,https://music.youtube.com/watch?v=iNfe88d3qSg,https://i.ytimg.com/vi/iNfe88d3qSg/maxresdefault.jpg,Anh Tú (Voi Bản Đôn)/Mạnh Mẽ Lên Cô Gái/Mạnh Mẽ Lên Cô Gái.mp3
Đôi Bờ,Anh Tú (Voi Bản Đôn),Anh Tú,Mơ Về Em,vpop-genz,https://music.youtube.com/watch?v=LoWGTAJqOPk,https://i.ytimg.com/vi/LoWGTAJqOPk/maxresdefault.jpg,Anh Tú (Voi Bản Đôn)/Mơ Về Em/Đôi Bờ.mp3
Giận Hờn,Anh Tú (Voi Bản Đôn),Anh Tú,Hoa Nắng Tôi,vpop-genz,https://music.youtube.com/watch?v=DtIV3UKV2wo,https://i.ytimg.com/vi/DtIV3UKV2wo/maxresdefault.jpg,Anh Tú (Voi Bản Đôn)/Hoa Nắng Tôi/Giận Hờn.mp3
Anh Ở Đây Mà,Anh Tú (Voi Bản Đôn),Đức Phúc,Cuối Cùng Anh Cũng Đến,vpop-genz,https://music.youtube.com/watch?v=4KtrNztOuCs,https://i.ytimg.com/vi/4KtrNztOuCs/maxresdefault.jpg,Anh Tú (Voi Bản Đôn)/Cuối Cùng Anh Cũng Đến/Anh Ở Đây Mà.mp3
Nếu Ta Không May (feat. Lyly),Anh Tú (Voi Bản Đôn),"Anh Tú, Lyly",Nếu Ta Không May (feat. Lyly),vpop-genz,https://music.youtube.com/watch?v=l974NWSC1uY,https://i.ytimg.com/vi/l974NWSC1uY/maxresdefault.jpg,Anh Tú (Voi Bản Đôn)/Nếu Ta Không May (feat. Lyly)/Nếu Ta Không May (feat. Lyly).mp3
Đừng Quên Tên Anh,Anh Tú (Voi Bản Đôn),Anh Tú,Hoa Nắng Tôi,vpop-genz,https://music.youtube.com/watch?v=N5plhHNQses,https://i.ytimg.com/vi/N5plhHNQses/maxresdefault.jpg,Anh Tú (Voi Bản Đôn)/Hoa Nắng Tôi/Đừng Quên Tên Anh.mp3
một phần hai ½,Anh Tú (Voi Bản Đôn),"Anh Tú, OgeNus",một phần hai ½,vpop-genz,https://music.youtube.com/watch?v=WC8nmFbxcw0,https://i.ytimg.com/vi/WC8nmFbxcw0/maxresdefault.jpg,Anh Tú (Voi Bản Đôn)/một phần hai ½/một phần hai ½.mp3
Mất Nhau,Anh Tú (Voi Bản Đôn),Anh Tú,"Mất Nhau - Original Soundtrack From ""Yêu Trước Ngày Cưới""",vpop-genz,https://music.youtube.com/watch?v=dvxPK557c70,https://i.ytimg.com/vi/dvxPK557c70/maxresdefault.jpg,Anh Tú (Voi Bản Đôn)/Mất Nhau - Original Soundtrack From Yêu Trước Ngày Cưới/Mất Nhau.mp3
Mình Làm Người Yêu Nhé Em,Anh Tú (Voi Bản Đôn),"Anh Tú, Vương Anh Tú",Mình Làm Người Yêu Nhé Em,vpop-genz,https://music.youtube.com/watch?v=74NoEOz276c,https://i.ytimg.com/vi/74NoEOz276c/maxresdefault.jpg,Anh Tú (Voi Bản Đôn)/Mình Làm Người Yêu Nhé Em/Mình Làm Người Yêu Nhé Em.mp3
TÌM ĐƯỢC NHAU KHÓ THẾ NÀO,Anh Tú (Voi Bản Đôn),ANH TÚ,TÌM ĐƯỢC NHAU KHÓ THẾ NÀO,vpop-genz,https://music.youtube.com/watch?v=Vh9UQ04dBSI,https://i.ytimg.com/vi/Vh9UQ04dBSI/maxresdefault.jpg,Anh Tú (Voi Bản Đôn)/TÌM ĐƯỢC NHAU KHÓ THẾ NÀO/TÌM ĐƯỢC NHAU KHÓ THẾ NÀO.mp3
Hàng Xóm,Anh Tú (Voi Bản Đôn),"Anh Tú, Lyly",Hàng Xóm,vpop-genz,https://music.youtube.com/watch?v=thtDAkUhz6M,https://i.ytimg.com/vi/thtDAkUhz6M/maxresdefault.jpg,Anh Tú (Voi Bản Đôn)/Hàng Xóm/Hàng Xóm.mp3
Nơi Ta Gọi Là Nhà,Anh Tú (Voi Bản Đôn),Anh Tú,Nơi Ta Gọi Là Nhà,vpop-genz,https://music.youtube.com/watch?v=kkhdjMN3ok4,https://i.ytimg.com/vi/kkhdjMN3ok4/maxresdefault.jpg,Anh Tú (Voi Bản Đôn)/Nơi Ta Gọi Là Nhà/Nơi Ta Gọi Là Nhà.mp3
Khóa Ly Biệt,Anh Tú (Voi Bản Đôn),"The Masked Singer, Voi Bản Đôn, Anh Tú",(Tập 2) Ca Sĩ Mặt Nạ (The Masked Singer Vietnam All-star Concert 2023),vpop-genz,https://music.youtube.com/watch?v=sI8xsDJD7uk,https://i.ytimg.com/vi/sI8xsDJD7uk/maxresdefault.jpg,Anh Tú (Voi Bản Đôn)/(Tập 2) Ca Sĩ Mặt Nạ (The Masked Singer Vietnam All-star Concert 2023)/Khóa Ly Biệt.mp3
"Tuy Xa Mà Gần, Tuy Gần Mà Xa",Anh Tú (Voi Bản Đôn),"Anh Tú, Lyly","Tuy Xa Mà Gần, Tuy Gần Mà Xa",vpop-genz,https://music.youtube.com/watch?v=B-OCETOnsTM,https://i.ytimg.com/vi/B-OCETOnsTM/maxresdefault.jpg,"Anh Tú (Voi Bản Đôn)/Tuy Xa Mà Gần, Tuy Gần Mà Xa/Tuy Xa Mà Gần, Tuy Gần Mà Xa.mp3"
Mong Manh Mối Tình Đầu,Anh Tú (Voi Bản Đôn),Anh Tú,Mong Manh Mối Tình Đầu,vpop-genz,https://music.youtube.com/watch?v=SXVZ3qtP9DM,https://i.ytimg.com/vi/SXVZ3qtP9DM/maxresdefault.jpg,Anh Tú (Voi Bản Đôn)/Mong Manh Mối Tình Đầu/Mong Manh Mối Tình Đầu.mp3
Nếu Biết Xa Em,Anh Tú (Voi Bản Đôn),"Anh Tú, anonymous",Tình Sương Khói,vpop-genz,https://music.youtube.com/watch?v=MSXCMHYxKG0,https://i.ytimg.com/vi/MSXCMHYxKG0/maxresdefault.jpg,Anh Tú (Voi Bản Đôn)/Tình Sương Khói/Nếu Biết Xa Em.mp3
Anh Trai Say Hi!,Anh Tú (Voi Bản Đôn),"Hoàng Hải, Ngô Kiến Huy, Anh Tú, Erik, Vương Anh Tú, Gin Tuấn Kiệt, Quân A.P, Dương Edward, RHYDER, OgeNus, HURRYKNG, Negav, CAPTAIN BOY, Quang Hùng MasterD, Đỗ Phú Quí",Sóng 24,vpop-genz,https://music.youtube.com/watch?v=FmrLkP1_zfU,https://i.ytimg.com/vi/FmrLkP1_zfU/maxresdefault.jpg,Anh Tú (Voi Bản Đôn)/Sóng 24/Anh Trai Say Hi!.mp3
Mơ Về Em,Anh Tú (Voi Bản Đôn),Anh Tú,Một Thoáng Việt Nam 1,vpop-genz,https://music.youtube.com/watch?v=hver-4zwmPQ,https://i.ytimg.com/vi/hver-4zwmPQ/maxresdefault.jpg,Anh Tú (Voi Bản Đôn)/Một Thoáng Việt Nam 1/Mơ Về Em.mp3
Mơ Về Em,Anh Tú (Voi Bản Đôn),Anh Tú,Mơ Về Em,vpop-genz,https://music.youtube.com/watch?v=v98REqbJXjc,https://i.ytimg.com/vi/v98REqbJXjc/maxresdefault.jpg,Anh Tú (Voi Bản Đôn)/Mơ Về Em/Mơ Về Em.mp3
Một Ngày Không Còn Xa,Anh Tú (Voi Bản Đôn),"Anh Tú, Kỳ Phương Uyên",Lắng Nghe Thời Gian,vpop-genz,https://music.youtube.com/watch?v=azI2Kyxhq5U,https://i.ytimg.com/vi/azI2Kyxhq5U/maxresdefault.jpg,Anh Tú (Voi Bản Đôn)/Lắng Nghe Thời Gian/Một Ngày Không Còn Xa.mp3
Lãng Du,Anh Tú (Voi Bản Đôn),"Khánh Hà, Anh Tú",Gợi Giấc Mơ Xưa (Vol. 1-3),vpop-genz,https://music.youtube.com/watch?v=aazSIoN6j4Y,https://i.ytimg.com/vi/aazSIoN6j4Y/maxresdefault.jpg,Anh Tú (Voi Bản Đôn)/Gợi Giấc Mơ Xưa (Vol. 1-3)/Lãng Du.mp3
Cố Quên Đi Tình Yêu,Anh Tú (Voi Bản Đôn),Anh Tú,Mong Manh Mối Tình Đầu,vpop-genz,https://music.youtube.com/watch?v=znwzQeJ31uo,https://i.ytimg.com/vi/znwzQeJ31uo/maxresdefault.jpg,Anh Tú (Voi Bản Đôn)/Mong Manh Mối Tình Đầu/Cố Quên Đi Tình Yêu.mp3
"Sàigòn, Sàigòn",Anh Tú (Voi Bản Đôn),"Mai Tiến Dũng, Justin Nguyen, Anh Tú, Kỳ Phương Uyên, Như Loan, Tóc Tiên, Diễm Sương, Lam Anh, Ánh Minh","Sàigòn, Sàigòn",vpop-genz,https://music.youtube.com/watch?v=fy4SKmGoCY4,https://i.ytimg.com/vi/fy4SKmGoCY4/maxresdefault.jpg,"Anh Tú (Voi Bản Đôn)/Sàigòn, Sàigòn/Sàigòn, Sàigòn.mp3"
Xin Mưa Ngừng Rơi,Anh Tú (Voi Bản Đôn),"Anh Tú, anonymous",Tình Sương Khói,vpop-genz,https://music.youtube.com/watch?v=__Hz1Ed2Peo,https://i.ytimg.com/vi/__Hz1Ed2Peo/maxresdefault.jpg,Anh Tú (Voi Bản Đôn)/Tình Sương Khói/Xin Mưa Ngừng Rơi.mp3
Em Đâu Biết,Anh Tú (Voi Bản Đôn),"Anh Tú, anonymous",Nửa Trái Tim Yêu Người,vpop-genz,https://music.youtube.com/watch?v=tvJBjKQi1Z8,https://i.ytimg.com/vi/tvJBjKQi1Z8/maxresdefault.jpg,Anh Tú (Voi Bản Đôn)/Nửa Trái Tim Yêu Người/Em Đâu Biết.mp3
Em Xa Nghìn Trùng,Anh Tú (Voi Bản Đôn),Anh Tú,Mơ Về Em,vpop-genz,https://music.youtube.com/watch?v=t7IGhHTbb70,https://i.ytimg.com/vi/t7IGhHTbb70/maxresdefault.jpg,Anh Tú (Voi Bản Đôn)/Mơ Về Em/Em Xa Nghìn Trùng.mp3
Mừng Con Về Nhà,Anh Tú (Voi Bản Đôn),Anh Tú,Mừng Con Về Nhà,vpop-genz,https://music.youtube.com/watch?v=3asl6q9eGxQ,https://i.ytimg.com/vi/3asl6q9eGxQ/maxresdefault.jpg,Anh Tú (Voi Bản Đôn)/Mừng Con Về Nhà/Mừng Con Về Nhà.mp3
Như Đã Dấu Yêu,Anh Tú (Voi Bản Đôn),"Anh Tú, Đức Huy",Bến Quạnh Hiu,vpop-genz,https://music.youtube.com/watch?v=UGrb1XVt_Ak,https://i.ytimg.com/vi/UGrb1XVt_Ak/maxresdefault.jpg,Anh Tú (Voi Bản Đôn)/Bến Quạnh Hiu/Như Đã Dấu Yêu.mp3
Chiếc Khăn Gió Ấm,Anh Tú (Voi Bản Đôn),Anh Tú,Em Đã Thấy Mùa Xuân Chưa,vpop-genz,https://music.youtube.com/watch?v=ESjjPRUG6Es,https://i.ytimg.com/vi/ESjjPRUG6Es/maxresdefault.jpg,Anh Tú (Voi Bản Đôn)/Em Đã Thấy Mùa Xuân Chưa/Chiếc Khăn Gió Ấm.mp3
Mùa Đông Sắp Đến,Anh Tú (Voi Bản Đôn),Anh Tú,Chia Tay Chiều Đông,vpop-genz,https://music.youtube.com/watch?v=u_DylLTyxGg,https://i.ytimg.com/vi/u_DylLTyxGg/maxresdefault.jpg,Anh Tú (Voi Bản Đôn)/Chia Tay Chiều Đông/Mùa Đông Sắp Đến.mp3
Không Phải Em,Anh Tú (Voi Bản Đôn),Anh Tú,Vẫn Yêu Một Người,vpop-genz,https://music.youtube.com/watch?v=TsvVJD0HNi0,https://i.ytimg.com/vi/TsvVJD0HNi0/maxresdefault.jpg,Anh Tú (Voi Bản Đôn)/Vẫn Yêu Một Người/Không Phải Em.mp3
Lúng La Lúng Luyến Xuân,Anh Tú (Voi Bản Đôn),Anh Tú,Giai Điệu Mùa Xuân,vpop-genz,https://music.youtube.com/watch?v=XyV48nzqGRY,https://i.ytimg.com/vi/XyV48nzqGRY/maxresdefault.jpg,Anh Tú (Voi Bản Đôn)/Giai Điệu Mùa Xuân/Lúng La Lúng Luyến Xuân.mp3
Nấu Tết khác biệt,Anh Tú (Voi Bản Đôn),Anh Tú,Nấu Tết khác biệt,vpop-genz,https://music.youtube.com/watch?v=v1EQmfr2R8c,https://i.ytimg.com/vi/v1EQmfr2R8c/maxresdefault.jpg,Anh Tú (Voi Bản Đôn)/Nấu Tết khác biệt/Nấu Tết khác biệt.mp3
Thiên Long Hành,Anh Tú (Voi Bản Đôn),"Hoàng Thuỳ Linh, Karik, Anh Tú, Bùi Công Nam",Thiên Long Hành,vpop-genz,https://music.youtube.com/watch?v=j1VDwTb-P_U,https://i.ytimg.com/vi/j1VDwTb-P_U/maxresdefault.jpg,Anh Tú (Voi Bản Đôn)/Thiên Long Hành/Thiên Long Hành.mp3
Muốn Ăn Phải Lăn Vào Bếp (feat. Ricky Star),Anh Tú (Voi Bản Đôn),"Anh Tú, Ricky Star",Muốn Ăn Phải Lăn Vào Bếp (feat. Ricky Star),vpop-genz,https://music.youtube.com/watch?v=x0ibsVSBgfQ,https://i.ytimg.com/vi/x0ibsVSBgfQ/maxresdefault.jpg,Anh Tú (Voi Bản Đôn)/Muốn Ăn Phải Lăn Vào Bếp (feat. Ricky Star)/Muốn Ăn Phải Lăn Vào Bếp (feat. Ricky Star).mp3
Linh Hồn Và Thể Xác & Con Ma,Anh Tú (Voi Bản Đôn),"Thu Phương, Anh Tú",Lột Xác,vpop-genz,https://music.youtube.com/watch?v=MMMJE7WDZDo,https://i.ytimg.com/vi/MMMJE7WDZDo/maxresdefault.jpg,Anh Tú (Voi Bản Đôn)/Lột Xác/Linh Hồn Và Thể Xác & Con Ma.mp3
Yêu Em Trọn Đời,Anh Tú (Voi Bản Đôn),"Anh Tú, anonymous",Nửa Trái Tim Yêu Người,vpop-genz,https://music.youtube.com/watch?v=ySP47srR_lk,https://i.ytimg.com/vi/ySP47srR_lk/maxresdefault.jpg,Anh Tú (Voi Bản Đôn)/Nửa Trái Tim Yêu Người/Yêu Em Trọn Đời.mp3
Khóc Thầm,Anh Tú (Voi Bản Đôn),"Anh Tú, Khúc Lan",Tình Sương Khói,vpop-genz,https://music.youtube.com/watch?v=ucaJZs95y2E,https://i.ytimg.com/vi/ucaJZs95y2E/maxresdefault.jpg,Anh Tú (Voi Bản Đôn)/Tình Sương Khói/Khóc Thầm.mp3
Mười Năm (feat. Ngọc Linh),Đen Vâu,"Đen, Ngọc Linh, Nguyễn Đức Cường, Tô Mạnh Linh, Nguyễn Đức Cường, Tô Mạnh Linh, MISERY",Mười Năm (feat. Ngọc Linh),vpop-rap-hiphop,https://music.youtube.com/watch?v=v-ZHNYOI_eI,https://i.ytimg.com/vi/v-ZHNYOI_eI/maxresdefault.jpg,Đen Vâu/Mười Năm (feat. Ngọc Linh)/Mười Năm (feat. Ngọc Linh).mp3
Cho Mình Em,Đen Vâu,"Binz, Đen",Cho Mình Em,vpop-rap-hiphop,https://music.youtube.com/watch?v=twxEHg_9188,https://i.ytimg.com/vi/twxEHg_9188/maxresdefault.jpg,Đen Vâu/Cho Mình Em/Cho Mình Em.mp3
Nấu ăn cho em (feat. PiaLinh),Đen Vâu,"Đen, PiaLinh",Nấu ăn cho em (feat. PiaLinh),vpop-rap-hiphop,https://music.youtube.com/watch?v=PXTWHpeAEdI,https://i.ytimg.com/vi/PXTWHpeAEdI/maxresdefault.jpg,Đen Vâu/Nấu ăn cho em (feat. PiaLinh)/Nấu ăn cho em (feat. PiaLinh).mp3
Loving You Sunny,Đen Vâu,"Kimmese, Đen",Loving You Sunny,vpop-rap-hiphop,https://music.youtube.com/watch?v=fIzl6pHuZAA,https://i.ytimg.com/vi/fIzl6pHuZAA/maxresdefault.jpg,Đen Vâu/Loving You Sunny/Loving You Sunny.mp3
Lối Nhỏ (feat. Phương Anh Đào),Đen Vâu,"Đen, Phương Anh Đào",Lối Nhỏ (feat. Phương Anh Đào),vpop-rap-hiphop,https://music.youtube.com/watch?v=r8EiDeMf6L0,https://i.ytimg.com/vi/r8EiDeMf6L0/maxresdefault.jpg,Đen Vâu/Lối Nhỏ (feat. Phương Anh Đào)/Lối Nhỏ (feat. Phương Anh Đào).mp3
MỘT NGÀY NÀO ĐÓ,Đen Vâu,"Hoàng Dũng, Đen, Bạn Nhạc.",MỘT NGÀY NÀO ĐÓ,vpop-rap-hiphop,https://music.youtube.com/watch?v=O18v4g1ror8,https://i.ytimg.com/vi/O18v4g1ror8/maxresdefault.jpg,Đen Vâu/MỘT NGÀY NÀO ĐÓ/MỘT NGÀY NÀO ĐÓ.mp3
Đi Về Nhà,Đen Vâu,"Đen, JustaTee",Đi Về Nhà,vpop-rap-hiphop,https://music.youtube.com/watch?v=SfVqTHW5cIU,https://i.ytimg.com/vi/SfVqTHW5cIU/maxresdefault.jpg,Đen Vâu/Đi Về Nhà/Đi Về Nhà.mp3
Vị Nhà,Đen Vâu,Đen,Vị Nhà,vpop-rap-hiphop,https://music.youtube.com/watch?v=ajT43rXgqN0,https://i.ytimg.com/vi/ajT43rXgqN0/maxresdefault.jpg,Đen Vâu/Vị Nhà/Vị Nhà.mp3
Ta Cứ Đi Cùng Nhau (feat. Linh Cáo),Đen Vâu,"Đen, Linh Cáo",Ta Cứ Đi Cùng Nhau (feat. Linh Cáo),vpop-rap-hiphop,https://music.youtube.com/watch?v=SmCTwNYMtmE,https://i.ytimg.com/vi/SmCTwNYMtmE/maxresdefault.jpg,Đen Vâu/Ta Cứ Đi Cùng Nhau (feat. Linh Cáo)/Ta Cứ Đi Cùng Nhau (feat. Linh Cáo).mp3
Làm Gì Phải Hốt,Đen Vâu,"Hoàng Thùy Linh, JustaTee, Đen",Làm Gì Phải Hốt,vpop-rap-hiphop,https://music.youtube.com/watch?v=O0dmzjSnhzY,https://i.ytimg.com/vi/O0dmzjSnhzY/maxresdefault.jpg,Đen Vâu/Làm Gì Phải Hốt/Làm Gì Phải Hốt.mp3
Cho Tôi Lang Thang,Đen Vâu,"Ngọt, Đen",Cho Tôi Lang Thang,vpop-rap-hiphop,https://music.youtube.com/watch?v=r8W_GDzHW7c,https://i.ytimg.com/vi/r8W_GDzHW7c/maxresdefault.jpg,Đen Vâu/Cho Tôi Lang Thang/Cho Tôi Lang Thang.mp3
Mười Năm (feat. Ngọc Linh) (Live At Show Của Đen),Đen Vâu,"Đen, Ngọc Linh, Nguyễn Đức Cường, Nguyễn Đức Cường, Kent Tran",Show Của Đen,vpop-rap-hiphop,https://music.youtube.com/watch?v=HSpj8x-PCOo,https://i.ytimg.com/vi/HSpj8x-PCOo/maxresdefault.jpg,Đen Vâu/Show Của Đen/Mười Năm (feat. Ngọc Linh) (Live At Show Của Đen).mp3
Bài Này Chill Phết,Đen Vâu,"Đen, MIN",Bài Này Chill Phết,vpop-rap-hiphop,https://music.youtube.com/watch?v=eJZ65JSoM6I,https://i.ytimg.com/vi/eJZ65JSoM6I/maxresdefault.jpg,Đen Vâu/Bài Này Chill Phết/Bài Này Chill Phết.mp3
Đi Theo Bóng Mặt Trời (feat. Giang Nguyễn),Đen Vâu,"Đen, Giang Nguyễn",Đi Theo Bóng Mặt Trời (feat. Giang Nguyễn),vpop-rap-hiphop,https://music.youtube.com/watch?v=SbAnsIZKf9A,https://i.ytimg.com/vi/SbAnsIZKf9A/maxresdefault.jpg,Đen Vâu/Đi Theo Bóng Mặt Trời (feat. Giang Nguyễn)/Đi Theo Bóng Mặt Trời (feat. Giang Nguyễn).mp3
Mang Tiền Về Cho Mẹ (feat. Nguyên Thảo),Đen Vâu,"Đen, Nguyên Thảo",Mang Tiền Về Cho Mẹ (feat. Nguyên Thảo),vpop-rap-hiphop,https://music.youtube.com/watch?v=js-rEIbjYeM,https://i.ytimg.com/vi/js-rEIbjYeM/maxresdefault.jpg,Đen Vâu/Mang Tiền Về Cho Mẹ (feat. Nguyên Thảo)/Mang Tiền Về Cho Mẹ (feat. Nguyên Thảo).mp3
Đưa Nhau Đi Trốn (feat. Linh Cáo) (Live At Show Của Đen),Đen Vâu,"Đen, Linh Cáo, Nguyễn Thị Thùy Linh, Nguyễn Thị Thùy Linh, Long Nguyễn",Show Của Đen,vpop-rap-hiphop,https://music.youtube.com/watch?v=unpb3J5XfNE,https://i.ytimg.com/vi/unpb3J5XfNE/maxresdefault.jpg,Đen Vâu/Show Của Đen/Đưa Nhau Đi Trốn (feat. Linh Cáo) (Live At Show Của Đen).mp3
Đố em biết anh đang nghĩ gì (feat. Biên),Đen Vâu,"Đen, JustaTee, Biên",Đố em biết anh đang nghĩ gì (feat. Biên),vpop-rap-hiphop,https://music.youtube.com/watch?v=BB3PV6sdahM,https://i.ytimg.com/vi/BB3PV6sdahM/maxresdefault.jpg,Đen Vâu/Đố em biết anh đang nghĩ gì (feat. Biên)/Đố em biết anh đang nghĩ gì (feat. Biên).mp3
Trốn Tìm (feat. MTV band),Đen Vâu,"Đen, MTV band",Trốn Tìm (feat. MTV band),vpop-rap-hiphop,https://music.youtube.com/watch?v=ck14QhzyznQ,https://i.ytimg.com/vi/ck14QhzyznQ/maxresdefault.jpg,Đen Vâu/Trốn Tìm (feat. MTV band)/Trốn Tìm (feat. MTV band).mp3
hai triệu năm (feat. Biên),Đen Vâu,"Đen, Biên",hai triệu năm (feat. Biên),vpop-rap-hiphop,https://music.youtube.com/watch?v=JtBHfg4zZxw,https://i.ytimg.com/vi/JtBHfg4zZxw/maxresdefault.jpg,Đen Vâu/hai triệu năm (feat. Biên)/hai triệu năm (feat. Biên).mp3
Ai muốn nghe không,Đen Vâu,Đen,Ai muốn nghe không,vpop-rap-hiphop,https://music.youtube.com/watch?v=5_ZQk_E676s,https://i.ytimg.com/vi/5_ZQk_E676s/maxresdefault.jpg,Đen Vâu/Ai muốn nghe không/Ai muốn nghe không.mp3
Lãng đãng,Đen Vâu,Đen,Lãng đãng,vpop-rap-hiphop,https://music.youtube.com/watch?v=9aAcENop_cc,https://i.ytimg.com/vi/9aAcENop_cc/maxresdefault.jpg,Đen Vâu/Lãng đãng/Lãng đãng.mp3
Mở Mắt,Đen Vâu,"Lil Wuyn, Đen",Mở Mắt,vpop-rap-hiphop,https://music.youtube.com/watch?v=BZjivWHhVw0,https://i.ytimg.com/vi/BZjivWHhVw0/maxresdefault.jpg,Đen Vâu/Mở Mắt/Mở Mắt.mp3
"Anh Đếch Cần Gì Nhiều Ngoài Em (feat. Thành Đồng, Vũ.)",Đen Vâu,"Đen, Thành Đồng, Vũ.","Anh Đếch Cần Gì Nhiều Ngoài Em (feat. Thành Đồng, Vũ.)",vpop-rap-hiphop,https://music.youtube.com/watch?v=tWTWGLN-bAg,https://i.ytimg.com/vi/tWTWGLN-bAg/maxresdefault.jpg,"Đen Vâu/Anh Đếch Cần Gì Nhiều Ngoài Em (feat. Thành Đồng, Vũ.)/Anh Đếch Cần Gì Nhiều Ngoài Em (feat. Thành Đồng, Vũ.).mp3"
Mơ (feat. Hậu Vi),Đen Vâu,"Đen, Hậu Vi, Nguyễn Đức Cường, Nguyễn Đức Cường, River Beats",Kobukovu,vpop-rap-hiphop,https://music.youtube.com/watch?v=eWM3OnVDQb0,https://i.ytimg.com/vi/eWM3OnVDQb0/maxresdefault.jpg,Đen Vâu/Kobukovu/Mơ (feat. Hậu Vi).mp3
Luôn yêu đời (feat. Cheng),Đen Vâu,"Đen, Cheng",Luôn yêu đời (feat. Cheng),vpop-rap-hiphop,https://music.youtube.com/watch?v=gc9Y96LjlxQ,https://i.ytimg.com/vi/gc9Y96LjlxQ/maxresdefault.jpg,Đen Vâu/Luôn yêu đời (feat. Cheng)/Luôn yêu đời (feat. Cheng).mp3
Việc lớn,Đen Vâu,"Đen, Dòng Thời Gian",Việc lớn,vpop-rap-hiphop,https://music.youtube.com/watch?v=GweJJqlAQtw,https://i.ytimg.com/vi/GweJJqlAQtw/maxresdefault.jpg,Đen Vâu/Việc lớn/Việc lớn.mp3
"Diễn viên tồi (feat. Thành Bùi, Cadillac)",Đen Vâu,"Đen, Thành Bùi, Cadillac","Diễn viên tồi (feat. Thành Bùi, Cadillac)",vpop-rap-hiphop,https://music.youtube.com/watch?v=mJBfIFFVfxE,https://i.ytimg.com/vi/mJBfIFFVfxE/maxresdefault.jpg,"Đen Vâu/Diễn viên tồi (feat. Thành Bùi, Cadillac)/Diễn viên tồi (feat. Thành Bùi, Cadillac).mp3"
"Ngày Khác Lạ (feat. Giang Phạm, Triple D)",Đen Vâu,"Đen, Giang Phạm, Triple D","Ngày Khác Lạ (feat. Giang Phạm, Triple D)",vpop-rap-hiphop,https://music.youtube.com/watch?v=BCDsCrmzovI,https://i.ytimg.com/vi/BCDsCrmzovI/maxresdefault.jpg,"Đen Vâu/Ngày Khác Lạ (feat. Giang Phạm, Triple D)/Ngày Khác Lạ (feat. Giang Phạm, Triple D).mp3"
Rapcoustic 5,Đen Vâu,"Đen, Kimmese, Lynk Lee, Nguyễn Đức Cường, Quách Cẩm Lê, Tô Mạnh Linh, Nguyễn Đức Cường, Quách Cẩm Lê, Tô Mạnh Linh, Sỹ Tuệ, Quốc Bảo, Long Halo",Rapcoustic 5,vpop-rap-hiphop,https://music.youtube.com/watch?v=h4mDsXXGpWY,https://i.ytimg.com/vi/h4mDsXXGpWY/maxresdefault.jpg,Đen Vâu/Rapcoustic 5/Rapcoustic 5.mp3
rungoustic,Đen Vâu,"Đen, Jack Trần, Ly Mí Cường, Biên, Phúc Minh, Hiền VK",rungoustic,vpop-rap-hiphop,https://music.youtube.com/watch?v=5qyibKJmkSI,https://i.ytimg.com/vi/5qyibKJmkSI/maxresdefault.jpg,Đen Vâu/rungoustic/rungoustic.mp3
Cho Toi Lang Thang (feat. Ngọt) (Live At Show Của Đen),Đen Vâu,"Đen, Ngọt, Ngọt, Nguyễn Đức Cường, Ngọt, Nguyễn Đức Cường, Ngọt",Show Của Đen,vpop-rap-hiphop,https://music.youtube.com/watch?v=PJEr94Lp6Kw,https://i.ytimg.com/vi/PJEr94Lp6Kw/maxresdefault.jpg,Đen Vâu/Show Của Đen/Cho Toi Lang Thang (feat. Ngọt) (Live At Show Của Đen).mp3
Ngày Lang Thang (Solo Version),Đen Vâu,"Đen, Nguyễn Đức Cường, Nguyễn Đức Cường, Evelution Beats (Eva Begon)",Ngày Lang Thang (Solo Version),vpop-rap-hiphop,https://music.youtube.com/watch?v=5jJaSEQ7FwM,https://i.ytimg.com/vi/5jJaSEQ7FwM/maxresdefault.jpg,Đen Vâu/Ngày Lang Thang (Solo Version)/Ngày Lang Thang (Solo Version).mp3
Lộn Xộn 2,Đen Vâu,"Đen, Nguyễn Đức Cường, Nguyễn Đức Cường, Sarcastic Sounds",Lộn Xộn 2,vpop-rap-hiphop,https://music.youtube.com/watch?v=QJMA7m3uYzc,https://i.ytimg.com/vi/QJMA7m3uYzc/maxresdefault.jpg,Đen Vâu/Lộn Xộn 2/Lộn Xộn 2.mp3
"Ghé Thăm (feat. JGKiD (Da LAB), Kimmese, Linh Cáo)",Đen Vâu,"Đen, JGKiD (Da LAB), Kimmese, Linh Cáo, Linh Cáo, Võ Việt Phương, Quách Cẩm Lê, Nguyễn Đức Cường, Linh Cáo, Võ Việt Phương, Quách Cẩm Lê, Nguyễn Đức Cường, Mantra",Kobukovu,vpop-rap-hiphop,https://music.youtube.com/watch?v=xCHaD53FCEc,https://i.ytimg.com/vi/xCHaD53FCEc/maxresdefault.jpg,"Đen Vâu/Kobukovu/Ghé Thăm (feat. JGKiD (Da LAB), Kimmese, Linh Cáo).mp3"
FRIENDSHIP (feat. Friends),Đen Vâu,"Đen, Friends",FRIENDSHIP (feat. Friends),vpop-rap-hiphop,https://music.youtube.com/watch?v=CHMhUQayK4s,https://i.ytimg.com/vi/CHMhUQayK4s/maxresdefault.jpg,Đen Vâu/FRIENDSHIP (feat. Friends)/FRIENDSHIP (feat. Friends).mp3
Trạm Dừng Chân,Đen Vâu,"Kimmese, Đen",Trạm Dừng Chân,vpop-rap-hiphop,https://music.youtube.com/watch?v=5BT3nZoBMc0,https://i.ytimg.com/vi/5BT3nZoBMc0/maxresdefault.jpg,Đen Vâu/Trạm Dừng Chân/Trạm Dừng Chân.mp3
Triệu điều nhỏ xíu xiêu lòng,Đen Vâu,"Đen, Kim Long",Triệu điều nhỏ xíu xiêu lòng,vpop-rap-hiphop,https://music.youtube.com/watch?v=F41aECMeoyM,https://i.ytimg.com/vi/F41aECMeoyM/maxresdefault.jpg,Đen Vâu/Triệu điều nhỏ xíu xiêu lòng/Triệu điều nhỏ xíu xiêu lòng.mp3
Nhạc của rừng,Đen Vâu,"Đen, Hiền VK",Nhạc của rừng,vpop-rap-hiphop,https://music.youtube.com/watch?v=q5aKcyMALJI,https://i.ytimg.com/vi/q5aKcyMALJI/maxresdefault.jpg,Đen Vâu/Nhạc của rừng/Nhạc của rừng.mp3
Bài Này Chill Phết (Live At Show Của Đen),Đen Vâu,"Đen, Nguyễn Đức Cường, Quách Cẩm Lê, Nguyễn Đức Cường, Quách Cẩm Lê, Màu Nước",Show Của Đen,vpop-rap-hiphop,https://music.youtube.com/watch?v=S0LUwv7oFBw,https://i.ytimg.com/vi/S0LUwv7oFBw/maxresdefault.jpg,Đen Vâu/Show Của Đen/Bài Này Chill Phết (Live At Show Của Đen).mp3
Miền Đất Hứa,Đen Vâu,"Hoàng Thùy Linh, Đen",Miền Đất Hứa,vpop-rap-hiphop,https://music.youtube.com/watch?v=s5Kz6g7uDEs,https://i.ytimg.com/vi/s5Kz6g7uDEs/maxresdefault.jpg,Đen Vâu/Miền Đất Hứa/Miền Đất Hứa.mp3
"Dưới Hiên Nhà (feat. Emcee L, JGKiD)",Đen Vâu,"Đen, Emcee L, JGKiD, Nguyễn Đức Cường, Nguyễn Hoàng Long, Võ Việt Phương, Nguyễn Đức Cường, Nguyễn Hoàng Long, Võ Việt Phương, Retro Hills","Dưới Hiên Nhà (feat. Emcee L, JGKiD)",vpop-rap-hiphop,https://music.youtube.com/watch?v=kD1HYEy3KC8,https://i.ytimg.com/vi/kD1HYEy3KC8/maxresdefault.jpg,"Đen Vâu/Dưới Hiên Nhà (feat. Emcee L, JGKiD)/Dưới Hiên Nhà (feat. Emcee L, JGKiD).mp3"
Trời hôm nay nhiều mây cực!,Đen Vâu,Đen,Trời hôm nay nhiều mây cực!,vpop-rap-hiphop,https://music.youtube.com/watch?v=MBaF0l-PcRY,https://i.ytimg.com/vi/MBaF0l-PcRY/maxresdefault.jpg,Đen Vâu/Trời hôm nay nhiều mây cực!/Trời hôm nay nhiều mây cực!.mp3
Mưa Trên Những Mái Tôn (feat. Kaang),Đen Vâu,"Đen, Kaang, Nguyễn Đức Cường, Nguyễn Đức Cường, Maxbenderz",Kobukovu,vpop-rap-hiphop,https://music.youtube.com/watch?v=hz-lEsW8T24,https://i.ytimg.com/vi/hz-lEsW8T24/maxresdefault.jpg,Đen Vâu/Kobukovu/Mưa Trên Những Mái Tôn (feat. Kaang).mp3
Đưa Nhau Đi Trốn (Chill Version),Đen Vâu,"Đen, Linh Cáo",Đưa Nhau Đi Trốn (Chill Version),vpop-rap-hiphop,https://music.youtube.com/watch?v=GCQdUJVmwR0,https://i.ytimg.com/vi/GCQdUJVmwR0/maxresdefault.jpg,Đen Vâu/Đưa Nhau Đi Trốn (Chill Version)/Đưa Nhau Đi Trốn (Chill Version).mp3
Đừng Gọi Anh Là Idol (feat. Lynk Lee),Đen Vâu,"Đen, Lynk Lee",Đừng Gọi Anh Là Idol (feat. Lynk Lee),vpop-rap-hiphop,https://music.youtube.com/watch?v=XYtdAN0NeWg,https://i.ytimg.com/vi/XYtdAN0NeWg/maxresdefault.jpg,Đen Vâu/Đừng Gọi Anh Là Idol (feat. Lynk Lee)/Đừng Gọi Anh Là Idol (feat. Lynk Lee).mp3
Hát cho đời và hát cho em,Đen Vâu,"JGKiD (Da LAB), Rabbit Run, Đen, Emcee L (Da LAB)",Hát cho đời và hát cho em,vpop-rap-hiphop,https://music.youtube.com/watch?v=crv37o7YTpM,https://i.ytimg.com/vi/crv37o7YTpM/maxresdefault.jpg,Đen Vâu/Hát cho đời và hát cho em/Hát cho đời và hát cho em.mp3
Ta Cứ Đi Cùng Nhau (feat. Linh Cáo) (Live At Show Của Đen),Đen Vâu,"Đen, Linh Cáo, Nguyễn Thị Thùy Linh, Nguyễn Thị Thùy Linh, Kent Tran, iTễu",Show Của Đen,vpop-rap-hiphop,https://music.youtube.com/watch?v=ReyUuziEgG8,https://i.ytimg.com/vi/ReyUuziEgG8/maxresdefault.jpg,Đen Vâu/Show Của Đen/Ta Cứ Đi Cùng Nhau (feat. Linh Cáo) (Live At Show Của Đen).mp3
Cảm ơn (feat. Biên),Đen Vâu,"Đen, Biên, Nguyễn Đức Cường, Nguyễn Đức Cường, Novmber",Cảm ơn (feat. Biên),vpop-rap-hiphop,https://music.youtube.com/watch?v=P1aAJ3T8BTA,https://i.ytimg.com/vi/P1aAJ3T8BTA/maxresdefault.jpg,Đen Vâu/Cảm ơn (feat. Biên)/Cảm ơn (feat. Biên).mp3
Đố em biết anh đang nghĩ gì (feat. Biên) (Remix),Đen Vâu,"Đen, JustaTee, Biên",Đố em biết anh đang nghĩ gì (feat. Biên) (Remix),vpop-rap-hiphop,https://music.youtube.com/watch?v=MfsM3siC-y0,https://i.ytimg.com/vi/MfsM3siC-y0/maxresdefault.jpg,Đen Vâu/Đố em biết anh đang nghĩ gì (feat. Biên) (Remix)/Đố em biết anh đang nghĩ gì (feat. Biên) (Remix).mp3
Ði Trong Mùa Hè (feat. Trần Tiến),Đen Vâu,"Đen, Trần Tiến",Ði Trong Mùa Hè (feat. Trần Tiến),vpop-rap-hiphop,https://music.youtube.com/watch?v=IaolECfy0Z0,https://i.ytimg.com/vi/IaolECfy0Z0/maxresdefault.jpg,Đen Vâu/Ði Trong Mùa Hè (feat. Trần Tiến)/Ði Trong Mùa Hè (feat. Trần Tiến).mp3
Cơn Mưa Cuối,JustaTee,"JustaTee, Binz",Cơn Mưa Cuối,vpop-rap-hiphop,https://music.youtube.com/watch?v=XHZUCtbG8_s,https://i.ytimg.com/vi/XHZUCtbG8_s/maxresdefault.jpg,JustaTee/Cơn Mưa Cuối/Cơn Mưa Cuối.mp3
In Love,JustaTee,Low G,L2K,vpop-rap-hiphop,https://music.youtube.com/watch?v=x8cz2E_nutc,https://i.ytimg.com/vi/x8cz2E_nutc/maxresdefault.jpg,JustaTee/L2K/In Love.mp3
Thằng Điên,JustaTee,"JustaTee, PHUONG LY",Thằng Điên,vpop-rap-hiphop,https://music.youtube.com/watch?v=iYLEWqRbp9M,https://i.ytimg.com/vi/iYLEWqRbp9M/maxresdefault.jpg,JustaTee/Thằng Điên/Thằng Điên.mp3
Da Lo Yeu Em Nhieu,JustaTee,JustaTee,Da Lo Yeu Em Nhieu,vpop-rap-hiphop,https://music.youtube.com/watch?v=9mxTxTRHNMU,https://i.ytimg.com/vi/9mxTxTRHNMU/maxresdefault.jpg,JustaTee/Da Lo Yeu Em Nhieu/Da Lo Yeu Em Nhieu.mp3
Crying Over You,JustaTee,"JustaTee, Binz",Crying Over You,vpop-rap-hiphop,https://music.youtube.com/watch?v=3v2dnOb2Efk,https://i.ytimg.com/vi/3v2dnOb2Efk/maxresdefault.jpg,JustaTee/Crying Over You/Crying Over You.mp3
2AM,JustaTee,"JustaTee, BigDaddy",2AM,vpop-rap-hiphop,https://music.youtube.com/watch?v=lz3v23n_pzo,https://i.ytimg.com/vi/lz3v23n_pzo/maxresdefault.jpg,JustaTee/2AM/2AM.mp3
Bâng Khuâng,JustaTee,JustaTee,Bâng Khuâng,vpop-rap-hiphop,https://music.youtube.com/watch?v=o4jIKFvfxVY,https://i.ytimg.com/vi/o4jIKFvfxVY/maxresdefault.jpg,JustaTee/Bâng Khuâng/Bâng Khuâng.mp3
She Neva Knows,JustaTee,JustaTee,She Neva Knows,vpop-rap-hiphop,https://music.youtube.com/watch?v=GJgyNpBkiqg,https://i.ytimg.com/vi/GJgyNpBkiqg/maxresdefault.jpg,JustaTee/She Neva Knows/She Neva Knows.mp3
Forget About Her,JustaTee,JustaTee,KOSMIK,vpop-rap-hiphop,https://music.youtube.com/watch?v=EuoRniik4Nc,https://i.ytimg.com/vi/EuoRniik4Nc/maxresdefault.jpg,JustaTee/KOSMIK/Forget About Her.mp3
Mat Troi Cua Em,JustaTee,"Phuong Ly, Justatee",Mat Troi Cua Em,vpop-rap-hiphop,https://music.youtube.com/watch?v=piLvFGVCNbc,https://i.ytimg.com/vi/piLvFGVCNbc/maxresdefault.jpg,JustaTee/Mat Troi Cua Em/Mat Troi Cua Em.mp3
Đi Về Nhà,JustaTee,"Đen, JustaTee",Đi Về Nhà,vpop-rap-hiphop,https://music.youtube.com/watch?v=SfVqTHW5cIU,https://i.ytimg.com/vi/SfVqTHW5cIU/maxresdefault.jpg,JustaTee/Đi Về Nhà/Đi Về Nhà.mp3
Làm Gì Phải Hốt,JustaTee,"Hoàng Thùy Linh, JustaTee, Đen",Làm Gì Phải Hốt,vpop-rap-hiphop,https://music.youtube.com/watch?v=O0dmzjSnhzY,https://i.ytimg.com/vi/O0dmzjSnhzY/maxresdefault.jpg,JustaTee/Làm Gì Phải Hốt/Làm Gì Phải Hốt.mp3
Hoa sữa,JustaTee,"JustaTee, Mr. A, Kimmese",Hoa sữa,vpop-rap-hiphop,https://music.youtube.com/watch?v=QkPNYhIrv94,https://i.ytimg.com/vi/QkPNYhIrv94/maxresdefault.jpg,JustaTee/Hoa sữa/Hoa sữa.mp3
Xin Anh Đừng,JustaTee,"Emily, JustaTee, LK",Xin Anh Đừng,vpop-rap-hiphop,https://music.youtube.com/watch?v=zA1Oaci28AE,https://i.ytimg.com/vi/zA1Oaci28AE/maxresdefault.jpg,JustaTee/Xin Anh Đừng/Xin Anh Đừng.mp3
Imma-heartbreaker (feat. LK & Emily),JustaTee,"JustaTee, LK, Emily",JUSTATEE,vpop-rap-hiphop,https://music.youtube.com/watch?v=ZDeM1kK-7mM,https://i.ytimg.com/vi/ZDeM1kK-7mM/maxresdefault.jpg,JustaTee/JUSTATEE/Imma-heartbreaker (feat. LK & Emily).mp3
Thời Gian Sẽ Trả Lời,JustaTee,"JustaTee, Tien Cookie, BigDaddy",Thời Gian Sẽ Trả Lời,vpop-rap-hiphop,https://music.youtube.com/watch?v=m2yfgKPmCk0,https://i.ytimg.com/vi/m2yfgKPmCk0/maxresdefault.jpg,JustaTee/Thời Gian Sẽ Trả Lời/Thời Gian Sẽ Trả Lời.mp3
Đố em biết anh đang nghĩ gì (feat. Biên),JustaTee,"Đen, JustaTee, Biên",Đố em biết anh đang nghĩ gì (feat. Biên),vpop-rap-hiphop,https://music.youtube.com/watch?v=BB3PV6sdahM,https://i.ytimg.com/vi/BB3PV6sdahM/maxresdefault.jpg,JustaTee/Đố em biết anh đang nghĩ gì (feat. Biên)/Đố em biết anh đang nghĩ gì (feat. Biên).mp3
"Talk To You (feat. Bueno, Mr.A, Elli'an & Mr. T)",JustaTee,"JustaTee, Bueno, Mr.A, Elli'an, Mr. T","Talk To You (feat. Bueno, Mr.A, Elli'an & Mr. T)",vpop-rap-hiphop,https://music.youtube.com/watch?v=omEwZ96tM-Y,https://i.ytimg.com/vi/omEwZ96tM-Y/maxresdefault.jpg,"JustaTee/Talk To You (feat. Bueno, Mr.A, Elli'an & Mr. T)/Talk To You (feat. Bueno, Mr.A, Elli'an & Mr. T).mp3"
Ngọn Nến Trước Gió,JustaTee,"JustaTee, LK, Emily",Ngọn Nến Trước Gió,vpop-rap-hiphop,https://music.youtube.com/watch?v=fHjK7MUpZts,https://i.ytimg.com/vi/fHjK7MUpZts/maxresdefault.jpg,JustaTee/Ngọn Nến Trước Gió/Ngọn Nến Trước Gió.mp3
Người Nào Đó,JustaTee,JustaTee,Người Nào Đó,vpop-rap-hiphop,https://music.youtube.com/watch?v=Gw2WX1PuiFY,https://i.ytimg.com/vi/Gw2WX1PuiFY/maxresdefault.jpg,JustaTee/Người Nào Đó/Người Nào Đó.mp3
Người Lạ Nơi Cuối Con Đường,JustaTee,"Lil Knight, JustaTee",Người Lạ Nơi Cuối Con Đường,vpop-rap-hiphop,https://music.youtube.com/watch?v=Bm2hkAAzukI,https://i.ytimg.com/vi/Bm2hkAAzukI/maxresdefault.jpg,JustaTee/Người Lạ Nơi Cuối Con Đường/Người Lạ Nơi Cuối Con Đường.mp3
K Pt. 2,JustaTee,"JustaTee, LK, Eddy Việt",K Pt. 2,vpop-rap-hiphop,https://music.youtube.com/watch?v=NOUzfCfp-dM,https://i.ytimg.com/vi/NOUzfCfp-dM/maxresdefault.jpg,JustaTee/K Pt. 2/K Pt. 2.mp3
GIÀU NHẤT KHU PHÙ HOA,JustaTee,"Justatee, Wxrdie, Gill, Dangrangto, Hustlang Robber",WeChoice Awards 2024,vpop-rap-hiphop,https://music.youtube.com/watch?v=LYszyDppn18,https://i.ytimg.com/vi/LYszyDppn18/maxresdefault.jpg,JustaTee/WeChoice Awards 2024/GIÀU NHẤT KHU PHÙ HOA.mp3
Real Love,JustaTee,"Kimmese, JustaTee",Real Love,vpop-rap-hiphop,https://music.youtube.com/watch?v=qGW4jPZS_PU,https://i.ytimg.com/vi/qGW4jPZS_PU/maxresdefault.jpg,JustaTee/Real Love/Real Love.mp3
Em không lẻ loi,JustaTee,JustaTee,Em không lẻ loi,vpop-rap-hiphop,https://music.youtube.com/watch?v=KGqu1WWBUTI,https://i.ytimg.com/vi/KGqu1WWBUTI/maxresdefault.jpg,JustaTee/Em không lẻ loi/Em không lẻ loi.mp3
Forever Alone,JustaTee,JustaTee,Forever Alone,vpop-rap-hiphop,https://music.youtube.com/watch?v=duMsA70upeM,https://i.ytimg.com/vi/duMsA70upeM/maxresdefault.jpg,JustaTee/Forever Alone/Forever Alone.mp3
Lonely Star,JustaTee,"JustaTee, LK, PA",Lonely Star,vpop-rap-hiphop,https://music.youtube.com/watch?v=DJrXxhboUBo,https://i.ytimg.com/vi/DJrXxhboUBo/maxresdefault.jpg,JustaTee/Lonely Star/Lonely Star.mp3
Cần Gì Hơn,JustaTee,"Tiên Tiên, JustaTee",Cần Gì Hơn,vpop-rap-hiphop,https://music.youtube.com/watch?v=soQGUT3Q9zQ,https://i.ytimg.com/vi/soQGUT3Q9zQ/maxresdefault.jpg,JustaTee/Cần Gì Hơn/Cần Gì Hơn.mp3
K Pt. 1,JustaTee,"JustaTee, Mr. A, Mr. T",K Pt. 1,vpop-rap-hiphop,https://music.youtube.com/watch?v=YXSNWM8FfGA,https://i.ytimg.com/vi/YXSNWM8FfGA/maxresdefault.jpg,JustaTee/K Pt. 1/K Pt. 1.mp3
Ez Papa,JustaTee,JustaTee,Ez Papa,vpop-rap-hiphop,https://music.youtube.com/watch?v=F8_Pl-XfRa0,https://i.ytimg.com/vi/F8_Pl-XfRa0/maxresdefault.jpg,JustaTee/Ez Papa/Ez Papa.mp3
Bông Hoa Nhài,JustaTee,JustaTee,Bông Hoa Nhài,vpop-rap-hiphop,https://music.youtube.com/watch?v=yiGT1R-50aY,https://i.ytimg.com/vi/yiGT1R-50aY/maxresdefault.jpg,JustaTee/Bông Hoa Nhài/Bông Hoa Nhài.mp3
A Veil of Mist,JustaTee,"SPACESPEAKERS, Binz, JustaTee, Rhymastic, SOOBIN",KOSMIK,vpop-rap-hiphop,https://music.youtube.com/watch?v=ViUCaz2SNqA,https://i.ytimg.com/vi/ViUCaz2SNqA/maxresdefault.jpg,JustaTee/KOSMIK/A Veil of Mist.mp3
Mlem Mlem,JustaTee,"MIN, Justatee, Yuno Bigboi",Mlem Mlem,vpop-rap-hiphop,https://music.youtube.com/watch?v=iy7kpeE1CyA,https://i.ytimg.com/vi/iy7kpeE1CyA/maxresdefault.jpg,JustaTee/Mlem Mlem/Mlem Mlem.mp3
Where's Mah Name (feat. Bueno & Mr.A),JustaTee,"JustaTee, Bueno, Mr.A",JUSTATEE,vpop-rap-hiphop,https://music.youtube.com/watch?v=kwAh0uKto-0,https://i.ytimg.com/vi/kwAh0uKto-0/maxresdefault.jpg,JustaTee/JUSTATEE/Where's Mah Name (feat. Bueno & Mr.A).mp3
Đố em biết anh đang nghĩ gì (feat. Biên) (Remix),JustaTee,"Đen, JustaTee, Biên",Đố em biết anh đang nghĩ gì (feat. Biên) (Remix),vpop-rap-hiphop,https://music.youtube.com/watch?v=MfsM3siC-y0,https://i.ytimg.com/vi/MfsM3siC-y0/maxresdefault.jpg,JustaTee/Đố em biết anh đang nghĩ gì (feat. Biên) (Remix)/Đố em biết anh đang nghĩ gì (feat. Biên) (Remix).mp3
Cần Gì Hơn (Teddy Doox Remix),JustaTee,"Tiên Tiên, JustaTee",Cần Gì Hơn,vpop-rap-hiphop,https://music.youtube.com/watch?v=Ph_kTh9fl4I,https://i.ytimg.com/vi/Ph_kTh9fl4I/maxresdefault.jpg,JustaTee/Cần Gì Hơn/Cần Gì Hơn (Teddy Doox Remix).mp3
Ngọt,JustaTee,"JustaTee, Rhymastic",Ngọt,vpop-rap-hiphop,https://music.youtube.com/watch?v=y8Ww2zOD_Cw,https://i.ytimg.com/vi/y8Ww2zOD_Cw/maxresdefault.jpg,JustaTee/Ngọt/Ngọt.mp3
Cuộc Gọi Cuối  (Last Call),JustaTee,JustaTee,Cuộc Gọi Cuối  (Last Call),vpop-rap-hiphop,https://music.youtube.com/watch?v=_9BFHfjC_PA,https://i.ytimg.com/vi/_9BFHfjC_PA/maxresdefault.jpg,JustaTee/Cuộc Gọi Cuối  (Last Call)/Cuộc Gọi Cuối  (Last Call).mp3
Không Tin Một Sớm Mai Bình Yên (LadyKillah Remix),JustaTee,"JustaTee, LK",Không Tin Một Sớm Mai Bình Yên (LadyKillah Remix),vpop-rap-hiphop,https://music.youtube.com/watch?v=44j5TlsHz1Q,https://i.ytimg.com/vi/44j5TlsHz1Q/maxresdefault.jpg,JustaTee/Không Tin Một Sớm Mai Bình Yên (LadyKillah Remix)/Không Tin Một Sớm Mai Bình Yên (LadyKillah Remix).mp3
Ta Còn Đây,JustaTee,"JustaTee, Rhymastic",Ta Còn Đây,vpop-rap-hiphop,https://music.youtube.com/watch?v=Gs8jYqyt86w,https://i.ytimg.com/vi/Gs8jYqyt86w/maxresdefault.jpg,JustaTee/Ta Còn Đây/Ta Còn Đây.mp3
Dù Anh Có Đứng Lại,JustaTee,"JustaTee, BigDaddy",Dù Anh Có Đứng Lại,vpop-rap-hiphop,https://music.youtube.com/watch?v=nTmlj-MYLPg,https://i.ytimg.com/vi/nTmlj-MYLPg/maxresdefault.jpg,JustaTee/Dù Anh Có Đứng Lại/Dù Anh Có Đứng Lại.mp3
Call Me The Liar,JustaTee,"JustaTee, LK, Eddy Việt",Call Me The Liar,vpop-rap-hiphop,https://music.youtube.com/watch?v=Jxmlo6bumNQ,https://i.ytimg.com/vi/Jxmlo6bumNQ/maxresdefault.jpg,JustaTee/Call Me The Liar/Call Me The Liar.mp3
Điều Nhỏ Bé Thần Kỳ,JustaTee,"JustaTee, Nguyễn Thanh Tuấn",Điều Nhỏ Bé Thần Kỳ,vpop-rap-hiphop,https://music.youtube.com/watch?v=Sg22RF2eQpQ,https://i.ytimg.com/vi/Sg22RF2eQpQ/maxresdefault.jpg,JustaTee/Điều Nhỏ Bé Thần Kỳ/Điều Nhỏ Bé Thần Kỳ.mp3
Wrong Bitch,JustaTee,"JustaTee, Andree",Wrong Bitch,vpop-rap-hiphop,https://music.youtube.com/watch?v=OkCySIdfPB0,https://i.ytimg.com/vi/OkCySIdfPB0/maxresdefault.jpg,JustaTee/Wrong Bitch/Wrong Bitch.mp3
Về Nhà Ăn Tết 2,JustaTee,"JustaTee, BigDaddy, Double2T",Về Nhà Ăn Tết 2,vpop-rap-hiphop,https://music.youtube.com/watch?v=agTP-4szh9E,https://i.ytimg.com/vi/agTP-4szh9E/maxresdefault.jpg,JustaTee/Về Nhà Ăn Tết 2/Về Nhà Ăn Tết 2.mp3
Cabinet,JustaTee,"효민, JustaTee",Cabinet,vpop-rap-hiphop,https://music.youtube.com/watch?v=bSr0O_4Dy6o,https://i.ytimg.com/vi/bSr0O_4Dy6o/maxresdefault.jpg,JustaTee/Cabinet/Cabinet.mp3
Dân Chơi Sớm,JustaTee,JustaTee,Dân Chơi Sớm,vpop-rap-hiphop,https://music.youtube.com/watch?v=K3gtruJCl-4,https://i.ytimg.com/vi/K3gtruJCl-4/maxresdefault.jpg,JustaTee/Dân Chơi Sớm/Dân Chơi Sớm.mp3
KÈO THƠM,JustaTee,"Hằng BingBoong, ZOSHY, JustaTee",KÈO THƠM,vpop-rap-hiphop,https://music.youtube.com/watch?v=YqUIS7Vn3W8,https://i.ytimg.com/vi/YqUIS7Vn3W8/maxresdefault.jpg,JustaTee/KÈO THƠM/KÈO THƠM.mp3
Excuse Me (feat. Cá Chép),JustaTee,"JustaTee, Cá Chép",JUSTATEE,vpop-rap-hiphop,https://music.youtube.com/watch?v=eD71oh-7nKw,https://i.ytimg.com/vi/eD71oh-7nKw/maxresdefault.jpg,JustaTee/JUSTATEE/Excuse Me (feat. Cá Chép).mp3
Kho Báu (with Rhymastic),Rhymastic,"(S)TRONG, Rhymastic",Kho Báu (with Rhymastic),vpop-rap-hiphop,https://music.youtube.com/watch?v=fJ9cJXotuXM,https://i.ytimg.com/vi/fJ9cJXotuXM/maxresdefault.jpg,Rhymastic/Kho Báu (with Rhymastic)/Kho Báu (with Rhymastic).mp3
Giữ Anh Cho Ngày Hôm Qua,Rhymastic,"Hoàng Dũng, Rhymastic, Lelarec",XOAY TRÒN,vpop-rap-hiphop,https://music.youtube.com/watch?v=mRXLNtzm9y0,https://i.ytimg.com/vi/mRXLNtzm9y0/maxresdefault.jpg,Rhymastic/XOAY TRÒN/Giữ Anh Cho Ngày Hôm Qua.mp3
Yêu 5,Rhymastic,Rhymastic,Yêu 5,vpop-rap-hiphop,https://music.youtube.com/watch?v=QFQdIvKSQ2Q,https://i.ytimg.com/vi/QFQdIvKSQ2Q/maxresdefault.jpg,Rhymastic/Yêu 5/Yêu 5.mp3
Nến Và Hoa,Rhymastic,Rhymastic,Nến Và Hoa,vpop-rap-hiphop,https://music.youtube.com/watch?v=WnvUDdie1mc,https://i.ytimg.com/vi/WnvUDdie1mc/maxresdefault.jpg,Rhymastic/Nến Và Hoa/Nến Và Hoa.mp3
Cứ Chill Thôi,Rhymastic,"Chillies, Suni Hạ Linh, Rhymastic",Cứ Chill Thôi,vpop-rap-hiphop,https://music.youtube.com/watch?v=EM7MxIsGt98,https://i.ytimg.com/vi/EM7MxIsGt98/maxresdefault.jpg,Rhymastic/Cứ Chill Thôi/Cứ Chill Thôi.mp3
Những Ngày Trời Bao La,Rhymastic,"Jun Phạm, Bùi Công Nam, Rhymastic, Duy Khánh 周周, Ngọc Thanh Tâm",Những Ngày Trời Bao La,vpop-rap-hiphop,https://music.youtube.com/watch?v=ymuBI_PUf0g,https://i.ytimg.com/vi/ymuBI_PUf0g/maxresdefault.jpg,Rhymastic/Những Ngày Trời Bao La/Những Ngày Trời Bao La.mp3
Nắng Lên (feat. Gonzo & Bwine),Rhymastic,"Rhymastic, SOOBIN, Gonzo, Bwine","Space Jam, Vol. 1",vpop-rap-hiphop,https://music.youtube.com/watch?v=DiNCT_DLt7M,https://i.ytimg.com/vi/DiNCT_DLt7M/maxresdefault.jpg,"Rhymastic/Space Jam, Vol. 1/Nắng Lên (feat. Gonzo & Bwine).mp3"
Vẫn Yêu,Rhymastic,Rhymastic,LOV6,vpop-rap-hiphop,https://music.youtube.com/watch?v=pq-5fwwJQlk,https://i.ytimg.com/vi/pq-5fwwJQlk/maxresdefault.jpg,Rhymastic/LOV6/Vẫn Yêu.mp3
Freaky Squad (feat. Touliver),Rhymastic,"Rhymastic, Binz, SOOBIN, Touliver",Freaky Squad (feat. Touliver),vpop-rap-hiphop,https://music.youtube.com/watch?v=CrAr_mo0lro,https://i.ytimg.com/vi/CrAr_mo0lro/maxresdefault.jpg,Rhymastic/Freaky Squad (feat. Touliver)/Freaky Squad (feat. Touliver).mp3
Lặng,Rhymastic,Rhymastic,Lặng,vpop-rap-hiphop,https://music.youtube.com/watch?v=Ome_jnhbhRo,https://i.ytimg.com/vi/Ome_jnhbhRo/maxresdefault.jpg,Rhymastic/Lặng/Lặng.mp3
Ngổn Ngang,Rhymastic,Rhymastic,LOV6,vpop-rap-hiphop,https://music.youtube.com/watch?v=8yWFm2JewiE,https://i.ytimg.com/vi/8yWFm2JewiE/maxresdefault.jpg,Rhymastic/LOV6/Ngổn Ngang.mp3
Chợt Nghe Bước Em Về,Rhymastic,"Tự Long, Cường Seven, Quốc Thiên, SOOBIN, Rhymastic, Đinh Tiến Đạt",Anh Trai Vượt Ngàn Chông Gai 2024 - Công Diễn 2,vpop-rap-hiphop,https://music.youtube.com/watch?v=kum7_nsbit8,https://i.ytimg.com/vi/kum7_nsbit8/maxresdefault.jpg,Rhymastic/Anh Trai Vượt Ngàn Chông Gai 2024 - Công Diễn 2/Chợt Nghe Bước Em Về.mp3
Thu Hoài,Rhymastic,"Quốc Thiên, Hà Lê, Tiến Luật, Rhymastic, Đinh Tiến Đạt",Anh Trai Vượt Ngàn Chông Gai 2024 - Công Diễn 3,vpop-rap-hiphop,https://music.youtube.com/watch?v=nHHCLAurbBw,https://i.ytimg.com/vi/nHHCLAurbBw/maxresdefault.jpg,Rhymastic/Anh Trai Vượt Ngàn Chông Gai 2024 - Công Diễn 3/Thu Hoài.mp3
Side Effects (feat. B-Wine),Rhymastic,"Rhymastic, B-Wine",LOV6,vpop-rap-hiphop,https://music.youtube.com/watch?v=NqsAFwpYsF0,https://i.ytimg.com/vi/NqsAFwpYsF0/maxresdefault.jpg,Rhymastic/LOV6/Side Effects (feat. B-Wine).mp3
QUÁ LÀ TRÔI,Rhymastic,"Binz, Rhymastic, Bùi Công Nam, Đỗ Hoàng Hiệp, Thiên Minh, Hà Lê",Anh Trai Vượt Ngàn Chông Gai 2024 - Chung Kết 1,vpop-rap-hiphop,https://music.youtube.com/watch?v=YvM19Q0KJ8c,https://i.ytimg.com/vi/YvM19Q0KJ8c/maxresdefault.jpg,Rhymastic/Anh Trai Vượt Ngàn Chông Gai 2024 - Chung Kết 1/QUÁ LÀ TRÔI.mp3
Hào Quang,Rhymastic,"Lil Wuyn, Rhymastic",An,vpop-rap-hiphop,https://music.youtube.com/watch?v=nCYTwpAgzJ4,https://i.ytimg.com/vi/nCYTwpAgzJ4/maxresdefault.jpg,Rhymastic/An/Hào Quang.mp3
A Veil of Mist,Rhymastic,"SPACESPEAKERS, Binz, JustaTee, Rhymastic, SOOBIN",KOSMIK,vpop-rap-hiphop,https://music.youtube.com/watch?v=ViUCaz2SNqA,https://i.ytimg.com/vi/ViUCaz2SNqA/maxresdefault.jpg,Rhymastic/KOSMIK/A Veil of Mist.mp3
Vinh Quang Đang Chờ Ta,Rhymastic,"SOOBIN, Rhymastic, Liên Quân Mobile, Garena Liên Quân Mobile, Vũ Đức Thiện, Nguyễn Hoàng Sơn",Vinh Quang Đang Chờ Ta,vpop-rap-hiphop,https://music.youtube.com/watch?v=rfUpLtvXzUY,https://i.ytimg.com/vi/rfUpLtvXzUY/maxresdefault.jpg,Rhymastic/Vinh Quang Đang Chờ Ta/Vinh Quang Đang Chờ Ta.mp3
Tượng,Rhymastic,Rhymastic,Tượng,vpop-rap-hiphop,https://music.youtube.com/watch?v=Rm-5r9cUyHc,https://i.ytimg.com/vi/Rm-5r9cUyHc/maxresdefault.jpg,Rhymastic/Tượng/Tượng.mp3
Líu La Líu Lo,Rhymastic,Rhymastic,LOV6,vpop-rap-hiphop,https://music.youtube.com/watch?v=L8kykONBghI,https://i.ytimg.com/vi/L8kykONBghI/maxresdefault.jpg,Rhymastic/LOV6/Líu La Líu Lo.mp3
Nhanh lên nhé! (feat. Touliver & SlimV),Rhymastic,"Rhymastic, Binz, SOOBIN, Touliver, SlimV",Nhanh lên nhé!,vpop-rap-hiphop,https://music.youtube.com/watch?v=gUcM1nBBiIA,https://i.ytimg.com/vi/gUcM1nBBiIA/maxresdefault.jpg,Rhymastic/Nhanh lên nhé!/Nhanh lên nhé! (feat. Touliver & SlimV).mp3
Ngọt,Rhymastic,"JustaTee, Rhymastic",Ngọt,vpop-rap-hiphop,https://music.youtube.com/watch?v=y8Ww2zOD_Cw,https://i.ytimg.com/vi/y8Ww2zOD_Cw/maxresdefault.jpg,Rhymastic/Ngọt/Ngọt.mp3
Ngày Tuyệt Vời Nhất,Rhymastic,Rhymastic,Ngày Tuyệt Vời Nhất,vpop-rap-hiphop,https://music.youtube.com/watch?v=gefIjNaXJ8U,https://i.ytimg.com/vi/gefIjNaXJ8U/maxresdefault.jpg,Rhymastic/Ngày Tuyệt Vời Nhất/Ngày Tuyệt Vời Nhất.mp3
Y6U,Rhymastic,Rhymastic,LOV6,vpop-rap-hiphop,https://music.youtube.com/watch?v=FmLps6krfyg,https://i.ytimg.com/vi/FmLps6krfyg/maxresdefault.jpg,Rhymastic/LOV6/Y6U.mp3
Final Form,Rhymastic,"The Flob, Rhymastic",TỐI THƯỢNG,vpop-rap-hiphop,https://music.youtube.com/watch?v=NOsxtIKDRVE,https://i.ytimg.com/vi/NOsxtIKDRVE/maxresdefault.jpg,Rhymastic/TỐI THƯỢNG/Final Form.mp3
Cứ Chill Thôi (DJ TuSo & LEA Remix),Rhymastic,"Chillies, Suni Hạ Linh, Rhymastic",Cứ Chill Thôi,vpop-rap-hiphop,https://music.youtube.com/watch?v=kFtm0ImXS_Y,https://i.ytimg.com/vi/kFtm0ImXS_Y/maxresdefault.jpg,Rhymastic/Cứ Chill Thôi/Cứ Chill Thôi (DJ TuSo & LEA Remix).mp3
HỎA CA x TRÁI ĐẤT TRÒN,Rhymastic,"Bằng Kiều, Tuấn Hưng, Tự Long, Hồng Sơn, Phan Đình Tùng, Đăng Khôi, SOOBIN, Binz, Quốc Thiên, Tăng Phúc, S.T Sơn Thạch, Rhymastic, Đinh Tiến Đạt, Hà Lê, Thanh Duy, Phạm Khánh Hưng, (S)TRONG, Trương Thế Vinh, Kay Trần, Cường Seven, Kiên Ứng, Liên Bỉnh Phát, Duy Nhất, Tiến Luật, Thiên Minh, Jun Phạm, Bùi Công Nam, Neko Lê, HuyR, Duy Khánh 周周, BB Trần, Thành Trung, Đỗ Hoàng Hiệp",Anh Trai Vượt Ngàn Chông Gai 2024 - Chung Kết,vpop-rap-hiphop,https://music.youtube.com/watch?v=sxKLkoBguCU,https://i.ytimg.com/vi/sxKLkoBguCU/maxresdefault.jpg,Rhymastic/Anh Trai Vượt Ngàn Chông Gai 2024 - Chung Kết/HỎA CA x TRÁI ĐẤT TRÒN.mp3
Những Kẻ Mộng Mơ,Rhymastic,"SOOBIN, Tiến Luật, Tuấn Hưng, Quốc Thiên, Rhymastic, Tự Long",Anh Trai Vượt Ngàn Chông Gai 2024 - Công Diễn 2,vpop-rap-hiphop,https://music.youtube.com/watch?v=zuqTFmUY0Co,https://i.ytimg.com/vi/zuqTFmUY0Co/maxresdefault.jpg,Rhymastic/Anh Trai Vượt Ngàn Chông Gai 2024 - Công Diễn 2/Những Kẻ Mộng Mơ.mp3
Late Night,Rhymastic,"Andree Right Hand, Rhymastic, Bùi Thế Anh, Vũ Đức Thiện, Bùi Thế Anh, Vũ Đức Thiện",Late Night,vpop-rap-hiphop,https://music.youtube.com/watch?v=WZYENhE379c,https://i.ytimg.com/vi/WZYENhE379c/maxresdefault.jpg,Rhymastic/Late Night/Late Night.mp3
Trên Lầu Cao,Rhymastic,Rhymastic,Trên Lầu Cao,vpop-rap-hiphop,https://music.youtube.com/watch?v=rwNZO0M8LGM,https://i.ytimg.com/vi/rwNZO0M8LGM/maxresdefault.jpg,Rhymastic/Trên Lầu Cao/Trên Lầu Cao.mp3
September Flower,Rhymastic,"Touliver, Rhymastic, Tra My Idol",September Flower,vpop-rap-hiphop,https://music.youtube.com/watch?v=WVLMoGU4uYo,https://i.ytimg.com/vi/WVLMoGU4uYo/maxresdefault.jpg,Rhymastic/September Flower/September Flower.mp3
Nụ Cười,Rhymastic,Rhymastic,Nụ Cười,vpop-rap-hiphop,https://music.youtube.com/watch?v=MOF7Vl353_g,https://i.ytimg.com/vi/MOF7Vl353_g/maxresdefault.jpg,Rhymastic/Nụ Cười/Nụ Cười.mp3
Thì Sao? (feat. Touliver),Rhymastic,"YC, Rhymastic, Touliver",Thì Sao? (feat. Touliver),vpop-rap-hiphop,https://music.youtube.com/watch?v=XCxHZCKBdow,https://i.ytimg.com/vi/XCxHZCKBdow/maxresdefault.jpg,Rhymastic/Thì Sao? (feat. Touliver)/Thì Sao? (feat. Touliver).mp3
Ta Còn Đây,Rhymastic,"JustaTee, Rhymastic",Ta Còn Đây,vpop-rap-hiphop,https://music.youtube.com/watch?v=Gs8jYqyt86w,https://i.ytimg.com/vi/Gs8jYqyt86w/maxresdefault.jpg,Rhymastic/Ta Còn Đây/Ta Còn Đây.mp3
Hom Nay Toi Co Don Qua,Rhymastic,"Toc Tien, Rhymastic",Hom Nay Toi Co Don Qua,vpop-rap-hiphop,https://music.youtube.com/watch?v=XAO8sFECltk,https://i.ytimg.com/vi/XAO8sFECltk/maxresdefault.jpg,Rhymastic/Hom Nay Toi Co Don Qua/Hom Nay Toi Co Don Qua.mp3
Kho Báu Sau Mỗi Đường Lau,Rhymastic,(S)TRONG,Kho Báu Sau Mỗi Đường Lau,vpop-rap-hiphop,https://music.youtube.com/watch?v=XA5ZoDXFSeY,https://i.ytimg.com/vi/XA5ZoDXFSeY/maxresdefault.jpg,Rhymastic/Kho Báu Sau Mỗi Đường Lau/Kho Báu Sau Mỗi Đường Lau.mp3
Cả Ngàn Lời Chúc,Rhymastic,Rhymastic,Cả Ngàn Lời Chúc,vpop-rap-hiphop,https://music.youtube.com/watch?v=sxUaJTH4iVw,https://i.ytimg.com/vi/sxUaJTH4iVw/maxresdefault.jpg,Rhymastic/Cả Ngàn Lời Chúc/Cả Ngàn Lời Chúc.mp3
Yêu 5 (Lofi),Rhymastic,Rhymastic,Yêu 5 (Lofi),vpop-rap-hiphop,https://music.youtube.com/watch?v=LoUbePNzcFM,https://i.ytimg.com/vi/LoUbePNzcFM/maxresdefault.jpg,Rhymastic/Yêu 5 (Lofi)/Yêu 5 (Lofi).mp3
Đào Liễu,Rhymastic,"Đinh Tiến Đạt, Tiến Luật, Rhymastic, Quốc Thiên, Binz, Duy Khánh 周周, NSND Thu Huyền",Anh Trai Vượt Ngàn Chông Gai 2024 - Công Diễn 4,vpop-rap-hiphop,https://music.youtube.com/watch?v=9XFz6B-31yc,https://i.ytimg.com/vi/9XFz6B-31yc/maxresdefault.jpg,Rhymastic/Anh Trai Vượt Ngàn Chông Gai 2024 - Công Diễn 4/Đào Liễu.mp3
SKYLINE,Rhymastic,"Da LAB, Rhymastic",SKYLINE,vpop-rap-hiphop,https://music.youtube.com/watch?v=Gg1LpDxtgSM,https://i.ytimg.com/vi/Gg1LpDxtgSM/maxresdefault.jpg,Rhymastic/SKYLINE/SKYLINE.mp3
Đâu Ai Yêu Nghệ Thuật Đến Thế,Rhymastic,"YC, Rhymastic",Đâu Ai Yêu Nghệ Thuật Đến Thế,vpop-rap-hiphop,https://music.youtube.com/watch?v=79lJWsxGhXU,https://i.ytimg.com/vi/79lJWsxGhXU/maxresdefault.jpg,Rhymastic/Đâu Ai Yêu Nghệ Thuật Đến Thế/Đâu Ai Yêu Nghệ Thuật Đến Thế.mp3
Ngọn Đuốc Đêm,Rhymastic,Rhymastic,Ngọn Đuốc Đêm,vpop-rap-hiphop,https://music.youtube.com/watch?v=iMlUPIM5hb4,https://i.ytimg.com/vi/iMlUPIM5hb4/maxresdefault.jpg,Rhymastic/Ngọn Đuốc Đêm/Ngọn Đuốc Đêm.mp3
Tiền Tươi,Rhymastic,"YC, Rhymastic",Tiền Tươi,vpop-rap-hiphop,https://music.youtube.com/watch?v=Mjq7m37QT04,https://i.ytimg.com/vi/Mjq7m37QT04/maxresdefault.jpg,Rhymastic/Tiền Tươi/Tiền Tươi.mp3
Đây Là Việt Nam (Giải Đấu AIC 2018),Rhymastic,"Rhymastic, Blacka, Liên Quân Mobile, Garena Liên Quân Mobile, Hồ Thiên Ân, Vũ Đức Thiện",Đây Là Việt Nam (Giải Đấu AIC 2018),vpop-rap-hiphop,https://music.youtube.com/watch?v=mDTRTOyCktc,https://i.ytimg.com/vi/mDTRTOyCktc/maxresdefault.jpg,Rhymastic/Đây Là Việt Nam (Giải Đấu AIC 2018)/Đây Là Việt Nam (Giải Đấu AIC 2018).mp3
Thêm Đứa Nữa,Rhymastic,Rhymastic,LOV6,vpop-rap-hiphop,https://music.youtube.com/watch?v=Tj2Ej8B_9lU,https://i.ytimg.com/vi/Tj2Ej8B_9lU/maxresdefault.jpg,Rhymastic/LOV6/Thêm Đứa Nữa.mp3
Mr. Kim (feat. Gonzo & Bwine),Rhymastic,"Rhymastic, SOOBIN, Gonzo, Bwine","Space Jam, Vol. 1",vpop-rap-hiphop,https://music.youtube.com/watch?v=mqEXmz9r2pw,https://i.ytimg.com/vi/mqEXmz9r2pw/maxresdefault.jpg,"Rhymastic/Space Jam, Vol. 1/Mr. Kim (feat. Gonzo & Bwine).mp3"
Vui Đi Em,Rhymastic,"Soobin Hoàng Sơn, Rhymastic, Gin, Antei Ngọc Thịnh",Hòa Ấm Ánh Sáng 2016 Liveshow 10,vpop-rap-hiphop,https://music.youtube.com/watch?v=m_-yjkkQpdw,https://i.ytimg.com/vi/m_-yjkkQpdw/maxresdefault.jpg,Rhymastic/Hòa Ấm Ánh Sáng 2016 Liveshow 10/Vui Đi Em.mp3
Yêu 5 (Kriss Ngo Remix),Rhymastic,"Kriss Ngo, Rhymastic",Hạ Nhiệt Live Set,vpop-rap-hiphop,https://music.youtube.com/watch?v=Eoy_Ea-HhlE,https://i.ytimg.com/vi/Eoy_Ea-HhlE/maxresdefault.jpg,Rhymastic/Hạ Nhiệt Live Set/Yêu 5 (Kriss Ngo Remix).mp3
Daydreams (The Remix 2016),Rhymastic,"Soobin Hoàng Sơn, DJ Gin, Rhymastic",Daydreams (The Remix 2016),vpop-rap-hiphop,https://music.youtube.com/watch?v=ltBuJMAtPCg,https://i.ytimg.com/vi/ltBuJMAtPCg/maxresdefault.jpg,Rhymastic/Daydreams (The Remix 2016)/Daydreams (The Remix 2016).mp3
Ngổn Ngang (HITStory Live Version),Rhymastic,"Rhymastic, HITStory",Rhymastic (HITStory Live Session),vpop-rap-hiphop,https://music.youtube.com/watch?v=CnuOH33XtX0,https://i.ytimg.com/vi/CnuOH33XtX0/maxresdefault.jpg,Rhymastic/Rhymastic (HITStory Live Session)/Ngổn Ngang (HITStory Live Version).mp3
Người Im Lặng Gặp Người Hay Nói,HIEUTHUHAI,HIEUTHUHAI,Người Im Lặng Gặp Người Hay Nói,vpop-rap-hiphop,https://music.youtube.com/watch?v=IlVAy_wTG_s,https://i.ytimg.com/vi/IlVAy_wTG_s/maxresdefault.jpg,HIEUTHUHAI/Người Im Lặng Gặp Người Hay Nói/Người Im Lặng Gặp Người Hay Nói.mp3
Exit Sign,HIEUTHUHAI,HIEUTHUHAI,Ai Cũng Phải Bắt Đầu Từ Đâu Đó,vpop-rap-hiphop,https://music.youtube.com/watch?v=Fwsl_XS4sYQ,https://i.ytimg.com/vi/Fwsl_XS4sYQ/maxresdefault.jpg,HIEUTHUHAI/Ai Cũng Phải Bắt Đầu Từ Đâu Đó/Exit Sign.mp3
KHÔNG THỂ SAY,HIEUTHUHAI,HIEUTHUHAI,KHÔNG THỂ SAY,vpop-rap-hiphop,https://music.youtube.com/watch?v=r96eaATJWW8,https://i.ytimg.com/vi/r96eaATJWW8/maxresdefault.jpg,HIEUTHUHAI/KHÔNG THỂ SAY/KHÔNG THỂ SAY.mp3
Dạo Gần Đây Anh Thấy Anh Không Bằng Ai Hết,HIEUTHUHAI,HIEUTHUHAI,Mắt Nhắm Mắt Mở,vpop-rap-hiphop,https://music.youtube.com/watch?v=vy8UWo4f72Q,https://i.ytimg.com/vi/vy8UWo4f72Q/maxresdefault.jpg,HIEUTHUHAI/Mắt Nhắm Mắt Mở/Dạo Gần Đây Anh Thấy Anh Không Bằng Ai Hết.mp3
Chờ Tới Khi Anh Về,HIEUTHUHAI,HIEUTHUHAI,Mắt Nhắm Mắt Mở,vpop-rap-hiphop,https://music.youtube.com/watch?v=5b6KIKHUapo,https://i.ytimg.com/vi/5b6KIKHUapo/maxresdefault.jpg,HIEUTHUHAI/Mắt Nhắm Mắt Mở/Chờ Tới Khi Anh Về.mp3
Vacheron Louie V,HIEUTHUHAI,HIEUTHUHAI,Mắt Nhắm Mắt Mở,vpop-rap-hiphop,https://music.youtube.com/watch?v=yUwaWnp4NhA,https://i.ytimg.com/vi/yUwaWnp4NhA/maxresdefault.jpg,HIEUTHUHAI/Mắt Nhắm Mắt Mở/Vacheron Louie V.mp3
Hết Yêu,HIEUTHUHAI,HIEUTHUHAI,Mắt Nhắm Mắt Mở,vpop-rap-hiphop,https://music.youtube.com/watch?v=YxWNrz3G27M,https://i.ytimg.com/vi/YxWNrz3G27M/maxresdefault.jpg,HIEUTHUHAI/Mắt Nhắm Mắt Mở/Hết Yêu.mp3
NOLOVENOLIFE,HIEUTHUHAI,HIEUTHUHAI,Ai Cũng Phải Bắt Đầu Từ Đâu Đó,vpop-rap-hiphop,https://music.youtube.com/watch?v=S5EtJPWKLZM,https://i.ytimg.com/vi/S5EtJPWKLZM/maxresdefault.jpg,HIEUTHUHAI/Ai Cũng Phải Bắt Đầu Từ Đâu Đó/NOLOVENOLIFE.mp3
Anh Nên Đi Khỏi Đây,HIEUTHUHAI,HIEUTHUHAI,Mắt Nhắm Mắt Mở,vpop-rap-hiphop,https://music.youtube.com/watch?v=iJVYLTUuJIM,https://i.ytimg.com/vi/iJVYLTUuJIM/maxresdefault.jpg,HIEUTHUHAI/Mắt Nhắm Mắt Mở/Anh Nên Đi Khỏi Đây.mp3
Không Thể Say (Live Band Version),HIEUTHUHAI,HIEUTHUHAI,Không Thể Say (Live Band Version),vpop-rap-hiphop,https://music.youtube.com/watch?v=QGRMZW6nxzQ,https://i.ytimg.com/vi/QGRMZW6nxzQ/maxresdefault.jpg,HIEUTHUHAI/Không Thể Say (Live Band Version)/Không Thể Say (Live Band Version).mp3
Cho Em An Toàn,HIEUTHUHAI,HIEUTHUHAI,Ai Cũng Phải Bắt Đầu Từ Đâu Đó,vpop-rap-hiphop,https://music.youtube.com/watch?v=tAT6TsTuf8c,https://i.ytimg.com/vi/tAT6TsTuf8c/maxresdefault.jpg,HIEUTHUHAI/Ai Cũng Phải Bắt Đầu Từ Đâu Đó/Cho Em An Toàn.mp3
Nước Mắt Cá Sấu,HIEUTHUHAI,HIEUTHUHAI,Nước Mắt Cá Sấu,vpop-rap-hiphop,https://music.youtube.com/watch?v=8ocYX6PMh2Y,https://i.ytimg.com/vi/8ocYX6PMh2Y/maxresdefault.jpg,HIEUTHUHAI/Nước Mắt Cá Sấu/Nước Mắt Cá Sấu.mp3
Đáng Lý Anh Nên Yêu Em Hơn,HIEUTHUHAI,HIEUTHUHAI,Mắt Nhắm Mắt Mở,vpop-rap-hiphop,https://music.youtube.com/watch?v=3-egDrgme8M,https://i.ytimg.com/vi/3-egDrgme8M/maxresdefault.jpg,HIEUTHUHAI/Mắt Nhắm Mắt Mở/Đáng Lý Anh Nên Yêu Em Hơn.mp3
NGHE NHƯ TÌNH YÊU,HIEUTHUHAI,HIEUTHUHAI,NGHE NHƯ TÌNH YÊU,vpop-rap-hiphop,https://music.youtube.com/watch?v=RzcIFhX_nBE,https://i.ytimg.com/vi/RzcIFhX_nBE/maxresdefault.jpg,HIEUTHUHAI/NGHE NHƯ TÌNH YÊU/NGHE NHƯ TÌNH YÊU.mp3
Trình,HIEUTHUHAI,HIEUTHUHAI,Trình,vpop-rap-hiphop,https://music.youtube.com/watch?v=-ZcN9AG7XDI,https://i.ytimg.com/vi/-ZcN9AG7XDI/sddefault.jpg,HIEUTHUHAI/Trình/Trình.mp3
Mamma Mia,HIEUTHUHAI,"HIEUTHUHAI, HURRYKNG, MANBO, Negav, Rex, Trần Minh Hiếu, Phạm Bảo Khang, Lâm Bạch Phúc Hậu, Đặng Thành An, Phạm Tấn Thành",Mamma Mia,vpop-rap-hiphop,https://music.youtube.com/watch?v=3mMS-XJ6npA,https://i.ytimg.com/vi/3mMS-XJ6npA/maxresdefault.jpg,HIEUTHUHAI/Mamma Mia/Mamma Mia.mp3
Đâu Có Ai Nhìn,HIEUTHUHAI,HIEUTHUHAI,Mắt Nhắm Mắt Mở,vpop-rap-hiphop,https://music.youtube.com/watch?v=Y9VZSxVDkCU,https://i.ytimg.com/vi/Y9VZSxVDkCU/maxresdefault.jpg,HIEUTHUHAI/Mắt Nhắm Mắt Mở/Đâu Có Ai Nhìn.mp3
Không Phải Gu,HIEUTHUHAI,HIEUTHUHAI,Ai Cũng Phải Bắt Đầu Từ Đâu Đó,vpop-rap-hiphop,https://music.youtube.com/watch?v=Z7A81KmsPOA,https://i.ytimg.com/vi/Z7A81KmsPOA/maxresdefault.jpg,HIEUTHUHAI/Ai Cũng Phải Bắt Đầu Từ Đâu Đó/Không Phải Gu.mp3
Đâu Cần Gì Hơn,HIEUTHUHAI,HIEUTHUHAI,Mắt Nhắm Mắt Mở,vpop-rap-hiphop,https://music.youtube.com/watch?v=Nh0INSlg6d4,https://i.ytimg.com/vi/Nh0INSlg6d4/maxresdefault.jpg,HIEUTHUHAI/Mắt Nhắm Mắt Mở/Đâu Cần Gì Hơn.mp3
Sắp Nổi Tiếng 2,HIEUTHUHAI,HIEUTHUHAI,Mắt Nhắm Mắt Mở,vpop-rap-hiphop,https://music.youtube.com/watch?v=QjfO_IXOauQ,https://i.ytimg.com/vi/QjfO_IXOauQ/maxresdefault.jpg,HIEUTHUHAI/Mắt Nhắm Mắt Mở/Sắp Nổi Tiếng 2.mp3
Bật Nhạc Lên,HIEUTHUHAI,"HIEUTHUHAI, Harmonie",Bật Nhạc Lên,vpop-rap-hiphop,https://music.youtube.com/watch?v=rg2FNrBM5Yo,https://i.ytimg.com/vi/rg2FNrBM5Yo/maxresdefault.jpg,HIEUTHUHAI/Bật Nhạc Lên/Bật Nhạc Lên.mp3
5050 (Remix),HIEUTHUHAI,"MANBO, HIEUTHUHAI, HURRYKNG, REX",5050 (Remix),vpop-rap-hiphop,https://music.youtube.com/watch?v=HcXvozpvvUc,https://i.ytimg.com/vi/HcXvozpvvUc/maxresdefault.jpg,HIEUTHUHAI/5050 (Remix)/5050 (Remix).mp3
Sắp Nổi Tiếng,HIEUTHUHAI,HIEUTHUHAI,Ai Cũng Phải Bắt Đầu Từ Đâu Đó,vpop-rap-hiphop,https://music.youtube.com/watch?v=jygzmLdYLLk,https://i.ytimg.com/vi/jygzmLdYLLk/maxresdefault.jpg,HIEUTHUHAI/Ai Cũng Phải Bắt Đầu Từ Đâu Đó/Sắp Nổi Tiếng.mp3
Everything Will Be Okay,HIEUTHUHAI,HIEUTHUHAI,Ai Cũng Phải Bắt Đầu Từ Đâu Đó,vpop-rap-hiphop,https://music.youtube.com/watch?v=Hiu8Ep46VPw,https://i.ytimg.com/vi/Hiu8Ep46VPw/maxresdefault.jpg,HIEUTHUHAI/Ai Cũng Phải Bắt Đầu Từ Đâu Đó/Everything Will Be Okay.mp3
Interlude Nước Mắt Cá Sấu,HIEUTHUHAI,HIEUTHUHAI,Mắt Nhắm Mắt Mở,vpop-rap-hiphop,https://music.youtube.com/watch?v=1gJDOP2WgCE,https://i.ytimg.com/vi/1gJDOP2WgCE/maxresdefault.jpg,HIEUTHUHAI/Mắt Nhắm Mắt Mở/Interlude Nước Mắt Cá Sấu.mp3
Dám Rực Rỡ,HIEUTHUHAI,"GREY D, HIEUTHUHAI, Wren Evans, Obito",Dám Rực Rỡ,vpop-rap-hiphop,https://music.youtube.com/watch?v=RHfX6lWKixo,https://i.ytimg.com/vi/RHfX6lWKixo/maxresdefault.jpg,HIEUTHUHAI/Dám Rực Rỡ/Dám Rực Rỡ.mp3
Ai Cũng Phải Bắt Đầu Từ Đâu Đó,HIEUTHUHAI,HIEUTHUHAI,Ai Cũng Phải Bắt Đầu Từ Đâu Đó,vpop-rap-hiphop,https://music.youtube.com/watch?v=apGwEpS8tqg,https://i.ytimg.com/vi/apGwEpS8tqg/maxresdefault.jpg,HIEUTHUHAI/Ai Cũng Phải Bắt Đầu Từ Đâu Đó/Ai Cũng Phải Bắt Đầu Từ Đâu Đó.mp3
Mong Năm Mới Trải Hoa,HIEUTHUHAI,HIEUTHUHAI,Mong Năm Mới Trải Hoa,vpop-rap-hiphop,https://music.youtube.com/watch?v=WKA3kRlyYYY,https://i.ytimg.com/vi/WKA3kRlyYYY/maxresdefault.jpg,HIEUTHUHAI/Mong Năm Mới Trải Hoa/Mong Năm Mới Trải Hoa.mp3
DYNAMIC DUO,HIEUTHUHAI,"HIEUTHUHAI, HURRYKNG",DYNAMIC DUO,vpop-rap-hiphop,https://music.youtube.com/watch?v=u_hJImf2J00,https://i.ytimg.com/vi/u_hJImf2J00/maxresdefault.jpg,HIEUTHUHAI/DYNAMIC DUO/DYNAMIC DUO.mp3
Đi Họp Lớp,HIEUTHUHAI,HIEUTHUHAI,Ai Cũng Phải Bắt Đầu Từ Đâu Đó,vpop-rap-hiphop,https://music.youtube.com/watch?v=Si3dbGZVWJ4,https://i.ytimg.com/vi/Si3dbGZVWJ4/maxresdefault.jpg,HIEUTHUHAI/Ai Cũng Phải Bắt Đầu Từ Đâu Đó/Đi Họp Lớp.mp3
Siêu Sao,HIEUTHUHAI,HIEUTHUHAI,Ai Cũng Phải Bắt Đầu Từ Đâu Đó,vpop-rap-hiphop,https://music.youtube.com/watch?v=LVk5cFNKU-o,https://i.ytimg.com/vi/LVk5cFNKU-o/maxresdefault.jpg,HIEUTHUHAI/Ai Cũng Phải Bắt Đầu Từ Đâu Đó/Siêu Sao.mp3
TRÌNH  (Live at GENfest 2024),HIEUTHUHAI,"HIEUTHUHAI, GENfest, MMUSIC",HIEUTHUHAI (Live at GENfest 2024),vpop-rap-hiphop,https://music.youtube.com/watch?v=Iksq4dSnUyg,https://i.ytimg.com/vi/Iksq4dSnUyg/maxresdefault.jpg,HIEUTHUHAI/HIEUTHUHAI (Live at GENfest 2024)/TRÌNH  (Live at GENfest 2024).mp3
SINH NHAT,HIEUTHUHAI,HIEUTHUHAI,SINH NHAT,vpop-rap-hiphop,https://music.youtube.com/watch?v=0CGcZRGOpbk,https://i.ytimg.com/vi/0CGcZRGOpbk/maxresdefault.jpg,HIEUTHUHAI/SINH NHAT/SINH NHAT.mp3
KPI,HIEUTHUHAI,HIEUTHUHAI,Ai Cũng Phải Bắt Đầu Từ Đâu Đó,vpop-rap-hiphop,https://music.youtube.com/watch?v=ACJY1gxYOkQ,https://i.ytimg.com/vi/ACJY1gxYOkQ/maxresdefault.jpg,HIEUTHUHAI/Ai Cũng Phải Bắt Đầu Từ Đâu Đó/KPI.mp3
Cua (Remix),HIEUTHUHAI,"HIEUTHUHAI, Trần Minh Hiếu, Lâm Bạch Phúc Hậu",Cua (Remix),vpop-rap-hiphop,https://music.youtube.com/watch?v=Mh7l13mK0Qc,https://i.ytimg.com/vi/Mh7l13mK0Qc/maxresdefault.jpg,HIEUTHUHAI/Cua (Remix)/Cua (Remix).mp3
Hít Vào Thở Ra,HIEUTHUHAI,"MIN, HIEUTHUHAI",Hít Vào Thở Ra,vpop-rap-hiphop,https://music.youtube.com/watch?v=YSC8a925RKQ,https://i.ytimg.com/vi/YSC8a925RKQ/maxresdefault.jpg,HIEUTHUHAI/Hít Vào Thở Ra/Hít Vào Thở Ra.mp3
Visa Interlude,HIEUTHUHAI,HIEUTHUHAI,Ai Cũng Phải Bắt Đầu Từ Đâu Đó,vpop-rap-hiphop,https://music.youtube.com/watch?v=fWx0uJ6HG94,https://i.ytimg.com/vi/fWx0uJ6HG94/maxresdefault.jpg,HIEUTHUHAI/Ai Cũng Phải Bắt Đầu Từ Đâu Đó/Visa Interlude.mp3
Diệu Kỳ Việt Nam,HIEUTHUHAI,"Bích Phương, Phuc Du, HIEUTHUHAI, Gducky, Phạm Thanh Hà, Tiên Cookie, DuongK",Diệu Kỳ Việt Nam,vpop-rap-hiphop,https://music.youtube.com/watch?v=HsM2vzOkLsI,https://i.ytimg.com/vi/HsM2vzOkLsI/maxresdefault.jpg,HIEUTHUHAI/Diệu Kỳ Việt Nam/Diệu Kỳ Việt Nam.mp3
Quay Đi Quay Lại  (Live at GENfest 2024),HIEUTHUHAI,"HIEUTHUHAI, GENfest, MMUSIC",HIEUTHUHAI (Live at GENfest 2024),vpop-rap-hiphop,https://music.youtube.com/watch?v=l8b_QnFG7hY,https://i.ytimg.com/vi/l8b_QnFG7hY/maxresdefault.jpg,HIEUTHUHAI/HIEUTHUHAI (Live at GENfest 2024)/Quay Đi Quay Lại  (Live at GENfest 2024).mp3
Chơi (Remix),HIEUTHUHAI,"HIEUTHUHAI, Trần Minh Hiếu, Lâm Bạch Phúc Hậu",Chơi (Remix),vpop-rap-hiphop,https://music.youtube.com/watch?v=gwGzgqwiodY,https://i.ytimg.com/vi/gwGzgqwiodY/maxresdefault.jpg,HIEUTHUHAI/Chơi (Remix)/Chơi (Remix).mp3
Exit Sign  (Live at GENfest 2024),HIEUTHUHAI,"HIEUTHUHAI, GENfest, MMUSIC",HIEUTHUHAI (Live at GENfest 2024),vpop-rap-hiphop,https://music.youtube.com/watch?v=KB5CzsmmeS4,https://i.ytimg.com/vi/KB5CzsmmeS4/maxresdefault.jpg,HIEUTHUHAI/HIEUTHUHAI (Live at GENfest 2024)/Exit Sign  (Live at GENfest 2024).mp3
Hẹn Gặp Em Dưới Ánh Trăng  (Live at GENfest 2024),HIEUTHUHAI,"HIEUTHUHAI, MANBO, HURRYKNG, GENfest, MMUSIC",HIEUTHUHAI (Live at GENfest 2024),vpop-rap-hiphop,https://music.youtube.com/watch?v=ZdB3He7PPJk,https://i.ytimg.com/vi/ZdB3He7PPJk/maxresdefault.jpg,HIEUTHUHAI/HIEUTHUHAI (Live at GENfest 2024)/Hẹn Gặp Em Dưới Ánh Trăng  (Live at GENfest 2024).mp3
Không Thể Say  (Live at GENfest 2024),HIEUTHUHAI,"HIEUTHUHAI, GENfest, MMUSIC",HIEUTHUHAI (Live at GENfest 2024),vpop-rap-hiphop,https://music.youtube.com/watch?v=bgo_4saPbpA,https://i.ytimg.com/vi/bgo_4saPbpA/maxresdefault.jpg,HIEUTHUHAI/HIEUTHUHAI (Live at GENfest 2024)/Không Thể Say  (Live at GENfest 2024).mp3
Mamma Mia  (Live at GENfest 2024),HIEUTHUHAI,"HIEUTHUHAI, HURRYKNG, MANBO GENfest, MMUSIC",HIEUTHUHAI (Live at GENfest 2024),vpop-rap-hiphop,https://music.youtube.com/watch?v=KEzhPqXTBR4,https://i.ytimg.com/vi/KEzhPqXTBR4/maxresdefault.jpg,HIEUTHUHAI/HIEUTHUHAI (Live at GENfest 2024)/Mamma Mia  (Live at GENfest 2024).mp3
Vệ Tinh  (Live at GENfest 2024),HIEUTHUHAI,"HIEUTHUHAI, GENfest, MMUSIC",HIEUTHUHAI (Live at GENfest 2024),vpop-rap-hiphop,https://music.youtube.com/watch?v=WyO5s-hDFMo,https://i.ytimg.com/vi/WyO5s-hDFMo/maxresdefault.jpg,HIEUTHUHAI/HIEUTHUHAI (Live at GENfest 2024)/Vệ Tinh  (Live at GENfest 2024).mp3
DYNAMIC DUO  (Live at GENfest 2024),HIEUTHUHAI,"HURRYKNG, HIEUTHUHAI, GENfest, MMUSIC",HIEUTHUHAI (Live at GENfest 2024),vpop-rap-hiphop,https://music.youtube.com/watch?v=2F43xUmt0I8,https://i.ytimg.com/vi/2F43xUmt0I8/maxresdefault.jpg,HIEUTHUHAI/HIEUTHUHAI (Live at GENfest 2024)/DYNAMIC DUO  (Live at GENfest 2024).mp3
Southside Shipper,HIEUTHUHAI,Hieuthuhai,Southside Shipper,vpop-rap-hiphop,https://music.youtube.com/watch?v=MiKXcDyYHsY,https://i.ytimg.com/vi/MiKXcDyYHsY/maxresdefault.jpg,HIEUTHUHAI/Southside Shipper/Southside Shipper.mp3
CUA  (Live at GENfest 2024),HIEUTHUHAI,"HIEUTHUHAI, MANBO, HURRYKNG, GENfest, MMUSIC",HIEUTHUHAI (Live at GENfest 2024),vpop-rap-hiphop,https://music.youtube.com/watch?v=nOJ0Kz2DEf0,https://i.ytimg.com/vi/nOJ0Kz2DEf0/maxresdefault.jpg,HIEUTHUHAI/HIEUTHUHAI (Live at GENfest 2024)/CUA  (Live at GENfest 2024).mp3
NOLOVENOLIFE  (Live at GENfest 2024),HIEUTHUHAI,"HIEUTHUHAI, GENfest, MMUSIC",HIEUTHUHAI (Live at GENfest 2024),vpop-rap-hiphop,https://music.youtube.com/watch?v=TVbHywyWmVA,https://i.ytimg.com/vi/TVbHywyWmVA/maxresdefault.jpg,HIEUTHUHAI/HIEUTHUHAI (Live at GENfest 2024)/NOLOVENOLIFE  (Live at GENfest 2024).mp3
Từ Đầu,Chillies,Chillies,Từ Đầu,vpop-indie-chill,https://music.youtube.com/watch?v=Nr8gWRPPBwQ,https://i.ytimg.com/vi/Nr8gWRPPBwQ/maxresdefault.jpg,Chillies/Từ Đầu/Từ Đầu.mp3
đưa em về nhàa,Chillies,"GREY D, Chillies",đưa em về nhàa,vpop-indie-chill,https://music.youtube.com/watch?v=kAijE5mPGgU,https://i.ytimg.com/vi/kAijE5mPGgU/maxresdefault.jpg,Chillies/đưa em về nhàa/đưa em về nhàa.mp3
Em Đừng Khóc,Chillies,Chillies,Em Đừng Khóc,vpop-indie-chill,https://music.youtube.com/watch?v=xkZgiJGUeMY,https://i.ytimg.com/vi/xkZgiJGUeMY/maxresdefault.jpg,Chillies/Em Đừng Khóc/Em Đừng Khóc.mp3
Cảm Ơn Và Xin Lỗi (OST from “Thưa Mẹ Con Đi”),Chillies,Chillies,Cảm Ơn Và Xin Lỗi,vpop-indie-chill,https://music.youtube.com/watch?v=7ibHCy3-MU4,https://i.ytimg.com/vi/7ibHCy3-MU4/maxresdefault.jpg,Chillies/Cảm Ơn Và Xin Lỗi/Cảm Ơn Và Xin Lỗi (OST from “Thưa Mẹ Con Đi”).mp3
Qua Khung Cửa Sổ,Chillies,Chillies,Qua Khung Cửa Sổ,vpop-indie-chill,https://music.youtube.com/watch?v=ajhCoiKn11c,https://i.ytimg.com/vi/ajhCoiKn11c/maxresdefault.jpg,Chillies/Qua Khung Cửa Sổ/Qua Khung Cửa Sổ.mp3
Vùng Ký Ức,Chillies,Chillies,Vùng Ký Ức,vpop-indie-chill,https://music.youtube.com/watch?v=FOoEOMDTgxw,https://i.ytimg.com/vi/FOoEOMDTgxw/maxresdefault.jpg,Chillies/Vùng Ký Ức/Vùng Ký Ức.mp3
Mascara,Chillies,Chillies,Mascara,vpop-indie-chill,https://music.youtube.com/watch?v=pmtUXv0UG80,https://i.ytimg.com/vi/pmtUXv0UG80/maxresdefault.jpg,Chillies/Mascara/Mascara.mp3
Đại Lộ Mặt Trời (Japanese Version),Chillies,"Chillies, MORISAKI WIN",Đại Lộ Mặt Trời,vpop-indie-chill,https://music.youtube.com/watch?v=eG9Gj51OJLk,https://i.ytimg.com/vi/eG9Gj51OJLk/maxresdefault.jpg,Chillies/Đại Lộ Mặt Trời/Đại Lộ Mặt Trời (Japanese Version).mp3
Cứ Chill Thôi,Chillies,"Chillies, Suni Hạ Linh, Rhymastic",Cứ Chill Thôi,vpop-indie-chill,https://music.youtube.com/watch?v=EM7MxIsGt98,https://i.ytimg.com/vi/EM7MxIsGt98/maxresdefault.jpg,Chillies/Cứ Chill Thôi/Cứ Chill Thôi.mp3
Giấc Mơ Khác,Chillies,Chillies,Giấc Mơ Khác,vpop-indie-chill,https://music.youtube.com/watch?v=tuaOGid4-XM,https://i.ytimg.com/vi/tuaOGid4-XM/maxresdefault.jpg,Chillies/Giấc Mơ Khác/Giấc Mơ Khác.mp3
Có Em Đời Bỗng Vui,Chillies,Chillies,Có Em Đời Bỗng Vui,vpop-indie-chill,https://music.youtube.com/watch?v=0g6fbeLe3bE,https://i.ytimg.com/vi/0g6fbeLe3bE/maxresdefault.jpg,Chillies/Có Em Đời Bỗng Vui/Có Em Đời Bỗng Vui.mp3
Và Thế Là Hết,Chillies,Chillies,Và Thế Là Hết,vpop-indie-chill,https://music.youtube.com/watch?v=4Py6gynki4w,https://i.ytimg.com/vi/4Py6gynki4w/maxresdefault.jpg,Chillies/Và Thế Là Hết/Và Thế Là Hết.mp3
Tình Yêu Mới,Chillies,Chillies,Trên Những Đám Mây,vpop-indie-chill,https://music.youtube.com/watch?v=TzzwGslb2xU,https://i.ytimg.com/vi/TzzwGslb2xU/maxresdefault.jpg,Chillies/Trên Những Đám Mây/Tình Yêu Mới.mp3
Trên Những Đám Mây,Chillies,Chillies,Trên Những Đám Mây,vpop-indie-chill,https://music.youtube.com/watch?v=cDme1zl3yLs,https://i.ytimg.com/vi/cDme1zl3yLs/maxresdefault.jpg,Chillies/Trên Những Đám Mây/Trên Những Đám Mây.mp3
Nếu Ngày Mai Không Đến,Chillies,Chillies,Nếu Ngày Mai Không Đến,vpop-indie-chill,https://music.youtube.com/watch?v=GWygtqW0Txw,https://i.ytimg.com/vi/GWygtqW0Txw/maxresdefault.jpg,Chillies/Nếu Ngày Mai Không Đến/Nếu Ngày Mai Không Đến.mp3
Những Con Đường Song Song,Chillies,Chillies,Những Con Đường Song Song,vpop-indie-chill,https://music.youtube.com/watch?v=xASeoNNHNkw,https://i.ytimg.com/vi/xASeoNNHNkw/maxresdefault.jpg,Chillies/Những Con Đường Song Song/Những Con Đường Song Song.mp3
Giá Như,Chillies,Chillies,Giá Như,vpop-indie-chill,https://music.youtube.com/watch?v=f9un6oJlF14,https://i.ytimg.com/vi/f9un6oJlF14/maxresdefault.jpg,Chillies/Giá Như/Giá Như.mp3
LOSER,Chillies,"MIN, Chillies",Dear Min,vpop-indie-chill,https://music.youtube.com/watch?v=83Veqvm8J5o,https://i.ytimg.com/vi/83Veqvm8J5o/maxresdefault.jpg,Chillies/Dear Min/LOSER.mp3
Vì Sao,Chillies,Chillies,Vì Sao,vpop-indie-chill,https://music.youtube.com/watch?v=c8zDaavPgE8,https://i.ytimg.com/vi/c8zDaavPgE8/maxresdefault.jpg,Chillies/Vì Sao/Vì Sao.mp3
Đường Chân Trời,Chillies,Chillies,Qua Khung Cửa Sổ,vpop-indie-chill,https://music.youtube.com/watch?v=EgONue-AKXc,https://i.ytimg.com/vi/EgONue-AKXc/maxresdefault.jpg,Chillies/Qua Khung Cửa Sổ/Đường Chân Trời.mp3
ngày mùa đông,Chillies,Chillies,ngày mùa đông,vpop-indie-chill,https://music.youtube.com/watch?v=k2L4Tpp8ys0,https://i.ytimg.com/vi/k2L4Tpp8ys0/maxresdefault.jpg,Chillies/ngày mùa đông/ngày mùa đông.mp3
Một Cái Tên (feat. Orange),Chillies,"Chillies, Orange",Qua Khung Cửa Sổ,vpop-indie-chill,https://music.youtube.com/watch?v=M6Fx5ZM-TZo,https://i.ytimg.com/vi/M6Fx5ZM-TZo/maxresdefault.jpg,Chillies/Qua Khung Cửa Sổ/Một Cái Tên (feat. Orange).mp3
Mộng Du,Chillies,Chillies,Qua Khung Cửa Sổ,vpop-indie-chill,https://music.youtube.com/watch?v=P5lRznOclWI,https://i.ytimg.com/vi/P5lRznOclWI/maxresdefault.jpg,Chillies/Qua Khung Cửa Sổ/Mộng Du.mp3
GOLD,Chillies,Chillies,GOLD,vpop-indie-chill,https://music.youtube.com/watch?v=2DOMkZErrao,https://i.ytimg.com/vi/2DOMkZErrao/maxresdefault.jpg,Chillies/GOLD/GOLD.mp3
Đi Tìm,Chillies,Chillies,KIM,vpop-indie-chill,https://music.youtube.com/watch?v=gQAi_ierDXw,https://i.ytimg.com/vi/gQAi_ierDXw/maxresdefault.jpg,Chillies/KIM/Đi Tìm.mp3
Tầng Mây Thứ 8,Chillies,Chillies,Trên Những Đám Mây,vpop-indie-chill,https://music.youtube.com/watch?v=rXyBpk7R86Y,https://i.ytimg.com/vi/rXyBpk7R86Y/maxresdefault.jpg,Chillies/Trên Những Đám Mây/Tầng Mây Thứ 8.mp3
Ms. May (feat. Magazine),Chillies,"Chillies, Magazine",Qua Khung Cửa Sổ,vpop-indie-chill,https://music.youtube.com/watch?v=ZFhGnJgiGs0,https://i.ytimg.com/vi/ZFhGnJgiGs0/maxresdefault.jpg,Chillies/Qua Khung Cửa Sổ/Ms. May (feat. Magazine).mp3
Lády,Chillies,Chillies,KIM,vpop-indie-chill,https://music.youtube.com/watch?v=j76b_4uyLh8,https://i.ytimg.com/vi/j76b_4uyLh8/maxresdefault.jpg,Chillies/KIM/Lády.mp3
"Cơn Mưa Rào Đầu Tiên (from ""Mùa Hè Đẹp Nhất"")",Chillies,Chillies,"Cơn Mưa Rào Đầu Tiên (from ""Mùa Hè Đẹp Nhất"")",vpop-indie-chill,https://music.youtube.com/watch?v=WMKSSEFgVX0,https://i.ytimg.com/vi/WMKSSEFgVX0/maxresdefault.jpg,Chillies/Cơn Mưa Rào Đầu Tiên (from Mùa Hè Đẹp Nhất)/Cơn Mưa Rào Đầu Tiên (from Mùa Hè Đẹp Nhất).mp3
Để Ngày Mai Luôn Tới (feat. Generali),Chillies,"Chillies, Generali",Để Ngày Mai Luôn Tới (feat. Generali),vpop-indie-chill,https://music.youtube.com/watch?v=P15TlzdiyEA,https://i.ytimg.com/vi/P15TlzdiyEA/maxresdefault.jpg,Chillies/Để Ngày Mai Luôn Tới (feat. Generali)/Để Ngày Mai Luôn Tới (feat. Generali).mp3
Bao Nhiêu,Chillies,Chillies,Qua Khung Cửa Sổ,vpop-indie-chill,https://music.youtube.com/watch?v=KbMS1JyN82g,https://i.ytimg.com/vi/KbMS1JyN82g/maxresdefault.jpg,Chillies/Qua Khung Cửa Sổ/Bao Nhiêu.mp3
Cứ Chill Thôi (DJ TuSo & LEA Remix),Chillies,"Chillies, Suni Hạ Linh, Rhymastic",Cứ Chill Thôi,vpop-indie-chill,https://music.youtube.com/watch?v=kFtm0ImXS_Y,https://i.ytimg.com/vi/kFtm0ImXS_Y/maxresdefault.jpg,Chillies/Cứ Chill Thôi/Cứ Chill Thôi (DJ TuSo & LEA Remix).mp3
Who?,Chillies,Chillies,Who?,vpop-indie-chill,https://music.youtube.com/watch?v=kxlol1nPxh8,https://i.ytimg.com/vi/kxlol1nPxh8/maxresdefault.jpg,Chillies/Who?/Who?.mp3
Sunkissed (feat. Châu Bùi),Chillies,"Chillies, Châu Bùi",Sunkissed (feat. Châu Bùi),vpop-indie-chill,https://music.youtube.com/watch?v=Br47786ErRY,https://i.ytimg.com/vi/Br47786ErRY/maxresdefault.jpg,Chillies/Sunkissed (feat. Châu Bùi)/Sunkissed (feat. Châu Bùi).mp3
Bermuda,Chillies,Chillies,KIM,vpop-indie-chill,https://music.youtube.com/watch?v=uTQHCfNhXdk,https://i.ytimg.com/vi/uTQHCfNhXdk/maxresdefault.jpg,Chillies/KIM/Bermuda.mp3
Dễ,Chillies,Chillies,KIM,vpop-indie-chill,https://music.youtube.com/watch?v=Ms5Pihw51oQ,https://i.ytimg.com/vi/Ms5Pihw51oQ/maxresdefault.jpg,Chillies/KIM/Dễ.mp3
Không Hối Hận,Chillies,Chillies,KIM,vpop-indie-chill,https://music.youtube.com/watch?v=qxmDVh1kf3s,https://i.ytimg.com/vi/qxmDVh1kf3s/maxresdefault.jpg,Chillies/KIM/Không Hối Hận.mp3
Đôi Cánh,Chillies,Chillies,KIM,vpop-indie-chill,https://music.youtube.com/watch?v=Oq-IZPz4zxU,https://i.ytimg.com/vi/Oq-IZPz4zxU/maxresdefault.jpg,Chillies/KIM/Đôi Cánh.mp3
Intro - New Show,Chillies,Chillies,KIM,vpop-indie-chill,https://music.youtube.com/watch?v=YmxRm9w4pKk,https://i.ytimg.com/vi/YmxRm9w4pKk/maxresdefault.jpg,Chillies/KIM/Intro - New Show.mp3
Outro,Chillies,Chillies,KIM,vpop-indie-chill,https://music.youtube.com/watch?v=0uPs3bDo_f4,https://i.ytimg.com/vi/0uPs3bDo_f4/maxresdefault.jpg,Chillies/KIM/Outro.mp3
Gác Lại Âu Lo (feat. Miu Lê),Da LAB,"Da LAB, Miu Lê",Gác Lại Âu Lo,vpop-indie-chill,https://music.youtube.com/watch?v=6Yn4p5Qpt7Q,https://i.ytimg.com/vi/6Yn4p5Qpt7Q/maxresdefault.jpg,Da LAB/Gác Lại Âu Lo/Gác Lại Âu Lo (feat. Miu Lê).mp3
Thức Giấc,Da LAB,Da LAB,Thức Giấc,vpop-indie-chill,https://music.youtube.com/watch?v=UZVk4ehRQRc,https://i.ytimg.com/vi/UZVk4ehRQRc/maxresdefault.jpg,Da LAB/Thức Giấc/Thức Giấc.mp3
Chuyện Đôi Ta (feat. Muộii),Da LAB,"Emcee L (Da LAB), Da LAB, Muộii",Chuyện Đôi Ta (feat. Muộii),vpop-indie-chill,https://music.youtube.com/watch?v=4RzTAS6njw4,https://i.ytimg.com/vi/4RzTAS6njw4/maxresdefault.jpg,Da LAB/Chuyện Đôi Ta (feat. Muộii)/Chuyện Đôi Ta (feat. Muộii).mp3
Bầu Trời Mới,Da LAB,"Da LAB, Minh Tốc & Lam",Bầu Trời Mới,vpop-indie-chill,https://music.youtube.com/watch?v=Y-PIOtOyah4,https://i.ytimg.com/vi/Y-PIOtOyah4/maxresdefault.jpg,Da LAB/Bầu Trời Mới/Bầu Trời Mới.mp3
Thanh Xuân,Da LAB,Da LAB,Thanh Xuân,vpop-indie-chill,https://music.youtube.com/watch?v=nCR3dLPp_ig,https://i.ytimg.com/vi/nCR3dLPp_ig/maxresdefault.jpg,Da LAB/Thanh Xuân/Thanh Xuân.mp3
Nước Mắt Em Lau Bằng Tình Yêu Mới,Da LAB,"Da LAB, Tóc Tiên",Nước Mắt Em Lau Bằng Tình Yêu Mới,vpop-indie-chill,https://music.youtube.com/watch?v=REV4PnXcRKQ,https://i.ytimg.com/vi/REV4PnXcRKQ/maxresdefault.jpg,Da LAB/Nước Mắt Em Lau Bằng Tình Yêu Mới/Nước Mắt Em Lau Bằng Tình Yêu Mới.mp3
Sinh Ra Đã Là Thứ Đối Lập Nhau (feat. Badbies),Da LAB,"Emcee L (Da LAB), Da LAB, Badbies",Sinh Ra Đã Là Thứ Đối Lập Nhau (feat. Badbies),vpop-indie-chill,https://music.youtube.com/watch?v=5q906vfrzyY,https://i.ytimg.com/vi/5q906vfrzyY/maxresdefault.jpg,Da LAB/Sinh Ra Đã Là Thứ Đối Lập Nhau (feat. Badbies)/Sinh Ra Đã Là Thứ Đối Lập Nhau (feat. Badbies).mp3
Chạy Khỏi Thế Giới Này,Da LAB,"Da LAB, Phương Ly",Chạy Khỏi Thế Giới Này,vpop-indie-chill,https://music.youtube.com/watch?v=bgj4bui7Q-Q,https://i.ytimg.com/vi/bgj4bui7Q-Q/maxresdefault.jpg,Da LAB/Chạy Khỏi Thế Giới Này/Chạy Khỏi Thế Giới Này.mp3
Từ Ngày Em Đến,Da LAB,Da LAB,Từ Ngày Em Đến,vpop-indie-chill,https://music.youtube.com/watch?v=G2Ev8KbHz8c,https://i.ytimg.com/vi/G2Ev8KbHz8c/maxresdefault.jpg,Da LAB/Từ Ngày Em Đến/Từ Ngày Em Đến.mp3
Một Nhà,Da LAB,Da LAB,Một Nhà,vpop-indie-chill,https://music.youtube.com/watch?v=S8sYD-2yco0,https://i.ytimg.com/vi/S8sYD-2yco0/maxresdefault.jpg,Da LAB/Một Nhà/Một Nhà.mp3
Chạy Khỏi Thế Giới Này (feat. Phương Ly) (Cukak Remix),Da LAB,"Da LAB, Phương Ly, Cukak",Chạy Khỏi Thế Giới Này (feat. Phương Ly) (Cukak Remix),vpop-indie-chill,https://music.youtube.com/watch?v=sHDLjN5CWCc,https://i.ytimg.com/vi/sHDLjN5CWCc/maxresdefault.jpg,Da LAB/Chạy Khỏi Thế Giới Này (feat. Phương Ly) (Cukak Remix)/Chạy Khỏi Thế Giới Này (feat. Phương Ly) (Cukak Remix).mp3
Gác Lại Âu Lo (Zang Remix) (feat. Miu Lê),Da LAB,"Da LAB, Miu Lê",Gác Lại Âu Lo (Zang Remix) (feat. Miu Lê),vpop-indie-chill,https://music.youtube.com/watch?v=5nZ3AxJSSP0,https://i.ytimg.com/vi/5nZ3AxJSSP0/maxresdefault.jpg,Da LAB/Gác Lại Âu Lo (Zang Remix) (feat. Miu Lê)/Gác Lại Âu Lo (Zang Remix) (feat. Miu Lê).mp3
Gác Lại Âu Lo (Instrumental),Da LAB,Da LAB,Gác Lại Âu Lo,vpop-indie-chill,https://music.youtube.com/watch?v=ztQ0lcVia2U,https://i.ytimg.com/vi/ztQ0lcVia2U/maxresdefault.jpg,Da LAB/Gác Lại Âu Lo/Gác Lại Âu Lo (Instrumental).mp3
Chuyện Đôi Ta (feat. Muộii) (Lofi Mix),Da LAB,"Emcee L (Da LAB), Da LAB, Muộii",Chuyện Đôi Ta (feat. Muộii) (Lofi Mix),vpop-indie-chill,https://music.youtube.com/watch?v=_uYfAKABlw0,https://i.ytimg.com/vi/_uYfAKABlw0/maxresdefault.jpg,Da LAB/Chuyện Đôi Ta (feat. Muộii) (Lofi Mix)/Chuyện Đôi Ta (feat. Muộii) (Lofi Mix).mp3
Thở,Da LAB,"Da LAB, Juky San",Thở,vpop-indie-chill,https://music.youtube.com/watch?v=K8s6VVBesb4,https://i.ytimg.com/vi/K8s6VVBesb4/maxresdefault.jpg,Da LAB/Thở/Thở.mp3
Hẹn Gặp Em Ở Một Hành Tinh Khác,Da LAB,"Da LAB, Juky San",M∞N,vpop-indie-chill,https://music.youtube.com/watch?v=_pTxbgeCYx0,https://i.ytimg.com/vi/_pTxbgeCYx0/maxresdefault.jpg,Da LAB/M∞N/Hẹn Gặp Em Ở Một Hành Tinh Khác.mp3
Con Cá Con Chim,Da LAB,Da LAB,M∞N,vpop-indie-chill,https://music.youtube.com/watch?v=U5I1gI6A49E,https://i.ytimg.com/vi/U5I1gI6A49E/maxresdefault.jpg,Da LAB/M∞N/Con Cá Con Chim.mp3
2 Ngày 1 Đêm,Da LAB,"Da LAB, Da LAB, Da LAB",2 Ngày 1 Đêm,vpop-indie-chill,https://music.youtube.com/watch?v=VshB3Ejh_ww,https://i.ytimg.com/vi/VshB3Ejh_ww/maxresdefault.jpg,Da LAB/2 Ngày 1 Đêm/2 Ngày 1 Đêm.mp3
Phù Du,Da LAB,Da LAB,M∞N,vpop-indie-chill,https://music.youtube.com/watch?v=WIJhyqv9cxw,https://i.ytimg.com/vi/WIJhyqv9cxw/maxresdefault.jpg,Da LAB/M∞N/Phù Du.mp3
Kết Thúc Bắt Đầu (feat. Đức Phúc),Da LAB,"Da LAB, Đức Phúc",Kết Thúc Bắt Đầu (feat. Đức Phúc),vpop-indie-chill,https://music.youtube.com/watch?v=QSz4uiBVusQ,https://i.ytimg.com/vi/QSz4uiBVusQ/maxresdefault.jpg,Da LAB/Kết Thúc Bắt Đầu (feat. Đức Phúc)/Kết Thúc Bắt Đầu (feat. Đức Phúc).mp3
Đời Là Đi,Da LAB,Da LAB,Đời Là Đi,vpop-indie-chill,https://music.youtube.com/watch?v=5R4TDB5GLbk,https://i.ytimg.com/vi/5R4TDB5GLbk/maxresdefault.jpg,Da LAB/Đời Là Đi/Đời Là Đi.mp3
Nguyệt Thực,Da LAB,"Da LAB, Nhím Biển",M∞N,vpop-indie-chill,https://music.youtube.com/watch?v=d3E7h6KCTgk,https://i.ytimg.com/vi/d3E7h6KCTgk/maxresdefault.jpg,Da LAB/M∞N/Nguyệt Thực.mp3
Rơi Khỏi Quỹ Đạo,Da LAB,"Da LAB, Miu Lê",M∞N,vpop-indie-chill,https://music.youtube.com/watch?v=VkSJiovsf_k,https://i.ytimg.com/vi/VkSJiovsf_k/maxresdefault.jpg,Da LAB/M∞N/Rơi Khỏi Quỹ Đạo.mp3
CILU,Da LAB,"Da LAB, JGKiD (Da LAB), MPaKK (Da LAB)",CILU,vpop-indie-chill,https://music.youtube.com/watch?v=HUJldLMALmw,https://i.ytimg.com/vi/HUJldLMALmw/maxresdefault.jpg,Da LAB/CILU/CILU.mp3
Chạy Khỏi Thế Giới Này (Remix),Da LAB,"Da LAB, Phương Ly",M∞N,vpop-indie-chill,https://music.youtube.com/watch?v=0x0ECPfN3iQ,https://i.ytimg.com/vi/0x0ECPfN3iQ/maxresdefault.jpg,Da LAB/M∞N/Chạy Khỏi Thế Giới Này (Remix).mp3
Trên Cao Nhìn Xuống,Da LAB,"Kimmese, JGKiD (Da LAB), Emcee L (Da LAB), KraziNoyze, Suboi, Đen, Max Benderz",Trên Cao Nhìn Xuống,vpop-indie-chill,https://music.youtube.com/watch?v=O0uhjSrlDxU,https://i.ytimg.com/vi/O0uhjSrlDxU/maxresdefault.jpg,Da LAB/Trên Cao Nhìn Xuống/Trên Cao Nhìn Xuống.mp3
Chẳng Biết Điều Gì,Da LAB,"Da LAB, Emcee L (Da LAB)",Chẳng Biết Điều Gì,vpop-indie-chill,https://music.youtube.com/watch?v=OPz8v_DZD38,https://i.ytimg.com/vi/OPz8v_DZD38/maxresdefault.jpg,Da LAB/Chẳng Biết Điều Gì/Chẳng Biết Điều Gì.mp3
Về Thôi,Da LAB,Da LAB,Về Thôi,vpop-indie-chill,https://music.youtube.com/watch?v=Cv1MpDNf2tI,https://i.ytimg.com/vi/Cv1MpDNf2tI/maxresdefault.jpg,Da LAB/Về Thôi/Về Thôi.mp3
Em à em ơi…,Da LAB,"MPaKK, JGKiD (Da LAB)",RANDOM THOUGHTS: AFTER EXIT,vpop-indie-chill,https://music.youtube.com/watch?v=GaEXRA5oUgY,https://i.ytimg.com/vi/GaEXRA5oUgY/maxresdefault.jpg,Da LAB/RANDOM THOUGHTS_ AFTER EXIT/Em à em ơi….mp3
Lái Xe Một Mình,Da LAB,"Da LAB, Rabbit Run, Linh Cao",Lái Xe Một Mình,vpop-indie-chill,https://music.youtube.com/watch?v=sBa9iGuwXLI,https://i.ytimg.com/vi/sBa9iGuwXLI/maxresdefault.jpg,Da LAB/Lái Xe Một Mình/Lái Xe Một Mình.mp3
Qua Những Lăng Kính,Da LAB,Da LAB,Qua Những Lăng Kính,vpop-indie-chill,https://music.youtube.com/watch?v=5MfM68MHXOE,https://i.ytimg.com/vi/5MfM68MHXOE/maxresdefault.jpg,Da LAB/Qua Những Lăng Kính/Qua Những Lăng Kính.mp3
Ngọc Hân x Khưu Huy Vũ | Đò Sang Ngang,Da LAB,"Ngọc Hân, Khưu Huy Vũ",Đò Sang Ngang,vpop-indie-chill,https://music.youtube.com/watch?v=bmURTXWSVRQ,https://i.ytimg.com/vi/bmURTXWSVRQ/maxresdefault.jpg,Da LAB/Đò Sang Ngang/Ngọc Hân x Khưu Huy Vũ _ Đò Sang Ngang.mp3
Monster,Da LAB,Da LAB,M∞N,vpop-indie-chill,https://music.youtube.com/watch?v=Lj0fN_JrHcA,https://i.ytimg.com/vi/Lj0fN_JrHcA/maxresdefault.jpg,Da LAB/M∞N/Monster.mp3
Rối Người,Da LAB,Da LAB,Rối Người,vpop-indie-chill,https://music.youtube.com/watch?v=Us0AmzQSzXo,https://i.ytimg.com/vi/Us0AmzQSzXo/maxresdefault.jpg,Da LAB/Rối Người/Rối Người.mp3
Không ai bỏ được HIPHOP,Da LAB,"Da LAB, KraziNoyze, Thỉm",Không ai bỏ được HIPHOP,vpop-indie-chill,https://music.youtube.com/watch?v=2gxtlXYfe5o,https://i.ytimg.com/vi/2gxtlXYfe5o/maxresdefault.jpg,Da LAB/Không ai bỏ được HIPHOP/Không ai bỏ được HIPHOP.mp3
Đừng Trốn Trong Phòng,Da LAB,"Da LAB, Kimmese",Đừng Trốn Trong Phòng,vpop-indie-chill,https://music.youtube.com/watch?v=iO6I5ZhPu_M,https://i.ytimg.com/vi/iO6I5ZhPu_M/maxresdefault.jpg,Da LAB/Đừng Trốn Trong Phòng/Đừng Trốn Trong Phòng.mp3
Sàn Nhà Ký Ức,Da LAB,"Da LAB, Emcee L (Da LAB)",Sàn Nhà Ký Ức,vpop-indie-chill,https://music.youtube.com/watch?v=FMy25e2TXzs,https://i.ytimg.com/vi/FMy25e2TXzs/maxresdefault.jpg,Da LAB/Sàn Nhà Ký Ức/Sàn Nhà Ký Ức.mp3
SKYLINE,Da LAB,"Da LAB, Rhymastic",SKYLINE,vpop-indie-chill,https://music.youtube.com/watch?v=Gg1LpDxtgSM,https://i.ytimg.com/vi/Gg1LpDxtgSM/maxresdefault.jpg,Da LAB/SKYLINE/SKYLINE.mp3
Về Nhà,Da LAB,"Da LAB, Kaang",Về Nhà,vpop-indie-chill,https://music.youtube.com/watch?v=6DmeWkL0Gfo,https://i.ytimg.com/vi/6DmeWkL0Gfo/maxresdefault.jpg,Da LAB/Về Nhà/Về Nhà.mp3
Dòng Sông Sao,Da LAB,Da LAB,M∞N,vpop-indie-chill,https://music.youtube.com/watch?v=WiVFnG5ofX0,https://i.ytimg.com/vi/WiVFnG5ofX0/maxresdefault.jpg,Da LAB/M∞N/Dòng Sông Sao.mp3
nhungduongketrenbautroi,Da LAB,"MPaKK, Vân Lii",RANDOM THOUGHTS,vpop-indie-chill,https://music.youtube.com/watch?v=J138EFqCEYg,https://i.ytimg.com/vi/J138EFqCEYg/maxresdefault.jpg,Da LAB/RANDOM THOUGHTS/nhungduongketrenbautroi.mp3
Nghe Mưa,Da LAB,"Da LAB, Emcee L (Da LAB), KraziNoyze",Nghe Mưa,vpop-indie-chill,https://music.youtube.com/watch?v=X4YNspExoo8,https://i.ytimg.com/vi/X4YNspExoo8/maxresdefault.jpg,Da LAB/Nghe Mưa/Nghe Mưa.mp3
Thức Giấc (DXY Remix),Da LAB,Da LAB,Thức Giấc (Remix),vpop-indie-chill,https://music.youtube.com/watch?v=gGrVAfna1fo,https://i.ytimg.com/vi/gGrVAfna1fo/maxresdefault.jpg,Da LAB/Thức Giấc (Remix)/Thức Giấc (DXY Remix).mp3
Chạy Khỏi Thế Giới Này (feat. Phương Ly),Da LAB,"Da LAB, Phương Ly, Zeaplee",Chạy Khỏi Thế Giới Này (feat. Phương Ly) (Lofi Version by Zeaplee),vpop-indie-chill,https://music.youtube.com/watch?v=nz3HCURQ1Qc,https://i.ytimg.com/vi/nz3HCURQ1Qc/maxresdefault.jpg,Da LAB/Chạy Khỏi Thế Giới Này (feat. Phương Ly) (Lofi Version by Zeaplee)/Chạy Khỏi Thế Giới Này (feat. Phương Ly).mp3
Cứu Lấy Anh,Da LAB,Da LAB,M∞N,vpop-indie-chill,https://music.youtube.com/watch?v=DDyf38GjmZQ,https://i.ytimg.com/vi/DDyf38GjmZQ/maxresdefault.jpg,Da LAB/M∞N/Cứu Lấy Anh.mp3
Có Em Mỗi Bước Anh Đi,Da LAB,Da LAB,Có Em Mỗi Bước Anh Đi,vpop-indie-chill,https://music.youtube.com/watch?v=B7i0xfXPzHE,https://i.ytimg.com/vi/B7i0xfXPzHE/maxresdefault.jpg,Da LAB/Có Em Mỗi Bước Anh Đi/Có Em Mỗi Bước Anh Đi.mp3
Luôn Là Mình,Da LAB,Da LAB,Luôn Là Mình,vpop-indie-chill,https://music.youtube.com/watch?v=NALsHCrlsdI,https://i.ytimg.com/vi/NALsHCrlsdI/maxresdefault.jpg,Da LAB/Luôn Là Mình/Luôn Là Mình.mp3
Chậm Lại Một Chút,Da LAB,"Da LAB, Emcee L (Da LAB)",Chậm Lại Một Chút,vpop-indie-chill,https://music.youtube.com/watch?v=QShVG_-rQ6c,https://i.ytimg.com/vi/QShVG_-rQ6c/maxresdefault.jpg,Da LAB/Chậm Lại Một Chút/Chậm Lại Một Chút.mp3
LẦN CUỐI (đi bên em xót xa người ơi),Ngọt,Ngọt,3 (tuyển tập nhạc Ngọt mới trẻ sôi động 2019),vpop-indie-chill,https://music.youtube.com/watch?v=wgp7A9NCyE4,https://i.ytimg.com/vi/wgp7A9NCyE4/maxresdefault.jpg,Ngọt/3 (tuyển tập nhạc Ngọt mới trẻ sôi động 2019)/LẦN CUỐI (đi bên em xót xa người ơi).mp3
Cho Tôi Lang Thang,Ngọt,"Ngọt, Đen",Cho Tôi Lang Thang,vpop-indie-chill,https://music.youtube.com/watch?v=r8W_GDzHW7c,https://i.ytimg.com/vi/r8W_GDzHW7c/maxresdefault.jpg,Ngọt/Cho Tôi Lang Thang/Cho Tôi Lang Thang.mp3
CHUYỂN KÊNH (sản phẩm này không phải là thuốc),Ngọt,Ngọt,3 (tuyển tập nhạc Ngọt mới trẻ sôi động 2019),vpop-indie-chill,https://music.youtube.com/watch?v=LExzC4HMYiU,https://i.ytimg.com/vi/LExzC4HMYiU/maxresdefault.jpg,Ngọt/3 (tuyển tập nhạc Ngọt mới trẻ sôi động 2019)/CHUYỂN KÊNH (sản phẩm này không phải là thuốc).mp3
Đá tan,Ngọt,"Ngọt, Mạc Mai Sương",Gieo,vpop-indie-chill,https://music.youtube.com/watch?v=VbtVgQn_Zkk,https://i.ytimg.com/vi/VbtVgQn_Zkk/maxresdefault.jpg,Ngọt/Gieo/Đá tan.mp3
Thấy Chưa,Ngọt,Ngọt,Thấy Chưa,vpop-indie-chill,https://music.youtube.com/watch?v=SB6kbZIOiQw,https://i.ytimg.com/vi/SB6kbZIOiQw/maxresdefault.jpg,Ngọt/Thấy Chưa/Thấy Chưa.mp3
Mất Tích,Ngọt,Ngọt,Gieo,vpop-indie-chill,https://music.youtube.com/watch?v=0dhSm2n7Gc8,https://i.ytimg.com/vi/0dhSm2n7Gc8/maxresdefault.jpg,Ngọt/Gieo/Mất Tích.mp3
Kẻ Thù,Ngọt,Ngọt,Ng'bthg,vpop-indie-chill,https://music.youtube.com/watch?v=w7jQNldACWA,https://i.ytimg.com/vi/w7jQNldACWA/maxresdefault.jpg,Ngọt/Ng'bthg/Kẻ Thù.mp3
HẾT THỜI,Ngọt,Ngọt,3 (tuyển tập nhạc Ngọt mới trẻ sôi động 2019),vpop-indie-chill,https://music.youtube.com/watch?v=l9CyhHACy0M,https://i.ytimg.com/vi/l9CyhHACy0M/maxresdefault.jpg,Ngọt/3 (tuyển tập nhạc Ngọt mới trẻ sôi động 2019)/HẾT THỜI.mp3
Đốt,Ngọt,Ngọt,Đốt,vpop-indie-chill,https://music.youtube.com/watch?v=c2aCdZtwQng,https://i.ytimg.com/vi/c2aCdZtwQng/maxresdefault.jpg,Ngọt/Đốt/Đốt.mp3
để quên,Ngọt,Ngọt,để quên,vpop-indie-chill,https://music.youtube.com/watch?v=7KMc3GpV6HI,https://i.ytimg.com/vi/7KMc3GpV6HI/maxresdefault.jpg,Ngọt/để quên/để quên.mp3
Em Dạo Này,Ngọt,Ngọt,Ng'bthg,vpop-indie-chill,https://music.youtube.com/watch?v=w218bv_F7ic,https://i.ytimg.com/vi/w218bv_F7ic/maxresdefault.jpg,Ngọt/Ng'bthg/Em Dạo Này.mp3
Cho Tôi Đi Theo,Ngọt,Ngọt,Ngọt,vpop-indie-chill,https://music.youtube.com/watch?v=vBoeteol1o8,https://i.ytimg.com/vi/vBoeteol1o8/maxresdefault.jpg,Ngọt/Ngọt/Cho Tôi Đi Theo.mp3
03 Hay Là,Ngọt,Ngọt,Suýt 1,vpop-indie-chill,https://music.youtube.com/watch?v=5_61bwfcVeI,https://i.ytimg.com/vi/5_61bwfcVeI/maxresdefault.jpg,Ngọt/Suýt 1/03 Hay Là.mp3
Mấy Khi,Ngọt,Ngọt,Mấy Khi,vpop-indie-chill,https://music.youtube.com/watch?v=ppa49uvDyQM,https://i.ytimg.com/vi/ppa49uvDyQM/maxresdefault.jpg,Ngọt/Mấy Khi/Mấy Khi.mp3
01 Chuyện Dở Dang,Ngọt,Ngọt,Suýt 1,vpop-indie-chill,https://music.youtube.com/watch?v=4ufQkrVLkHI,https://i.ytimg.com/vi/4ufQkrVLkHI/maxresdefault.jpg,Ngọt/Suýt 1/01 Chuyện Dở Dang.mp3
Cho,Ngọt,Ngọt,Ng'bthg,vpop-indie-chill,https://music.youtube.com/watch?v=tnYqnkOm9jI,https://i.ytimg.com/vi/tnYqnkOm9jI/maxresdefault.jpg,Ngọt/Ng'bthg/Cho.mp3
Xanh,Ngọt,Ngọt,Ngọt,vpop-indie-chill,https://music.youtube.com/watch?v=yQRlu7JAcc4,https://i.ytimg.com/vi/yQRlu7JAcc4/maxresdefault.jpg,Ngọt/Ngọt/Xanh.mp3
EM CÓ CHẮC KHÔNG (?) (bài ca rebound),Ngọt,Ngọt,3 (tuyển tập nhạc Ngọt mới trẻ sôi động 2019),vpop-indie-chill,https://music.youtube.com/watch?v=i3AHCYj0zDc,https://i.ytimg.com/vi/i3AHCYj0zDc/maxresdefault.jpg,Ngọt/3 (tuyển tập nhạc Ngọt mới trẻ sôi động 2019)/EM CÓ CHẮC KHÔNG (?) (bài ca rebound).mp3
NỨT (đôi chân đôi tay đôi mắt trái tim),Ngọt,Ngọt,3 (tuyển tập nhạc Ngọt mới trẻ sôi động 2019),vpop-indie-chill,https://music.youtube.com/watch?v=9P5H-x9-8rU,https://i.ytimg.com/vi/9P5H-x9-8rU/maxresdefault.jpg,Ngọt/3 (tuyển tập nhạc Ngọt mới trẻ sôi động 2019)/NỨT (đôi chân đôi tay đôi mắt trái tim).mp3
09 Chuyện Thường,Ngọt,Ngọt,Suýt 2,vpop-indie-chill,https://music.youtube.com/watch?v=HXtHfFcI080,https://i.ytimg.com/vi/HXtHfFcI080/maxresdefault.jpg,Ngọt/Suýt 2/09 Chuyện Thường.mp3
Em Trang Trí,Ngọt,Ngọt,Em Trang Trí,vpop-indie-chill,https://music.youtube.com/watch?v=elXyldG_lkU,https://i.ytimg.com/vi/elXyldG_lkU/maxresdefault.jpg,Ngọt/Em Trang Trí/Em Trang Trí.mp3
02 Mơ Làm Ma,Ngọt,"Ngọt, Thỏ Trauma",Suýt 1,vpop-indie-chill,https://music.youtube.com/watch?v=AchhLf6Ax-U,https://i.ytimg.com/vi/AchhLf6Ax-U/maxresdefault.jpg,Ngọt/Suýt 1/02 Mơ Làm Ma.mp3
Điểm Đến Cuối Cùng,Ngọt,Ngọt,Gieo,vpop-indie-chill,https://music.youtube.com/watch?v=b-kllJ9c3l4,https://i.ytimg.com/vi/b-kllJ9c3l4/maxresdefault.jpg,Ngọt/Gieo/Điểm Đến Cuối Cùng.mp3
06 Quen Lắm,Ngọt,Ngọt,Suýt 2,vpop-indie-chill,https://music.youtube.com/watch?v=O46_lfTMlok,https://i.ytimg.com/vi/O46_lfTMlok/maxresdefault.jpg,Ngọt/Suýt 2/06 Quen Lắm.mp3
Bartender,Ngọt,Ngọt,Ng'bthg,vpop-indie-chill,https://music.youtube.com/watch?v=uzJfo6WSW7A,https://i.ytimg.com/vi/uzJfo6WSW7A/maxresdefault.jpg,Ngọt/Ng'bthg/Bartender.mp3
GIẢ VỜ,Ngọt,Ngọt,3 (tuyển tập nhạc Ngọt mới trẻ sôi động 2019),vpop-indie-chill,https://music.youtube.com/watch?v=y5s-40GtW2s,https://i.ytimg.com/vi/y5s-40GtW2s/maxresdefault.jpg,Ngọt/3 (tuyển tập nhạc Ngọt mới trẻ sôi động 2019)/GIẢ VỜ.mp3
Bạn thỏ tivi nhỏ,Ngọt,Ngọt,Gieo,vpop-indie-chill,https://music.youtube.com/watch?v=6HiJ6X2i-1E,https://i.ytimg.com/vi/6HiJ6X2i-1E/maxresdefault.jpg,Ngọt/Gieo/Bạn thỏ tivi nhỏ.mp3
04 Thắp Hương 05 Hoá Vàng,Ngọt,"Ngọt, Quyền Thiện Đắc",Suýt 1,vpop-indie-chill,https://music.youtube.com/watch?v=rvCZs381O9I,https://i.ytimg.com/vi/rvCZs381O9I/maxresdefault.jpg,Ngọt/Suýt 1/04 Thắp Hương 05 Hoá Vàng.mp3
CHUÔNG BÁO THỨC (sáng rồi),Ngọt,Ngọt,3 (tuyển tập nhạc Ngọt mới trẻ sôi động 2019),vpop-indie-chill,https://music.youtube.com/watch?v=aFZmHbEt7ik,https://i.ytimg.com/vi/aFZmHbEt7ik/maxresdefault.jpg,Ngọt/3 (tuyển tập nhạc Ngọt mới trẻ sôi động 2019)/CHUÔNG BÁO THỨC (sáng rồi).mp3
Một Ngày Không Mưa,Ngọt,Ngọt,Ng'bthg,vpop-indie-chill,https://music.youtube.com/watch?v=KHUICZHMrbg,https://i.ytimg.com/vi/KHUICZHMrbg/maxresdefault.jpg,Ngọt/Ng'bthg/Một Ngày Không Mưa.mp3
MẾU MÁO (T.T),Ngọt,Ngọt,3 (tuyển tập nhạc Ngọt mới trẻ sôi động 2019),vpop-indie-chill,https://music.youtube.com/watch?v=oZHGvbPVq6o,https://i.ytimg.com/vi/oZHGvbPVq6o/maxresdefault.jpg,Ngọt/3 (tuyển tập nhạc Ngọt mới trẻ sôi động 2019)/MẾU MÁO (T.T).mp3
MÀU (đen trắng),Ngọt,Ngọt,3 (tuyển tập nhạc Ngọt mới trẻ sôi động 2019),vpop-indie-chill,https://music.youtube.com/watch?v=oS27G5GkDPQ,https://i.ytimg.com/vi/oS27G5GkDPQ/maxresdefault.jpg,Ngọt/3 (tuyển tập nhạc Ngọt mới trẻ sôi động 2019)/MÀU (đen trắng).mp3
Đêm Hôm Qua,Ngọt,Ngọt,Gieo,vpop-indie-chill,https://music.youtube.com/watch?v=e1YKdbQxo2o,https://i.ytimg.com/vi/e1YKdbQxo2o/maxresdefault.jpg,Ngọt/Gieo/Đêm Hôm Qua.mp3
VÉ ĐI THIÊN ĐƯỜNG (một chiều),Ngọt,Ngọt,3 (tuyển tập nhạc Ngọt mới trẻ sôi động 2019),vpop-indie-chill,https://music.youtube.com/watch?v=jKiSKwuLzw4,https://i.ytimg.com/vi/jKiSKwuLzw4/maxresdefault.jpg,Ngọt/3 (tuyển tập nhạc Ngọt mới trẻ sôi động 2019)/VÉ ĐI THIÊN ĐƯỜNG (một chiều).mp3
Em Trong Đầu,Ngọt,Ngọt,Gieo,vpop-indie-chill,https://music.youtube.com/watch?v=JJ9oL0RJMeY,https://i.ytimg.com/vi/JJ9oL0RJMeY/maxresdefault.jpg,Ngọt/Gieo/Em Trong Đầu.mp3
(tôi) ĐI TRÚ ĐÔNG,Ngọt,Ngọt,3 (tuyển tập nhạc Ngọt mới trẻ sôi động 2019),vpop-indie-chill,https://music.youtube.com/watch?v=1WSxcO4jvRA,https://i.ytimg.com/vi/1WSxcO4jvRA/maxresdefault.jpg,Ngọt/3 (tuyển tập nhạc Ngọt mới trẻ sôi động 2019)/(tôi) ĐI TRÚ ĐÔNG.mp3
Vì Ai,Ngọt,Ngọt,Ngọt,vpop-indie-chill,https://music.youtube.com/watch?v=3bPIzppI8OY,https://i.ytimg.com/vi/3bPIzppI8OY/maxresdefault.jpg,Ngọt/Ngọt/Vì Ai.mp3
Drama Queen,Ngọt,Ngọt,Ngọt,vpop-indie-chill,https://music.youtube.com/watch?v=he6-cwnQOYU,https://i.ytimg.com/vi/he6-cwnQOYU/maxresdefault.jpg,Ngọt/Ngọt/Drama Queen.mp3
08 Leo Đèo,Ngọt,Ngọt,Suýt 2,vpop-indie-chill,https://music.youtube.com/watch?v=zjxnSSkjgMk,https://i.ytimg.com/vi/zjxnSSkjgMk/maxresdefault.jpg,Ngọt/Suýt 2/08 Leo Đèo.mp3
Kho Báu,Ngọt,Ngọt,Ng'bthg,vpop-indie-chill,https://music.youtube.com/watch?v=CUnJX0-B-qw,https://i.ytimg.com/vi/CUnJX0-B-qw/maxresdefault.jpg,Ngọt/Ng'bthg/Kho Báu.mp3
(bé),Ngọt,Ngọt,3 (tuyển tập nhạc Ngọt mới trẻ sôi động 2019),vpop-indie-chill,https://music.youtube.com/watch?v=mL8x2ZBH-L8,https://i.ytimg.com/vi/mL8x2ZBH-L8/maxresdefault.jpg,Ngọt/3 (tuyển tập nhạc Ngọt mới trẻ sôi động 2019)/(bé).mp3
Mèo Hoang,Ngọt,Ngọt,Ng'bthg,vpop-indie-chill,https://music.youtube.com/watch?v=8kDcNaBt-ys,https://i.ytimg.com/vi/8kDcNaBt-ys/maxresdefault.jpg,Ngọt/Ng'bthg/Mèo Hoang.mp3
Be Cool,Ngọt,Ngọt,Ngọt,vpop-indie-chill,https://music.youtube.com/watch?v=UFNZpaIqEFk,https://i.ytimg.com/vi/UFNZpaIqEFk/maxresdefault.jpg,Ngọt/Ngọt/Be Cool.mp3
Cá Hồi,Ngọt,Ngọt,Ngọt,vpop-indie-chill,https://music.youtube.com/watch?v=ND0f-McHRY0,https://i.ytimg.com/vi/ND0f-McHRY0/maxresdefault.jpg,Ngọt/Ngọt/Cá Hồi.mp3
Không Làm Gì,Ngọt,Ngọt,Ngọt,vpop-indie-chill,https://music.youtube.com/watch?v=HOoK_I3ohkg,https://i.ytimg.com/vi/HOoK_I3ohkg/maxresdefault.jpg,Ngọt/Ngọt/Không Làm Gì.mp3
Gieo,Ngọt,Ngọt,Gieo,vpop-indie-chill,https://music.youtube.com/watch?v=knLHZ9J1v1s,https://i.ytimg.com/vi/knLHZ9J1v1s/maxresdefault.jpg,Ngọt/Gieo/Gieo.mp3
Khắp Xung Quanh,Ngọt,Ngọt,Ngọt,vpop-indie-chill,https://music.youtube.com/watch?v=H-x2of3bGBQ,https://i.ytimg.com/vi/H-x2of3bGBQ/maxresdefault.jpg,Ngọt/Ngọt/Khắp Xung Quanh.mp3
Xin Cho Tôi,Ngọt,Ngọt,Ng'bthg,vpop-indie-chill,https://music.youtube.com/watch?v=KcFMltpQIZ4,https://i.ytimg.com/vi/KcFMltpQIZ4/maxresdefault.jpg,Ngọt/Ng'bthg/Xin Cho Tôi.mp3
Bartender,Ngọt,Ngọt,Cñgđc,vpop-indie-chill,https://music.youtube.com/watch?v=CmVom82oDI8,https://i.ytimg.com/vi/CmVom82oDI8/maxresdefault.jpg,Ngọt/Cñgđc/Bartender.mp3
07 Chiều Hồ Tây,Ngọt,Ngọt,Suýt 2,vpop-indie-chill,https://music.youtube.com/watch?v=ecB1XTtQn5w,https://i.ytimg.com/vi/ecB1XTtQn5w/maxresdefault.jpg,Ngọt/Suýt 2/07 Chiều Hồ Tây.mp3
Ngày Nào,Cá Hồi Hoang,"Cá Hồi Hoang, Datmaniac",2004,vpop-indie-chill,https://music.youtube.com/watch?v=5CAf06QeN-o,https://i.ytimg.com/vi/5CAf06QeN-o/maxresdefault.jpg,Cá Hồi Hoang/2004/Ngày Nào.mp3
Không Điều Kiện,Cá Hồi Hoang,Cá Hồi Hoang,Chúng Ta Đều Muốn Một Thứ,vpop-indie-chill,https://music.youtube.com/watch?v=p3ZeqPu_2SU,https://i.ytimg.com/vi/p3ZeqPu_2SU/maxresdefault.jpg,Cá Hồi Hoang/Chúng Ta Đều Muốn Một Thứ/Không Điều Kiện.mp3
Xúc Cảm Bộ Máy,Cá Hồi Hoang,Cá Hồi Hoang,Xúc Cảm Bộ Máy,vpop-indie-chill,https://music.youtube.com/watch?v=riLUuAvc92E,https://i.ytimg.com/vi/riLUuAvc92E/maxresdefault.jpg,Cá Hồi Hoang/Xúc Cảm Bộ Máy/Xúc Cảm Bộ Máy.mp3
5AM,Cá Hồi Hoang,Cá Hồi Hoang,5AM,vpop-indie-chill,https://music.youtube.com/watch?v=Nmpy87NyYVQ,https://i.ytimg.com/vi/Nmpy87NyYVQ/maxresdefault.jpg,Cá Hồi Hoang/5AM/5AM.mp3
Hiệu Ứng Trốn Chạy,Cá Hồi Hoang,Cá Hồi Hoang,Hiệu Ứng Trốn Chạy,vpop-indie-chill,https://music.youtube.com/watch?v=LR28jR60tbk,https://i.ytimg.com/vi/LR28jR60tbk/maxresdefault.jpg,Cá Hồi Hoang/Hiệu Ứng Trốn Chạy/Hiệu Ứng Trốn Chạy.mp3
Một Đời,Cá Hồi Hoang,Cá Hồi Hoang,Một Đời,vpop-indie-chill,https://music.youtube.com/watch?v=EpzIeTR1wBs,https://i.ytimg.com/vi/EpzIeTR1wBs/maxresdefault.jpg,Cá Hồi Hoang/Một Đời/Một Đời.mp3
Vậy Thì,Cá Hồi Hoang,Cá Hồi Hoang,Vậy Thì,vpop-indie-chill,https://music.youtube.com/watch?v=uCIIZ6lFH1U,https://i.ytimg.com/vi/uCIIZ6lFH1U/maxresdefault.jpg,Cá Hồi Hoang/Vậy Thì/Vậy Thì.mp3
Mất Kết Nối,Cá Hồi Hoang,Cá Hồi Hoang,Chúng Ta Đều Muốn Một Thứ,vpop-indie-chill,https://music.youtube.com/watch?v=XWTT0d2hkXk,https://i.ytimg.com/vi/XWTT0d2hkXk/maxresdefault.jpg,Cá Hồi Hoang/Chúng Ta Đều Muốn Một Thứ/Mất Kết Nối.mp3
2004,Cá Hồi Hoang,Cá Hồi Hoang,2004,vpop-indie-chill,https://music.youtube.com/watch?v=dbOzzC_6EwU,https://i.ytimg.com/vi/dbOzzC_6EwU/maxresdefault.jpg,Cá Hồi Hoang/2004/2004.mp3
Ngày Ấy Và Sau Này,Cá Hồi Hoang,Cá Hồi Hoang,Ngày Ấy Và Sau Này,vpop-indie-chill,https://music.youtube.com/watch?v=mC4USqgMoDA,https://i.ytimg.com/vi/mC4USqgMoDA/maxresdefault.jpg,Cá Hồi Hoang/Ngày Ấy Và Sau Này/Ngày Ấy Và Sau Này.mp3
Đến Hết Hôm Nay,Cá Hồi Hoang,Cá Hồi Hoang,Chúng Ta Đều Muốn Một Thứ,vpop-indie-chill,https://music.youtube.com/watch?v=09fOU4_xbWg,https://i.ytimg.com/vi/09fOU4_xbWg/maxresdefault.jpg,Cá Hồi Hoang/Chúng Ta Đều Muốn Một Thứ/Đến Hết Hôm Nay.mp3
Một Màu,Cá Hồi Hoang,Cá Hồi Hoang,Một Màu,vpop-indie-chill,https://music.youtube.com/watch?v=oMs8zjx1Wag,https://i.ytimg.com/vi/oMs8zjx1Wag/maxresdefault.jpg,Cá Hồi Hoang/Một Màu/Một Màu.mp3
Tự Do,Cá Hồi Hoang,Cá Hồi Hoang,Tự Do,vpop-indie-chill,https://music.youtube.com/watch?v=RhcQSR72XqA,https://i.ytimg.com/vi/RhcQSR72XqA/maxresdefault.jpg,Cá Hồi Hoang/Tự Do/Tự Do.mp3
Mảnh Ghép,Cá Hồi Hoang,Cá Hồi Hoang,Chúng Ta Đều Muốn Một Thứ,vpop-indie-chill,https://music.youtube.com/watch?v=rpIBoIZb-o0,https://i.ytimg.com/vi/rpIBoIZb-o0/maxresdefault.jpg,Cá Hồi Hoang/Chúng Ta Đều Muốn Một Thứ/Mảnh Ghép.mp3
Đến Bao Giờ,Cá Hồi Hoang,Cá Hồi Hoang,GIẤC.MƠ.GIẤY,vpop-indie-chill,https://music.youtube.com/watch?v=Jc8ribGTgyA,https://i.ytimg.com/vi/Jc8ribGTgyA/maxresdefault.jpg,Cá Hồi Hoang/GIẤC.MƠ.GIẤY/Đến Bao Giờ.mp3
Vẫn Như Lúc Đầu ('Song Song' Original Movie Soundtrack),Cá Hồi Hoang,Cá Hồi Hoang,Vẫn Như Lúc Đầu ('Song Song' Original Movie Soundtrack),vpop-indie-chill,https://music.youtube.com/watch?v=IMix6klu79E,https://i.ytimg.com/vi/IMix6klu79E/maxresdefault.jpg,Cá Hồi Hoang/Vẫn Như Lúc Đầu ('Song Song' Original Movie Soundtrack)/Vẫn Như Lúc Đầu ('Song Song' Original Movie Soundtrack).mp3
Chờ (Điều Tốt Nhất),Cá Hồi Hoang,Cá Hồi Hoang,Chờ (Điều Tốt Nhất),vpop-indie-chill,https://music.youtube.com/watch?v=tf2N1gKmWJg,https://i.ytimg.com/vi/tf2N1gKmWJg/maxresdefault.jpg,Cá Hồi Hoang/Chờ (Điều Tốt Nhất)/Chờ (Điều Tốt Nhất).mp3
Nhà 9A,Cá Hồi Hoang,Cá Hồi Hoang,GIẤC.MƠ.GIẤY,vpop-indie-chill,https://music.youtube.com/watch?v=8Yg0mL7Ed_w,https://i.ytimg.com/vi/8Yg0mL7Ed_w/maxresdefault.jpg,Cá Hồi Hoang/GIẤC.MƠ.GIẤY/Nhà 9A.mp3
Phòng Trống,Cá Hồi Hoang,Cá Hồi Hoang,Ngày Ấy Và Sau Này,vpop-indie-chill,https://music.youtube.com/watch?v=sqKv4NZisA0,https://i.ytimg.com/vi/sqKv4NZisA0/maxresdefault.jpg,Cá Hồi Hoang/Ngày Ấy Và Sau Này/Phòng Trống.mp3
Cuộc Đời Còn Bao Nhiêu Điều Mình Sẽ Mãi Chưa Làm,Cá Hồi Hoang,Cá Hồi Hoang,Ngày Ấy Và Sau Này,vpop-indie-chill,https://music.youtube.com/watch?v=xTfQjfNY34A,https://i.ytimg.com/vi/xTfQjfNY34A/maxresdefault.jpg,Cá Hồi Hoang/Ngày Ấy Và Sau Này/Cuộc Đời Còn Bao Nhiêu Điều Mình Sẽ Mãi Chưa Làm.mp3
Cửa Sắt,Cá Hồi Hoang,Cá Hồi Hoang,Một Đời,vpop-indie-chill,https://music.youtube.com/watch?v=T7Fw443bsQg,https://i.ytimg.com/vi/T7Fw443bsQg/maxresdefault.jpg,Cá Hồi Hoang/Một Đời/Cửa Sắt.mp3
Cô Ấy,Cá Hồi Hoang,Cá Hồi Hoang,Hiệu Ứng Trốn Chạy,vpop-indie-chill,https://music.youtube.com/watch?v=EvQlQnm8E7w,https://i.ytimg.com/vi/EvQlQnm8E7w/maxresdefault.jpg,Cá Hồi Hoang/Hiệu Ứng Trốn Chạy/Cô Ấy.mp3
Đến Bao Giờ,Cá Hồi Hoang,Cá Hồi Hoang ft. Datmaniac,Đến Bao Giờ,vpop-indie-chill,https://music.youtube.com/watch?v=HrYWTid17P0,https://i.ytimg.com/vi/HrYWTid17P0/maxresdefault.jpg,Cá Hồi Hoang/Đến Bao Giờ/Đến Bao Giờ.mp3
Ngày Nào (102112 Version),Cá Hồi Hoang,Cá Hồi Hoang,102112,vpop-indie-chill,https://music.youtube.com/watch?v=s8cWTsC7OYw,https://i.ytimg.com/vi/s8cWTsC7OYw/maxresdefault.jpg,Cá Hồi Hoang/102112/Ngày Nào (102112 Version).mp3
Xúc Cảm Bộ Máy,Cá Hồi Hoang,Cá Hồi Hoang,Chúng Ta Đều Muốn Một Thứ,vpop-indie-chill,https://music.youtube.com/watch?v=R29DaeAbVv4,https://i.ytimg.com/vi/R29DaeAbVv4/maxresdefault.jpg,Cá Hồi Hoang/Chúng Ta Đều Muốn Một Thứ/Xúc Cảm Bộ Máy.mp3
Đảo Giữa Dòng Nước Lạnh,Cá Hồi Hoang,Cá Hồi Hoang,Đảo Giữa Dòng Nước Lạnh,vpop-indie-chill,https://music.youtube.com/watch?v=uJknL-yLA4M,https://i.ytimg.com/vi/uJknL-yLA4M/maxresdefault.jpg,Cá Hồi Hoang/Đảo Giữa Dòng Nước Lạnh/Đảo Giữa Dòng Nước Lạnh.mp3
Ngày Xa Lắm,Cá Hồi Hoang,Cá Hồi Hoang,GIẤC.MƠ.GIẤY,vpop-indie-chill,https://music.youtube.com/watch?v=4Di7RL0prfk,https://i.ytimg.com/vi/4Di7RL0prfk/maxresdefault.jpg,Cá Hồi Hoang/GIẤC.MƠ.GIẤY/Ngày Xa Lắm.mp3
Thợ Săn Bóng Đêm,Cá Hồi Hoang,Cá Hồi Hoang,Chúng Ta Đều Muốn Một Thứ,vpop-indie-chill,https://music.youtube.com/watch?v=m0FfEhiHb5M,https://i.ytimg.com/vi/m0FfEhiHb5M/maxresdefault.jpg,Cá Hồi Hoang/Chúng Ta Đều Muốn Một Thứ/Thợ Săn Bóng Đêm.mp3
Chúng Ta Đều Muốn Một Thứ,Cá Hồi Hoang,Cá Hồi Hoang,Chúng Ta Đều Muốn Một Thứ,vpop-indie-chill,https://music.youtube.com/watch?v=I0_tccnbgBI,https://i.ytimg.com/vi/I0_tccnbgBI/maxresdefault.jpg,Cá Hồi Hoang/Chúng Ta Đều Muốn Một Thứ/Chúng Ta Đều Muốn Một Thứ.mp3
Một Câu,Cá Hồi Hoang,Cá Hồi Hoang,Ngày Ấy Và Sau Này,vpop-indie-chill,https://music.youtube.com/watch?v=4i8XTE71fJU,https://i.ytimg.com/vi/4i8XTE71fJU/maxresdefault.jpg,Cá Hồi Hoang/Ngày Ấy Và Sau Này/Một Câu.mp3
Cơ Hội Cuối,Cá Hồi Hoang,Cá Hồi Hoang,Chúng Ta Đều Muốn Một Thứ,vpop-indie-chill,https://music.youtube.com/watch?v=OyrDxiLk534,https://i.ytimg.com/vi/OyrDxiLk534/maxresdefault.jpg,Cá Hồi Hoang/Chúng Ta Đều Muốn Một Thứ/Cơ Hội Cuối.mp3
Reset (Rỉ Sét),Cá Hồi Hoang,Cá Hồi Hoang,Chúng Ta Đều Muốn Một Thứ,vpop-indie-chill,https://music.youtube.com/watch?v=qj9UDr3PWhY,https://i.ytimg.com/vi/qj9UDr3PWhY/maxresdefault.jpg,Cá Hồi Hoang/Chúng Ta Đều Muốn Một Thứ/Reset (Rỉ Sét).mp3
Cứ Để Ngày Mai,Cá Hồi Hoang,Cá Hồi Hoang,Một Màu,vpop-indie-chill,https://music.youtube.com/watch?v=GCxNBtIuumY,https://i.ytimg.com/vi/GCxNBtIuumY/maxresdefault.jpg,Cá Hồi Hoang/Một Màu/Cứ Để Ngày Mai.mp3
Người Tìm Vàng,Cá Hồi Hoang,Cá Hồi Hoang,Người Tìm Vàng,vpop-indie-chill,https://music.youtube.com/watch?v=9pxOpcIeBdQ,https://i.ytimg.com/vi/9pxOpcIeBdQ/maxresdefault.jpg,Cá Hồi Hoang/Người Tìm Vàng/Người Tìm Vàng.mp3
Công Thức Tốt Bụng,Cá Hồi Hoang,Cá Hồi Hoang,Chúng Ta Đều Muốn Một Thứ,vpop-indie-chill,https://music.youtube.com/watch?v=6hTBA-o_mhA,https://i.ytimg.com/vi/6hTBA-o_mhA/maxresdefault.jpg,Cá Hồi Hoang/Chúng Ta Đều Muốn Một Thứ/Công Thức Tốt Bụng.mp3
Đến Bao Giờ,Cá Hồi Hoang,Cá Hồi Hoang ft. Datmaniac,Đến Bao Giờ,vpop-indie-chill,https://music.youtube.com/watch?v=111XfiNmcAg,https://i.ytimg.com/vi/111XfiNmcAg/maxresdefault.jpg,Cá Hồi Hoang/Đến Bao Giờ/Đến Bao Giờ.mp3
Acid8,Cá Hồi Hoang,Cá Hồi Hoang,Acid8,vpop-indie-chill,https://music.youtube.com/watch?v=Hg95CtMGXzs,https://i.ytimg.com/vi/Hg95CtMGXzs/maxresdefault.jpg,Cá Hồi Hoang/Acid8/Acid8.mp3
Hết Mực (102112 Version),Cá Hồi Hoang,Cá Hồi Hoang,102112,vpop-indie-chill,https://music.youtube.com/watch?v=7yRuzHk2OkU,https://i.ytimg.com/vi/7yRuzHk2OkU/maxresdefault.jpg,Cá Hồi Hoang/102112/Hết Mực (102112 Version).mp3
Chợt Muốn Nghe,Cá Hồi Hoang,Cá Hồi Hoang,GIẤC.MƠ.GIẤY,vpop-indie-chill,https://music.youtube.com/watch?v=Vd62r7DcXDU,https://i.ytimg.com/vi/Vd62r7DcXDU/maxresdefault.jpg,Cá Hồi Hoang/GIẤC.MƠ.GIẤY/Chợt Muốn Nghe.mp3
Cô Ấy (102112 Version),Cá Hồi Hoang,Cá Hồi Hoang,102112,vpop-indie-chill,https://music.youtube.com/watch?v=mzWMSV7dz7k,https://i.ytimg.com/vi/mzWMSV7dz7k/maxresdefault.jpg,Cá Hồi Hoang/102112/Cô Ấy (102112 Version).mp3
Ánh Sáng,Cá Hồi Hoang,Cá Hồi Hoang,Ngày Ấy Và Sau Này,vpop-indie-chill,https://music.youtube.com/watch?v=N33MPMYXUhc,https://i.ytimg.com/vi/N33MPMYXUhc/maxresdefault.jpg,Cá Hồi Hoang/Ngày Ấy Và Sau Này/Ánh Sáng.mp3
Nơi Bắt Đầu,Cá Hồi Hoang,Cá Hồi Hoang,GIẤC.MƠ.GIẤY,vpop-indie-chill,https://music.youtube.com/watch?v=KvqYcxjdXv0,https://i.ytimg.com/vi/KvqYcxjdXv0/maxresdefault.jpg,Cá Hồi Hoang/GIẤC.MƠ.GIẤY/Nơi Bắt Đầu.mp3
Ai Cũng Sẽ Lớn Lên,Cá Hồi Hoang,Cá Hồi Hoang,GIẤC.MƠ.GIẤY,vpop-indie-chill,https://music.youtube.com/watch?v=eJ-GC84V8J0,https://i.ytimg.com/vi/eJ-GC84V8J0/maxresdefault.jpg,Cá Hồi Hoang/GIẤC.MƠ.GIẤY/Ai Cũng Sẽ Lớn Lên.mp3
Lần Thứ Hai,Cá Hồi Hoang,Cá Hồi Hoang,Ngày Ấy Và Sau Này,vpop-indie-chill,https://music.youtube.com/watch?v=-NQ8yK8I9MQ,https://i.ytimg.com/vi/-NQ8yK8I9MQ/maxresdefault.jpg,Cá Hồi Hoang/Ngày Ấy Và Sau Này/Lần Thứ Hai.mp3
GAP,Cá Hồi Hoang,Cá Hồi Hoang,Hiệu Ứng Trốn Chạy,vpop-indie-chill,https://music.youtube.com/watch?v=-9LVLv_tgXw,https://i.ytimg.com/vi/-9LVLv_tgXw/maxresdefault.jpg,Cá Hồi Hoang/Hiệu Ứng Trốn Chạy/GAP.mp3
Chờ (Điều Tốt Nhất) (102112 Version),Cá Hồi Hoang,Cá Hồi Hoang,102112,vpop-indie-chill,https://music.youtube.com/watch?v=7Bg9mmhc_oI,https://i.ytimg.com/vi/7Bg9mmhc_oI/maxresdefault.jpg,Cá Hồi Hoang/102112/Chờ (Điều Tốt Nhất) (102112 Version).mp3
Hiệu Ứng Cuối Cùng,Cá Hồi Hoang,Cá Hồi Hoang,Hiệu Ứng Trốn Chạy,vpop-indie-chill,https://music.youtube.com/watch?v=2mw3xf_bWF4,https://i.ytimg.com/vi/2mw3xf_bWF4/maxresdefault.jpg,Cá Hồi Hoang/Hiệu Ứng Trốn Chạy/Hiệu Ứng Cuối Cùng.mp3
Tầng Thượng 102 (102112 Version),Cá Hồi Hoang,Cá Hồi Hoang,102112,vpop-indie-chill,https://music.youtube.com/watch?v=y_j1dRrug7U,https://i.ytimg.com/vi/y_j1dRrug7U/maxresdefault.jpg,Cá Hồi Hoang/102112/Tầng Thượng 102 (102112 Version).mp3
Hiệu Ứng Bắt Đầu,Cá Hồi Hoang,Cá Hồi Hoang,Hiệu Ứng Trốn Chạy,vpop-indie-chill,https://music.youtube.com/watch?v=mCki0h7JKVA,https://i.ytimg.com/vi/mCki0h7JKVA/maxresdefault.jpg,Cá Hồi Hoang/Hiệu Ứng Trốn Chạy/Hiệu Ứng Bắt Đầu.mp3
Inside Mr.Bin,Cá Hồi Hoang,Cá Hồi Hoang,Hiệu Ứng Trốn Chạy,vpop-indie-chill,https://music.youtube.com/watch?v=U-LIFztOlJk,https://i.ytimg.com/vi/U-LIFztOlJk/maxresdefault.jpg,Cá Hồi Hoang/Hiệu Ứng Trốn Chạy/Inside Mr.Bin.mp3
bình yên,Vũ. (Hoàng tử Indie),"Vũ., Binz",bình yên,vpop-indie-chill,https://music.youtube.com/watch?v=PkgYe-QMXIo,https://i.ytimg.com/vi/PkgYe-QMXIo/maxresdefault.jpg,Vũ. (Hoàng tử Indie)/bình yên/bình yên.mp3
Vì Anh Đâu Có Biết,Vũ. (Hoàng tử Indie),"Madihu, Vũ.",Vì Anh Đâu Có Biết,vpop-indie-chill,https://music.youtube.com/watch?v=YWKjGyKZC0k,https://i.ytimg.com/vi/YWKjGyKZC0k/maxresdefault.jpg,Vũ. (Hoàng tử Indie)/Vì Anh Đâu Có Biết/Vì Anh Đâu Có Biết.mp3
Những Lời Hứa Bỏ Quên,Vũ. (Hoàng tử Indie),"Vũ., Dear Jane",Những Lời Hứa Bỏ Quên,vpop-indie-chill,https://music.youtube.com/watch?v=hDrFd1W8fvU,https://i.ytimg.com/vi/hDrFd1W8fvU/maxresdefault.jpg,Vũ. (Hoàng tử Indie)/Những Lời Hứa Bỏ Quên/Những Lời Hứa Bỏ Quên.mp3
Nếu Những Tiếc Nuối,Vũ. (Hoàng tử Indie),Vũ.,Nếu Những Tiếc Nuối,vpop-indie-chill,https://music.youtube.com/watch?v=D7nnobEajC8,https://i.ytimg.com/vi/D7nnobEajC8/maxresdefault.jpg,Vũ. (Hoàng tử Indie)/Nếu Những Tiếc Nuối/Nếu Những Tiếc Nuối.mp3
Lạ Lùng,Vũ. (Hoàng tử Indie),Vũ.,Lạ Lùng,vpop-indie-chill,https://music.youtube.com/watch?v=TD7hBpbF83s,https://i.ytimg.com/vi/TD7hBpbF83s/maxresdefault.jpg,Vũ. (Hoàng tử Indie)/Lạ Lùng/Lạ Lùng.mp3
Bước Qua Mùa Cô Đơn,Vũ. (Hoàng tử Indie),Vũ,Bước Qua Mùa Cô Đơn,vpop-indie-chill,https://music.youtube.com/watch?v=l7oEVIZoZrQ,https://i.ytimg.com/vi/l7oEVIZoZrQ/maxresdefault.jpg,Vũ. (Hoàng tử Indie)/Bước Qua Mùa Cô Đơn/Bước Qua Mùa Cô Đơn.mp3
Anh Nhớ Ra (feat. TRANG),Vũ. (Hoàng tử Indie),"Vũ., TRANG",Một Vạn Năm,vpop-indie-chill,https://music.youtube.com/watch?v=BBrxJXHC8aA,https://i.ytimg.com/vi/BBrxJXHC8aA/maxresdefault.jpg,Vũ. (Hoàng tử Indie)/Một Vạn Năm/Anh Nhớ Ra (feat. TRANG).mp3
Không Yêu Em Thì Yêu Ai?,Vũ. (Hoàng tử Indie),"Vũ., Low G",Bảo Tàng Của Nuối Tiếc,vpop-indie-chill,https://music.youtube.com/watch?v=AFU551BNCJM,https://i.ytimg.com/vi/AFU551BNCJM/maxresdefault.jpg,Vũ. (Hoàng tử Indie)/Bảo Tàng Của Nuối Tiếc/Không Yêu Em Thì Yêu Ai?.mp3
Mùa Mưa Ấy,Vũ. (Hoàng tử Indie),Vũ.,Bảo Tàng Của Nuối Tiếc,vpop-indie-chill,https://music.youtube.com/watch?v=CLQKb_PDzLw,https://i.ytimg.com/vi/CLQKb_PDzLw/maxresdefault.jpg,Vũ. (Hoàng tử Indie)/Bảo Tàng Của Nuối Tiếc/Mùa Mưa Ấy.mp3
Bước Qua Nhau,Vũ. (Hoàng tử Indie),Vũ.,Bước Qua Nhau,vpop-indie-chill,https://music.youtube.com/watch?v=Q3dktYAC1yM,https://i.ytimg.com/vi/Q3dktYAC1yM/maxresdefault.jpg,Vũ. (Hoàng tử Indie)/Bước Qua Nhau/Bước Qua Nhau.mp3
Dành Hết Xuân Thì Để Chờ Nhau,Vũ. (Hoàng tử Indie),"Vũ., Hà Anh Tuấn",Dành Hết Xuân Thì Để Chờ Nhau,vpop-indie-chill,https://music.youtube.com/watch?v=lbq4SCtRCKU,https://i.ytimg.com/vi/lbq4SCtRCKU/maxresdefault.jpg,Vũ. (Hoàng tử Indie)/Dành Hết Xuân Thì Để Chờ Nhau/Dành Hết Xuân Thì Để Chờ Nhau.mp3
Đông Kiếm Em,Vũ. (Hoàng tử Indie),Vũ.,Đông Kiếm Em,vpop-indie-chill,https://music.youtube.com/watch?v=9TuX0DAVGmI,https://i.ytimg.com/vi/9TuX0DAVGmI/maxresdefault.jpg,Vũ. (Hoàng tử Indie)/Đông Kiếm Em/Đông Kiếm Em.mp3
Cô Ta,Vũ. (Hoàng tử Indie),Vũ.,Cô ta,vpop-indie-chill,https://music.youtube.com/watch?v=iZAdpcwnus4,https://i.ytimg.com/vi/iZAdpcwnus4/maxresdefault.jpg,Vũ. (Hoàng tử Indie)/Cô ta/Cô Ta.mp3
Phút Ban Đầu,Vũ. (Hoàng tử Indie),Vũ.,Phút Ban Đầu,vpop-indie-chill,https://music.youtube.com/watch?v=2cZdLaYAz4g,https://i.ytimg.com/vi/2cZdLaYAz4g/maxresdefault.jpg,Vũ. (Hoàng tử Indie)/Phút Ban Đầu/Phút Ban Đầu.mp3
Lời Yêu Em,Vũ. (Hoàng tử Indie),Vũ.,Lời Yêu Em,vpop-indie-chill,https://music.youtube.com/watch?v=aSffJfnKRSo,https://i.ytimg.com/vi/aSffJfnKRSo/maxresdefault.jpg,Vũ. (Hoàng tử Indie)/Lời Yêu Em/Lời Yêu Em.mp3
Đợi,Vũ. (Hoàng tử Indie),Vũ.,Đợi,vpop-indie-chill,https://music.youtube.com/watch?v=0_uUNTAwJB0,https://i.ytimg.com/vi/0_uUNTAwJB0/maxresdefault.jpg,Vũ. (Hoàng tử Indie)/Đợi/Đợi.mp3
Và Em Sẽ Luôn Là Người Tôi Yêu Nhất,Vũ. (Hoàng tử Indie),"Vũ., Khang",Bảo Tàng Của Nuối Tiếc,vpop-indie-chill,https://music.youtube.com/watch?v=JM7-wjuCTho,https://i.ytimg.com/vi/JM7-wjuCTho/maxresdefault.jpg,Vũ. (Hoàng tử Indie)/Bảo Tàng Của Nuối Tiếc/Và Em Sẽ Luôn Là Người Tôi Yêu Nhất.mp3
Những Chuyến Bay,Vũ. (Hoàng tử Indie),Vũ.,Bảo Tàng Của Nuối Tiếc,vpop-indie-chill,https://music.youtube.com/watch?v=gN0vy2IOq58,https://i.ytimg.com/vi/gN0vy2IOq58/maxresdefault.jpg,Vũ. (Hoàng tử Indie)/Bảo Tàng Của Nuối Tiếc/Những Chuyến Bay.mp3
Her Summer,Vũ. (Hoàng tử Indie),Vũ.,Her Summer,vpop-indie-chill,https://music.youtube.com/watch?v=XFLxisOIenY,https://i.ytimg.com/vi/XFLxisOIenY/maxresdefault.jpg,Vũ. (Hoàng tử Indie)/Her Summer/Her Summer.mp3
Anh Nhớ Ra (Solo Version),Vũ. (Hoàng tử Indie),Vũ.,Anh Nhớ Ra,vpop-indie-chill,https://music.youtube.com/watch?v=YFdCpykQDiE,https://i.ytimg.com/vi/YFdCpykQDiE/maxresdefault.jpg,Vũ. (Hoàng tử Indie)/Anh Nhớ Ra/Anh Nhớ Ra (Solo Version).mp3
Mùa Mưa Ngâu Nằm Cạnh,Vũ. (Hoàng tử Indie),Vũ.,Mùa Mưa Ngâu Nằm Cạnh,vpop-indie-chill,https://music.youtube.com/watch?v=vLS5km60JH8,https://i.ytimg.com/vi/vLS5km60JH8/maxresdefault.jpg,Vũ. (Hoàng tử Indie)/Mùa Mưa Ngâu Nằm Cạnh/Mùa Mưa Ngâu Nằm Cạnh.mp3
Chợt Nhìn Nhau,Vũ. (Hoàng tử Indie),Vũ.,Một Vạn Năm,vpop-indie-chill,https://music.youtube.com/watch?v=_p91wi-Se64,https://i.ytimg.com/vi/_p91wi-Se64/maxresdefault.jpg,Vũ. (Hoàng tử Indie)/Một Vạn Năm/Chợt Nhìn Nhau.mp3
Sau Chia Tay Ta Còn Gì?,Vũ. (Hoàng tử Indie),Vũ,Một Vạn Năm,vpop-indie-chill,https://music.youtube.com/watch?v=DwxQB7rJdew,https://i.ytimg.com/vi/DwxQB7rJdew/maxresdefault.jpg,Vũ. (Hoàng tử Indie)/Một Vạn Năm/Sau Chia Tay Ta Còn Gì?.mp3
Một Giấc Mơ (feat. Kimmese),Vũ. (Hoàng tử Indie),"Vũ, Kimmese",Một Giấc Mơ (feat. Kimmese),vpop-indie-chill,https://music.youtube.com/watch?v=DoW0k92icFo,https://i.ytimg.com/vi/DoW0k92icFo/maxresdefault.jpg,Vũ. (Hoàng tử Indie)/Một Giấc Mơ (feat. Kimmese)/Một Giấc Mơ (feat. Kimmese).mp3
Chậm Lại,Vũ. (Hoàng tử Indie),Vũ,Chậm Lại,vpop-indie-chill,https://music.youtube.com/watch?v=KRVQtaH7P1U,https://i.ytimg.com/vi/KRVQtaH7P1U/maxresdefault.jpg,Vũ. (Hoàng tử Indie)/Chậm Lại/Chậm Lại.mp3
Đợi (2023 Version),Vũ. (Hoàng tử Indie),Vũ.,Đợi,vpop-indie-chill,https://music.youtube.com/watch?v=HbxC51D5WPk,https://i.ytimg.com/vi/HbxC51D5WPk/maxresdefault.jpg,Vũ. (Hoàng tử Indie)/Đợi/Đợi (2023 Version).mp3
Còn Anh,Vũ. (Hoàng tử Indie),Vũ.,Còn Anh,vpop-indie-chill,https://music.youtube.com/watch?v=MqYml8SBdcc,https://i.ytimg.com/vi/MqYml8SBdcc/maxresdefault.jpg,Vũ. (Hoàng tử Indie)/Còn Anh/Còn Anh.mp3
Chuyện Những Người Yêu Xa,Vũ. (Hoàng tử Indie),Vũ.,Chuyện Những Người Yêu Xa,vpop-indie-chill,https://music.youtube.com/watch?v=Ow26fP1N5AE,https://i.ytimg.com/vi/Ow26fP1N5AE/maxresdefault.jpg,Vũ. (Hoàng tử Indie)/Chuyện Những Người Yêu Xa/Chuyện Những Người Yêu Xa.mp3
Hành Tinh Song Song,Vũ. (Hoàng tử Indie),Vũ.,Vũ Trụ Song Song,vpop-indie-chill,https://music.youtube.com/watch?v=CZm67NRYXVw,https://i.ytimg.com/vi/CZm67NRYXVw/maxresdefault.jpg,Vũ. (Hoàng tử Indie)/Vũ Trụ Song Song/Hành Tinh Song Song.mp3
Nhường Lại Em (feat. Phúc Du),Vũ. (Hoàng tử Indie),"Vũ., Phúc Du",Một Vạn Năm,vpop-indie-chill,https://music.youtube.com/watch?v=dJaxhdDzIDQ,https://i.ytimg.com/vi/dJaxhdDzIDQ/maxresdefault.jpg,Vũ. (Hoàng tử Indie)/Một Vạn Năm/Nhường Lại Em (feat. Phúc Du).mp3
Em Là Mưa,Vũ. (Hoàng tử Indie),Vũ.,Hỏi & Đáp,vpop-indie-chill,https://music.youtube.com/watch?v=RIP8Z_P5WGY,https://i.ytimg.com/vi/RIP8Z_P5WGY/maxresdefault.jpg,Vũ. (Hoàng tử Indie)/Hỏi & Đáp/Em Là Mưa.mp3
ĐÃ TỪNG LÀ,Vũ. (Hoàng tử Indie),Vũ.,ĐÃ TỪNG LÀ,vpop-indie-chill,https://music.youtube.com/watch?v=vXQPIAGYWOc,https://i.ytimg.com/vi/vXQPIAGYWOc/maxresdefault.jpg,Vũ. (Hoàng tử Indie)/ĐÃ TỪNG LÀ/ĐÃ TỪNG LÀ.mp3
Mây Khóc Vì Điều Gì,Vũ. (Hoàng tử Indie),Vũ.,Bảo Tàng Của Nuối Tiếc,vpop-indie-chill,https://music.youtube.com/watch?v=dvpPA8xBP-E,https://i.ytimg.com/vi/dvpPA8xBP-E/maxresdefault.jpg,Vũ. (Hoàng tử Indie)/Bảo Tàng Của Nuối Tiếc/Mây Khóc Vì Điều Gì.mp3
Em Là Ai?,Vũ. (Hoàng tử Indie),Vũ.,Hỏi & Đáp,vpop-indie-chill,https://music.youtube.com/watch?v=KqyYT81HNbE,https://i.ytimg.com/vi/KqyYT81HNbE/maxresdefault.jpg,Vũ. (Hoàng tử Indie)/Hỏi & Đáp/Em Là Ai?.mp3
Là,Vũ. (Hoàng tử Indie),Vũ.,Hỏi & Đáp,vpop-indie-chill,https://music.youtube.com/watch?v=elwRqH7BB7A,https://i.ytimg.com/vi/elwRqH7BB7A/maxresdefault.jpg,Vũ. (Hoàng tử Indie)/Hỏi & Đáp/Là.mp3
Ngồi Chờ Trong Vấn Vương (feat. My Anh),Vũ. (Hoàng tử Indie),"Vũ., My Anh",Bảo Tàng Của Nuối Tiếc,vpop-indie-chill,https://music.youtube.com/watch?v=iAQRqHy7QOI,https://i.ytimg.com/vi/iAQRqHy7QOI/maxresdefault.jpg,Vũ. (Hoàng tử Indie)/Bảo Tàng Của Nuối Tiếc/Ngồi Chờ Trong Vấn Vương (feat. My Anh).mp3
Căn Nhà Vui,Vũ. (Hoàng tử Indie),Vũ.,Căn Nhà Vui,vpop-indie-chill,https://music.youtube.com/watch?v=Ob7-bl96yhM,https://i.ytimg.com/vi/Ob7-bl96yhM/maxresdefault.jpg,Vũ. (Hoàng tử Indie)/Căn Nhà Vui/Căn Nhà Vui.mp3
Cuộc Đối Thoại Không Hồi Kết (feat. Mạc Mai Sương),Vũ. (Hoàng tử Indie),"Vũ., Mạc Mai Sương",Một Vạn Năm,vpop-indie-chill,https://music.youtube.com/watch?v=1otbrFIPvn4,https://i.ytimg.com/vi/1otbrFIPvn4/maxresdefault.jpg,Vũ. (Hoàng tử Indie)/Một Vạn Năm/Cuộc Đối Thoại Không Hồi Kết (feat. Mạc Mai Sương).mp3
Xin Phép Được Cô Đơn,Vũ. (Hoàng tử Indie),Vũ.,Vũ Trụ Song Song,vpop-indie-chill,https://music.youtube.com/watch?v=v7TFO7rzogI,https://i.ytimg.com/vi/v7TFO7rzogI/maxresdefault.jpg,Vũ. (Hoàng tử Indie)/Vũ Trụ Song Song/Xin Phép Được Cô Đơn.mp3
Có Thể Là Tại Sao?,Vũ. (Hoàng tử Indie),Vũ.,Vũ Trụ Song Song,vpop-indie-chill,https://music.youtube.com/watch?v=HakUaX5A644,https://i.ytimg.com/vi/HakUaX5A644/maxresdefault.jpg,Vũ. (Hoàng tử Indie)/Vũ Trụ Song Song/Có Thể Là Tại Sao?.mp3
"Hành Tinh Song Song, Pt. 2",Vũ. (Hoàng tử Indie),Vũ.,Vũ Trụ Song Song,vpop-indie-chill,https://music.youtube.com/watch?v=LbKJPO109ME,https://i.ytimg.com/vi/LbKJPO109ME/maxresdefault.jpg,"Vũ. (Hoàng tử Indie)/Vũ Trụ Song Song/Hành Tinh Song Song, Pt. 2.mp3"
Do Ai?,Vũ. (Hoàng tử Indie),Vũ.,Vũ Trụ Song Song,vpop-indie-chill,https://music.youtube.com/watch?v=2VinHRaMo7M,https://i.ytimg.com/vi/2VinHRaMo7M/maxresdefault.jpg,Vũ. (Hoàng tử Indie)/Vũ Trụ Song Song/Do Ai?.mp3
Tâm Sự Của Ta,Vũ. (Hoàng tử Indie),Vũ.,Tâm Sự Của Ta,vpop-indie-chill,https://music.youtube.com/watch?v=RVv6MNuc4Dg,https://i.ytimg.com/vi/RVv6MNuc4Dg/maxresdefault.jpg,Vũ. (Hoàng tử Indie)/Tâm Sự Của Ta/Tâm Sự Của Ta.mp3
Ngỡ Như Là,Vũ. (Hoàng tử Indie),Vũ.,Ngỡ Như Là,vpop-indie-chill,https://music.youtube.com/watch?v=OIdVkoVrNtA,https://i.ytimg.com/vi/OIdVkoVrNtA/maxresdefault.jpg,Vũ. (Hoàng tử Indie)/Ngỡ Như Là/Ngỡ Như Là.mp3
Thằng Nam Khóc,Vũ. (Hoàng tử Indie),Vũ.,Thằng Nam Khóc,vpop-indie-chill,https://music.youtube.com/watch?v=k70mjjbvO88,https://i.ytimg.com/vi/k70mjjbvO88/maxresdefault.jpg,Vũ. (Hoàng tử Indie)/Thằng Nam Khóc/Thằng Nam Khóc.mp3
ĐÃ TỪNG LÀ (Acoustic Version),Vũ. (Hoàng tử Indie),Vũ.,ĐÃ TỪNG LÀ,vpop-indie-chill,https://music.youtube.com/watch?v=NK9D12zgX0E,https://i.ytimg.com/vi/NK9D12zgX0E/maxresdefault.jpg,Vũ. (Hoàng tử Indie)/ĐÃ TỪNG LÀ/ĐÃ TỪNG LÀ (Acoustic Version).mp3
Hà Nội Gen Trội (feat. Gừng),Vũ. (Hoàng tử Indie),"Hoang Thai Vu, Gừng",Hà Nội Gen Trội (feat. Gừng),vpop-indie-chill,https://music.youtube.com/watch?v=hQFcrYQRcIo,https://i.ytimg.com/vi/hQFcrYQRcIo/maxresdefault.jpg,Vũ. (Hoàng tử Indie)/Hà Nội Gen Trội (feat. Gừng)/Hà Nội Gen Trội (feat. Gừng).mp3
Còn Lại Gì?,Vũ. (Hoàng tử Indie),Vũ.,Vũ Trụ Song Song,vpop-indie-chill,https://music.youtube.com/watch?v=KI1IjOXQxoM,https://i.ytimg.com/vi/KI1IjOXQxoM/maxresdefault.jpg,Vũ. (Hoàng tử Indie)/Vũ Trụ Song Song/Còn Lại Gì?.mp3
Thằng Nam Khóc (feat. Madihu),Vũ. (Hoàng tử Indie),"Vũ., Madihu",Thằng Nam Khóc (feat. Madihu),vpop-indie-chill,https://music.youtube.com/watch?v=_E1Z3f_BvG8,https://i.ytimg.com/vi/_E1Z3f_BvG8/maxresdefault.jpg,Vũ. (Hoàng tử Indie)/Thằng Nam Khóc (feat. Madihu)/Thằng Nam Khóc (feat. Madihu).mp3
Rơi Quá Khứ,Vũ. (Hoàng tử Indie),Vũ.,Vũ Trụ Song Song,vpop-indie-chill,https://music.youtube.com/watch?v=VitOldhsxqo,https://i.ytimg.com/vi/VitOldhsxqo/maxresdefault.jpg,Vũ. (Hoàng tử Indie)/Vũ Trụ Song Song/Rơi Quá Khứ.mp3
Chuyện Rằng,Thịnh Suy,Thịnh Suy,Chuyện Rằng,vpop-indie-chill,https://music.youtube.com/watch?v=-qCCJBFmxZg,https://i.ytimg.com/vi/-qCCJBFmxZg/maxresdefault.jpg,Thịnh Suy/Chuyện Rằng/Chuyện Rằng.mp3
Chết Trong Em,Thịnh Suy,Thịnh Suy,Chết Trong Em,vpop-indie-chill,https://music.youtube.com/watch?v=diZQQwxDM9g,https://i.ytimg.com/vi/diZQQwxDM9g/maxresdefault.jpg,Thịnh Suy/Chết Trong Em/Chết Trong Em.mp3
tiny love,Thịnh Suy,Thịnh Suy,tiny things,vpop-indie-chill,https://music.youtube.com/watch?v=TIZk484EMg0,https://i.ytimg.com/vi/TIZk484EMg0/maxresdefault.jpg,Thịnh Suy/tiny things/tiny love.mp3
Thắc Mắc?,Thịnh Suy,Thịnh Suy,Thắc Mắc?,vpop-indie-chill,https://music.youtube.com/watch?v=IHz9b6lmRSY,https://i.ytimg.com/vi/IHz9b6lmRSY/maxresdefault.jpg,Thịnh Suy/Thắc Mắc?/Thắc Mắc?.mp3
Mot Dem Say (X),Thịnh Suy,Thịnh Suy,Mot Dem Say (X),vpop-indie-chill,https://music.youtube.com/watch?v=Ib3VTQqV2Wk,https://i.ytimg.com/vi/Ib3VTQqV2Wk/maxresdefault.jpg,Thịnh Suy/Mot Dem Say (X)/Mot Dem Say (X).mp3
Có Nhau,Thịnh Suy,"Thịnh Suy, Vy, Lazii",Thinhsuynghi,vpop-indie-chill,https://music.youtube.com/watch?v=YN4sB2AsfPs,https://i.ytimg.com/vi/YN4sB2AsfPs/maxresdefault.jpg,Thịnh Suy/Thinhsuynghi/Có Nhau.mp3
Thường,Thịnh Suy,Thịnh Suy,Cú,vpop-indie-chill,https://music.youtube.com/watch?v=HpPSYTN3a0E,https://i.ytimg.com/vi/HpPSYTN3a0E/maxresdefault.jpg,Thịnh Suy/Cú/Thường.mp3
Tình Yêu Xanh Lá (Juju),Thịnh Suy,Thịnh Suy,gop,vpop-indie-chill,https://music.youtube.com/watch?v=zBMoPNsujlQ,https://i.ytimg.com/vi/zBMoPNsujlQ/maxresdefault.jpg,Thịnh Suy/gop/Tình Yêu Xanh Lá (Juju).mp3
Mai Mình Xa,Thịnh Suy,Thịnh Suy,Mai Mình Xa,vpop-indie-chill,https://music.youtube.com/watch?v=DJqpHeIbF2s,https://i.ytimg.com/vi/DJqpHeIbF2s/maxresdefault.jpg,Thịnh Suy/Mai Mình Xa/Mai Mình Xa.mp3
Nghe Em,Thịnh Suy,Thịnh Suy,Nghe Em,vpop-indie-chill,https://music.youtube.com/watch?v=XPCTdm3ZPko,https://i.ytimg.com/vi/XPCTdm3ZPko/maxresdefault.jpg,Thịnh Suy/Nghe Em/Nghe Em.mp3
Chỉ Một Câu,Thịnh Suy,Thịnh Suy,Door To Nowhere,vpop-indie-chill,https://music.youtube.com/watch?v=aOw9OV83xJI,https://i.ytimg.com/vi/aOw9OV83xJI/maxresdefault.jpg,Thịnh Suy/Door To Nowhere/Chỉ Một Câu.mp3
Vừa,Thịnh Suy,Thịnh Suy,Cú,vpop-indie-chill,https://music.youtube.com/watch?v=RYepDucBmMY,https://i.ytimg.com/vi/RYepDucBmMY/maxresdefault.jpg,Thịnh Suy/Cú/Vừa.mp3
Con Người,Thịnh Suy,Thịnh Suy,Door To Nowhere,vpop-indie-chill,https://music.youtube.com/watch?v=ADErV7ksZU0,https://i.ytimg.com/vi/ADErV7ksZU0/maxresdefault.jpg,Thịnh Suy/Door To Nowhere/Con Người.mp3
Giấy Trắng,Thịnh Suy,"Thắng, Thịnh Suy",Giấy Trắng,vpop-indie-chill,https://music.youtube.com/watch?v=yIpyrLhXF7Y,https://i.ytimg.com/vi/yIpyrLhXF7Y/maxresdefault.jpg,Thịnh Suy/Giấy Trắng/Giấy Trắng.mp3
Slowly,Thịnh Suy,Thịnh Suy,Door To Nowhere,vpop-indie-chill,https://music.youtube.com/watch?v=wjNdOC11mm8,https://i.ytimg.com/vi/wjNdOC11mm8/maxresdefault.jpg,Thịnh Suy/Door To Nowhere/Slowly.mp3
20 Năm Ở Thế Giới,Thịnh Suy,Thịnh Suy,20 Năm Ở Thế Giới,vpop-indie-chill,https://music.youtube.com/watch?v=CXcNL5veSdM,https://i.ytimg.com/vi/CXcNL5veSdM/maxresdefault.jpg,Thịnh Suy/20 Năm Ở Thế Giới/20 Năm Ở Thế Giới.mp3
Em,Thịnh Suy,Thịnh Suy,Cú,vpop-indie-chill,https://music.youtube.com/watch?v=v_NqG9jpPMQ,https://i.ytimg.com/vi/v_NqG9jpPMQ/maxresdefault.jpg,Thịnh Suy/Cú/Em.mp3
Thanh,Thịnh Suy,Thịnh Suy,Thanh,vpop-indie-chill,https://music.youtube.com/watch?v=m4yCvGiv5Y8,https://i.ytimg.com/vi/m4yCvGiv5Y8/maxresdefault.jpg,Thịnh Suy/Thanh/Thanh.mp3
Lam,Thịnh Suy,Thịnh Suy,Thinhsuynghi,vpop-indie-chill,https://music.youtube.com/watch?v=xrWd727IMDw,https://i.ytimg.com/vi/xrWd727IMDw/maxresdefault.jpg,Thịnh Suy/Thinhsuynghi/Lam.mp3
Slowly (Raw),Thịnh Suy,Thịnh Suy,gop,vpop-indie-chill,https://music.youtube.com/watch?v=cAJMxaOSUwo,https://i.ytimg.com/vi/cAJMxaOSUwo/maxresdefault.jpg,Thịnh Suy/gop/Slowly (Raw).mp3
Nói Gì Nữa,Thịnh Suy,Thịnh Suy,Nói Gì Nữa,vpop-indie-chill,https://music.youtube.com/watch?v=_W6au3tLNx0,https://i.ytimg.com/vi/_W6au3tLNx0/maxresdefault.jpg,Thịnh Suy/Nói Gì Nữa/Nói Gì Nữa.mp3
Thay Doi,Thịnh Suy,Thịnh Suy,Door To Nowhere,vpop-indie-chill,https://music.youtube.com/watch?v=5lYmdpJXGPI,https://i.ytimg.com/vi/5lYmdpJXGPI/maxresdefault.jpg,Thịnh Suy/Door To Nowhere/Thay Doi.mp3
Ca Theo Đàn,Thịnh Suy,Thịnh Suy,Thinhsuynghi,vpop-indie-chill,https://music.youtube.com/watch?v=p-nzVC8b70I,https://i.ytimg.com/vi/p-nzVC8b70I/maxresdefault.jpg,Thịnh Suy/Thinhsuynghi/Ca Theo Đàn.mp3
cá rim cá chô,Thịnh Suy,Thịnh Suy,tiny things,vpop-indie-chill,https://music.youtube.com/watch?v=MLEVuVV921U,https://i.ytimg.com/vi/MLEVuVV921U/maxresdefault.jpg,Thịnh Suy/tiny things/cá rim cá chô.mp3
Có Khi,Thịnh Suy,Thịnh Suy,Thinhsuynghi,vpop-indie-chill,https://music.youtube.com/watch?v=Ois7cNWUaPc,https://i.ytimg.com/vi/Ois7cNWUaPc/maxresdefault.jpg,Thịnh Suy/Thinhsuynghi/Có Khi.mp3
Đêm,Thịnh Suy,Thịnh Suy,Đêm,vpop-indie-chill,https://music.youtube.com/watch?v=2LxSCJYMHRQ,https://i.ytimg.com/vi/2LxSCJYMHRQ/maxresdefault.jpg,Thịnh Suy/Đêm/Đêm.mp3
Ngày,Thịnh Suy,Thịnh Suy,Cú,vpop-indie-chill,https://music.youtube.com/watch?v=XuvBLQpPb5c,https://i.ytimg.com/vi/XuvBLQpPb5c/maxresdefault.jpg,Thịnh Suy/Cú/Ngày.mp3
Cứ Trôi,Thịnh Suy,"Thịnh Suy, Lazii",Thinhsuynghi,vpop-indie-chill,https://music.youtube.com/watch?v=ms_55rzdi-w,https://i.ytimg.com/vi/ms_55rzdi-w/maxresdefault.jpg,Thịnh Suy/Thinhsuynghi/Cứ Trôi.mp3
Chuyện Rằng (Instrumental),Thịnh Suy,Thịnh Suy,Chuyện Rằng,vpop-indie-chill,https://music.youtube.com/watch?v=lA0eIHViGcM,https://i.ytimg.com/vi/lA0eIHViGcM/maxresdefault.jpg,Thịnh Suy/Chuyện Rằng/Chuyện Rằng (Instrumental).mp3
Vẫn Thế (Rừng Việt Nam),Thịnh Suy,Thịnh Suy,Vẫn Thế (Rừng Việt Nam),vpop-indie-chill,https://music.youtube.com/watch?v=Jk49nyW4za8,https://i.ytimg.com/vi/Jk49nyW4za8/maxresdefault.jpg,Thịnh Suy/Vẫn Thế (Rừng Việt Nam)/Vẫn Thế (Rừng Việt Nam).mp3
Cánh Cửa,Thịnh Suy,"Thịnh Suy, Lazii",Door To Nowhere,vpop-indie-chill,https://music.youtube.com/watch?v=53ev-udPV_0,https://i.ytimg.com/vi/53ev-udPV_0/maxresdefault.jpg,Thịnh Suy/Door To Nowhere/Cánh Cửa.mp3
Còn Tuổi Nào Cho Em,Thịnh Suy,"MINH, Thịnh Suy",Còn Tuổi Nào Cho Em,vpop-indie-chill,https://music.youtube.com/watch?v=T_auQ0BP_cE,https://i.ytimg.com/vi/T_auQ0BP_cE/maxresdefault.jpg,Thịnh Suy/Còn Tuổi Nào Cho Em/Còn Tuổi Nào Cho Em.mp3
Love 1216,Thịnh Suy,Thịnh Suy,Love 1216,vpop-indie-chill,https://music.youtube.com/watch?v=1zXlNQ3_Ap8,https://i.ytimg.com/vi/1zXlNQ3_Ap8/maxresdefault.jpg,Thịnh Suy/Love 1216/Love 1216.mp3
Đưa Em Vào Trong,Thịnh Suy,"Thịnh Suy, Lazii",Thinhsuynghi,vpop-indie-chill,https://music.youtube.com/watch?v=9yvusuKbvFM,https://i.ytimg.com/vi/9yvusuKbvFM/maxresdefault.jpg,Thịnh Suy/Thinhsuynghi/Đưa Em Vào Trong.mp3
Cậu Bé,Thịnh Suy,"Thịnh Suy, Lazii, Liêm Hiếu",Thinhsuynghi,vpop-indie-chill,https://music.youtube.com/watch?v=nbdWO2F-ftA,https://i.ytimg.com/vi/nbdWO2F-ftA/maxresdefault.jpg,Thịnh Suy/Thinhsuynghi/Cậu Bé.mp3
Khu Tôi Không Sống,Thịnh Suy,"Wowy, Thịnh Suy, Phạm Hải Âu",Khu Tôi Không Sống,vpop-indie-chill,https://music.youtube.com/watch?v=2p3mk-wJFak,https://i.ytimg.com/vi/2p3mk-wJFak/maxresdefault.jpg,Thịnh Suy/Khu Tôi Không Sống/Khu Tôi Không Sống.mp3
Where Are You?,Thịnh Suy,Thịnh Suy,Door To Nowhere,vpop-indie-chill,https://music.youtube.com/watch?v=Oj0uYFwxvkw,https://i.ytimg.com/vi/Oj0uYFwxvkw/maxresdefault.jpg,Thịnh Suy/Door To Nowhere/Where Are You?.mp3
Please Don't Go,Thịnh Suy,"Thịnh Suy, Lazii",Thinhsuynghi,vpop-indie-chill,https://music.youtube.com/watch?v=wdr0Y2adDaM,https://i.ytimg.com/vi/wdr0Y2adDaM/maxresdefault.jpg,Thịnh Suy/Thinhsuynghi/Please Don't Go.mp3
Trống,Thịnh Suy,Thịnh Suy,Thinhsuynghi,vpop-indie-chill,https://music.youtube.com/watch?v=cOW1rXPeD4s,https://i.ytimg.com/vi/cOW1rXPeD4s/maxresdefault.jpg,Thịnh Suy/Thinhsuynghi/Trống.mp3
i can't see,Thịnh Suy,Thịnh Suy,tiny things,vpop-indie-chill,https://music.youtube.com/watch?v=tsDP0K3sLi8,https://i.ytimg.com/vi/tsDP0K3sLi8/maxresdefault.jpg,Thịnh Suy/tiny things/i can't see.mp3
Chết Trong em (Động Tag Show),Thịnh Suy,"Thịnh Suy, Cổ Động",Động Tag SS01 01 - EP,vpop-indie-chill,https://music.youtube.com/watch?v=9Q79OxK9u2E,https://i.ytimg.com/vi/9Q79OxK9u2E/maxresdefault.jpg,Thịnh Suy/Động Tag SS01 01 - EP/Chết Trong em (Động Tag Show).mp3
Baby Blue,Thịnh Suy,Thịnh Suy,Door To Nowhere,vpop-indie-chill,https://music.youtube.com/watch?v=0DMmWLHsECc,https://i.ytimg.com/vi/0DMmWLHsECc/maxresdefault.jpg,Thịnh Suy/Door To Nowhere/Baby Blue.mp3
the lost kid,Thịnh Suy,Thịnh Suy,tiny things,vpop-indie-chill,https://music.youtube.com/watch?v=sxOxlk15V7s,https://i.ytimg.com/vi/sxOxlk15V7s/maxresdefault.jpg,Thịnh Suy/tiny things/the lost kid.mp3
Don't Worry (feat. MGT),Thịnh Suy,"Thịnh Suy, MGT",Don't Worry (feat. MGT),vpop-indie-chill,https://music.youtube.com/watch?v=lDX3wGLvb4k,https://i.ytimg.com/vi/lDX3wGLvb4k/maxresdefault.jpg,Thịnh Suy/Don't Worry (feat. MGT)/Don't Worry (feat. MGT).mp3
Saigon1,Thịnh Suy,Thịnh Suy,Saigon1,vpop-indie-chill,https://music.youtube.com/watch?v=kHy5tkGtuPA,https://i.ytimg.com/vi/kHy5tkGtuPA/maxresdefault.jpg,Thịnh Suy/Saigon1/Saigon1.mp3
Sự Vô Thức,Thịnh Suy,Thịnh Suy,Thinhsuynghi,vpop-indie-chill,https://music.youtube.com/watch?v=HdzzEtkFiJw,https://i.ytimg.com/vi/HdzzEtkFiJw/maxresdefault.jpg,Thịnh Suy/Thinhsuynghi/Sự Vô Thức.mp3
Lớn Rồi,Thịnh Suy,"Aki, Thịnh Suy, Phạm Xuân Hoàng, Đỗ Quốc Thịnh",Lớn Rồi,vpop-indie-chill,https://music.youtube.com/watch?v=EejqRuF7748,https://i.ytimg.com/vi/EejqRuF7748/maxresdefault.jpg,Thịnh Suy/Lớn Rồi/Lớn Rồi.mp3
Chỉ Một Câu (Động Tag Show),Thịnh Suy,"Thịnh Suy, Cổ Động",Động Tag SS01 01 - EP,vpop-indie-chill,https://music.youtube.com/watch?v=HuXjdfm69Bg,https://i.ytimg.com/vi/HuXjdfm69Bg/maxresdefault.jpg,Thịnh Suy/Động Tag SS01 01 - EP/Chỉ Một Câu (Động Tag Show).mp3
Thay Doi (Động Tag Show),Thịnh Suy,"Thịnh Suy, Cổ Động",Động Tag SS01 01 - EP,vpop-indie-chill,https://music.youtube.com/watch?v=rcoObzQsMi0,https://i.ytimg.com/vi/rcoObzQsMi0/maxresdefault.jpg,Thịnh Suy/Động Tag SS01 01 - EP/Thay Doi (Động Tag Show).mp3
Cảm Ơn Người Đã Thức Cùng Tôi,Phùng Khánh Linh,"Phùng Khánh Linh, 30 Pictures",Cảm Ơn Người Đã Thức Cùng Tôi,vpop-indie-chill,https://music.youtube.com/watch?v=6Hv80f1-9UQ,https://i.ytimg.com/vi/6Hv80f1-9UQ/maxresdefault.jpg,Phùng Khánh Linh/Cảm Ơn Người Đã Thức Cùng Tôi/Cảm Ơn Người Đã Thức Cùng Tôi.mp3
Thành phố phía Đông,Phùng Khánh Linh,"VƯƠNG BÌNH, Phùng Khánh Linh",Thành phố phía Đông,vpop-indie-chill,https://music.youtube.com/watch?v=USrZIeIqWEI,https://i.ytimg.com/vi/USrZIeIqWEI/maxresdefault.jpg,Phùng Khánh Linh/Thành phố phía Đông/Thành phố phía Đông.mp3
EM ĐAU,Phùng Khánh Linh,"Phùng Khánh Linh, Thanh Luke",EM ĐAU,vpop-indie-chill,https://music.youtube.com/watch?v=ngpLgc54vBc,https://i.ytimg.com/vi/ngpLgc54vBc/maxresdefault.jpg,Phùng Khánh Linh/EM ĐAU/EM ĐAU.mp3
GIẢ VỜ,Phùng Khánh Linh,Phùng Khánh Linh,GIẢ VỜ,vpop-indie-chill,https://music.youtube.com/watch?v=hd_-RS0oL94,https://i.ytimg.com/vi/hd_-RS0oL94/maxresdefault.jpg,Phùng Khánh Linh/GIẢ VỜ/GIẢ VỜ.mp3
ANH LÀ THẰNG TỒI,Phùng Khánh Linh,Phùng Khánh Linh,GIỮA MỘT VẠN NGƯỜI,vpop-indie-chill,https://music.youtube.com/watch?v=emMmGTiUCgk,https://i.ytimg.com/vi/emMmGTiUCgk/maxresdefault.jpg,Phùng Khánh Linh/GIỮA MỘT VẠN NGƯỜI/ANH LÀ THẰNG TỒI.mp3
ƯỚC ANH TAN NÁT CON TIM,Phùng Khánh Linh,Phùng Khánh Linh,ƯỚC ANH TAN NÁT CON TIM,vpop-indie-chill,https://music.youtube.com/watch?v=Qariralv5y0,https://i.ytimg.com/vi/Qariralv5y0/maxresdefault.jpg,Phùng Khánh Linh/ƯỚC ANH TAN NÁT CON TIM/ƯỚC ANH TAN NÁT CON TIM.mp3
Hôm Nay Tôi Buồn,Phùng Khánh Linh,Phùng Khánh Linh,Hôm Nay Tôi Buồn,vpop-indie-chill,https://music.youtube.com/watch?v=RNmWyPwDHe4,https://i.ytimg.com/vi/RNmWyPwDHe4/maxresdefault.jpg,Phùng Khánh Linh/Hôm Nay Tôi Buồn/Hôm Nay Tôi Buồn.mp3
CỜ NGƯỜI,Phùng Khánh Linh,Phùng Khánh Linh,GIỮA MỘT VẠN NGƯỜI,vpop-indie-chill,https://music.youtube.com/watch?v=j-Sz9zHLnCs,https://i.ytimg.com/vi/j-Sz9zHLnCs/maxresdefault.jpg,Phùng Khánh Linh/GIỮA MỘT VẠN NGƯỜI/CỜ NGƯỜI.mp3
LINH CẢM,Phùng Khánh Linh,Phùng Khánh Linh,GIỮA MỘT VẠN NGƯỜI,vpop-indie-chill,https://music.youtube.com/watch?v=WNVvmiX3da0,https://i.ytimg.com/vi/WNVvmiX3da0/maxresdefault.jpg,Phùng Khánh Linh/GIỮA MỘT VẠN NGƯỜI/LINH CẢM.mp3
TÂM SỰ VỚI ĐÊM MỘT MÌNH,Phùng Khánh Linh,Phùng Khánh Linh,TÂM SỰ VỚI ĐÊM MỘT MÌNH,vpop-indie-chill,https://music.youtube.com/watch?v=Q9kORUd_P1k,https://i.ytimg.com/vi/Q9kORUd_P1k/maxresdefault.jpg,Phùng Khánh Linh/TÂM SỰ VỚI ĐÊM MỘT MÌNH/TÂM SỰ VỚI ĐÊM MỘT MÌNH.mp3
Đủ Nắng Hoa Sẽ Nở,Phùng Khánh Linh,"Văn Mai Hương, (S)TRONG, Phùng Khánh Linh",Đủ Nắng Hoa Sẽ Nở,vpop-indie-chill,https://music.youtube.com/watch?v=zxDzxIR49TM,https://i.ytimg.com/vi/zxDzxIR49TM/maxresdefault.jpg,Phùng Khánh Linh/Đủ Nắng Hoa Sẽ Nở/Đủ Nắng Hoa Sẽ Nở.mp3
HIỆN THỰC PHŨ PHÀNG,Phùng Khánh Linh,Phùng Khánh Linh,GIỮA MỘT VẠN NGƯỜI,vpop-indie-chill,https://music.youtube.com/watch?v=EIeyBuVJ_Dk,https://i.ytimg.com/vi/EIeyBuVJ_Dk/maxresdefault.jpg,Phùng Khánh Linh/GIỮA MỘT VẠN NGƯỜI/HIỆN THỰC PHŨ PHÀNG.mp3
mùa hè 1994 (summer 1994),Phùng Khánh Linh,Phùng Khánh Linh,CITOPIA,vpop-indie-chill,https://music.youtube.com/watch?v=v0p-Pnw5-hw,https://i.ytimg.com/vi/v0p-Pnw5-hw/maxresdefault.jpg,Phùng Khánh Linh/CITOPIA/mùa hè 1994 (summer 1994).mp3
ĐIỀU EM KHÔNG MUỐN,Phùng Khánh Linh,Phùng Khánh Linh,GIỮA MỘT VẠN NGƯỜI,vpop-indie-chill,https://music.youtube.com/watch?v=1BX12_zBv00,https://i.ytimg.com/vi/1BX12_zBv00/maxresdefault.jpg,Phùng Khánh Linh/GIỮA MỘT VẠN NGƯỜI/ĐIỀU EM KHÔNG MUỐN.mp3
căn gác mùa hè (sweet summer),Phùng Khánh Linh,Phùng Khánh Linh,căn gác mùa hè (sweet summer),vpop-indie-chill,https://music.youtube.com/watch?v=UHK1H1iEKRc,https://i.ytimg.com/vi/UHK1H1iEKRc/maxresdefault.jpg,Phùng Khánh Linh/căn gác mùa hè (sweet summer)/căn gác mùa hè (sweet summer).mp3
HÃY NÓI ANH SAI RỒI,Phùng Khánh Linh,Phùng Khánh Linh,GIỮA MỘT VẠN NGƯỜI,vpop-indie-chill,https://music.youtube.com/watch?v=wIcf1x6-uUQ,https://i.ytimg.com/vi/wIcf1x6-uUQ/maxresdefault.jpg,Phùng Khánh Linh/GIỮA MỘT VẠN NGƯỜI/HÃY NÓI ANH SAI RỒI.mp3
quý cô say xỉn (secret sunday),Phùng Khánh Linh,Phùng Khánh Linh,CITOPIA,vpop-indie-chill,https://music.youtube.com/watch?v=Vai3Munr2lM,https://i.ytimg.com/vi/Vai3Munr2lM/maxresdefault.jpg,Phùng Khánh Linh/CITOPIA/quý cô say xỉn (secret sunday).mp3
ÁM ẢNH VỀ ANH,Phùng Khánh Linh,Phùng Khánh Linh,GIỮA MỘT VẠN NGƯỜI,vpop-indie-chill,https://music.youtube.com/watch?v=zSx3UsCAQgo,https://i.ytimg.com/vi/zSx3UsCAQgo/maxresdefault.jpg,Phùng Khánh Linh/GIỮA MỘT VẠN NGƯỜI/ÁM ẢNH VỀ ANH.mp3
Thì Vui Biết Mấy,Phùng Khánh Linh,"The Flob, Phùng Khánh Linh",TỐI THƯỢNG,vpop-indie-chill,https://music.youtube.com/watch?v=G78_o8LTXpk,https://i.ytimg.com/vi/G78_o8LTXpk/maxresdefault.jpg,Phùng Khánh Linh/TỐI THƯỢNG/Thì Vui Biết Mấy.mp3
năm ngoái giờ này (after all),Phùng Khánh Linh,Phùng Khánh Linh,năm ngoái giờ này (after all),vpop-indie-chill,https://music.youtube.com/watch?v=G-ciHGurtnQ,https://i.ytimg.com/vi/G-ciHGurtnQ/maxresdefault.jpg,Phùng Khánh Linh/năm ngoái giờ này (after all)/năm ngoái giờ này (after all).mp3
GRIEF IS THE PRICE YOU PAY FOR LOVE,Phùng Khánh Linh,Phùng Khánh Linh,GIỮA MỘT VẠN NGƯỜI,vpop-indie-chill,https://music.youtube.com/watch?v=M--3oMAlYdw,https://i.ytimg.com/vi/M--3oMAlYdw/maxresdefault.jpg,Phùng Khánh Linh/GIỮA MỘT VẠN NGƯỜI/GRIEF IS THE PRICE YOU PAY FOR LOVE.mp3
KHÓC BLÓCK,Phùng Khánh Linh,Phùng Khánh Linh,KHÓC BLÓCK,vpop-indie-chill,https://music.youtube.com/watch?v=cA2Lp5jVP4Q,https://i.ytimg.com/vi/cA2Lp5jVP4Q/maxresdefault.jpg,Phùng Khánh Linh/KHÓC BLÓCK/KHÓC BLÓCK.mp3
nói lời có giữ lời (words of wind),Phùng Khánh Linh,Phùng Khánh Linh,CITOPIA,vpop-indie-chill,https://music.youtube.com/watch?v=uvIvkyhRZhw,https://i.ytimg.com/vi/uvIvkyhRZhw/maxresdefault.jpg,Phùng Khánh Linh/CITOPIA/nói lời có giữ lời (words of wind).mp3
em tạm đi vắng khi anh thức giấc (day dreamer),Phùng Khánh Linh,Phùng Khánh Linh,CITOPIA,vpop-indie-chill,https://music.youtube.com/watch?v=pOkZ_1PTM9s,https://i.ytimg.com/vi/pOkZ_1PTM9s/maxresdefault.jpg,Phùng Khánh Linh/CITOPIA/em tạm đi vắng khi anh thức giấc (day dreamer).mp3
đằng sau sân khấu (mystic moonlight),Phùng Khánh Linh,Phùng Khánh Linh,CITOPIA,vpop-indie-chill,https://music.youtube.com/watch?v=ClAq6efXLeA,https://i.ytimg.com/vi/ClAq6efXLeA/maxresdefault.jpg,Phùng Khánh Linh/CITOPIA/đằng sau sân khấu (mystic moonlight).mp3
Gói Tình Em Rồi Về,Phùng Khánh Linh,Phung Khanh Linh,Gói Tình Em Rồi Về,vpop-indie-chill,https://music.youtube.com/watch?v=AzDFeefekXE,https://i.ytimg.com/vi/AzDFeefekXE/maxresdefault.jpg,Phùng Khánh Linh/Gói Tình Em Rồi Về/Gói Tình Em Rồi Về.mp3
Như Hoa Mùa Xuân,Phùng Khánh Linh,"Phùng Khánh Linh, Wren Evans",Gala Nhạc Việt: GreaTET - Thập Kỷ Nhạc Xuân,vpop-indie-chill,https://music.youtube.com/watch?v=bdYiHlDk3-Q,https://i.ytimg.com/vi/bdYiHlDk3-Q/maxresdefault.jpg,Phùng Khánh Linh/Gala Nhạc Việt_ GreaTET - Thập Kỷ Nhạc Xuân/Như Hoa Mùa Xuân.mp3
ngưu tầm ngưu mã tầm mã (bye bye),Phùng Khánh Linh,Phùng Khánh Linh,CITOPIA,vpop-indie-chill,https://music.youtube.com/watch?v=uHCY4jMV36k,https://i.ytimg.com/vi/uHCY4jMV36k/maxresdefault.jpg,Phùng Khánh Linh/CITOPIA/ngưu tầm ngưu mã tầm mã (bye bye).mp3
sài gòn ôm lấy em (sentimental saigon),Phùng Khánh Linh,Phùng Khánh Linh,CITOPIA,vpop-indie-chill,https://music.youtube.com/watch?v=v1vc6qdQvzI,https://i.ytimg.com/vi/v1vc6qdQvzI/maxresdefault.jpg,Phùng Khánh Linh/CITOPIA/sài gòn ôm lấy em (sentimental saigon).mp3
căn gác mùa hè (Live at GENfest Presents MBILLION),Phùng Khánh Linh,Phùng Khánh Linh,Phùng Khánh Linh (Live at GENfest Presents MBILLION),vpop-indie-chill,https://music.youtube.com/watch?v=FlDzfRHA2ns,https://i.ytimg.com/vi/FlDzfRHA2ns/maxresdefault.jpg,Phùng Khánh Linh/Phùng Khánh Linh (Live at GENfest Presents MBILLION)/căn gác mùa hè (Live at GENfest Presents MBILLION).mp3
World Without You,Phùng Khánh Linh,Phung Khanh Linh,World Without You,vpop-indie-chill,https://music.youtube.com/watch?v=1jfmCXaSCOE,https://i.ytimg.com/vi/1jfmCXaSCOE/maxresdefault.jpg,Phùng Khánh Linh/World Without You/World Without You.mp3
EM ĐAU (Live at GENfest Presents MBILLION),Phùng Khánh Linh,Phùng Khánh Linh,Phùng Khánh Linh (Live at GENfest Presents MBILLION),vpop-indie-chill,https://music.youtube.com/watch?v=7eXRfZvgcQQ,https://i.ytimg.com/vi/7eXRfZvgcQQ/maxresdefault.jpg,Phùng Khánh Linh/Phùng Khánh Linh (Live at GENfest Presents MBILLION)/EM ĐAU (Live at GENfest Presents MBILLION).mp3
1 2 3 4 tí tách (cry cry),Phùng Khánh Linh,Phùng Khánh Linh,CITOPIA,vpop-indie-chill,https://music.youtube.com/watch?v=dhxl1sbRIOw,https://i.ytimg.com/vi/dhxl1sbRIOw/maxresdefault.jpg,Phùng Khánh Linh/CITOPIA/1 2 3 4 tí tách (cry cry).mp3
mai này,Phùng Khánh Linh,Phùng Khánh Linh,the early recordings,vpop-indie-chill,https://music.youtube.com/watch?v=fk4mulUShqY,https://i.ytimg.com/vi/fk4mulUShqY/maxresdefault.jpg,Phùng Khánh Linh/the early recordings/mai này.mp3
trên ô cửa máy bay,Phùng Khánh Linh,Phùng Khánh Linh,the early recordings,vpop-indie-chill,https://music.youtube.com/watch?v=Wwa1kMbGF3Y,https://i.ytimg.com/vi/Wwa1kMbGF3Y/maxresdefault.jpg,Phùng Khánh Linh/the early recordings/trên ô cửa máy bay.mp3
Hôm Nay Tôi Buồn (Nashville Version),Phùng Khánh Linh,Phùng Khánh Linh,Hôm Nay Tôi Buồn (The 5th Anniversary),vpop-indie-chill,https://music.youtube.com/watch?v=Yv6XzcAZSvk,https://i.ytimg.com/vi/Yv6XzcAZSvk/maxresdefault.jpg,Phùng Khánh Linh/Hôm Nay Tôi Buồn (The 5th Anniversary)/Hôm Nay Tôi Buồn (Nashville Version).mp3
CỜ NGƯỜI (Live at GENfest Presents MBILLION),Phùng Khánh Linh,Phùng Khánh Linh,Phùng Khánh Linh (Live at GENfest Presents MBILLION),vpop-indie-chill,https://music.youtube.com/watch?v=ujErehKdDL8,https://i.ytimg.com/vi/ujErehKdDL8/maxresdefault.jpg,Phùng Khánh Linh/Phùng Khánh Linh (Live at GENfest Presents MBILLION)/CỜ NGƯỜI (Live at GENfest Presents MBILLION).mp3
HIỆN THỰC PHŨ PHÀNG (Live at GENfest Presents MBILLION),Phùng Khánh Linh,Phùng Khánh Linh,Phùng Khánh Linh (Live at GENfest Presents MBILLION),vpop-indie-chill,https://music.youtube.com/watch?v=pM3uguPBhyo,https://i.ytimg.com/vi/pM3uguPBhyo/maxresdefault.jpg,Phùng Khánh Linh/Phùng Khánh Linh (Live at GENfest Presents MBILLION)/HIỆN THỰC PHŨ PHÀNG (Live at GENfest Presents MBILLION).mp3
liệu anh có nghe,Phùng Khánh Linh,Phùng Khánh Linh,the early recordings,vpop-indie-chill,https://music.youtube.com/watch?v=uswDiCDgqmM,https://i.ytimg.com/vi/uswDiCDgqmM/maxresdefault.jpg,Phùng Khánh Linh/the early recordings/liệu anh có nghe.mp3
thành phố xa lạ,Phùng Khánh Linh,Phùng Khánh Linh,the early recordings,vpop-indie-chill,https://music.youtube.com/watch?v=IWB_tgGR_9o,https://i.ytimg.com/vi/IWB_tgGR_9o/maxresdefault.jpg,Phùng Khánh Linh/the early recordings/thành phố xa lạ.mp3
cô gái nhân ái,Phùng Khánh Linh,Phung Khanh Linh,Last Friyay Night,vpop-indie-chill,https://music.youtube.com/watch?v=tjaomK1NVko,https://i.ytimg.com/vi/tjaomK1NVko/maxresdefault.jpg,Phùng Khánh Linh/Last Friyay Night/cô gái nhân ái.mp3
ANH LÀ THẰNG TỒI (Live at GENfest Presents MBILLION),Phùng Khánh Linh,Phùng Khánh Linh,Phùng Khánh Linh (Live at GENfest Presents MBILLION),vpop-indie-chill,https://music.youtube.com/watch?v=VlQqmnjZNjY,https://i.ytimg.com/vi/VlQqmnjZNjY/maxresdefault.jpg,Phùng Khánh Linh/Phùng Khánh Linh (Live at GENfest Presents MBILLION)/ANH LÀ THẰNG TỒI (Live at GENfest Presents MBILLION).mp3
chạy (on my way) - sáng tối,Phùng Khánh Linh,Phùng Khánh Linh,the early recordings,vpop-indie-chill,https://music.youtube.com/watch?v=FUqyoptwPQA,https://i.ytimg.com/vi/FUqyoptwPQA/maxresdefault.jpg,Phùng Khánh Linh/the early recordings/chạy (on my way) - sáng tối.mp3
quý cô say xỉn (Live at GENfest Presents MBILLION),Phùng Khánh Linh,Phùng Khánh Linh,Phùng Khánh Linh (Live at GENfest Presents MBILLION),vpop-indie-chill,https://music.youtube.com/watch?v=sawmTgZvx3Q,https://i.ytimg.com/vi/sawmTgZvx3Q/maxresdefault.jpg,Phùng Khánh Linh/Phùng Khánh Linh (Live at GENfest Presents MBILLION)/quý cô say xỉn (Live at GENfest Presents MBILLION).mp3
ƯỚC ANH TAN NÁT CON TIM (Live at GENfest Presents MBILLION),Phùng Khánh Linh,Phùng Khánh Linh,Phùng Khánh Linh (Live at GENfest Presents MBILLION),vpop-indie-chill,https://music.youtube.com/watch?v=nZ3iCftATwA,https://i.ytimg.com/vi/nZ3iCftATwA/maxresdefault.jpg,Phùng Khánh Linh/Phùng Khánh Linh (Live at GENfest Presents MBILLION)/ƯỚC ANH TAN NÁT CON TIM (Live at GENfest Presents MBILLION).mp3
TÂM SỰ VỚI ĐÊM MỘT MÌNH (Live at GENfest Presents MBILLION),Phùng Khánh Linh,Phùng Khánh Linh,Phùng Khánh Linh (Live at GENfest Presents MBILLION),vpop-indie-chill,https://music.youtube.com/watch?v=MWWdCDjZ5CQ,https://i.ytimg.com/vi/MWWdCDjZ5CQ/maxresdefault.jpg,Phùng Khánh Linh/Phùng Khánh Linh (Live at GENfest Presents MBILLION)/TÂM SỰ VỚI ĐÊM MỘT MÌNH (Live at GENfest Presents MBILLION).mp3
em về trời,Phùng Khánh Linh,Phùng Khánh Linh,the early recordings,vpop-indie-chill,https://music.youtube.com/watch?v=RxlM4ylfPQM,https://i.ytimg.com/vi/RxlM4ylfPQM/maxresdefault.jpg,Phùng Khánh Linh/the early recordings/em về trời.mp3
lửa gần rơm lâu ngày cũng bén,Phùng Khánh Linh,"Phùng Khánh Linh, 39 Kingdom",lửa gần rơm lâu ngày cũng bén,vpop-indie-chill,https://music.youtube.com/watch?v=blePzmYdK2s,https://i.ytimg.com/vi/blePzmYdK2s/maxresdefault.jpg,Phùng Khánh Linh/lửa gần rơm lâu ngày cũng bén/lửa gần rơm lâu ngày cũng bén.mp3
hãy bảo nắng về đi,Phùng Khánh Linh,Phùng Khánh Linh,the early recordings,vpop-indie-chill,https://music.youtube.com/watch?v=fQb4Fyhgj7k,https://i.ytimg.com/vi/fQb4Fyhgj7k/maxresdefault.jpg,Phùng Khánh Linh/the early recordings/hãy bảo nắng về đi.mp3
"Một bản tình ca nhịp 6/8 (Music from ""Stage of Love The Series, Pt. 1)",Phùng Khánh Linh,"Phùng Khánh Linh, Hứa Kim Tuyền","Một bản tình ca nhịp 6/8 (Music from ""Stage of Love The Series, Pt. 1)",vpop-indie-chill,https://music.youtube.com/watch?v=ZSUrhCfLcD0,https://i.ytimg.com/vi/ZSUrhCfLcD0/maxresdefault.jpg,"Phùng Khánh Linh/Một bản tình ca nhịp 6_8 (Music from Stage of Love The Series, Pt. 1)/Một bản tình ca nhịp 6_8 (Music from Stage of Love The Series, Pt. 1).mp3"
Cảm Ơn Người Đã Thức Cùng Tôi,Hoàng Thùy Linh,"Phùng Khánh Linh, 30 Pictures",Cảm Ơn Người Đã Thức Cùng Tôi,vpop-indie-chill,https://music.youtube.com/watch?v=6Hv80f1-9UQ,https://i.ytimg.com/vi/6Hv80f1-9UQ/maxresdefault.jpg,Hoàng Thùy Linh/Cảm Ơn Người Đã Thức Cùng Tôi/Cảm Ơn Người Đã Thức Cùng Tôi.mp3
Thành phố phía Đông,Hoàng Thùy Linh,"VƯƠNG BÌNH, Phùng Khánh Linh",Thành phố phía Đông,vpop-indie-chill,https://music.youtube.com/watch?v=USrZIeIqWEI,https://i.ytimg.com/vi/USrZIeIqWEI/maxresdefault.jpg,Hoàng Thùy Linh/Thành phố phía Đông/Thành phố phía Đông.mp3
EM ĐAU,Hoàng Thùy Linh,"Phùng Khánh Linh, Thanh Luke",EM ĐAU,vpop-indie-chill,https://music.youtube.com/watch?v=ngpLgc54vBc,https://i.ytimg.com/vi/ngpLgc54vBc/maxresdefault.jpg,Hoàng Thùy Linh/EM ĐAU/EM ĐAU.mp3
GIẢ VỜ,Hoàng Thùy Linh,Phùng Khánh Linh,GIẢ VỜ,vpop-indie-chill,https://music.youtube.com/watch?v=hd_-RS0oL94,https://i.ytimg.com/vi/hd_-RS0oL94/maxresdefault.jpg,Hoàng Thùy Linh/GIẢ VỜ/GIẢ VỜ.mp3
ANH LÀ THẰNG TỒI,Hoàng Thùy Linh,Phùng Khánh Linh,GIỮA MỘT VẠN NGƯỜI,vpop-indie-chill,https://music.youtube.com/watch?v=emMmGTiUCgk,https://i.ytimg.com/vi/emMmGTiUCgk/maxresdefault.jpg,Hoàng Thùy Linh/GIỮA MỘT VẠN NGƯỜI/ANH LÀ THẰNG TỒI.mp3
ƯỚC ANH TAN NÁT CON TIM,Hoàng Thùy Linh,Phùng Khánh Linh,ƯỚC ANH TAN NÁT CON TIM,vpop-indie-chill,https://music.youtube.com/watch?v=Qariralv5y0,https://i.ytimg.com/vi/Qariralv5y0/maxresdefault.jpg,Hoàng Thùy Linh/ƯỚC ANH TAN NÁT CON TIM/ƯỚC ANH TAN NÁT CON TIM.mp3
Hôm Nay Tôi Buồn,Hoàng Thùy Linh,Phùng Khánh Linh,Hôm Nay Tôi Buồn,vpop-indie-chill,https://music.youtube.com/watch?v=RNmWyPwDHe4,https://i.ytimg.com/vi/RNmWyPwDHe4/maxresdefault.jpg,Hoàng Thùy Linh/Hôm Nay Tôi Buồn/Hôm Nay Tôi Buồn.mp3
CỜ NGƯỜI,Hoàng Thùy Linh,Phùng Khánh Linh,GIỮA MỘT VẠN NGƯỜI,vpop-indie-chill,https://music.youtube.com/watch?v=j-Sz9zHLnCs,https://i.ytimg.com/vi/j-Sz9zHLnCs/maxresdefault.jpg,Hoàng Thùy Linh/GIỮA MỘT VẠN NGƯỜI/CỜ NGƯỜI.mp3
LINH CẢM,Hoàng Thùy Linh,Phùng Khánh Linh,GIỮA MỘT VẠN NGƯỜI,vpop-indie-chill,https://music.youtube.com/watch?v=WNVvmiX3da0,https://i.ytimg.com/vi/WNVvmiX3da0/maxresdefault.jpg,Hoàng Thùy Linh/GIỮA MỘT VẠN NGƯỜI/LINH CẢM.mp3
TÂM SỰ VỚI ĐÊM MỘT MÌNH,Hoàng Thùy Linh,Phùng Khánh Linh,TÂM SỰ VỚI ĐÊM MỘT MÌNH,vpop-indie-chill,https://music.youtube.com/watch?v=Q9kORUd_P1k,https://i.ytimg.com/vi/Q9kORUd_P1k/maxresdefault.jpg,Hoàng Thùy Linh/TÂM SỰ VỚI ĐÊM MỘT MÌNH/TÂM SỰ VỚI ĐÊM MỘT MÌNH.mp3
Đủ Nắng Hoa Sẽ Nở,Hoàng Thùy Linh,"Văn Mai Hương, (S)TRONG, Phùng Khánh Linh",Đủ Nắng Hoa Sẽ Nở,vpop-indie-chill,https://music.youtube.com/watch?v=zxDzxIR49TM,https://i.ytimg.com/vi/zxDzxIR49TM/maxresdefault.jpg,Hoàng Thùy Linh/Đủ Nắng Hoa Sẽ Nở/Đủ Nắng Hoa Sẽ Nở.mp3
HIỆN THỰC PHŨ PHÀNG,Hoàng Thùy Linh,Phùng Khánh Linh,GIỮA MỘT VẠN NGƯỜI,vpop-indie-chill,https://music.youtube.com/watch?v=EIeyBuVJ_Dk,https://i.ytimg.com/vi/EIeyBuVJ_Dk/maxresdefault.jpg,Hoàng Thùy Linh/GIỮA MỘT VẠN NGƯỜI/HIỆN THỰC PHŨ PHÀNG.mp3
mùa hè 1994 (summer 1994),Hoàng Thùy Linh,Phùng Khánh Linh,CITOPIA,vpop-indie-chill,https://music.youtube.com/watch?v=v0p-Pnw5-hw,https://i.ytimg.com/vi/v0p-Pnw5-hw/maxresdefault.jpg,Hoàng Thùy Linh/CITOPIA/mùa hè 1994 (summer 1994).mp3
ĐIỀU EM KHÔNG MUỐN,Hoàng Thùy Linh,Phùng Khánh Linh,GIỮA MỘT VẠN NGƯỜI,vpop-indie-chill,https://music.youtube.com/watch?v=1BX12_zBv00,https://i.ytimg.com/vi/1BX12_zBv00/maxresdefault.jpg,Hoàng Thùy Linh/GIỮA MỘT VẠN NGƯỜI/ĐIỀU EM KHÔNG MUỐN.mp3
căn gác mùa hè (sweet summer),Hoàng Thùy Linh,Phùng Khánh Linh,căn gác mùa hè (sweet summer),vpop-indie-chill,https://music.youtube.com/watch?v=UHK1H1iEKRc,https://i.ytimg.com/vi/UHK1H1iEKRc/maxresdefault.jpg,Hoàng Thùy Linh/căn gác mùa hè (sweet summer)/căn gác mùa hè (sweet summer).mp3
HÃY NÓI ANH SAI RỒI,Hoàng Thùy Linh,Phùng Khánh Linh,GIỮA MỘT VẠN NGƯỜI,vpop-indie-chill,https://music.youtube.com/watch?v=wIcf1x6-uUQ,https://i.ytimg.com/vi/wIcf1x6-uUQ/maxresdefault.jpg,Hoàng Thùy Linh/GIỮA MỘT VẠN NGƯỜI/HÃY NÓI ANH SAI RỒI.mp3
quý cô say xỉn (secret sunday),Hoàng Thùy Linh,Phùng Khánh Linh,CITOPIA,vpop-indie-chill,https://music.youtube.com/watch?v=Vai3Munr2lM,https://i.ytimg.com/vi/Vai3Munr2lM/maxresdefault.jpg,Hoàng Thùy Linh/CITOPIA/quý cô say xỉn (secret sunday).mp3
ÁM ẢNH VỀ ANH,Hoàng Thùy Linh,Phùng Khánh Linh,GIỮA MỘT VẠN NGƯỜI,vpop-indie-chill,https://music.youtube.com/watch?v=zSx3UsCAQgo,https://i.ytimg.com/vi/zSx3UsCAQgo/maxresdefault.jpg,Hoàng Thùy Linh/GIỮA MỘT VẠN NGƯỜI/ÁM ẢNH VỀ ANH.mp3
Thì Vui Biết Mấy,Hoàng Thùy Linh,"The Flob, Phùng Khánh Linh",TỐI THƯỢNG,vpop-indie-chill,https://music.youtube.com/watch?v=G78_o8LTXpk,https://i.ytimg.com/vi/G78_o8LTXpk/maxresdefault.jpg,Hoàng Thùy Linh/TỐI THƯỢNG/Thì Vui Biết Mấy.mp3
năm ngoái giờ này (after all),Hoàng Thùy Linh,Phùng Khánh Linh,năm ngoái giờ này (after all),vpop-indie-chill,https://music.youtube.com/watch?v=G-ciHGurtnQ,https://i.ytimg.com/vi/G-ciHGurtnQ/maxresdefault.jpg,Hoàng Thùy Linh/năm ngoái giờ này (after all)/năm ngoái giờ này (after all).mp3
GRIEF IS THE PRICE YOU PAY FOR LOVE,Hoàng Thùy Linh,Phùng Khánh Linh,GIỮA MỘT VẠN NGƯỜI,vpop-indie-chill,https://music.youtube.com/watch?v=M--3oMAlYdw,https://i.ytimg.com/vi/M--3oMAlYdw/maxresdefault.jpg,Hoàng Thùy Linh/GIỮA MỘT VẠN NGƯỜI/GRIEF IS THE PRICE YOU PAY FOR LOVE.mp3
KHÓC BLÓCK,Hoàng Thùy Linh,Phùng Khánh Linh,KHÓC BLÓCK,vpop-indie-chill,https://music.youtube.com/watch?v=cA2Lp5jVP4Q,https://i.ytimg.com/vi/cA2Lp5jVP4Q/maxresdefault.jpg,Hoàng Thùy Linh/KHÓC BLÓCK/KHÓC BLÓCK.mp3
nói lời có giữ lời (words of wind),Hoàng Thùy Linh,Phùng Khánh Linh,CITOPIA,vpop-indie-chill,https://music.youtube.com/watch?v=uvIvkyhRZhw,https://i.ytimg.com/vi/uvIvkyhRZhw/maxresdefault.jpg,Hoàng Thùy Linh/CITOPIA/nói lời có giữ lời (words of wind).mp3
em tạm đi vắng khi anh thức giấc (day dreamer),Hoàng Thùy Linh,Phùng Khánh Linh,CITOPIA,vpop-indie-chill,https://music.youtube.com/watch?v=pOkZ_1PTM9s,https://i.ytimg.com/vi/pOkZ_1PTM9s/maxresdefault.jpg,Hoàng Thùy Linh/CITOPIA/em tạm đi vắng khi anh thức giấc (day dreamer).mp3
đằng sau sân khấu (mystic moonlight),Hoàng Thùy Linh,Phùng Khánh Linh,CITOPIA,vpop-indie-chill,https://music.youtube.com/watch?v=ClAq6efXLeA,https://i.ytimg.com/vi/ClAq6efXLeA/maxresdefault.jpg,Hoàng Thùy Linh/CITOPIA/đằng sau sân khấu (mystic moonlight).mp3
Gói Tình Em Rồi Về,Hoàng Thùy Linh,Phung Khanh Linh,Gói Tình Em Rồi Về,vpop-indie-chill,https://music.youtube.com/watch?v=AzDFeefekXE,https://i.ytimg.com/vi/AzDFeefekXE/maxresdefault.jpg,Hoàng Thùy Linh/Gói Tình Em Rồi Về/Gói Tình Em Rồi Về.mp3
Như Hoa Mùa Xuân,Hoàng Thùy Linh,"Phùng Khánh Linh, Wren Evans",Gala Nhạc Việt: GreaTET - Thập Kỷ Nhạc Xuân,vpop-indie-chill,https://music.youtube.com/watch?v=bdYiHlDk3-Q,https://i.ytimg.com/vi/bdYiHlDk3-Q/maxresdefault.jpg,Hoàng Thùy Linh/Gala Nhạc Việt_ GreaTET - Thập Kỷ Nhạc Xuân/Như Hoa Mùa Xuân.mp3
ngưu tầm ngưu mã tầm mã (bye bye),Hoàng Thùy Linh,Phùng Khánh Linh,CITOPIA,vpop-indie-chill,https://music.youtube.com/watch?v=uHCY4jMV36k,https://i.ytimg.com/vi/uHCY4jMV36k/maxresdefault.jpg,Hoàng Thùy Linh/CITOPIA/ngưu tầm ngưu mã tầm mã (bye bye).mp3
sài gòn ôm lấy em (sentimental saigon),Hoàng Thùy Linh,Phùng Khánh Linh,CITOPIA,vpop-indie-chill,https://music.youtube.com/watch?v=v1vc6qdQvzI,https://i.ytimg.com/vi/v1vc6qdQvzI/maxresdefault.jpg,Hoàng Thùy Linh/CITOPIA/sài gòn ôm lấy em (sentimental saigon).mp3
căn gác mùa hè (Live at GENfest Presents MBILLION),Hoàng Thùy Linh,Phùng Khánh Linh,Phùng Khánh Linh (Live at GENfest Presents MBILLION),vpop-indie-chill,https://music.youtube.com/watch?v=FlDzfRHA2ns,https://i.ytimg.com/vi/FlDzfRHA2ns/maxresdefault.jpg,Hoàng Thùy Linh/Phùng Khánh Linh (Live at GENfest Presents MBILLION)/căn gác mùa hè (Live at GENfest Presents MBILLION).mp3
World Without You,Hoàng Thùy Linh,Phung Khanh Linh,World Without You,vpop-indie-chill,https://music.youtube.com/watch?v=1jfmCXaSCOE,https://i.ytimg.com/vi/1jfmCXaSCOE/maxresdefault.jpg,Hoàng Thùy Linh/World Without You/World Without You.mp3
EM ĐAU (Live at GENfest Presents MBILLION),Hoàng Thùy Linh,Phùng Khánh Linh,Phùng Khánh Linh (Live at GENfest Presents MBILLION),vpop-indie-chill,https://music.youtube.com/watch?v=7eXRfZvgcQQ,https://i.ytimg.com/vi/7eXRfZvgcQQ/maxresdefault.jpg,Hoàng Thùy Linh/Phùng Khánh Linh (Live at GENfest Presents MBILLION)/EM ĐAU (Live at GENfest Presents MBILLION).mp3
1 2 3 4 tí tách (cry cry),Hoàng Thùy Linh,Phùng Khánh Linh,CITOPIA,vpop-indie-chill,https://music.youtube.com/watch?v=dhxl1sbRIOw,https://i.ytimg.com/vi/dhxl1sbRIOw/maxresdefault.jpg,Hoàng Thùy Linh/CITOPIA/1 2 3 4 tí tách (cry cry).mp3
mai này,Hoàng Thùy Linh,Phùng Khánh Linh,the early recordings,vpop-indie-chill,https://music.youtube.com/watch?v=fk4mulUShqY,https://i.ytimg.com/vi/fk4mulUShqY/maxresdefault.jpg,Hoàng Thùy Linh/the early recordings/mai này.mp3
trên ô cửa máy bay,Hoàng Thùy Linh,Phùng Khánh Linh,the early recordings,vpop-indie-chill,https://music.youtube.com/watch?v=Wwa1kMbGF3Y,https://i.ytimg.com/vi/Wwa1kMbGF3Y/maxresdefault.jpg,Hoàng Thùy Linh/the early recordings/trên ô cửa máy bay.mp3
Hôm Nay Tôi Buồn (Nashville Version),Hoàng Thùy Linh,Phùng Khánh Linh,Hôm Nay Tôi Buồn (The 5th Anniversary),vpop-indie-chill,https://music.youtube.com/watch?v=Yv6XzcAZSvk,https://i.ytimg.com/vi/Yv6XzcAZSvk/maxresdefault.jpg,Hoàng Thùy Linh/Hôm Nay Tôi Buồn (The 5th Anniversary)/Hôm Nay Tôi Buồn (Nashville Version).mp3
CỜ NGƯỜI (Live at GENfest Presents MBILLION),Hoàng Thùy Linh,Phùng Khánh Linh,Phùng Khánh Linh (Live at GENfest Presents MBILLION),vpop-indie-chill,https://music.youtube.com/watch?v=ujErehKdDL8,https://i.ytimg.com/vi/ujErehKdDL8/maxresdefault.jpg,Hoàng Thùy Linh/Phùng Khánh Linh (Live at GENfest Presents MBILLION)/CỜ NGƯỜI (Live at GENfest Presents MBILLION).mp3
HIỆN THỰC PHŨ PHÀNG (Live at GENfest Presents MBILLION),Hoàng Thùy Linh,Phùng Khánh Linh,Phùng Khánh Linh (Live at GENfest Presents MBILLION),vpop-indie-chill,https://music.youtube.com/watch?v=pM3uguPBhyo,https://i.ytimg.com/vi/pM3uguPBhyo/maxresdefault.jpg,Hoàng Thùy Linh/Phùng Khánh Linh (Live at GENfest Presents MBILLION)/HIỆN THỰC PHŨ PHÀNG (Live at GENfest Presents MBILLION).mp3
liệu anh có nghe,Hoàng Thùy Linh,Phùng Khánh Linh,the early recordings,vpop-indie-chill,https://music.youtube.com/watch?v=uswDiCDgqmM,https://i.ytimg.com/vi/uswDiCDgqmM/maxresdefault.jpg,Hoàng Thùy Linh/the early recordings/liệu anh có nghe.mp3
thành phố xa lạ,Hoàng Thùy Linh,Phùng Khánh Linh,the early recordings,vpop-indie-chill,https://music.youtube.com/watch?v=IWB_tgGR_9o,https://i.ytimg.com/vi/IWB_tgGR_9o/maxresdefault.jpg,Hoàng Thùy Linh/the early recordings/thành phố xa lạ.mp3
cô gái nhân ái,Hoàng Thùy Linh,Phung Khanh Linh,Last Friyay Night,vpop-indie-chill,https://music.youtube.com/watch?v=tjaomK1NVko,https://i.ytimg.com/vi/tjaomK1NVko/maxresdefault.jpg,Hoàng Thùy Linh/Last Friyay Night/cô gái nhân ái.mp3
ANH LÀ THẰNG TỒI (Live at GENfest Presents MBILLION),Hoàng Thùy Linh,Phùng Khánh Linh,Phùng Khánh Linh (Live at GENfest Presents MBILLION),vpop-indie-chill,https://music.youtube.com/watch?v=VlQqmnjZNjY,https://i.ytimg.com/vi/VlQqmnjZNjY/maxresdefault.jpg,Hoàng Thùy Linh/Phùng Khánh Linh (Live at GENfest Presents MBILLION)/ANH LÀ THẰNG TỒI (Live at GENfest Presents MBILLION).mp3
chạy (on my way) - sáng tối,Hoàng Thùy Linh,Phùng Khánh Linh,the early recordings,vpop-indie-chill,https://music.youtube.com/watch?v=FUqyoptwPQA,https://i.ytimg.com/vi/FUqyoptwPQA/maxresdefault.jpg,Hoàng Thùy Linh/the early recordings/chạy (on my way) - sáng tối.mp3
quý cô say xỉn (Live at GENfest Presents MBILLION),Hoàng Thùy Linh,Phùng Khánh Linh,Phùng Khánh Linh (Live at GENfest Presents MBILLION),vpop-indie-chill,https://music.youtube.com/watch?v=sawmTgZvx3Q,https://i.ytimg.com/vi/sawmTgZvx3Q/maxresdefault.jpg,Hoàng Thùy Linh/Phùng Khánh Linh (Live at GENfest Presents MBILLION)/quý cô say xỉn (Live at GENfest Presents MBILLION).mp3
ƯỚC ANH TAN NÁT CON TIM (Live at GENfest Presents MBILLION),Hoàng Thùy Linh,Phùng Khánh Linh,Phùng Khánh Linh (Live at GENfest Presents MBILLION),vpop-indie-chill,https://music.youtube.com/watch?v=nZ3iCftATwA,https://i.ytimg.com/vi/nZ3iCftATwA/maxresdefault.jpg,Hoàng Thùy Linh/Phùng Khánh Linh (Live at GENfest Presents MBILLION)/ƯỚC ANH TAN NÁT CON TIM (Live at GENfest Presents MBILLION).mp3
TÂM SỰ VỚI ĐÊM MỘT MÌNH (Live at GENfest Presents MBILLION),Hoàng Thùy Linh,Phùng Khánh Linh,Phùng Khánh Linh (Live at GENfest Presents MBILLION),vpop-indie-chill,https://music.youtube.com/watch?v=MWWdCDjZ5CQ,https://i.ytimg.com/vi/MWWdCDjZ5CQ/maxresdefault.jpg,Hoàng Thùy Linh/Phùng Khánh Linh (Live at GENfest Presents MBILLION)/TÂM SỰ VỚI ĐÊM MỘT MÌNH (Live at GENfest Presents MBILLION).mp3
em về trời,Hoàng Thùy Linh,Phùng Khánh Linh,the early recordings,vpop-indie-chill,https://music.youtube.com/watch?v=RxlM4ylfPQM,https://i.ytimg.com/vi/RxlM4ylfPQM/maxresdefault.jpg,Hoàng Thùy Linh/the early recordings/em về trời.mp3
lửa gần rơm lâu ngày cũng bén,Hoàng Thùy Linh,"Phùng Khánh Linh, 39 Kingdom",lửa gần rơm lâu ngày cũng bén,vpop-indie-chill,https://music.youtube.com/watch?v=blePzmYdK2s,https://i.ytimg.com/vi/blePzmYdK2s/maxresdefault.jpg,Hoàng Thùy Linh/lửa gần rơm lâu ngày cũng bén/lửa gần rơm lâu ngày cũng bén.mp3
hãy bảo nắng về đi,Hoàng Thùy Linh,Phùng Khánh Linh,the early recordings,vpop-indie-chill,https://music.youtube.com/watch?v=fQb4Fyhgj7k,https://i.ytimg.com/vi/fQb4Fyhgj7k/maxresdefault.jpg,Hoàng Thùy Linh/the early recordings/hãy bảo nắng về đi.mp3
"Một bản tình ca nhịp 6/8 (Music from ""Stage of Love The Series, Pt. 1)",Hoàng Thùy Linh,"Phùng Khánh Linh, Hứa Kim Tuyền","Một bản tình ca nhịp 6/8 (Music from ""Stage of Love The Series, Pt. 1)",vpop-indie-chill,https://music.youtube.com/watch?v=ZSUrhCfLcD0,https://i.ytimg.com/vi/ZSUrhCfLcD0/maxresdefault.jpg,"Hoàng Thùy Linh/Một bản tình ca nhịp 6_8 (Music from Stage of Love The Series, Pt. 1)/Một bản tình ca nhịp 6_8 (Music from Stage of Love The Series, Pt. 1).mp3"
Bắc Bling (Bắc Ninh) (Prod. by Masew),Hòa MinZy,"Hòa Minzy, NSUT Xuân Hinh, Tuấn Cry",Bắc Bling (Bắc Ninh),vpop-indie-chill,https://music.youtube.com/watch?v=746ezYm7z1g,https://i.ytimg.com/vi/746ezYm7z1g/maxresdefault.jpg,Hòa MinZy/Bắc Bling (Bắc Ninh)/Bắc Bling (Bắc Ninh) (Prod. by Masew).mp3
Nỗi Đau Giữa Hòa Bình,Hòa MinZy,"Hoà Minzy, Nguyen Van Chung",Nỗi Đau Giữa Hòa Bình,vpop-indie-chill,https://music.youtube.com/watch?v=EVWFl0VEnbQ,https://i.ytimg.com/vi/EVWFl0VEnbQ/maxresdefault.jpg,Hòa MinZy/Nỗi Đau Giữa Hòa Bình/Nỗi Đau Giữa Hòa Bình.mp3
Thị Mầu,Hòa MinZy,"Hòa Minzy, Masew, Nguyễn Hoàng Phong",Thị Mầu,vpop-indie-chill,https://music.youtube.com/watch?v=dV3Mh17zzkI,https://i.ytimg.com/vi/dV3Mh17zzkI/maxresdefault.jpg,Hòa MinZy/Thị Mầu/Thị Mầu.mp3
Rời Bỏ,Hòa MinZy,"Hoa Minzy, Vũ Huy Hoàng",Rời Bỏ,vpop-indie-chill,https://music.youtube.com/watch?v=Oi-9Y4PZvY8,https://i.ytimg.com/vi/Oi-9Y4PZvY8/maxresdefault.jpg,Hòa MinZy/Rời Bỏ/Rời Bỏ.mp3
Kén Cá Chọn Canh,Hòa MinZy,Hoà Minzy,Kén Cá Chọn Canh,vpop-indie-chill,https://music.youtube.com/watch?v=SAfTzt2mqCk,https://i.ytimg.com/vi/SAfTzt2mqCk/maxresdefault.jpg,Hòa MinZy/Kén Cá Chọn Canh/Kén Cá Chọn Canh.mp3
Nàng Tiên Cá,Hòa MinZy,"Hoa Minzy, Châu Đăng Khoa",Nàng Tiên Cá,vpop-indie-chill,https://music.youtube.com/watch?v=klMGUJPo8yI,https://i.ytimg.com/vi/klMGUJPo8yI/maxresdefault.jpg,Hòa MinZy/Nàng Tiên Cá/Nàng Tiên Cá.mp3
Sau Đôi Mắt Cười,Hòa MinZy,"Hòa Minzy, RHYDER",Sau Đôi Mắt Cười,vpop-indie-chill,https://music.youtube.com/watch?v=H2Dr6euyZo4,https://i.ytimg.com/vi/H2Dr6euyZo4/maxresdefault.jpg,Hòa MinZy/Sau Đôi Mắt Cười/Sau Đôi Mắt Cười.mp3
Người Việt Mình Thương Nhau,Hòa MinZy,"Cẩm Ly, Hòa Minzy",Người Việt Mình Thương Nhau,vpop-indie-chill,https://music.youtube.com/watch?v=sTIkFYgk_aw,https://i.ytimg.com/vi/sTIkFYgk_aw/maxresdefault.jpg,Hòa MinZy/Người Việt Mình Thương Nhau/Người Việt Mình Thương Nhau.mp3
Bật Tình Yêu Lên,Hòa MinZy,"Tăng Duy Tân, Hòa Minzy",Bật Tình Yêu Lên,vpop-indie-chill,https://music.youtube.com/watch?v=9lTMspswK5I,https://i.ytimg.com/vi/9lTMspswK5I/maxresdefault.jpg,Hòa MinZy/Bật Tình Yêu Lên/Bật Tình Yêu Lên.mp3
Không Thể Cùng Nhau Suốt Kiếp,Hòa MinZy,"Hoa Minzy, Mr. Siro",Không Thể Cùng Nhau Suốt Kiếp,vpop-indie-chill,https://music.youtube.com/watch?v=eu4AEtGP0tw,https://i.ytimg.com/vi/eu4AEtGP0tw/maxresdefault.jpg,Hòa MinZy/Không Thể Cùng Nhau Suốt Kiếp/Không Thể Cùng Nhau Suốt Kiếp.mp3
Đẹp Mã,Hòa MinZy,Gemini Hùng Huỳnh,Đẹp Mã,vpop-indie-chill,https://music.youtube.com/watch?v=nWauPJB7dqc,https://i.ytimg.com/vi/nWauPJB7dqc/maxresdefault.jpg,Hòa MinZy/Đẹp Mã/Đẹp Mã.mp3
Đêm Lao Xao,Hòa MinZy,"Forest Studio, Hòa Minzy","Xuân Hạ Thu Đông, rồi lại Xuân (Tập 3,4)",vpop-indie-chill,https://music.youtube.com/watch?v=6t6pHPubK8Y,https://i.ytimg.com/vi/6t6pHPubK8Y/maxresdefault.jpg,"Hòa MinZy/Xuân Hạ Thu Đông, rồi lại Xuân (Tập 3,4)/Đêm Lao Xao.mp3"
Nếp Nhà,Hòa MinZy,"Hoa Minzy, Obito, Hứa Kim Tuyền",Nếp Nhà,vpop-indie-chill,https://music.youtube.com/watch?v=krkQMyckE4U,https://i.ytimg.com/vi/krkQMyckE4U/maxresdefault.jpg,Hòa MinZy/Nếp Nhà/Nếp Nhà.mp3
Bật Tình Yêu Lên (Lofi Version),Hòa MinZy,"Tăng Duy Tân, Hòa Minzy, NH4T Media Music",Bật Tình Yêu Lên (Lofi Version),vpop-indie-chill,https://music.youtube.com/watch?v=CDhL6lsveOs,https://i.ytimg.com/vi/CDhL6lsveOs/maxresdefault.jpg,Hòa MinZy/Bật Tình Yêu Lên (Lofi Version)/Bật Tình Yêu Lên (Lofi Version).mp3
Chấp Nhận,Hòa MinZy,"Hòa Minzy, An Trịnh",Chấp Nhận,vpop-indie-chill,https://music.youtube.com/watch?v=O50uIaZJAbA,https://i.ytimg.com/vi/O50uIaZJAbA/maxresdefault.jpg,Hòa MinZy/Chấp Nhận/Chấp Nhận.mp3
Tết Nhà Mình (feat. Lăng LD),Hòa MinZy,"Hoà Minzy, Lăng LD",Tết Nhà Mình (feat. Lăng LD),vpop-indie-chill,https://music.youtube.com/watch?v=MpmuiEfHIcM,https://i.ytimg.com/vi/MpmuiEfHIcM/maxresdefault.jpg,Hòa MinZy/Tết Nhà Mình (feat. Lăng LD)/Tết Nhà Mình (feat. Lăng LD).mp3
Tìm Một Nửa Cô Đơn,Hòa MinZy,"Hoa Minzy, Minh Thụy",Tìm Một Nửa Cô Đơn,vpop-indie-chill,https://music.youtube.com/watch?v=lGwx8nCPloM,https://i.ytimg.com/vi/lGwx8nCPloM/maxresdefault.jpg,Hòa MinZy/Tìm Một Nửa Cô Đơn/Tìm Một Nửa Cô Đơn.mp3
Không Thể Cùng Nhau Suốt Kiếp,Hòa MinZy,"Hòa Minzy, Đức Phúc, ERIK, Mr. Siro",Không Thể Cùng Nhau Suốt Kiếp,vpop-indie-chill,https://music.youtube.com/watch?v=R8xYBCXDzhM,https://i.ytimg.com/vi/R8xYBCXDzhM/maxresdefault.jpg,Hòa MinZy/Không Thể Cùng Nhau Suốt Kiếp/Không Thể Cùng Nhau Suốt Kiếp.mp3
Khung Trời Ngày Xưa (25th Làn Sóng Xanh),Hòa MinZy,"Isaac, Hòa Minzy",Khung Trời Ngày Xưa (25th Làn Sóng Xanh),vpop-indie-chill,https://music.youtube.com/watch?v=4KbTctUdCko,https://i.ytimg.com/vi/4KbTctUdCko/maxresdefault.jpg,Hòa MinZy/Khung Trời Ngày Xưa (25th Làn Sóng Xanh)/Khung Trời Ngày Xưa (25th Làn Sóng Xanh).mp3
Vì Một Việt Nam Khỏe Mạnh,Hòa MinZy,"Hòa Minzy, Nguyễn Hải Phong",Vì Một Việt Nam Khỏe Mạnh,vpop-indie-chill,https://music.youtube.com/watch?v=vjp2nkSfLM0,https://i.ytimg.com/vi/vjp2nkSfLM0/maxresdefault.jpg,Hòa MinZy/Vì Một Việt Nam Khỏe Mạnh/Vì Một Việt Nam Khỏe Mạnh.mp3
Chài Điếp Noọng (Anh Yêu Em),Hòa MinZy,"Double2T, Hoà Minzy, DuongK",Chài Điếp Noọng,vpop-indie-chill,https://music.youtube.com/watch?v=e8b_N8Cfjk0,https://i.ytimg.com/vi/e8b_N8Cfjk0/maxresdefault.jpg,Hòa MinZy/Chài Điếp Noọng/Chài Điếp Noọng (Anh Yêu Em).mp3
KIÊN TRÌ LÀ DÌ THÀNH CÔNG,Hòa MinZy,Hoà Minzy,KIÊN TRÌ LÀ DÌ THÀNH CÔNG,vpop-indie-chill,https://music.youtube.com/watch?v=NzDGg85KRMw,https://i.ytimg.com/vi/NzDGg85KRMw/maxresdefault.jpg,Hòa MinZy/KIÊN TRÌ LÀ DÌ THÀNH CÔNG/KIÊN TRÌ LÀ DÌ THÀNH CÔNG.mp3
Chỉ Là Tình Cờ,Hòa MinZy,"Hòa Minzy, Nguyễn Minh Cường",Chỉ Là Tình Cờ,vpop-indie-chill,https://music.youtube.com/watch?v=FojsrVALNUA,https://i.ytimg.com/vi/FojsrVALNUA/maxresdefault.jpg,Hòa MinZy/Chỉ Là Tình Cờ/Chỉ Là Tình Cờ.mp3
Tự Nhiên Buồn,Hòa MinZy,"Hoa Minzy, Nhạc Ngoại Lời Việt",Tự Nhiên Buồn,vpop-indie-chill,https://music.youtube.com/watch?v=3nTDKDHwkZU,https://i.ytimg.com/vi/3nTDKDHwkZU/maxresdefault.jpg,Hòa MinZy/Tự Nhiên Buồn/Tự Nhiên Buồn.mp3
"Khác Biệt To Lớn (From ""Talkshow Chuyện Chúng Ta"")",Hòa MinZy,"Trịnh Thăng Bình, Hòa Minzy","Khác Biệt To Lớn (From ""Talkshow Chuyện Chúng Ta"")",vpop-indie-chill,https://music.youtube.com/watch?v=rCmyVT0fFjg,https://i.ytimg.com/vi/rCmyVT0fFjg/maxresdefault.jpg,Hòa MinZy/Khác Biệt To Lớn (From Talkshow Chuyện Chúng Ta)/Khác Biệt To Lớn (From Talkshow Chuyện Chúng Ta).mp3
Xin Lỗi (feat. Bùi Công Nam),Hòa MinZy,"Forest Studio, Hòa Minzy, Bùi Công Nam","Xuân Hạ Thu Đông, rồi lại Xuân (Tập 5,6)",vpop-indie-chill,https://music.youtube.com/watch?v=_Rb5CZLgzPg,https://i.ytimg.com/vi/_Rb5CZLgzPg/maxresdefault.jpg,"Hòa MinZy/Xuân Hạ Thu Đông, rồi lại Xuân (Tập 5,6)/Xin Lỗi (feat. Bùi Công Nam).mp3"
Hà Nội 12 Mùa Hoa,Hòa MinZy,"Forest Studio, Anh Tú, Hòa Minzy","Xuân Hạ Thu Đông, rồi lại Xuân (Tập 9)",vpop-indie-chill,https://music.youtube.com/watch?v=yi6BZqzrYpg,https://i.ytimg.com/vi/yi6BZqzrYpg/maxresdefault.jpg,"Hòa MinZy/Xuân Hạ Thu Đông, rồi lại Xuân (Tập 9)/Hà Nội 12 Mùa Hoa.mp3"
Ăn Gì Đây (Version 2),Hòa MinZy,"Hoa Minzy, Mr. T, Khắc Hưng",Ăn Gì Đây,vpop-indie-chill,https://music.youtube.com/watch?v=2yhSbuwrzbw,https://i.ytimg.com/vi/2yhSbuwrzbw/maxresdefault.jpg,Hòa MinZy/Ăn Gì Đây/Ăn Gì Đây (Version 2).mp3
"Cánh Hoa Tàn (Theme Song From ""Mẹ Chồng"")",Hòa MinZy,"Forest Studio, Hòa Minzy","Xuân Hạ Thu Đông, rồi lại Xuân (Tập 8)",vpop-indie-chill,https://music.youtube.com/watch?v=SGi6evAFaTo,https://i.ytimg.com/vi/SGi6evAFaTo/maxresdefault.jpg,"Hòa MinZy/Xuân Hạ Thu Đông, rồi lại Xuân (Tập 8)/Cánh Hoa Tàn (Theme Song From Mẹ Chồng).mp3"
Rời Bỏ (feat. Anh Tú),Hòa MinZy,"Forest Studio, Hòa Minzy, Anh Tú","Xuân Hạ Thu Đông, rồi lại Xuân (Tập 5,6)",vpop-indie-chill,https://music.youtube.com/watch?v=40YCsPwRxz8,https://i.ytimg.com/vi/40YCsPwRxz8/maxresdefault.jpg,"Hòa MinZy/Xuân Hạ Thu Đông, rồi lại Xuân (Tập 5,6)/Rời Bỏ (feat. Anh Tú).mp3"
Thị Mầu (HHD Remix),Hòa MinZy,"Hòa Minzy, Masew, HHD, Nguyễn Hoàng Phong",Thị Mầu,vpop-indie-chill,https://music.youtube.com/watch?v=PWOkrWzN_FY,https://i.ytimg.com/vi/PWOkrWzN_FY/maxresdefault.jpg,Hòa MinZy/Thị Mầu/Thị Mầu (HHD Remix).mp3
"Người Ấy (From ""Talkshow Chuyện Chúng Ta"")",Hòa MinZy,"Trịnh Thăng Bình, Hòa Minzy","Người Ấy (From ""Talkshow Chuyện Chúng Ta"")",vpop-indie-chill,https://music.youtube.com/watch?v=c1ymSSB937o,https://i.ytimg.com/vi/c1ymSSB937o/maxresdefault.jpg,Hòa MinZy/Người Ấy (From Talkshow Chuyện Chúng Ta)/Người Ấy (From Talkshow Chuyện Chúng Ta).mp3
Ngày Mai Nắng Lên Anh Sẽ Về (feat. Hoà Minzy),Hòa MinZy,"Forest Studio, Anh Tú, Hòa Minzy, Hoà Minzy","Xuân Hạ Thu Đông, rồi lại Xuân (Tập 1,2)",vpop-indie-chill,https://music.youtube.com/watch?v=NNqVW8oYfEc,https://i.ytimg.com/vi/NNqVW8oYfEc/maxresdefault.jpg,"Hòa MinZy/Xuân Hạ Thu Đông, rồi lại Xuân (Tập 1,2)/Ngày Mai Nắng Lên Anh Sẽ Về (feat. Hoà Minzy).mp3"
Kén Cá Chọn Canh (Cukak Remix),Hòa MinZy,Hoà Minzy,Kén Cá Chọn Canh (Cukak Remix),vpop-indie-chill,https://music.youtube.com/watch?v=L7_6BYBHpzs,https://i.ytimg.com/vi/L7_6BYBHpzs/maxresdefault.jpg,Hòa MinZy/Kén Cá Chọn Canh (Cukak Remix)/Kén Cá Chọn Canh (Cukak Remix).mp3
Lấm Lem Êm Ấm (Mai! Má Về!),Hòa MinZy,"Hòa Minzy, Hứa Kim Tuyền",Lấm Lem Êm Ấm (Mai! Má Về!),vpop-indie-chill,https://music.youtube.com/watch?v=RepKiERj2es,https://i.ytimg.com/vi/RepKiERj2es/maxresdefault.jpg,Hòa MinZy/Lấm Lem Êm Ấm (Mai! Má Về!)/Lấm Lem Êm Ấm (Mai! Má Về!).mp3
"Yêu Làm Chi (feat. Hoà Minzy, Ali Hoàng Dương & Anh Tú)",Hòa MinZy,"Forest Studio, Phạm Quỳnh Anh, Hoà Minzy, Ali Hoàng Dương, Anh Tú","Xuân Hạ Thu Đông, rồi lại Xuân (Tập 3,4)",vpop-indie-chill,https://music.youtube.com/watch?v=PUvl8HaC4E8,https://i.ytimg.com/vi/PUvl8HaC4E8/maxresdefault.jpg,"Hòa MinZy/Xuân Hạ Thu Đông, rồi lại Xuân (Tập 3,4)/Yêu Làm Chi (feat. Hoà Minzy, Ali Hoàng Dương & Anh Tú).mp3"
Bật Tình Yêu Lên (Remix),Hòa MinZy,"Tăng Duy Tân, Hòa Minzy",Bật Tình Yêu Lên (Remix),vpop-indie-chill,https://music.youtube.com/watch?v=CW_k4cNLW0g,https://i.ytimg.com/vi/CW_k4cNLW0g/maxresdefault.jpg,Hòa MinZy/Bật Tình Yêu Lên (Remix)/Bật Tình Yêu Lên (Remix).mp3
Ước Gì (feat. Hoà Minzy & Hứa Kim Tuyền),Hòa MinZy,"Forest Studio, Phạm Quỳnh Anh, Hoà Minzy, Hứa Kim Tuyền","Xuân Hạ Thu Đông, rồi lại Xuân (Tập 3,4)",vpop-indie-chill,https://music.youtube.com/watch?v=q_Q6iSGJ_oE,https://i.ytimg.com/vi/q_Q6iSGJ_oE/maxresdefault.jpg,"Hòa MinZy/Xuân Hạ Thu Đông, rồi lại Xuân (Tập 3,4)/Ước Gì (feat. Hoà Minzy & Hứa Kim Tuyền).mp3"
Vào Hạ,Hòa MinZy,"Forest Studio, Anh Tú, Hứa Kim Tuyền, Hòa Minzy, Hoà Minzy","Xuân Hạ Thu Đông, rồi lại Xuân (Tập 1,2)",vpop-indie-chill,https://music.youtube.com/watch?v=nNw0ATF2gQ0,https://i.ytimg.com/vi/nNw0ATF2gQ0/maxresdefault.jpg,"Hòa MinZy/Xuân Hạ Thu Đông, rồi lại Xuân (Tập 1,2)/Vào Hạ.mp3"
Nếu Mai Này Xa Nhau,Hòa MinZy,"Hòa Minzy, Nguyễn Minh Cường",Nếu Mai Này Xa Nhau,vpop-indie-chill,https://music.youtube.com/watch?v=PX94nr0z0M8,https://i.ytimg.com/vi/PX94nr0z0M8/maxresdefault.jpg,Hòa MinZy/Nếu Mai Này Xa Nhau/Nếu Mai Này Xa Nhau.mp3
Người Đến Sau Thay Em,Hòa MinZy,Hòa Minzy,Người Đến Sau Thay Em,vpop-indie-chill,https://music.youtube.com/watch?v=RgBnBB1nF2k,https://i.ytimg.com/vi/RgBnBB1nF2k/maxresdefault.jpg,Hòa MinZy/Người Đến Sau Thay Em/Người Đến Sau Thay Em.mp3
Người Hãy Quên Em Đi (feat. Hoà Minzy),Hòa MinZy,"Forest Studio, Phạm Quỳnh Anh, Hoà Minzy","Xuân Hạ Thu Đông, rồi lại Xuân (Tập 3,4)",vpop-indie-chill,https://music.youtube.com/watch?v=Dff-aw67-4o,https://i.ytimg.com/vi/Dff-aw67-4o/maxresdefault.jpg,"Hòa MinZy/Xuân Hạ Thu Đông, rồi lại Xuân (Tập 3,4)/Người Hãy Quên Em Đi (feat. Hoà Minzy).mp3"
Thư Chưa Gửi Anh,Hòa MinZy,"Hoa Minzy, Nguyễn Hải Phong",Thư Chưa Gửi Anh,vpop-indie-chill,https://music.youtube.com/watch?v=BdQGy--TIyY,https://i.ytimg.com/vi/BdQGy--TIyY/maxresdefault.jpg,Hòa MinZy/Thư Chưa Gửi Anh/Thư Chưa Gửi Anh.mp3
Thế Là Tết,Hòa MinZy,"Đức Phúc, Hòa Minzy",Thế Là Tết,vpop-indie-chill,https://music.youtube.com/watch?v=dF6cUnhRT9I,https://i.ytimg.com/vi/dF6cUnhRT9I/maxresdefault.jpg,Hòa MinZy/Thế Là Tết/Thế Là Tết.mp3
Tết Xa Hoá Gần,Hòa MinZy,Hoà Minzy,Tết Xa Hoá Gần,vpop-indie-chill,https://music.youtube.com/watch?v=ElJDSW-BfJc,https://i.ytimg.com/vi/ElJDSW-BfJc/maxresdefault.jpg,Hòa MinZy/Tết Xa Hoá Gần/Tết Xa Hoá Gần.mp3
"Có Xứng Đáng Hay Không (From ""Talkshow Chuyện Chúng Ta"")",Hòa MinZy,"Trịnh Thăng Bình, Hòa Minzy","Có Xứng Đáng Hay Không (From ""Talkshow Chuyện Chúng Ta"")",vpop-indie-chill,https://music.youtube.com/watch?v=x7Py15OmLGY,https://i.ytimg.com/vi/x7Py15OmLGY/maxresdefault.jpg,Hòa MinZy/Có Xứng Đáng Hay Không (From Talkshow Chuyện Chúng Ta)/Có Xứng Đáng Hay Không (From Talkshow Chuyện Chúng Ta).mp3
Liên Khúc: Câu Chuyện Đầu Năm - Cánh Thiệp Đầu Xuân,Hòa MinZy,"Hòa Minzy, ERIK, Đức Phúc",Gala Nhạc Việt 11: Về Nhà Đón Tết,vpop-indie-chill,https://music.youtube.com/watch?v=4MEkwDQitMI,https://i.ytimg.com/vi/4MEkwDQitMI/maxresdefault.jpg,Hòa MinZy/Gala Nhạc Việt 11_ Về Nhà Đón Tết/Liên Khúc_ Câu Chuyện Đầu Năm - Cánh Thiệp Đầu Xuân.mp3
Từng Ngày Yêu Em,buitruonglinh,buitruonglinh,Từng Ngày Như Mãi Mãi,vpop-indie-chill,https://music.youtube.com/watch?v=DvcTXe4JksI,https://i.ytimg.com/vi/DvcTXe4JksI/maxresdefault.jpg,buitruonglinh/Từng Ngày Như Mãi Mãi/Từng Ngày Yêu Em.mp3
Giờ Thì,buitruonglinh,buitruonglinh,Từng Ngày Như Mãi Mãi,vpop-indie-chill,https://music.youtube.com/watch?v=-LeSx8ZGMfU,https://i.ytimg.com/vi/-LeSx8ZGMfU/maxresdefault.jpg,buitruonglinh/Từng Ngày Như Mãi Mãi/Giờ Thì.mp3
Sớm Như Vậy,buitruonglinh,buitruonglinh,Sớm Như Vậy,vpop-indie-chill,https://music.youtube.com/watch?v=X0VZ-SBnMGg,https://i.ytimg.com/vi/X0VZ-SBnMGg/maxresdefault.jpg,buitruonglinh/Sớm Như Vậy/Sớm Như Vậy.mp3
Đường Tôi Chở Em Về,buitruonglinh,buitruonglinh,Đường Tôi Chở Em Về,vpop-indie-chill,https://music.youtube.com/watch?v=MEFlPeZP2kc,https://i.ytimg.com/vi/MEFlPeZP2kc/maxresdefault.jpg,buitruonglinh/Đường Tôi Chở Em Về/Đường Tôi Chở Em Về.mp3
Yêu Người Có Ước Mơ,buitruonglinh,"buitruonglinh, Bùi Trường Linh",Vọng,vpop-indie-chill,https://music.youtube.com/watch?v=3XsNbk0mS7M,https://i.ytimg.com/vi/3XsNbk0mS7M/maxresdefault.jpg,buitruonglinh/Vọng/Yêu Người Có Ước Mơ.mp3
Thịnh Vượng Việt Nam Sáng Ngời,buitruonglinh,buitruonglinh,Vọng,vpop-indie-chill,https://music.youtube.com/watch?v=LhOWyn2P4t0,https://i.ytimg.com/vi/LhOWyn2P4t0/hqdefault.jpg,buitruonglinh/Vọng/Thịnh Vượng Việt Nam Sáng Ngời.mp3
Em Không Khóc (feat. Vũ Phụng Tiên),buitruonglinh,"buitruonglinh, Vũ Phụng Tiên",Em Không Khóc (feat. Vũ Phụng Tiên),vpop-indie-chill,https://music.youtube.com/watch?v=o-RgD-DRh3M,https://i.ytimg.com/vi/o-RgD-DRh3M/maxresdefault.jpg,buitruonglinh/Em Không Khóc (feat. Vũ Phụng Tiên)/Em Không Khóc (feat. Vũ Phụng Tiên).mp3
Dù Cho Mai Về Sau (Acoustic Version),buitruonglinh,buitruonglinh,Dù Cho Mai Về Sau,vpop-indie-chill,https://music.youtube.com/watch?v=T3GHC43K5ZI,https://i.ytimg.com/vi/T3GHC43K5ZI/maxresdefault.jpg,buitruonglinh/Dù Cho Mai Về Sau/Dù Cho Mai Về Sau (Acoustic Version).mp3
Vì Điều Gì,buitruonglinh,"buitruonglinh, Minsicko, Dangrangto, Trần Hải Đăng",Từng Ngày Như Mãi Mãi,vpop-indie-chill,https://music.youtube.com/watch?v=IS96vMcInCg,https://i.ytimg.com/vi/IS96vMcInCg/maxresdefault.jpg,buitruonglinh/Từng Ngày Như Mãi Mãi/Vì Điều Gì.mp3
Từng Ngày Như Mãi Mãi,buitruonglinh,buitruonglinh,Từng Ngày Như Mãi Mãi,vpop-indie-chill,https://music.youtube.com/watch?v=C-Lwcfek6a8,https://i.ytimg.com/vi/C-Lwcfek6a8/maxresdefault.jpg,buitruonglinh/Từng Ngày Như Mãi Mãi/Từng Ngày Như Mãi Mãi.mp3
bài hát này dành riêng cho mình em,buitruonglinh,"CONGB, buitruonglinh",bài hát này dành riêng cho mình em,vpop-indie-chill,https://music.youtube.com/watch?v=-3gaF-QGrEA,https://i.ytimg.com/vi/-3gaF-QGrEA/maxresdefault.jpg,buitruonglinh/bài hát này dành riêng cho mình em/bài hát này dành riêng cho mình em.mp3
Anh Chưa Từng Hết Yêu,buitruonglinh,buitruonglinh,Từng Ngày Như Mãi Mãi,vpop-indie-chill,https://music.youtube.com/watch?v=Si1X9nUZ1is,https://i.ytimg.com/vi/Si1X9nUZ1is/maxresdefault.jpg,buitruonglinh/Từng Ngày Như Mãi Mãi/Anh Chưa Từng Hết Yêu.mp3
Từng Ngày Yêu Em (Acoustic),buitruonglinh,buitruonglinh,Từng Ngày Như Mãi Mãi,vpop-indie-chill,https://music.youtube.com/watch?v=6QjKBZUNJe8,https://i.ytimg.com/vi/6QjKBZUNJe8/maxresdefault.jpg,buitruonglinh/Từng Ngày Như Mãi Mãi/Từng Ngày Yêu Em (Acoustic).mp3
Dù Cho Mai Về Sau,buitruonglinh,buitruonglinh,Dù Cho Mai Về Sau,vpop-indie-chill,https://music.youtube.com/watch?v=m1d6b6ejh9w,https://i.ytimg.com/vi/m1d6b6ejh9w/maxresdefault.jpg,buitruonglinh/Dù Cho Mai Về Sau/Dù Cho Mai Về Sau.mp3
Chỉ Là Không Có Nhau,buitruonglinh,buitruonglinh,Từng Ngày Như Mãi Mãi,vpop-indie-chill,https://music.youtube.com/watch?v=bBSdaAccbow,https://i.ytimg.com/vi/bBSdaAccbow/maxresdefault.jpg,buitruonglinh/Từng Ngày Như Mãi Mãi/Chỉ Là Không Có Nhau.mp3
Em Ơi Là Em,buitruonglinh,"buitruonglinh, Kiều Chi, BMZ",Từng Ngày Như Mãi Mãi,vpop-indie-chill,https://music.youtube.com/watch?v=7IWry4MXdfU,https://i.ytimg.com/vi/7IWry4MXdfU/maxresdefault.jpg,buitruonglinh/Từng Ngày Như Mãi Mãi/Em Ơi Là Em.mp3
Lựa Chọn Của Em,buitruonglinh,"buitruonglinh, Vũ Phụng Tiên, Đậu Tất Đạt, Bùi Trường Linh",Lựa Chọn Của Em,vpop-indie-chill,https://music.youtube.com/watch?v=pclOlZwA3JE,https://i.ytimg.com/vi/pclOlZwA3JE/maxresdefault.jpg,buitruonglinh/Lựa Chọn Của Em/Lựa Chọn Của Em.mp3
Nàng Công Chúa Nhỏ (Interlude),buitruonglinh,buitruonglinh,Từng Ngày Như Mãi Mãi,vpop-indie-chill,https://music.youtube.com/watch?v=1OPpa249kPs,https://i.ytimg.com/vi/1OPpa249kPs/maxresdefault.jpg,buitruonglinh/Từng Ngày Như Mãi Mãi/Nàng Công Chúa Nhỏ (Interlude).mp3
Intro (Mong Em Hạnh Phúc Suốt Cuộc Đời Này),buitruonglinh,buitruonglinh,Từng Ngày Như Mãi Mãi,vpop-indie-chill,https://music.youtube.com/watch?v=9ClODaYcvQY,https://i.ytimg.com/vi/9ClODaYcvQY/maxresdefault.jpg,buitruonglinh/Từng Ngày Như Mãi Mãi/Intro (Mong Em Hạnh Phúc Suốt Cuộc Đời Này).mp3
Fairy Tale (Đồng Thoại) (Chọn Gì? Chọn ĐI! Version),buitruonglinh,"Chọn gì? Chọn đi!, NAOMI, buitruonglinh",Fairy Tale (Đồng Thoại),vpop-indie-chill,https://music.youtube.com/watch?v=Y7h5QcUBbhY,https://i.ytimg.com/vi/Y7h5QcUBbhY/maxresdefault.jpg,buitruonglinh/Fairy Tale (Đồng Thoại)/Fairy Tale (Đồng Thoại) (Chọn Gì? Chọn ĐI! Version).mp3
Yêu Người Có Ước Mơ,buitruonglinh,Buitruonglinh,Bài Hát Hay Nhất - Big Song Big Deal (Tập 6),vpop-indie-chill,https://music.youtube.com/watch?v=vvRFq8ZjXFc,https://i.ytimg.com/vi/vvRFq8ZjXFc/maxresdefault.jpg,buitruonglinh/Bài Hát Hay Nhất - Big Song Big Deal (Tập 6)/Yêu Người Có Ước Mơ.mp3
Lời Yêu (feat. Minsicko),buitruonglinh,"buitruonglinh, Minsicko, Bùi Trường Linh",Vọng,vpop-indie-chill,https://music.youtube.com/watch?v=AxlUGDGiMF0,https://i.ytimg.com/vi/AxlUGDGiMF0/maxresdefault.jpg,buitruonglinh/Vọng/Lời Yêu (feat. Minsicko).mp3
Dù Em Từng Yêu,buitruonglinh,buitruonglinh,Từng Ngày Như Mãi Mãi,vpop-indie-chill,https://music.youtube.com/watch?v=JM_riFxiSdQ,https://i.ytimg.com/vi/JM_riFxiSdQ/maxresdefault.jpg,buitruonglinh/Từng Ngày Như Mãi Mãi/Dù Em Từng Yêu.mp3
VẤN VƯƠNG,buitruonglinh,buitruonglinh,VẤN VƯƠNG,vpop-indie-chill,https://music.youtube.com/watch?v=ko33s_tz6P8,https://i.ytimg.com/vi/ko33s_tz6P8/maxresdefault.jpg,buitruonglinh/VẤN VƯƠNG/VẤN VƯƠNG.mp3
How Have You Been? (Chọn Gì? Chọn ĐI! Version),buitruonglinh,"Chọn gì? Chọn đi!, buitruonglinh, Muộii",How Have You Been?,vpop-indie-chill,https://music.youtube.com/watch?v=6Ex9dJgp4JI,https://i.ytimg.com/vi/6Ex9dJgp4JI/maxresdefault.jpg,buitruonglinh/How Have You Been?/How Have You Been? (Chọn Gì? Chọn ĐI! Version).mp3
NẾU EM CÒN ĐỢI ANH,buitruonglinh,buitruonglinh,NẾU EM CÒN ĐỢI ANH,vpop-indie-chill,https://music.youtube.com/watch?v=Qy6P1W4zNmA,https://i.ytimg.com/vi/Qy6P1W4zNmA/maxresdefault.jpg,buitruonglinh/NẾU EM CÒN ĐỢI ANH/NẾU EM CÒN ĐỢI ANH.mp3
Đi Cùng Anh,buitruonglinh,"buitruonglinh, 52Hz, Trần Thị Phương Thảo, Đỗ Việt Tiến",Từng Ngày Như Mãi Mãi,vpop-indie-chill,https://music.youtube.com/watch?v=cItk1MtiBuQ,https://i.ytimg.com/vi/cItk1MtiBuQ/maxresdefault.jpg,buitruonglinh/Từng Ngày Như Mãi Mãi/Đi Cùng Anh.mp3
Myself Only,buitruonglinh,buitruonglinh,Myself Only,vpop-indie-chill,https://music.youtube.com/watch?v=Cvv0EMMauos,https://i.ytimg.com/vi/Cvv0EMMauos/maxresdefault.jpg,buitruonglinh/Myself Only/Myself Only.mp3
Tại Vì Em,buitruonglinh,"buitruonglinh, Bùi Trường Linh",Vọng,vpop-indie-chill,https://music.youtube.com/watch?v=Jes7x3NxHio,https://i.ytimg.com/vi/Jes7x3NxHio/maxresdefault.jpg,buitruonglinh/Vọng/Tại Vì Em.mp3
Lâu Không Cười,buitruonglinh,"Phạm Nguyên Ngọc, buitruonglinh, BMZ",Lâu Không Cười,vpop-indie-chill,https://music.youtube.com/watch?v=Qe4APRBSzBQ,https://i.ytimg.com/vi/Qe4APRBSzBQ/maxresdefault.jpg,buitruonglinh/Lâu Không Cười/Lâu Không Cười.mp3
Phép Màu (Hành Trình Thanh Âm Version),buitruonglinh,"buitruonglinh, Ngô Lan Hương, ZLAB, Nguyễn Quốc Hùng","HÀNH TRÌNH THANH ÂM, TẬP 3: HỎA",vpop-indie-chill,https://music.youtube.com/watch?v=pb5w3o21gak,https://i.ytimg.com/vi/pb5w3o21gak/maxresdefault.jpg,"buitruonglinh/HÀNH TRÌNH THANH ÂM, TẬP 3_ HỎA/Phép Màu (Hành Trình Thanh Âm Version).mp3"
Dại (feat. Tuyên),buitruonglinh,"Buitruonglinh, Tuyên",Dại (feat. Tuyên),vpop-indie-chill,https://music.youtube.com/watch?v=SCmFqMZ3XNM,https://i.ytimg.com/vi/SCmFqMZ3XNM/maxresdefault.jpg,buitruonglinh/Dại (feat. Tuyên)/Dại (feat. Tuyên).mp3
Vì Điều Gì (Answer),buitruonglinh,"buitruonglinh, Puppy, Nguyễn Bảo Ngọc",Từng Ngày Như Mãi Mãi,vpop-indie-chill,https://music.youtube.com/watch?v=bJawpjW65VI,https://i.ytimg.com/vi/bJawpjW65VI/maxresdefault.jpg,buitruonglinh/Từng Ngày Như Mãi Mãi/Vì Điều Gì (Answer).mp3
My Dear,buitruonglinh,buitruonglinh,My Dear,vpop-indie-chill,https://music.youtube.com/watch?v=ttHGON6nQT0,https://i.ytimg.com/vi/ttHGON6nQT0/maxresdefault.jpg,buitruonglinh/My Dear/My Dear.mp3
Từng Ngày Như Mãi Mãi (Remix),buitruonglinh,"buitruonglinh, Đậu Tất Đạt",Từng Ngày Như Mãi Mãi,vpop-indie-chill,https://music.youtube.com/watch?v=5C_DApP07xs,https://i.ytimg.com/vi/5C_DApP07xs/maxresdefault.jpg,buitruonglinh/Từng Ngày Như Mãi Mãi/Từng Ngày Như Mãi Mãi (Remix).mp3
Lời Tạm Biệt,buitruonglinh,"buitruonglinh, Bùi Trường Linh",Lời Tạm Biệt,vpop-indie-chill,https://music.youtube.com/watch?v=QaKfxSevBEo,https://i.ytimg.com/vi/QaKfxSevBEo/maxresdefault.jpg,buitruonglinh/Lời Tạm Biệt/Lời Tạm Biệt.mp3
Dù Cho Mai Về Sau (Chọn Gì? Chọn ĐI! Version),buitruonglinh,"Chọn gì? Chọn đi!, buitruonglinh",Dù Cho Mai Về Sau,vpop-indie-chill,https://music.youtube.com/watch?v=luA257a3Y2Y,https://i.ytimg.com/vi/luA257a3Y2Y/maxresdefault.jpg,buitruonglinh/Dù Cho Mai Về Sau/Dù Cho Mai Về Sau (Chọn Gì? Chọn ĐI! Version).mp3
Nằm Bên Anh,buitruonglinh,"ZLAB, Châu Bùi, buitruonglinh, Đinh Quang Minh",Nằm Bên Anh,vpop-indie-chill,https://music.youtube.com/watch?v=o0rrxbWzeDw,https://i.ytimg.com/vi/o0rrxbWzeDw/maxresdefault.jpg,buitruonglinh/Nằm Bên Anh/Nằm Bên Anh.mp3
Dù Cho Mai Về Sau (Acoustic Version) (Instrumental),buitruonglinh,buitruonglinh,Dù Cho Mai Về Sau,vpop-indie-chill,https://music.youtube.com/watch?v=olntWUKoDcg,https://i.ytimg.com/vi/olntWUKoDcg/maxresdefault.jpg,buitruonglinh/Dù Cho Mai Về Sau/Dù Cho Mai Về Sau (Acoustic Version) (Instrumental).mp3
Điều Làm Anh Vui,buitruonglinh,"buitruonglinh, Bùi Trường Linh",Vọng,vpop-indie-chill,https://music.youtube.com/watch?v=l-F97thzU0I,https://i.ytimg.com/vi/l-F97thzU0I/maxresdefault.jpg,buitruonglinh/Vọng/Điều Làm Anh Vui.mp3
Chân Đất (feat. Baby Sam & Vine),buitruonglinh,"buitruonglinh, Baby Sam, Vine, Bùi Trường Linh",Vọng,vpop-indie-chill,https://music.youtube.com/watch?v=hSafxwtxikw,https://i.ytimg.com/vi/hSafxwtxikw/maxresdefault.jpg,buitruonglinh/Vọng/Chân Đất (feat. Baby Sam & Vine).mp3
Thế Còn Anh Thì Sao,buitruonglinh,"buitruonglinh, Bùi Trường Linh",Vọng,vpop-indie-chill,https://music.youtube.com/watch?v=3Da3WuQW0O0,https://i.ytimg.com/vi/3Da3WuQW0O0/maxresdefault.jpg,buitruonglinh/Vọng/Thế Còn Anh Thì Sao.mp3
Yêu không cần cố,buitruonglinh,buitruonglinh,Vọng,vpop-indie-chill,https://music.youtube.com/watch?v=7laioOWvxWw,https://i.ytimg.com/vi/7laioOWvxWw/hqdefault.jpg,buitruonglinh/Vọng/Yêu không cần cố.mp3
Anh Đứng Đây Từ Giờ Tới Mai,buitruonglinh,buitruonglinh,Anh Đứng Đây Từ Giờ Tới Mai,vpop-indie-chill,https://music.youtube.com/watch?v=H1rycSkxV-0,https://i.ytimg.com/vi/H1rycSkxV-0/maxresdefault.jpg,buitruonglinh/Anh Đứng Đây Từ Giờ Tới Mai/Anh Đứng Đây Từ Giờ Tới Mai.mp3
Tại Vì Em (Music Box),buitruonglinh,"buitruonglinh, Bùi Trường Linh",Vọng,vpop-indie-chill,https://music.youtube.com/watch?v=_87KFlVnBMU,https://i.ytimg.com/vi/_87KFlVnBMU/maxresdefault.jpg,buitruonglinh/Vọng/Tại Vì Em (Music Box).mp3
Từng Ngày Yêu Em (Hành Trình Thanh Âm Version),buitruonglinh,"buitruonglinh, ZLAB, Đậu Tất Đạt","HÀNH TRÌNH THANH ÂM, TẬP 3: HỎA",vpop-indie-chill,https://music.youtube.com/watch?v=Z4-H5GGBN-E,https://i.ytimg.com/vi/Z4-H5GGBN-E/maxresdefault.jpg,"buitruonglinh/HÀNH TRÌNH THANH ÂM, TẬP 3_ HỎA/Từng Ngày Yêu Em (Hành Trình Thanh Âm Version).mp3"
Dù Cho Mai Về Sau (Instrumental),buitruonglinh,buitruonglinh,Dù Cho Mai Về Sau,vpop-indie-chill,https://music.youtube.com/watch?v=mP4bczOazWQ,https://i.ytimg.com/vi/mP4bczOazWQ/maxresdefault.jpg,buitruonglinh/Dù Cho Mai Về Sau/Dù Cho Mai Về Sau (Instrumental).mp3
Một Mình Ta (HITStory Live Version),buitruonglinh,"buitruonglinh, HITStory",buitruonglinh (HITStory Live Session),vpop-indie-chill,https://music.youtube.com/watch?v=gJBfz-qMMXQ,https://i.ytimg.com/vi/gJBfz-qMMXQ/maxresdefault.jpg,buitruonglinh/buitruonglinh (HITStory Live Session)/Một Mình Ta (HITStory Live Version).mp3
Đường Tôi Chở Em Về (HITStory Live Version),buitruonglinh,"buitruonglinh, HITStory",buitruonglinh (HITStory Live Session),vpop-indie-chill,https://music.youtube.com/watch?v=elVzvZgAj7E,https://i.ytimg.com/vi/elVzvZgAj7E/maxresdefault.jpg,buitruonglinh/buitruonglinh (HITStory Live Session)/Đường Tôi Chở Em Về (HITStory Live Version).mp3
Yêu Người Có Ước Mơ - Lofi (HITStory Live Version),buitruonglinh,"buitruonglinh, HITStory",buitruonglinh (HITStory Live Session),vpop-indie-chill,https://music.youtube.com/watch?v=MgI-pMQdZv4,https://i.ytimg.com/vi/MgI-pMQdZv4/maxresdefault.jpg,buitruonglinh/buitruonglinh (HITStory Live Session)/Yêu Người Có Ước Mơ - Lofi (HITStory Live Version).mp3
Bậu Ơi Đừng Khóc,Phi Nhung,Phi Nhung,Bậu Ơi Đừng Khóc,vpop-bolero-folk,https://music.youtube.com/watch?v=K4iMyVy6qPI,https://i.ytimg.com/vi/K4iMyVy6qPI/maxresdefault.jpg,Phi Nhung/Bậu Ơi Đừng Khóc/Bậu Ơi Đừng Khóc.mp3
Phải Lòng Con Gái Bến Tre,Phi Nhung,Phi Nhung,Tân cổ Đoạn Cuối Tình Yêu,vpop-bolero-folk,https://music.youtube.com/watch?v=9UAWjh9vtW0,https://i.ytimg.com/vi/9UAWjh9vtW0/maxresdefault.jpg,Phi Nhung/Tân cổ Đoạn Cuối Tình Yêu/Phải Lòng Con Gái Bến Tre.mp3
Con Cò Trắng,Phi Nhung,Phi Nhung,Mười Khó Hết Khó,vpop-bolero-folk,https://music.youtube.com/watch?v=DGwVUkomRWo,https://i.ytimg.com/vi/DGwVUkomRWo/maxresdefault.jpg,Phi Nhung/Mười Khó Hết Khó/Con Cò Trắng.mp3
Sông Quê,Phi Nhung,"Quang Lê, Phi Nhung",Hát Trên Quê Hương 3,vpop-bolero-folk,https://music.youtube.com/watch?v=NhXq_y-2uQo,https://i.ytimg.com/vi/NhXq_y-2uQo/maxresdefault.jpg,Phi Nhung/Hát Trên Quê Hương 3/Sông Quê.mp3
Đêm Gành Hào Nhớ Điệu Hoài Lang,Phi Nhung,Phi Nhung,Đời Còn Cô Đơn,vpop-bolero-folk,https://music.youtube.com/watch?v=iNtK5irOocU,https://i.ytimg.com/vi/iNtK5irOocU/maxresdefault.jpg,Phi Nhung/Đời Còn Cô Đơn/Đêm Gành Hào Nhớ Điệu Hoài Lang.mp3
LK Căn Nhà Màu Tím & Bài Ca Của Nàng,Phi Nhung,"Mạnh Quỳnh, Phi Nhung",Bài Ca Kỷ Niệm,vpop-bolero-folk,https://music.youtube.com/watch?v=Dg_u7JCP8Qs,https://i.ytimg.com/vi/Dg_u7JCP8Qs/maxresdefault.jpg,Phi Nhung/Bài Ca Kỷ Niệm/LK Căn Nhà Màu Tím & Bài Ca Của Nàng.mp3
Tân Cổ Nếu Chúng Mình Cách Trở,Phi Nhung,"Phi Nhung, Mạnh Quỳnh",Áo Em Chưa Mặc Một Lần & Vòng Nhẫn Cưới,vpop-bolero-folk,https://music.youtube.com/watch?v=lW1VwnQvHQo,https://i.ytimg.com/vi/lW1VwnQvHQo/maxresdefault.jpg,Phi Nhung/Áo Em Chưa Mặc Một Lần & Vòng Nhẫn Cưới/Tân Cổ Nếu Chúng Mình Cách Trở.mp3
Sông Quê,Phi Nhung,"Phi Nhung, Thái Châu",Hollywood Night 15,vpop-bolero-folk,https://music.youtube.com/watch?v=XsYdv6dSCOM,https://i.ytimg.com/vi/XsYdv6dSCOM/maxresdefault.jpg,Phi Nhung/Hollywood Night 15/Sông Quê.mp3
LK Lại Nhớ Người Yêu & Ước Mộng Đôi Ta,Phi Nhung,"Phi Nhung, Mạnh Quỳnh",Chiều Mưa Biên Giới,vpop-bolero-folk,https://music.youtube.com/watch?v=EgwIJvr2qtk,https://i.ytimg.com/vi/EgwIJvr2qtk/maxresdefault.jpg,Phi Nhung/Chiều Mưa Biên Giới/LK Lại Nhớ Người Yêu & Ước Mộng Đôi Ta.mp3
Tân Cổ Căn Nhà Màu Tím,Phi Nhung,"Phi Nhung, Mạnh Quỳnh",Căn Nhà Màu Tím,vpop-bolero-folk,https://music.youtube.com/watch?v=XyvzcW1Wpc0,https://i.ytimg.com/vi/XyvzcW1Wpc0/maxresdefault.jpg,Phi Nhung/Căn Nhà Màu Tím/Tân Cổ Căn Nhà Màu Tím.mp3
Bạc Trắng Lửa Hồng,Phi Nhung,"Đan Nguyên, Phi Nhung",Chuyện Tình Lan và Điệp 4,vpop-bolero-folk,https://music.youtube.com/watch?v=qxPlRyhDABI,https://i.ytimg.com/vi/qxPlRyhDABI/maxresdefault.jpg,Phi Nhung/Chuyện Tình Lan và Điệp 4/Bạc Trắng Lửa Hồng.mp3
Chiều Qua Phà Hậu Giang,Phi Nhung,Phi Nhung,Chiều Qua Phà Hậu Giang,vpop-bolero-folk,https://music.youtube.com/watch?v=j0YDIcGoSjI,https://i.ytimg.com/vi/j0YDIcGoSjI/maxresdefault.jpg,Phi Nhung/Chiều Qua Phà Hậu Giang/Chiều Qua Phà Hậu Giang.mp3
Phận Gái Thuyền Quyên (Tân Cổ),Phi Nhung,"Phi Nhung, Mnah Quynh",Thất Tình,vpop-bolero-folk,https://music.youtube.com/watch?v=kqdsBTlNiBU,https://i.ytimg.com/vi/kqdsBTlNiBU/maxresdefault.jpg,Phi Nhung/Thất Tình/Phận Gái Thuyền Quyên (Tân Cổ).mp3
Tân Cổ: Lý Chim Quyên,Phi Nhung,"Phi Nhung, Mạnh Quỳnh",Tân Cổ Giao Duyên,vpop-bolero-folk,https://music.youtube.com/watch?v=Jc6N2DRYg6A,https://i.ytimg.com/vi/Jc6N2DRYg6A/maxresdefault.jpg,Phi Nhung/Tân Cổ Giao Duyên/Tân Cổ_ Lý Chim Quyên.mp3
Hờn Anh Giận Em (tân cổ),Phi Nhung,"Phi Nhung, Mạnh Quỳnh",Tân Cổ Giao Duyên 3,vpop-bolero-folk,https://music.youtube.com/watch?v=pDp0JL_aI0U,https://i.ytimg.com/vi/pDp0JL_aI0U/maxresdefault.jpg,Phi Nhung/Tân Cổ Giao Duyên 3/Hờn Anh Giận Em (tân cổ).mp3
Tân Cổ Con Gái Của Mẹ,Phi Nhung,"Phi Nhung, Phương Liên",Cánh Hoa Rừng,vpop-bolero-folk,https://music.youtube.com/watch?v=x_ErpCWveG8,https://i.ytimg.com/vi/x_ErpCWveG8/maxresdefault.jpg,Phi Nhung/Cánh Hoa Rừng/Tân Cổ Con Gái Của Mẹ.mp3
Dù Anh Nghèo,Phi Nhung,"Phi Nhung, Mạnh Quỳnh",Căn Nhà Màu Tím,vpop-bolero-folk,https://music.youtube.com/watch?v=zj1F7NyFFvo,https://i.ytimg.com/vi/zj1F7NyFFvo/maxresdefault.jpg,Phi Nhung/Căn Nhà Màu Tím/Dù Anh Nghèo.mp3
Vọng Kim Lang,Phi Nhung,Phi Nhung,Chị Đi Tìm Em,vpop-bolero-folk,https://music.youtube.com/watch?v=tpQS0Aq3SQc,https://i.ytimg.com/vi/tpQS0Aq3SQc/maxresdefault.jpg,Phi Nhung/Chị Đi Tìm Em/Vọng Kim Lang.mp3
LK Nhẫn Cưới,Phi Nhung,"Như Quỳnh, Phi Nhung, Mạnh Quỳnh",Liên Khúc Nhẫn Cưới Chồng Xa,vpop-bolero-folk,https://music.youtube.com/watch?v=rlMobwPMIcY,https://i.ytimg.com/vi/rlMobwPMIcY/maxresdefault.jpg,Phi Nhung/Liên Khúc Nhẫn Cưới Chồng Xa/LK Nhẫn Cưới.mp3
Đoạn Cuối Tình Yêu (Tân Cổ),Phi Nhung,"Phi Nhung, Mạnh Quỳnh",Tân cổ Đoạn Cuối Tình Yêu,vpop-bolero-folk,https://music.youtube.com/watch?v=wQU0TdZtZRc,https://i.ytimg.com/vi/wQU0TdZtZRc/maxresdefault.jpg,Phi Nhung/Tân cổ Đoạn Cuối Tình Yêu/Đoạn Cuối Tình Yêu (Tân Cổ).mp3
"Tân Cổ ""Ngày Tiễn Đưa""",Phi Nhung,"Mạnh Quỳnh, Phi Nhung",Nhịp Cầu Tri Âm,vpop-bolero-folk,https://music.youtube.com/watch?v=7qR-T3wM9u4,https://i.ytimg.com/vi/7qR-T3wM9u4/maxresdefault.jpg,Phi Nhung/Nhịp Cầu Tri Âm/Tân Cổ Ngày Tiễn Đưa.mp3
Tân cổ: Thành Phố Buồn,Phi Nhung,"Phi Nhung, Mạnh Quỳnh",Giấc Mơ Cánh Cò,vpop-bolero-folk,https://music.youtube.com/watch?v=TUxNox36yG4,https://i.ytimg.com/vi/TUxNox36yG4/maxresdefault.jpg,Phi Nhung/Giấc Mơ Cánh Cò/Tân cổ_ Thành Phố Buồn.mp3
Lấy Chồng Xứ Lạ,Phi Nhung,"Phi Nhung, Kim Tử Long",Lấy Chồng Xứ Lạ,vpop-bolero-folk,https://music.youtube.com/watch?v=qaUYb2r_drw,https://i.ytimg.com/vi/qaUYb2r_drw/maxresdefault.jpg,Phi Nhung/Lấy Chồng Xứ Lạ/Lấy Chồng Xứ Lạ.mp3
Tiếng Vạc Sành,Phi Nhung,"Phi Nhung, Phương Mỹ Chi",Hát Trên Quê Hương 3,vpop-bolero-folk,https://music.youtube.com/watch?v=-r_8CjdjcSM,https://i.ytimg.com/vi/-r_8CjdjcSM/maxresdefault.jpg,Phi Nhung/Hát Trên Quê Hương 3/Tiếng Vạc Sành.mp3
Liên Khúc: Vì Trong Nghịch Cảnh – Trách Ai Vô Tình,Phi Nhung,"Nguyên Vũ, Phi Nhung, Hoài Nam - Nhật Ngân",Những Giấc Mơ Đôi,vpop-bolero-folk,https://music.youtube.com/watch?v=9CvhpKofE_A,https://i.ytimg.com/vi/9CvhpKofE_A/maxresdefault.jpg,Phi Nhung/Những Giấc Mơ Đôi/Liên Khúc_ Vì Trong Nghịch Cảnh – Trách Ai Vô Tình.mp3
Tân Cổ: Ngày Buồn,Phi Nhung,"Phi Nhung, Mạnh Quỳnh",Nếu Chúng Mình Cách Trở,vpop-bolero-folk,https://music.youtube.com/watch?v=ECEua4flYH4,https://i.ytimg.com/vi/ECEua4flYH4/maxresdefault.jpg,Phi Nhung/Nếu Chúng Mình Cách Trở/Tân Cổ_ Ngày Buồn.mp3
Hoàng hôn màu tím,Phi Nhung,Phi Nhung,Lưu vong khúc của người Việt Nam,vpop-bolero-folk,https://music.youtube.com/watch?v=KzNIvZ2z6z0,https://i.ytimg.com/vi/KzNIvZ2z6z0/maxresdefault.jpg,Phi Nhung/Lưu vong khúc của người Việt Nam/Hoàng hôn màu tím.mp3
Bông Điên Điển,Phi Nhung,Phi Nhung,Quê Hương Tình Yêu và Tuổi Trẻ 1,vpop-bolero-folk,https://music.youtube.com/watch?v=BU-2Un2hXEg,https://i.ytimg.com/vi/BU-2Un2hXEg/maxresdefault.jpg,Phi Nhung/Quê Hương Tình Yêu và Tuổi Trẻ 1/Bông Điên Điển.mp3
Ướt Lem Chữ Đời,Phi Nhung,Phi Nhung,Chiều Mưa Biên Giới,vpop-bolero-folk,https://music.youtube.com/watch?v=vfwEwH8HHvo,https://i.ytimg.com/vi/vfwEwH8HHvo/maxresdefault.jpg,Phi Nhung/Chiều Mưa Biên Giới/Ướt Lem Chữ Đời.mp3
Chiều Lên Bản Thượng,Phi Nhung,Phi Nhung,Huế Buồn - Tình Khúc Lê Dinh,vpop-bolero-folk,https://music.youtube.com/watch?v=vPX-W3JScjY,https://i.ytimg.com/vi/vPX-W3JScjY/maxresdefault.jpg,Phi Nhung/Huế Buồn - Tình Khúc Lê Dinh/Chiều Lên Bản Thượng.mp3
Tân Cổ Đêm Cuối,Phi Nhung,"Phi Nhung, Mạnh Quỳnh",Cánh Hoa Rừng,vpop-bolero-folk,https://music.youtube.com/watch?v=CaS7f58s_Vs,https://i.ytimg.com/vi/CaS7f58s_Vs/maxresdefault.jpg,Phi Nhung/Cánh Hoa Rừng/Tân Cổ Đêm Cuối.mp3
Nỗi Buồn Hoa Phượng,Phi Nhung,"Phi Nhung, Thanh Sơn, Lê Dinh",Tàu Về Quê Hương,vpop-bolero-folk,https://music.youtube.com/watch?v=Wb7GDyQNVtk,https://i.ytimg.com/vi/Wb7GDyQNVtk/maxresdefault.jpg,Phi Nhung/Tàu Về Quê Hương/Nỗi Buồn Hoa Phượng.mp3
Lý Con Sáo Bạc Liêu,Phi Nhung,"Mạnh Quỳnh, Phi Nhung",Mẹ Về Thiên Thu,vpop-bolero-folk,https://music.youtube.com/watch?v=d27KiVQOins,https://i.ytimg.com/vi/d27KiVQOins/maxresdefault.jpg,Phi Nhung/Mẹ Về Thiên Thu/Lý Con Sáo Bạc Liêu.mp3
Luật Trời,Phi Nhung,Phi Nhung,Luật Trời,vpop-bolero-folk,https://music.youtube.com/watch?v=HnM0iipip_s,https://i.ytimg.com/vi/HnM0iipip_s/maxresdefault.jpg,Phi Nhung/Luật Trời/Luật Trời.mp3
Lý Con Sáo Bạc Liêu,Phi Nhung,Phi Nhung,"Chúng Ta Đi Mang Theo Quê Hương, Vol. 2",vpop-bolero-folk,https://music.youtube.com/watch?v=FJKt_3Et7Xc,https://i.ytimg.com/vi/FJKt_3Et7Xc/maxresdefault.jpg,"Phi Nhung/Chúng Ta Đi Mang Theo Quê Hương, Vol. 2/Lý Con Sáo Bạc Liêu.mp3"
Phận Mồ Côi,Phi Nhung,Phi Nhung,Màu Hoa Bí,vpop-bolero-folk,https://music.youtube.com/watch?v=cUXQ2CnMGeo,https://i.ytimg.com/vi/cUXQ2CnMGeo/maxresdefault.jpg,Phi Nhung/Màu Hoa Bí/Phận Mồ Côi.mp3
Chuyện Bà 8,Phi Nhung,"Phi Nhung, Vân Sơn",Hận Đồ Bàn,vpop-bolero-folk,https://music.youtube.com/watch?v=ZyPlH2cmlMY,https://i.ytimg.com/vi/ZyPlH2cmlMY/maxresdefault.jpg,Phi Nhung/Hận Đồ Bàn/Chuyện Bà 8.mp3
Trở Lại Bạc Liêu,Phi Nhung,Phi Nhung,Tân Cổ Giao Duyên,vpop-bolero-folk,https://music.youtube.com/watch?v=0Q1Vfj_ovfc,https://i.ytimg.com/vi/0Q1Vfj_ovfc/maxresdefault.jpg,Phi Nhung/Tân Cổ Giao Duyên/Trở Lại Bạc Liêu.mp3
Đất phương nam,Phi Nhung,Phi Nhung,Mưa Phi Trường,vpop-bolero-folk,https://music.youtube.com/watch?v=vKlmo1h0w7M,https://i.ytimg.com/vi/vKlmo1h0w7M/maxresdefault.jpg,Phi Nhung/Mưa Phi Trường/Đất phương nam.mp3
Kiếp cầm ca,Phi Nhung,"Phi Nhung, Hoài Linh",Nhạc phim Tình chỉ đẹp & Liveshow,vpop-bolero-folk,https://music.youtube.com/watch?v=fTxqpyKXw_4,https://i.ytimg.com/vi/fTxqpyKXw_4/maxresdefault.jpg,Phi Nhung/Nhạc phim Tình chỉ đẹp & Liveshow/Kiếp cầm ca.mp3
Nỗi Buồn Chim Sáo,Phi Nhung,Phi Nhung,Cánh Hoa Rừng,vpop-bolero-folk,https://music.youtube.com/watch?v=FhfDWi0VFxE,https://i.ytimg.com/vi/FhfDWi0VFxE/maxresdefault.jpg,Phi Nhung/Cánh Hoa Rừng/Nỗi Buồn Chim Sáo.mp3
Thất Tình Ca,Phi Nhung,"Phi Nhung, Mạnh Quỳnh",Cánh Diều Mưa,vpop-bolero-folk,https://music.youtube.com/watch?v=MyLaeb8_kYQ,https://i.ytimg.com/vi/MyLaeb8_kYQ/maxresdefault.jpg,Phi Nhung/Cánh Diều Mưa/Thất Tình Ca.mp3
Tình Mẹ Cửu Long,Phi Nhung,"Phi Nhung, Ho Van Cuong",Khóc Một Cuộc Tình,vpop-bolero-folk,https://music.youtube.com/watch?v=lDoTFVhqVnw,https://i.ytimg.com/vi/lDoTFVhqVnw/maxresdefault.jpg,Phi Nhung/Khóc Một Cuộc Tình/Tình Mẹ Cửu Long.mp3
Trách ai vô tình,Phi Nhung,Phi Nhung,Nhạc phim Tình chỉ đẹp & Liveshow,vpop-bolero-folk,https://music.youtube.com/watch?v=Di6TRsIcIZU,https://i.ytimg.com/vi/Di6TRsIcIZU/maxresdefault.jpg,Phi Nhung/Nhạc phim Tình chỉ đẹp & Liveshow/Trách ai vô tình.mp3
Hai Mươi Năm Tình Đẹp Mùa Chôm Chôm,Phi Nhung,Phi Nhung,Đếm Giọt Sầu Rơi,vpop-bolero-folk,https://music.youtube.com/watch?v=XbbVnDJj3mU,https://i.ytimg.com/vi/XbbVnDJj3mU/maxresdefault.jpg,Phi Nhung/Đếm Giọt Sầu Rơi/Hai Mươi Năm Tình Đẹp Mùa Chôm Chôm.mp3
Phải Duyên Hay Nợ,Phi Nhung,"Hoài Linh, Phi Nhung",Rạng Đông Tuyển Tập 75,vpop-bolero-folk,https://music.youtube.com/watch?v=fU4I-8dVS4s,https://i.ytimg.com/vi/fU4I-8dVS4s/maxresdefault.jpg,Phi Nhung/Rạng Đông Tuyển Tập 75/Phải Duyên Hay Nợ.mp3
Tân cổ: Điệu buồn Phương Nam,Phi Nhung,Phi Nhung,Tình nghèo,vpop-bolero-folk,https://music.youtube.com/watch?v=o0j9pWW2AGk,https://i.ytimg.com/vi/o0j9pWW2AGk/maxresdefault.jpg,Phi Nhung/Tình nghèo/Tân cổ_ Điệu buồn Phương Nam.mp3
Tình đẹp Hậu Giang,Phi Nhung,"Duy Trường, Phi Nhung",Tình đẹp Hậu Giang,vpop-bolero-folk,https://music.youtube.com/watch?v=ahBA91PPydM,https://i.ytimg.com/vi/ahBA91PPydM/maxresdefault.jpg,Phi Nhung/Tình đẹp Hậu Giang/Tình đẹp Hậu Giang.mp3
Lý Mồ Côi,Phi Nhung,Phi Nhung,Thế Giới Cười 3,vpop-bolero-folk,https://music.youtube.com/watch?v=E_2LCZi1puM,https://i.ytimg.com/vi/E_2LCZi1puM/maxresdefault.jpg,Phi Nhung/Thế Giới Cười 3/Lý Mồ Côi.mp3
Yêu Dấu Hà Tiên,Phi Nhung,Phi Nhung,Chuyến Đò Hậu Giang,vpop-bolero-folk,https://music.youtube.com/watch?v=k3Pi5g10hzI,https://i.ytimg.com/vi/k3Pi5g10hzI/maxresdefault.jpg,Phi Nhung/Chuyến Đò Hậu Giang/Yêu Dấu Hà Tiên.mp3
LK Sao Không Thấy Anh Về - Nén Hương Yêu,Như Quỳnh,"Như Quỳnh, Trường Vũ",Giấc Mơ Cánh Cò,vpop-bolero-folk,https://music.youtube.com/watch?v=hEdD7nkwqhI,https://i.ytimg.com/vi/hEdD7nkwqhI/maxresdefault.jpg,Như Quỳnh/Giấc Mơ Cánh Cò/LK Sao Không Thấy Anh Về - Nén Hương Yêu.mp3
Vùng Lá Me Bay,Như Quỳnh,Như Quỳnh,Lạ Giường,vpop-bolero-folk,https://music.youtube.com/watch?v=yY0tk_sfcV8,https://i.ytimg.com/vi/yY0tk_sfcV8/maxresdefault.jpg,Như Quỳnh/Lạ Giường/Vùng Lá Me Bay.mp3
Nối Lại Tình Xưa,Như Quỳnh,"Như Quỳnh, Mạnh Quỳnh",Nối Lại Tình Xưa,vpop-bolero-folk,https://music.youtube.com/watch?v=cil05Ed8jFY,https://i.ytimg.com/vi/cil05Ed8jFY/maxresdefault.jpg,Như Quỳnh/Nối Lại Tình Xưa/Nối Lại Tình Xưa.mp3
LK Con Đường Xưa Em Đi & Xin Anh Giữ Trọn Tình Quê,Như Quỳnh,"Như Quỳnh, Trường Vũ",Giọt Lệ Đài Trang,vpop-bolero-folk,https://music.youtube.com/watch?v=kIBTXmpxrTg,https://i.ytimg.com/vi/kIBTXmpxrTg/maxresdefault.jpg,Như Quỳnh/Giọt Lệ Đài Trang/LK Con Đường Xưa Em Đi & Xin Anh Giữ Trọn Tình Quê.mp3
Thương Về Miền Trung,Như Quỳnh,Như Quỳnh,"Chúng Ta Đi Mang Theo Quê Hương, Vol. 1",vpop-bolero-folk,https://music.youtube.com/watch?v=3hnPIll1QcE,https://i.ytimg.com/vi/3hnPIll1QcE/maxresdefault.jpg,"Như Quỳnh/Chúng Ta Đi Mang Theo Quê Hương, Vol. 1/Thương Về Miền Trung.mp3"
Duyên Phận,Như Quỳnh,Như Quỳnh,Duyên Phận,vpop-bolero-folk,https://music.youtube.com/watch?v=i3s0EGt3CWg,https://i.ytimg.com/vi/i3s0EGt3CWg/maxresdefault.jpg,Như Quỳnh/Duyên Phận/Duyên Phận.mp3
Chuyện Hoa Sim,Như Quỳnh,Nhu Quynh,Chuyện Hoa Sim,vpop-bolero-folk,https://music.youtube.com/watch?v=F4CRACyOaBA,https://i.ytimg.com/vi/F4CRACyOaBA/maxresdefault.jpg,Như Quỳnh/Chuyện Hoa Sim/Chuyện Hoa Sim.mp3
"Anh Tiền Tuyến, Em Hậu Phương",Như Quỳnh,"Như Quỳnh, Trường Vũ","Anh Tiền Tuyến, Em Hậu Phương",vpop-bolero-folk,https://music.youtube.com/watch?v=_ryKyt5kC4I,https://i.ytimg.com/vi/_ryKyt5kC4I/maxresdefault.jpg,"Như Quỳnh/Anh Tiền Tuyến, Em Hậu Phương/Anh Tiền Tuyến, Em Hậu Phương.mp3"
LK Nhẫn Cưới,Như Quỳnh,"Như Quỳnh, Phi Nhung, Mạnh Quỳnh",Liên Khúc Nhẫn Cưới Chồng Xa,vpop-bolero-folk,https://music.youtube.com/watch?v=rlMobwPMIcY,https://i.ytimg.com/vi/rlMobwPMIcY/maxresdefault.jpg,Như Quỳnh/Liên Khúc Nhẫn Cưới Chồng Xa/LK Nhẫn Cưới.mp3
Phố Đêm,Như Quỳnh,"Như Quỳnh, Trường Vũ",Áo Hoa: Best of Như Quỳnh 2,vpop-bolero-folk,https://music.youtube.com/watch?v=70QDvHGZpy4,https://i.ytimg.com/vi/70QDvHGZpy4/maxresdefault.jpg,Như Quỳnh/Áo Hoa_ Best of Như Quỳnh 2/Phố Đêm.mp3
Liên Khúc Mưa,Như Quỳnh,Nhu Quynh,Chuyện Hoa Sim,vpop-bolero-folk,https://music.youtube.com/watch?v=dP2CmQ8swzo,https://i.ytimg.com/vi/dP2CmQ8swzo/maxresdefault.jpg,Như Quỳnh/Chuyện Hoa Sim/Liên Khúc Mưa.mp3
Mùa Xuân Đầu Tiên,Như Quỳnh,"Như Quỳnh, Thế Sơn",Mùa Xuân Đầu Tiên - Tình Khúc Tuấn Khanh,vpop-bolero-folk,https://music.youtube.com/watch?v=tNVPzrUcCo0,https://i.ytimg.com/vi/tNVPzrUcCo0/maxresdefault.jpg,Như Quỳnh/Mùa Xuân Đầu Tiên - Tình Khúc Tuấn Khanh/Mùa Xuân Đầu Tiên.mp3
Áo Hoa,Như Quỳnh,"Quang Lê, Như Quỳnh",Platinum Hai Quê,vpop-bolero-folk,https://music.youtube.com/watch?v=0WfXJH81FQg,https://i.ytimg.com/vi/0WfXJH81FQg/maxresdefault.jpg,Như Quỳnh/Platinum Hai Quê/Áo Hoa.mp3
Để Trả Lời Một Câu Hỏi,Như Quỳnh,"Quang Lê, Như Quỳnh",Xin Gọi Nhau Là Cố Nhân,vpop-bolero-folk,https://music.youtube.com/watch?v=KgHRAsnoCis,https://i.ytimg.com/vi/KgHRAsnoCis/maxresdefault.jpg,Như Quỳnh/Xin Gọi Nhau Là Cố Nhân/Để Trả Lời Một Câu Hỏi.mp3
Trời Huế Vào Thu Chưa Em & Huế Và Em,Như Quỳnh,"Như Quỳnh, Quang Lê",2 Đứa Giận Nhau,vpop-bolero-folk,https://music.youtube.com/watch?v=8jvBJAbp070,https://i.ytimg.com/vi/8jvBJAbp070/maxresdefault.jpg,Như Quỳnh/2 Đứa Giận Nhau/Trời Huế Vào Thu Chưa Em & Huế Và Em.mp3
LK Nỗi Buồn Hoa Phượng & Lưu Bút Ngày Xanh,Như Quỳnh,"Hoàng Lan, Như Quỳnh, Hoàng Oanh",Nỗi Buồn Hoa Phượng - Tình Khúc Thanh Sơn,vpop-bolero-folk,https://music.youtube.com/watch?v=whZ8fDWGod8,https://i.ytimg.com/vi/whZ8fDWGod8/maxresdefault.jpg,Như Quỳnh/Nỗi Buồn Hoa Phượng - Tình Khúc Thanh Sơn/LK Nỗi Buồn Hoa Phượng & Lưu Bút Ngày Xanh.mp3
Hành Trang Giã Từ,Như Quỳnh,"Như Quỳnh, Trường Vũ",Xin Còn Gọi Tên Nhau,vpop-bolero-folk,https://music.youtube.com/watch?v=wHuONQMl5r0,https://i.ytimg.com/vi/wHuONQMl5r0/maxresdefault.jpg,Như Quỳnh/Xin Còn Gọi Tên Nhau/Hành Trang Giã Từ.mp3
Không Giờ Rồi,Như Quỳnh,"Như Quỳnh, Trường Vũ",Không Giờ Rồi,vpop-bolero-folk,https://music.youtube.com/watch?v=DVeIsx7N524,https://i.ytimg.com/vi/DVeIsx7N524/maxresdefault.jpg,Như Quỳnh/Không Giờ Rồi/Không Giờ Rồi.mp3
LK Em Về Miệt Thứ - Em Đi Trên Cỏ Non,Như Quỳnh,"Hương Lan, Như Quỳnh, Tâm Đoan, Mai Thiên Vân, Hạ Vy",Nếu Biết Tình Yêu,vpop-bolero-folk,https://music.youtube.com/watch?v=2jQURB-0pow,https://i.ytimg.com/vi/2jQURB-0pow/maxresdefault.jpg,Như Quỳnh/Nếu Biết Tình Yêu/LK Em Về Miệt Thứ - Em Đi Trên Cỏ Non.mp3
Người Ngoài Phố,Như Quỳnh,Như Quỳnh,Người Ngoài Phố,vpop-bolero-folk,https://music.youtube.com/watch?v=1atGskO3Pm4,https://i.ytimg.com/vi/1atGskO3Pm4/maxresdefault.jpg,Như Quỳnh/Người Ngoài Phố/Người Ngoài Phố.mp3
Tiếng Hát Chim Đa Đa,Như Quỳnh,Như Quỳnh,Yêu Tiếng Hát Ngày Xưa,vpop-bolero-folk,https://music.youtube.com/watch?v=1VpiQCuNxH4,https://i.ytimg.com/vi/1VpiQCuNxH4/maxresdefault.jpg,Như Quỳnh/Yêu Tiếng Hát Ngày Xưa/Tiếng Hát Chim Đa Đa.mp3
Phượng Buồn & Kỷ Niệm Nào Buồn,Như Quỳnh,"Mạnh Quỳnh, Như Quỳnh",Phượng Buồn,vpop-bolero-folk,https://music.youtube.com/watch?v=EUS8HCW5EGk,https://i.ytimg.com/vi/EUS8HCW5EGk/maxresdefault.jpg,Như Quỳnh/Phượng Buồn/Phượng Buồn & Kỷ Niệm Nào Buồn.mp3
LK Trả Lại Thời Gian & Hoa Tím Người Xưa,Như Quỳnh,"Thanh Tuyền, Phương Hồng Quế, Như Quỳnh, Ngọc Huyền, Son Tuyen, Mai Thiên Vân","Thanh Tuyền - Một Đời Cho Âm Nhạc, Vol.2",vpop-bolero-folk,https://music.youtube.com/watch?v=N69Ak6rDwH8,https://i.ytimg.com/vi/N69Ak6rDwH8/maxresdefault.jpg,"Như Quỳnh/Thanh Tuyền - Một Đời Cho Âm Nhạc, Vol.2/LK Trả Lại Thời Gian & Hoa Tím Người Xưa.mp3"
Câu Chuyện Đầu Năm,Như Quỳnh,Như Quỳnh,Xuân Họp Mặt,vpop-bolero-folk,https://music.youtube.com/watch?v=svmNxd4ga68,https://i.ytimg.com/vi/svmNxd4ga68/maxresdefault.jpg,Như Quỳnh/Xuân Họp Mặt/Câu Chuyện Đầu Năm.mp3
Hát Hội Trăng Rằm,Như Quỳnh,"Như Quỳnh, Chí Tài",Lý Bông Mai,vpop-bolero-folk,https://music.youtube.com/watch?v=qejtFs397KI,https://i.ytimg.com/vi/qejtFs397KI/maxresdefault.jpg,Như Quỳnh/Lý Bông Mai/Hát Hội Trăng Rằm.mp3
Hẹn Hò Đêm Trăng,Như Quỳnh,Như Quỳnh,Lý Bông Mai,vpop-bolero-folk,https://music.youtube.com/watch?v=-i5yT9ULU18,https://i.ytimg.com/vi/-i5yT9ULU18/maxresdefault.jpg,Như Quỳnh/Lý Bông Mai/Hẹn Hò Đêm Trăng.mp3
Lênh Đênh Phận Buồn,Như Quỳnh,Như Quỳnh,Lênh Đênh Phận Buồn,vpop-bolero-folk,https://music.youtube.com/watch?v=N4h1-i5zbR4,https://i.ytimg.com/vi/N4h1-i5zbR4/maxresdefault.jpg,Như Quỳnh/Lênh Đênh Phận Buồn/Lênh Đênh Phận Buồn.mp3
Chuyện Tình Hoa Trắng,Như Quỳnh,Nhu Quynh,Chuyện Tình Hoa Trắng,vpop-bolero-folk,https://music.youtube.com/watch?v=wm-uaT7R9a4,https://i.ytimg.com/vi/wm-uaT7R9a4/maxresdefault.jpg,Như Quỳnh/Chuyện Tình Hoa Trắng/Chuyện Tình Hoa Trắng.mp3
Mưa Đêm Ngoại Ô,Như Quỳnh,"Hoàng Oanh, Như Quỳnh",Mưa Đêm Ngoại Ô,vpop-bolero-folk,https://music.youtube.com/watch?v=KkZqRtst56I,https://i.ytimg.com/vi/KkZqRtst56I/maxresdefault.jpg,Như Quỳnh/Mưa Đêm Ngoại Ô/Mưa Đêm Ngoại Ô.mp3
Thương Lắm Mình Ơi,Như Quỳnh,Như Quỳnh,Người Tình,vpop-bolero-folk,https://music.youtube.com/watch?v=J8WPbphYo6Q,https://i.ytimg.com/vi/J8WPbphYo6Q/maxresdefault.jpg,Như Quỳnh/Người Tình/Thương Lắm Mình Ơi.mp3
LK Vùng Lá Me Bay,Như Quỳnh,"Thanh Tuyền, Như Quỳnh, Hạ Vy, Phi Nhung, Hương Thủy, Mai Thiên Vân",Trong Giấc Mơ Em,vpop-bolero-folk,https://music.youtube.com/watch?v=kV_J30ExoYo,https://i.ytimg.com/vi/kV_J30ExoYo/maxresdefault.jpg,Như Quỳnh/Trong Giấc Mơ Em/LK Vùng Lá Me Bay.mp3
Như Vạt Nắng,Như Quỳnh,Nhu Quynh,Rừng Lá Thay Chưa,vpop-bolero-folk,https://music.youtube.com/watch?v=YjQA9jaY8NA,https://i.ytimg.com/vi/YjQA9jaY8NA/maxresdefault.jpg,Như Quỳnh/Rừng Lá Thay Chưa/Như Vạt Nắng.mp3
Nhớ Người Yêu,Như Quỳnh,"Như Quỳnh, Trường Vũ",Nhớ Người Yêu,vpop-bolero-folk,https://music.youtube.com/watch?v=lq_fuD_tHqA,https://i.ytimg.com/vi/lq_fuD_tHqA/maxresdefault.jpg,Như Quỳnh/Nhớ Người Yêu/Nhớ Người Yêu.mp3
Chuyến Đi Về Sáng,Như Quỳnh,Như Quỳnh,Tình Yêu Vỗ Cánh,vpop-bolero-folk,https://music.youtube.com/watch?v=PzdmJO55Mjo,https://i.ytimg.com/vi/PzdmJO55Mjo/maxresdefault.jpg,Như Quỳnh/Tình Yêu Vỗ Cánh/Chuyến Đi Về Sáng.mp3
Hai Kỷ Niệm Một Chuyến Đi,Như Quỳnh,Như Quỳnh,Mùa Xuân Đầu Tiên - Tình Khúc Tuấn Khanh,vpop-bolero-folk,https://music.youtube.com/watch?v=7iKoCBU8mz0,https://i.ytimg.com/vi/7iKoCBU8mz0/maxresdefault.jpg,Như Quỳnh/Mùa Xuân Đầu Tiên - Tình Khúc Tuấn Khanh/Hai Kỷ Niệm Một Chuyến Đi.mp3
Chờ Người,Như Quỳnh,Như Quỳnh,Em Vẫn Hoài Yêu Anh,vpop-bolero-folk,https://music.youtube.com/watch?v=FUKX5Dl2pAw,https://i.ytimg.com/vi/FUKX5Dl2pAw/maxresdefault.jpg,Như Quỳnh/Em Vẫn Hoài Yêu Anh/Chờ Người.mp3
Đường Xưa Lối Cũ,Như Quỳnh,Như Quỳnh,Đường Xưa Lối Cũ,vpop-bolero-folk,https://music.youtube.com/watch?v=uRMBCvHX3lg,https://i.ytimg.com/vi/uRMBCvHX3lg/maxresdefault.jpg,Như Quỳnh/Đường Xưa Lối Cũ/Đường Xưa Lối Cũ.mp3
Liên khúc Ngày sau sẽ ra sao,Như Quỳnh,"Như Quỳnh, Lâm Thúy Vân, Mạnh Đình",Liên Khúc Chiều Mưa 3,vpop-bolero-folk,https://music.youtube.com/watch?v=BeII7E6ENIs,https://i.ytimg.com/vi/BeII7E6ENIs/maxresdefault.jpg,Như Quỳnh/Liên Khúc Chiều Mưa 3/Liên khúc Ngày sau sẽ ra sao.mp3
Nỗi Buồn Châu Pha,Như Quỳnh,Như Quỳnh,Nỗi Buồn Châu Pha,vpop-bolero-folk,https://music.youtube.com/watch?v=AHUJsX12ouE,https://i.ytimg.com/vi/AHUJsX12ouE/maxresdefault.jpg,Như Quỳnh/Nỗi Buồn Châu Pha/Nỗi Buồn Châu Pha.mp3
Chuyện Tình Người Trinh Nữ Tên Thi,Như Quỳnh,Như Quỳnh,Ai Buồn Hơn Ai,vpop-bolero-folk,https://music.youtube.com/watch?v=k7ax8VrlrPs,https://i.ytimg.com/vi/k7ax8VrlrPs/maxresdefault.jpg,Như Quỳnh/Ai Buồn Hơn Ai/Chuyện Tình Người Trinh Nữ Tên Thi.mp3
Huế Buồn,Như Quỳnh,Như Quỳnh,Huế Buồn - Tình Khúc Lê Dinh,vpop-bolero-folk,https://music.youtube.com/watch?v=wKrXJZfCIhI,https://i.ytimg.com/vi/wKrXJZfCIhI/maxresdefault.jpg,Như Quỳnh/Huế Buồn - Tình Khúc Lê Dinh/Huế Buồn.mp3
Còn Thương Rau Đắng Mọc Sau Hè,Như Quỳnh,Như Quỳnh,Sài Gòn,vpop-bolero-folk,https://music.youtube.com/watch?v=f00oXbwTrhc,https://i.ytimg.com/vi/f00oXbwTrhc/maxresdefault.jpg,Như Quỳnh/Sài Gòn/Còn Thương Rau Đắng Mọc Sau Hè.mp3
Trả Lại Thời Gian,Như Quỳnh,Như Quỳnh,Nếu Đời Không Có Anh,vpop-bolero-folk,https://music.youtube.com/watch?v=w6KJCACuyeI,https://i.ytimg.com/vi/w6KJCACuyeI/maxresdefault.jpg,Như Quỳnh/Nếu Đời Không Có Anh/Trả Lại Thời Gian.mp3
Sắc Hoa Màu Nhớ,Như Quỳnh,"Như Quỳnh, Thế Sơn",Hai Đứa Nghèo,vpop-bolero-folk,https://music.youtube.com/watch?v=5KB90LWa_Cs,https://i.ytimg.com/vi/5KB90LWa_Cs/maxresdefault.jpg,Như Quỳnh/Hai Đứa Nghèo/Sắc Hoa Màu Nhớ.mp3
Mười Ngón Tay Tình Yêu,Như Quỳnh,Như Quỳnh,Tình Ơi Có Hay,vpop-bolero-folk,https://music.youtube.com/watch?v=BS3UP8-qqG0,https://i.ytimg.com/vi/BS3UP8-qqG0/maxresdefault.jpg,Như Quỳnh/Tình Ơi Có Hay/Mười Ngón Tay Tình Yêu.mp3
Tình Yêu Vỗ Cánh,Như Quỳnh,Như Quỳnh,Tình Yêu Vỗ Cánh,vpop-bolero-folk,https://music.youtube.com/watch?v=kfv44yeGGxg,https://i.ytimg.com/vi/kfv44yeGGxg/maxresdefault.jpg,Như Quỳnh/Tình Yêu Vỗ Cánh/Tình Yêu Vỗ Cánh.mp3
Xin Đừng Trách Chim Đa Đa,Như Quỳnh,Như Quỳnh,Xin Đừng Trách Đa Đa,vpop-bolero-folk,https://music.youtube.com/watch?v=yUfHNvlw8ls,https://i.ytimg.com/vi/yUfHNvlw8ls/maxresdefault.jpg,Như Quỳnh/Xin Đừng Trách Đa Đa/Xin Đừng Trách Chim Đa Đa.mp3
Ngại Ngùng,Như Quỳnh,Như Quỳnh,Thoát Ly - Tình Khúc Quốc Dũng,vpop-bolero-folk,https://music.youtube.com/watch?v=lUPHXJckVlI,https://i.ytimg.com/vi/lUPHXJckVlI/maxresdefault.jpg,Như Quỳnh/Thoát Ly - Tình Khúc Quốc Dũng/Ngại Ngùng.mp3
LK Trăng Về Thôn Dã - Rước Tình Về Với Quê Hương,Như Quỳnh,"Như Quỳnh, Phi Nhung, Mạnh Quỳnh, Thế Sơn",Bài Ca Tết Cho Em,vpop-bolero-folk,https://music.youtube.com/watch?v=6yjh-HA9aUs,https://i.ytimg.com/vi/6yjh-HA9aUs/maxresdefault.jpg,Như Quỳnh/Bài Ca Tết Cho Em/LK Trăng Về Thôn Dã - Rước Tình Về Với Quê Hương.mp3
Nửa Vầng Trăng,Như Quỳnh,Như Quỳnh,Nhớ... Nửa Vầng Trăng,vpop-bolero-folk,https://music.youtube.com/watch?v=q_0XtyBUbS8,https://i.ytimg.com/vi/q_0XtyBUbS8/maxresdefault.jpg,Như Quỳnh/Nhớ... Nửa Vầng Trăng/Nửa Vầng Trăng.mp3
Cẩm Ly | Em Sẽ Là Người Ra Đi,Cẩm Ly,Cẩm Ly,Em Sẽ Là Người Ra Đi,vpop-bolero-folk,https://music.youtube.com/watch?v=SORFpV54Alo,https://i.ytimg.com/vi/SORFpV54Alo/maxresdefault.jpg,Cẩm Ly/Em Sẽ Là Người Ra Đi/Cẩm Ly _ Em Sẽ Là Người Ra Đi.mp3
Kẻ Đứng Sau Tình Yêu,Cẩm Ly,Cẩm Ly,Kẻ Đứng Sau Tình Yêu,vpop-bolero-folk,https://music.youtube.com/watch?v=378BR8vzj5A,https://i.ytimg.com/vi/378BR8vzj5A/maxresdefault.jpg,Cẩm Ly/Kẻ Đứng Sau Tình Yêu/Kẻ Đứng Sau Tình Yêu.mp3
Đêm Gành Hào Nghe Điệu Hoài Lang,Cẩm Ly,"Quang Lê, Cẩm Ly",Xuân Phát Tài 9,vpop-bolero-folk,https://music.youtube.com/watch?v=qbf-nV0dWGU,https://i.ytimg.com/vi/qbf-nV0dWGU/maxresdefault.jpg,Cẩm Ly/Xuân Phát Tài 9/Đêm Gành Hào Nghe Điệu Hoài Lang.mp3
"Cẩm Ly, Vân Quang Long | Nợ Duyên",Cẩm Ly,"Cẩm Ly, Vân Quang Long",Nợ Duyên,vpop-bolero-folk,https://music.youtube.com/watch?v=0BxoWEZhQng,https://i.ytimg.com/vi/0BxoWEZhQng/maxresdefault.jpg,"Cẩm Ly/Nợ Duyên/Cẩm Ly, Vân Quang Long _ Nợ Duyên.mp3"
Vọng Cổ Buồn (Bonus),Cẩm Ly,Cẩm Ly,Lâu Đài Tình Ái,vpop-bolero-folk,https://music.youtube.com/watch?v=CJRf312Lr7c,https://i.ytimg.com/vi/CJRf312Lr7c/maxresdefault.jpg,Cẩm Ly/Lâu Đài Tình Ái/Vọng Cổ Buồn (Bonus).mp3
Người Việt Mình Thương Nhau,Cẩm Ly,"Cẩm Ly, Hòa Minzy",Người Việt Mình Thương Nhau,vpop-bolero-folk,https://music.youtube.com/watch?v=sTIkFYgk_aw,https://i.ytimg.com/vi/sTIkFYgk_aw/maxresdefault.jpg,Cẩm Ly/Người Việt Mình Thương Nhau/Người Việt Mình Thương Nhau.mp3
Cafe Miệt Vườn (feat. Quốc Đại),Cẩm Ly,"Cẩm Ly, Quốc Đại",Áng Mây Buồn,vpop-bolero-folk,https://music.youtube.com/watch?v=Lv3NfNUGNZw,https://i.ytimg.com/vi/Lv3NfNUGNZw/maxresdefault.jpg,Cẩm Ly/Áng Mây Buồn/Cafe Miệt Vườn (feat. Quốc Đại).mp3
Chim trắng mồ côi,Cẩm Ly,Cẩm Ly,Căn Nhà Ngoại Ô,vpop-bolero-folk,https://music.youtube.com/watch?v=3rrpk03M8jc,https://i.ytimg.com/vi/3rrpk03M8jc/maxresdefault.jpg,Cẩm Ly/Căn Nhà Ngoại Ô/Chim trắng mồ côi.mp3
Ảo Mộng Tình Yêu (feat. Cẩm Ly),Cẩm Ly,"Đan Trường, Cẩm Ly",Bóng Dáng Thiên Thần,vpop-bolero-folk,https://music.youtube.com/watch?v=C52-4wbOxQI,https://i.ytimg.com/vi/C52-4wbOxQI/maxresdefault.jpg,Cẩm Ly/Bóng Dáng Thiên Thần/Ảo Mộng Tình Yêu (feat. Cẩm Ly).mp3
Cẩm Ly | Tiếng Thạch Sùng,Cẩm Ly,Cẩm Ly,Thương Áo Bà Ba,vpop-bolero-folk,https://music.youtube.com/watch?v=gLHgOW1rx7w,https://i.ytimg.com/vi/gLHgOW1rx7w/maxresdefault.jpg,Cẩm Ly/Thương Áo Bà Ba/Cẩm Ly _ Tiếng Thạch Sùng.mp3
Người Về Cuối Phố,Cẩm Ly,Cẩm Ly,Áng Mây Buồn,vpop-bolero-folk,https://music.youtube.com/watch?v=ciZapKBSzVc,https://i.ytimg.com/vi/ciZapKBSzVc/maxresdefault.jpg,Cẩm Ly/Áng Mây Buồn/Người Về Cuối Phố.mp3
Sao Anh Ra Di,Cẩm Ly,Cẩm Ly,Sao Anh Ra Di,vpop-bolero-folk,https://music.youtube.com/watch?v=1vw0F8vizn0,https://i.ytimg.com/vi/1vw0F8vizn0/maxresdefault.jpg,Cẩm Ly/Sao Anh Ra Di/Sao Anh Ra Di.mp3
Về Miền Tây,Cẩm Ly,"Quốc Đại, Cẩm Ly, Y Vân, Văn Thế Bảo",Quê Hương,vpop-bolero-folk,https://music.youtube.com/watch?v=oPa37fUQcbQ,https://i.ytimg.com/vi/oPa37fUQcbQ/maxresdefault.jpg,Cẩm Ly/Quê Hương/Về Miền Tây.mp3
Áng Mây Buồn,Cẩm Ly,Cẩm Ly,Áng Mây Buồn,vpop-bolero-folk,https://music.youtube.com/watch?v=XtJCrjHjwuw,https://i.ytimg.com/vi/XtJCrjHjwuw/maxresdefault.jpg,Cẩm Ly/Áng Mây Buồn/Áng Mây Buồn.mp3
Trai Tài Gái Sắc,Cẩm Ly,"Cẩm Ly, Hoài Linh",Sao Em Nỡ Vội Lấy Chồng,vpop-bolero-folk,https://music.youtube.com/watch?v=msDItvLDNmA,https://i.ytimg.com/vi/msDItvLDNmA/maxresdefault.jpg,Cẩm Ly/Sao Em Nỡ Vội Lấy Chồng/Trai Tài Gái Sắc.mp3
Ru Lại Câu Hò,Cẩm Ly,Cẩm Ly,Áng Mây Buồn,vpop-bolero-folk,https://music.youtube.com/watch?v=A_ew0_ouC8k,https://i.ytimg.com/vi/A_ew0_ouC8k/maxresdefault.jpg,Cẩm Ly/Áng Mây Buồn/Ru Lại Câu Hò.mp3
Đau Xót Lý Con Cua,Cẩm Ly,"Cẩm Ly, Đan Trường",Lâu Đài Tình Ái,vpop-bolero-folk,https://music.youtube.com/watch?v=1ig9LSZ2MiU,https://i.ytimg.com/vi/1ig9LSZ2MiU/maxresdefault.jpg,Cẩm Ly/Lâu Đài Tình Ái/Đau Xót Lý Con Cua.mp3
Về Đâu Mái Tóc Người Thương,Cẩm Ly,Cẩm Ly,Tình Theo Gió Mây,vpop-bolero-folk,https://music.youtube.com/watch?v=saWnjP2nU6E,https://i.ytimg.com/vi/saWnjP2nU6E/maxresdefault.jpg,Cẩm Ly/Tình Theo Gió Mây/Về Đâu Mái Tóc Người Thương.mp3
Cẩm Ly x Quang Linh | Kỷ Niệm Nào Buồn,Cẩm Ly,"Cẩm Ly, Quang Linh",Người Hãy Hứa Với Tôi,vpop-bolero-folk,https://music.youtube.com/watch?v=5RoVg2hp900,https://i.ytimg.com/vi/5RoVg2hp900/maxresdefault.jpg,Cẩm Ly/Người Hãy Hứa Với Tôi/Cẩm Ly x Quang Linh _ Kỷ Niệm Nào Buồn.mp3
Liên khúc Sao chưa thấy hồi âm - Mưa nửa đêm,Cẩm Ly,"Cẩm Ly, Quang Lê",Xuân Phát Tài 9,vpop-bolero-folk,https://music.youtube.com/watch?v=EEfBr7YyZ4g,https://i.ytimg.com/vi/EEfBr7YyZ4g/maxresdefault.jpg,Cẩm Ly/Xuân Phát Tài 9/Liên khúc Sao chưa thấy hồi âm - Mưa nửa đêm.mp3
Cây Bã Đậu,Cẩm Ly,"Cẩm Ly, Quốc Đại",Áng Mây Buồn,vpop-bolero-folk,https://music.youtube.com/watch?v=793vKj9y1lM,https://i.ytimg.com/vi/793vKj9y1lM/maxresdefault.jpg,Cẩm Ly/Áng Mây Buồn/Cây Bã Đậu.mp3
Ngoại Ơi Con Về,Cẩm Ly,Cam Ly,Ngoại Ơi Con Về,vpop-bolero-folk,https://music.youtube.com/watch?v=uW1X_dQ0kos,https://i.ytimg.com/vi/uW1X_dQ0kos/maxresdefault.jpg,Cẩm Ly/Ngoại Ơi Con Về/Ngoại Ơi Con Về.mp3
Nỗi Buồn Chim Sáo,Cẩm Ly,Cẩm Ly,Nỗi Buồn Chim Sáo,vpop-bolero-folk,https://music.youtube.com/watch?v=Aqj5oUJBLuw,https://i.ytimg.com/vi/Aqj5oUJBLuw/maxresdefault.jpg,Cẩm Ly/Nỗi Buồn Chim Sáo/Nỗi Buồn Chim Sáo.mp3
Cô Gái Mở Đường,Cẩm Ly,Cẩm Ly,Cô Gái Mở Đường,vpop-bolero-folk,https://music.youtube.com/watch?v=QYEShI7UPT8,https://i.ytimg.com/vi/QYEShI7UPT8/maxresdefault.jpg,Cẩm Ly/Cô Gái Mở Đường/Cô Gái Mở Đường.mp3
Mình Ơi,Cẩm Ly,Cam Ly,Gõ Cửa Trái Tim,vpop-bolero-folk,https://music.youtube.com/watch?v=Glj090djElM,https://i.ytimg.com/vi/Glj090djElM/maxresdefault.jpg,Cẩm Ly/Gõ Cửa Trái Tim/Mình Ơi.mp3
Phút Biệt Ly,Cẩm Ly,"Cẩm Ly, Vân Quang Long",Áng Mây Buồn,vpop-bolero-folk,https://music.youtube.com/watch?v=ovW4n2UaQO8,https://i.ytimg.com/vi/ovW4n2UaQO8/maxresdefault.jpg,Cẩm Ly/Áng Mây Buồn/Phút Biệt Ly.mp3
Tinh Ngo La Mo,Cẩm Ly,Cam Ly & Van Q. Long,Trai Tim Mau Vang,vpop-bolero-folk,https://music.youtube.com/watch?v=4IBdl0Cb-_0,https://i.ytimg.com/vi/4IBdl0Cb-_0/maxresdefault.jpg,Cẩm Ly/Trai Tim Mau Vang/Tinh Ngo La Mo.mp3
Anh Đi Giữ Vườn (feat. Quoc Dai),Cẩm Ly,"Cẩm Ly, Quoc Dai",Hương Tình Trà Vinh,vpop-bolero-folk,https://music.youtube.com/watch?v=v-OMdrYWA3o,https://i.ytimg.com/vi/v-OMdrYWA3o/maxresdefault.jpg,Cẩm Ly/Hương Tình Trà Vinh/Anh Đi Giữ Vườn (feat. Quoc Dai).mp3
Lâu Đài Tình Ái,Cẩm Ly,"Cẩm Ly, Quốc Đại",Lâu Đài Tình Ái,vpop-bolero-folk,https://music.youtube.com/watch?v=7A33N2ShdjY,https://i.ytimg.com/vi/7A33N2ShdjY/maxresdefault.jpg,Cẩm Ly/Lâu Đài Tình Ái/Lâu Đài Tình Ái.mp3
Cẩm Ly x Quang Linh | Thương Nhau Lý Tơ Hồng,Cẩm Ly,"Cẩm Ly, Quang Linh",Người Hãy Hứa Với Tôi,vpop-bolero-folk,https://music.youtube.com/watch?v=vscgk5azjJs,https://i.ytimg.com/vi/vscgk5azjJs/maxresdefault.jpg,Cẩm Ly/Người Hãy Hứa Với Tôi/Cẩm Ly x Quang Linh _ Thương Nhau Lý Tơ Hồng.mp3
Vàm Cỏ Đông,Cẩm Ly,Cẩm Ly,Cô Gái Mở Đường,vpop-bolero-folk,https://music.youtube.com/watch?v=L1U0jIcs7lo,https://i.ytimg.com/vi/L1U0jIcs7lo/maxresdefault.jpg,Cẩm Ly/Cô Gái Mở Đường/Vàm Cỏ Đông.mp3
LK Tuổi Mộng Xứ Đông,Cẩm Ly,Cẩm Ly,Hàn Mặc Tử,vpop-bolero-folk,https://music.youtube.com/watch?v=igSGjafHHzs,https://i.ytimg.com/vi/igSGjafHHzs/maxresdefault.jpg,Cẩm Ly/Hàn Mặc Tử/LK Tuổi Mộng Xứ Đông.mp3
Khung trời ngày xưa,Cẩm Ly,"Cẩm Ly, Đan Trường",Con Sóng Yêu Thương,vpop-bolero-folk,https://music.youtube.com/watch?v=ufu9bqzHFGI,https://i.ytimg.com/vi/ufu9bqzHFGI/maxresdefault.jpg,Cẩm Ly/Con Sóng Yêu Thương/Khung trời ngày xưa.mp3
Sầu Đâu Quê Ngoại,Cẩm Ly,Cẩm Ly,Nỗi Đau Ngày Qua,vpop-bolero-folk,https://music.youtube.com/watch?v=HcK7IRgnT_4,https://i.ytimg.com/vi/HcK7IRgnT_4/maxresdefault.jpg,Cẩm Ly/Nỗi Đau Ngày Qua/Sầu Đâu Quê Ngoại.mp3
Tuổi Mộng Xứ Đông,Cẩm Ly,Cẩm Ly,Áo Em Chưa Mặc Một Lần,vpop-bolero-folk,https://music.youtube.com/watch?v=6bPYv73_tOM,https://i.ytimg.com/vi/6bPYv73_tOM/maxresdefault.jpg,Cẩm Ly/Áo Em Chưa Mặc Một Lần/Tuổi Mộng Xứ Đông.mp3
Noi Buon Me Toi,Cẩm Ly,Cam Ly,Doi Cho Nhung Mua Dong,vpop-bolero-folk,https://music.youtube.com/watch?v=-tAnmKTkucA,https://i.ytimg.com/vi/-tAnmKTkucA/maxresdefault.jpg,Cẩm Ly/Doi Cho Nhung Mua Dong/Noi Buon Me Toi.mp3
Người đến sau,Cẩm Ly,Cẩm Ly,Người đến sau … Sao anh ta đi,vpop-bolero-folk,https://music.youtube.com/watch?v=fWYTKERhpDs,https://i.ytimg.com/vi/fWYTKERhpDs/maxresdefault.jpg,Cẩm Ly/Người đến sau … Sao anh ta đi/Người đến sau.mp3
Dấu Chân Tình Buồn,Cẩm Ly,Cẩm Ly,Con Gái Khi Yêu,vpop-bolero-folk,https://music.youtube.com/watch?v=upKnqcaLorQ,https://i.ytimg.com/vi/upKnqcaLorQ/maxresdefault.jpg,Cẩm Ly/Con Gái Khi Yêu/Dấu Chân Tình Buồn.mp3
Gặp Nhau (feat. Quoc Dai),Cẩm Ly,"Cẩm Ly, Quoc Dai",Hương Tình Trà Vinh,vpop-bolero-folk,https://music.youtube.com/watch?v=eB-z6BmKIcc,https://i.ytimg.com/vi/eB-z6BmKIcc/maxresdefault.jpg,Cẩm Ly/Hương Tình Trà Vinh/Gặp Nhau (feat. Quoc Dai).mp3
Đà Lạt Hoàng Hôn,Cẩm Ly,Cẩm Ly,Áng Mây Buồn,vpop-bolero-folk,https://music.youtube.com/watch?v=hn14uLV1fwQ,https://i.ytimg.com/vi/hn14uLV1fwQ/maxresdefault.jpg,Cẩm Ly/Áng Mây Buồn/Đà Lạt Hoàng Hôn.mp3
Em Đi Qua Cầu Cây,Cẩm Ly,Cẩm Ly,Con Gái Khi Yêu,vpop-bolero-folk,https://music.youtube.com/watch?v=uZBw9qNNvcA,https://i.ytimg.com/vi/uZBw9qNNvcA/maxresdefault.jpg,Cẩm Ly/Con Gái Khi Yêu/Em Đi Qua Cầu Cây.mp3
Bìm Bịp Kêu Chiều,Cẩm Ly,Cẩm Ly,Áng Mây Buồn,vpop-bolero-folk,https://music.youtube.com/watch?v=NT1DlTY2pfQ,https://i.ytimg.com/vi/NT1DlTY2pfQ/maxresdefault.jpg,Cẩm Ly/Áng Mây Buồn/Bìm Bịp Kêu Chiều.mp3
Nhớ Mẹ Lý Mồ Côi,Cẩm Ly,Cẩm Ly,Nhớ Mẹ Lý Mồ Côi,vpop-bolero-folk,https://music.youtube.com/watch?v=XPkd7I-fUX0,https://i.ytimg.com/vi/XPkd7I-fUX0/maxresdefault.jpg,Cẩm Ly/Nhớ Mẹ Lý Mồ Côi/Nhớ Mẹ Lý Mồ Côi.mp3
Gợi Nhớ Quê Hương,Cẩm Ly,Cẩm Ly,Quê Hương,vpop-bolero-folk,https://music.youtube.com/watch?v=l9SL-cGJyHI,https://i.ytimg.com/vi/l9SL-cGJyHI/maxresdefault.jpg,Cẩm Ly/Quê Hương/Gợi Nhớ Quê Hương.mp3
Yêu Trong Niềm Đau,Cẩm Ly,Cẩm Ly,Tìm Lại Dấu Yêu,vpop-bolero-folk,https://music.youtube.com/watch?v=bRsCc5q8-zY,https://i.ytimg.com/vi/bRsCc5q8-zY/maxresdefault.jpg,Cẩm Ly/Tìm Lại Dấu Yêu/Yêu Trong Niềm Đau.mp3
Tham Mong,Cẩm Ly,Cam Ly & Van Q. Long,Anh Co Quen Em,vpop-bolero-folk,https://music.youtube.com/watch?v=qn4tIftx144,https://i.ytimg.com/vi/qn4tIftx144/maxresdefault.jpg,Cẩm Ly/Anh Co Quen Em/Tham Mong.mp3
Loi Cuoi Cho Tinh Yeu,Cẩm Ly,Cam Ly & Van Q. Long,Trai Tim Mau Vang,vpop-bolero-folk,https://music.youtube.com/watch?v=p2FVKlXtmTs,https://i.ytimg.com/vi/p2FVKlXtmTs/maxresdefault.jpg,Cẩm Ly/Trai Tim Mau Vang/Loi Cuoi Cho Tinh Yeu.mp3
Biển Tình,Cẩm Ly,"Quốc Đại, Cẩm Ly",Đừng Nói Xa Nhau - Tuyển Tập Quốc Ðại,vpop-bolero-folk,https://music.youtube.com/watch?v=81HyFgGrTks,https://i.ytimg.com/vi/81HyFgGrTks/maxresdefault.jpg,Cẩm Ly/Đừng Nói Xa Nhau - Tuyển Tập Quốc Ðại/Biển Tình.mp3
Chiếc Khăn Tay,Cẩm Ly,Cẩm Ly,Áng Mây Buồn,vpop-bolero-folk,https://music.youtube.com/watch?v=Q6Cgg2lx_lM,https://i.ytimg.com/vi/Q6Cgg2lx_lM/maxresdefault.jpg,Cẩm Ly/Áng Mây Buồn/Chiếc Khăn Tay.mp3
Em Vẫn Lầm Tin Anh,Cẩm Ly,Cẩm Ly,Em Sẽ Quên... Đêm Có Mưa Rơi,vpop-bolero-folk,https://music.youtube.com/watch?v=fBPIgITD2Fk,https://i.ytimg.com/vi/fBPIgITD2Fk/maxresdefault.jpg,Cẩm Ly/Em Sẽ Quên... Đêm Có Mưa Rơi/Em Vẫn Lầm Tin Anh.mp3
Nối Lại Tình Xưa,Mạnh Quỳnh,"Như Quỳnh, Mạnh Quỳnh",Nối Lại Tình Xưa,vpop-bolero-folk,https://music.youtube.com/watch?v=cil05Ed8jFY,https://i.ytimg.com/vi/cil05Ed8jFY/maxresdefault.jpg,Mạnh Quỳnh/Nối Lại Tình Xưa/Nối Lại Tình Xưa.mp3
LK Căn Nhà Màu Tím & Bài Ca Của Nàng,Mạnh Quỳnh,"Mạnh Quỳnh, Phi Nhung",Bài Ca Kỷ Niệm,vpop-bolero-folk,https://music.youtube.com/watch?v=Dg_u7JCP8Qs,https://i.ytimg.com/vi/Dg_u7JCP8Qs/maxresdefault.jpg,Mạnh Quỳnh/Bài Ca Kỷ Niệm/LK Căn Nhà Màu Tím & Bài Ca Của Nàng.mp3
Tân Cổ Nếu Chúng Mình Cách Trở,Mạnh Quỳnh,"Phi Nhung, Mạnh Quỳnh",Áo Em Chưa Mặc Một Lần & Vòng Nhẫn Cưới,vpop-bolero-folk,https://music.youtube.com/watch?v=lW1VwnQvHQo,https://i.ytimg.com/vi/lW1VwnQvHQo/maxresdefault.jpg,Mạnh Quỳnh/Áo Em Chưa Mặc Một Lần & Vòng Nhẫn Cưới/Tân Cổ Nếu Chúng Mình Cách Trở.mp3
LK Lại Nhớ Người Yêu & Ước Mộng Đôi Ta,Mạnh Quỳnh,"Phi Nhung, Mạnh Quỳnh",Chiều Mưa Biên Giới,vpop-bolero-folk,https://music.youtube.com/watch?v=EgwIJvr2qtk,https://i.ytimg.com/vi/EgwIJvr2qtk/maxresdefault.jpg,Mạnh Quỳnh/Chiều Mưa Biên Giới/LK Lại Nhớ Người Yêu & Ước Mộng Đôi Ta.mp3
Tân Cổ Căn Nhà Màu Tím,Mạnh Quỳnh,"Phi Nhung, Mạnh Quỳnh",Căn Nhà Màu Tím,vpop-bolero-folk,https://music.youtube.com/watch?v=XyvzcW1Wpc0,https://i.ytimg.com/vi/XyvzcW1Wpc0/maxresdefault.jpg,Mạnh Quỳnh/Căn Nhà Màu Tím/Tân Cổ Căn Nhà Màu Tím.mp3
Tân Cổ: Phận Gái Thuyền Quyên,Mạnh Quỳnh,"Phi Nhung, Mạnh Quỳnh",Tân Cổ Giao Duyên,vpop-bolero-folk,https://music.youtube.com/watch?v=wYA7y3dK66o,https://i.ytimg.com/vi/wYA7y3dK66o/maxresdefault.jpg,Mạnh Quỳnh/Tân Cổ Giao Duyên/Tân Cổ_ Phận Gái Thuyền Quyên.mp3
Tân Cổ: Lý Chim Quyên,Mạnh Quỳnh,"Phi Nhung, Mạnh Quỳnh",Tân Cổ Giao Duyên,vpop-bolero-folk,https://music.youtube.com/watch?v=Jc6N2DRYg6A,https://i.ytimg.com/vi/Jc6N2DRYg6A/maxresdefault.jpg,Mạnh Quỳnh/Tân Cổ Giao Duyên/Tân Cổ_ Lý Chim Quyên.mp3
Hờn Anh Giận Em (tân cổ),Mạnh Quỳnh,"Phi Nhung, Mạnh Quỳnh",Tân Cổ Giao Duyên 3,vpop-bolero-folk,https://music.youtube.com/watch?v=pDp0JL_aI0U,https://i.ytimg.com/vi/pDp0JL_aI0U/maxresdefault.jpg,Mạnh Quỳnh/Tân Cổ Giao Duyên 3/Hờn Anh Giận Em (tân cổ).mp3
Dù Anh Nghèo,Mạnh Quỳnh,"Phi Nhung, Mạnh Quỳnh",Căn Nhà Màu Tím,vpop-bolero-folk,https://music.youtube.com/watch?v=zj1F7NyFFvo,https://i.ytimg.com/vi/zj1F7NyFFvo/maxresdefault.jpg,Mạnh Quỳnh/Căn Nhà Màu Tím/Dù Anh Nghèo.mp3
LK Nhẫn Cưới,Mạnh Quỳnh,"Như Quỳnh, Phi Nhung, Mạnh Quỳnh",Liên Khúc Nhẫn Cưới Chồng Xa,vpop-bolero-folk,https://music.youtube.com/watch?v=rlMobwPMIcY,https://i.ytimg.com/vi/rlMobwPMIcY/maxresdefault.jpg,Mạnh Quỳnh/Liên Khúc Nhẫn Cưới Chồng Xa/LK Nhẫn Cưới.mp3
Đoạn Cuối Tình Yêu (Tân Cổ),Mạnh Quỳnh,"Phi Nhung, Mạnh Quỳnh",Tân cổ Đoạn Cuối Tình Yêu,vpop-bolero-folk,https://music.youtube.com/watch?v=wQU0TdZtZRc,https://i.ytimg.com/vi/wQU0TdZtZRc/maxresdefault.jpg,Mạnh Quỳnh/Tân cổ Đoạn Cuối Tình Yêu/Đoạn Cuối Tình Yêu (Tân Cổ).mp3
"Tân Cổ ""Ngày Tiễn Đưa""",Mạnh Quỳnh,"Mạnh Quỳnh, Phi Nhung",Nhịp Cầu Tri Âm,vpop-bolero-folk,https://music.youtube.com/watch?v=7qR-T3wM9u4,https://i.ytimg.com/vi/7qR-T3wM9u4/maxresdefault.jpg,Mạnh Quỳnh/Nhịp Cầu Tri Âm/Tân Cổ Ngày Tiễn Đưa.mp3
Tân cổ: Thành Phố Buồn,Mạnh Quỳnh,"Phi Nhung, Mạnh Quỳnh",Giấc Mơ Cánh Cò,vpop-bolero-folk,https://music.youtube.com/watch?v=TUxNox36yG4,https://i.ytimg.com/vi/TUxNox36yG4/maxresdefault.jpg,Mạnh Quỳnh/Giấc Mơ Cánh Cò/Tân cổ_ Thành Phố Buồn.mp3
Lấy Chồng Xứ Lạ,Mạnh Quỳnh,"Phi Nhung, Kim Tử Long, Mạnh Quỳnh",Lấy Chồng Xứ Lạ,vpop-bolero-folk,https://music.youtube.com/watch?v=ujNTN82xTo8,https://i.ytimg.com/vi/ujNTN82xTo8/maxresdefault.jpg,Mạnh Quỳnh/Lấy Chồng Xứ Lạ/Lấy Chồng Xứ Lạ.mp3
LK Một Mai Giã Từ Vũ Khí - Tâm Sự Người Hát Bài Quê Hương,Mạnh Quỳnh,"Mạnh Quỳnh, Quang Lê, Đan Nguyên, Ngọc Ngữ",Một Mai Giã Từ Vũ Khí,vpop-bolero-folk,https://music.youtube.com/watch?v=qhv7aSpRz5c,https://i.ytimg.com/vi/qhv7aSpRz5c/maxresdefault.jpg,Mạnh Quỳnh/Một Mai Giã Từ Vũ Khí/LK Một Mai Giã Từ Vũ Khí - Tâm Sự Người Hát Bài Quê Hương.mp3
Tân Cổ: Ngày Buồn,Mạnh Quỳnh,"Phi Nhung, Mạnh Quỳnh",Nếu Chúng Mình Cách Trở,vpop-bolero-folk,https://music.youtube.com/watch?v=ECEua4flYH4,https://i.ytimg.com/vi/ECEua4flYH4/maxresdefault.jpg,Mạnh Quỳnh/Nếu Chúng Mình Cách Trở/Tân Cổ_ Ngày Buồn.mp3
Mùa Xuân Xa Quê,Mạnh Quỳnh,"Hoài Linh, Mạnh Quỳnh",Tết Thương,vpop-bolero-folk,https://music.youtube.com/watch?v=d-T7EM6kxgc,https://i.ytimg.com/vi/d-T7EM6kxgc/maxresdefault.jpg,Mạnh Quỳnh/Tết Thương/Mùa Xuân Xa Quê.mp3
Bến Sông Chờ,Mạnh Quỳnh,Mạnh Quỳnh,Vợ Tôi,vpop-bolero-folk,https://music.youtube.com/watch?v=6RgcAH5VDZA,https://i.ytimg.com/vi/6RgcAH5VDZA/maxresdefault.jpg,Mạnh Quỳnh/Vợ Tôi/Bến Sông Chờ.mp3
Tân Cổ Đêm Cuối,Mạnh Quỳnh,"Phi Nhung, Mạnh Quỳnh",Cánh Hoa Rừng,vpop-bolero-folk,https://music.youtube.com/watch?v=CaS7f58s_Vs,https://i.ytimg.com/vi/CaS7f58s_Vs/maxresdefault.jpg,Mạnh Quỳnh/Cánh Hoa Rừng/Tân Cổ Đêm Cuối.mp3
Hành Trang Giã Từ,Mạnh Quỳnh,"Như Quỳnh, Mạnh Quỳnh",Áo Hoa: Best of Như Quỳnh 2,vpop-bolero-folk,https://music.youtube.com/watch?v=nTK0k8H_1Ow,https://i.ytimg.com/vi/nTK0k8H_1Ow/maxresdefault.jpg,Mạnh Quỳnh/Áo Hoa_ Best of Như Quỳnh 2/Hành Trang Giã Từ.mp3
Lk Nghèo,Mạnh Quỳnh,"Trường Vũ, Mạnh Quỳnh, Mạnh Đình",Nghèo,vpop-bolero-folk,https://music.youtube.com/watch?v=7uiOVeW_QXY,https://i.ytimg.com/vi/7uiOVeW_QXY/maxresdefault.jpg,Mạnh Quỳnh/Nghèo/Lk Nghèo.mp3
Lý Con Sáo Bạc Liêu,Mạnh Quỳnh,"Mạnh Quỳnh, Phi Nhung",Mẹ Về Thiên Thu,vpop-bolero-folk,https://music.youtube.com/watch?v=d27KiVQOins,https://i.ytimg.com/vi/d27KiVQOins/maxresdefault.jpg,Mạnh Quỳnh/Mẹ Về Thiên Thu/Lý Con Sáo Bạc Liêu.mp3
Mây Chiều,Mạnh Quỳnh,Mạnh Quỳnh,Chuyện Làm Dâu,vpop-bolero-folk,https://music.youtube.com/watch?v=TV25VCky4w8,https://i.ytimg.com/vi/TV25VCky4w8/maxresdefault.jpg,Mạnh Quỳnh/Chuyện Làm Dâu/Mây Chiều.mp3
Phượng Buồn & Kỷ Niệm Nào Buồn,Mạnh Quỳnh,"Mạnh Quỳnh, Như Quỳnh",Phượng Buồn,vpop-bolero-folk,https://music.youtube.com/watch?v=EUS8HCW5EGk,https://i.ytimg.com/vi/EUS8HCW5EGk/maxresdefault.jpg,Mạnh Quỳnh/Phượng Buồn/Phượng Buồn & Kỷ Niệm Nào Buồn.mp3
Tiễn Em Cuối Đường,Mạnh Quỳnh,Mạnh Quỳnh,Tiễn Em Cuối Đường,vpop-bolero-folk,https://music.youtube.com/watch?v=14w8Wd178dc,https://i.ytimg.com/vi/14w8Wd178dc/maxresdefault.jpg,Mạnh Quỳnh/Tiễn Em Cuối Đường/Tiễn Em Cuối Đường.mp3
Hoa Mười Giờ,Mạnh Quỳnh,"Mạnh Quỳnh, Đài Phương Trang",Đêm Nguyện Cầu,vpop-bolero-folk,https://music.youtube.com/watch?v=LByhtmTOaB8,https://i.ytimg.com/vi/LByhtmTOaB8/maxresdefault.jpg,Mạnh Quỳnh/Đêm Nguyện Cầu/Hoa Mười Giờ.mp3
Vợ Tôi,Mạnh Quỳnh,Mạnh Quỳnh,Vợ Tôi,vpop-bolero-folk,https://music.youtube.com/watch?v=Kpmx9-MpUUU,https://i.ytimg.com/vi/Kpmx9-MpUUU/maxresdefault.jpg,Mạnh Quỳnh/Vợ Tôi/Vợ Tôi.mp3
Thất Tình Ca,Mạnh Quỳnh,"Phi Nhung, Mạnh Quỳnh",Cánh Diều Mưa,vpop-bolero-folk,https://music.youtube.com/watch?v=MyLaeb8_kYQ,https://i.ytimg.com/vi/MyLaeb8_kYQ/maxresdefault.jpg,Mạnh Quỳnh/Cánh Diều Mưa/Thất Tình Ca.mp3
Kiếp Tằm Của Mẹ,Mạnh Quỳnh,"Mạnh Quỳnh, Phạm Tuyết Nhung, Phi Nhung",Đời Là Cát Bụi Là Ta,vpop-bolero-folk,https://music.youtube.com/watch?v=YFL3uHd2QTg,https://i.ytimg.com/vi/YFL3uHd2QTg/maxresdefault.jpg,Mạnh Quỳnh/Đời Là Cát Bụi Là Ta/Kiếp Tằm Của Mẹ.mp3
"Tân cổ ""Phương Trời Xứ Lạ""",Mạnh Quỳnh,"Hương Thủy, Mạnh Quỳnh",Thương Nhớ Cậu Hai,vpop-bolero-folk,https://music.youtube.com/watch?v=akWobe7zzu4,https://i.ytimg.com/vi/akWobe7zzu4/maxresdefault.jpg,Mạnh Quỳnh/Thương Nhớ Cậu Hai/Tân cổ Phương Trời Xứ Lạ.mp3
Đón Xuân Này Nhớ Xuân Xưa (tân cổ),Mạnh Quỳnh,"Mạnh Quỳnh, Phi Nhung",Xuân Họp Mặt,vpop-bolero-folk,https://music.youtube.com/watch?v=XZnJoBfLBmw,https://i.ytimg.com/vi/XZnJoBfLBmw/maxresdefault.jpg,Mạnh Quỳnh/Xuân Họp Mặt/Đón Xuân Này Nhớ Xuân Xưa (tân cổ).mp3
Thiệp Hồng Anh Viết Tên Em,Mạnh Quỳnh,Mạnh Quỳnh,Thiệp Hồng Anh Viết Tên Em,vpop-bolero-folk,https://music.youtube.com/watch?v=YiB-PbNepRU,https://i.ytimg.com/vi/YiB-PbNepRU/maxresdefault.jpg,Mạnh Quỳnh/Thiệp Hồng Anh Viết Tên Em/Thiệp Hồng Anh Viết Tên Em.mp3
LK Biết Đến Bao Giờ & Đêm Tiền Đồn,Mạnh Quỳnh,"Mạnh Quỳnh, Trường Vũ",Đường Về Quê Hương: Tình Khúc Lam Phương,vpop-bolero-folk,https://music.youtube.com/watch?v=ngMpNcNCFcQ,https://i.ytimg.com/vi/ngMpNcNCFcQ/maxresdefault.jpg,Mạnh Quỳnh/Đường Về Quê Hương_ Tình Khúc Lam Phương/LK Biết Đến Bao Giờ & Đêm Tiền Đồn.mp3
Ru lại câu hò,Mạnh Quỳnh,"Phi Nhung, Mạnh Quỳnh",Tình nghèo,vpop-bolero-folk,https://music.youtube.com/watch?v=br7PB_kbNM4,https://i.ytimg.com/vi/br7PB_kbNM4/maxresdefault.jpg,Mạnh Quỳnh/Tình nghèo/Ru lại câu hò.mp3
Ơn Nghĩa Sinh Thành (Tân Cổ) (feat. Xuân Mai),Mạnh Quỳnh,"Mạnh Quỳnh, Xuân Mai",Nhớ Vợ Hiền,vpop-bolero-folk,https://music.youtube.com/watch?v=xXQbCTTYowg,https://i.ytimg.com/vi/xXQbCTTYowg/maxresdefault.jpg,Mạnh Quỳnh/Nhớ Vợ Hiền/Ơn Nghĩa Sinh Thành (Tân Cổ) (feat. Xuân Mai).mp3
Lý đất giồng,Mạnh Quỳnh,"Phi Nhung, Mạnh Quỳnh",Đam Mê,vpop-bolero-folk,https://music.youtube.com/watch?v=T4R4RxMB82Y,https://i.ytimg.com/vi/T4R4RxMB82Y/maxresdefault.jpg,Mạnh Quỳnh/Đam Mê/Lý đất giồng.mp3
Nếu Biết Tình Yêu,Mạnh Quỳnh,Mạnh Quỳnh,Số Nghèo,vpop-bolero-folk,https://music.youtube.com/watch?v=c3KgJBYdf4c,https://i.ytimg.com/vi/c3KgJBYdf4c/maxresdefault.jpg,Mạnh Quỳnh/Số Nghèo/Nếu Biết Tình Yêu.mp3
Cũng Một Chữ Tình,Mạnh Quỳnh,Mạnh Quỳnh,Cũng Một Chữ Tình,vpop-bolero-folk,https://music.youtube.com/watch?v=fcb2zzyde6o,https://i.ytimg.com/vi/fcb2zzyde6o/maxresdefault.jpg,Mạnh Quỳnh/Cũng Một Chữ Tình/Cũng Một Chữ Tình.mp3
LK Trăng Về Thôn Dã - Rước Tình Về Với Quê Hương,Mạnh Quỳnh,"Như Quỳnh, Phi Nhung, Mạnh Quỳnh, Thế Sơn",Bài Ca Tết Cho Em,vpop-bolero-folk,https://music.youtube.com/watch?v=6yjh-HA9aUs,https://i.ytimg.com/vi/6yjh-HA9aUs/maxresdefault.jpg,Mạnh Quỳnh/Bài Ca Tết Cho Em/LK Trăng Về Thôn Dã - Rước Tình Về Với Quê Hương.mp3
Xuân Vắng Em,Mạnh Quỳnh,Mạnh Quỳnh,Xuân Vắng Em,vpop-bolero-folk,https://music.youtube.com/watch?v=iUMrXF-wBf4,https://i.ytimg.com/vi/iUMrXF-wBf4/maxresdefault.jpg,Mạnh Quỳnh/Xuân Vắng Em/Xuân Vắng Em.mp3
Nội Tôi,Mạnh Quỳnh,Mạnh Quỳnh,Nội Tôi,vpop-bolero-folk,https://music.youtube.com/watch?v=AjiWTlnHP3c,https://i.ytimg.com/vi/AjiWTlnHP3c/maxresdefault.jpg,Mạnh Quỳnh/Nội Tôi/Nội Tôi.mp3
Tình Cha,Mạnh Quỳnh,"Mạnh Quỳnh, Hoài Lâm",Chỉ Tại Tôi Nghèo,vpop-bolero-folk,https://music.youtube.com/watch?v=vxyV1Pyq0jY,https://i.ytimg.com/vi/vxyV1Pyq0jY/maxresdefault.jpg,Mạnh Quỳnh/Chỉ Tại Tôi Nghèo/Tình Cha.mp3
Tân Cổ-Thương Hoài Ngàn Năm,Mạnh Quỳnh,"Phi Nhung, Mạnh Quỳnh",Nếu Chúng Mình Cách Trở,vpop-bolero-folk,https://music.youtube.com/watch?v=A741oEiudz4,https://i.ytimg.com/vi/A741oEiudz4/maxresdefault.jpg,Mạnh Quỳnh/Nếu Chúng Mình Cách Trở/Tân Cổ-Thương Hoài Ngàn Năm.mp3
LK Xuân Này Con Không Về & Cám Ơn,Mạnh Quỳnh,"Như Quỳnh, Phi Nhung, Mạnh Quỳnh, Thế Sơn",Mùa Xuân Của Mẹ,vpop-bolero-folk,https://music.youtube.com/watch?v=tzdQd6JReiQ,https://i.ytimg.com/vi/tzdQd6JReiQ/maxresdefault.jpg,Mạnh Quỳnh/Mùa Xuân Của Mẹ/LK Xuân Này Con Không Về & Cám Ơn.mp3
Muộn Màng,Mạnh Quỳnh,Mạnh Quỳnh,Muộn Màng,vpop-bolero-folk,https://music.youtube.com/watch?v=HvXMVSA6wE4,https://i.ytimg.com/vi/HvXMVSA6wE4/maxresdefault.jpg,Mạnh Quỳnh/Muộn Màng/Muộn Màng.mp3
Chôn Sâu Tình Cũ,Mạnh Quỳnh,Mạnh Quỳnh,Chôn Sâu Tình Cũ,vpop-bolero-folk,https://music.youtube.com/watch?v=X5epkeB0nZg,https://i.ytimg.com/vi/X5epkeB0nZg/maxresdefault.jpg,Mạnh Quỳnh/Chôn Sâu Tình Cũ/Chôn Sâu Tình Cũ.mp3
Thiệp Hồng Anh Viết Tên Em,Mạnh Quỳnh,"Phi Nhung, Mạnh Quỳnh",Nếu Chúng Mình Cách Trở,vpop-bolero-folk,https://music.youtube.com/watch?v=DFLVav-YR48,https://i.ytimg.com/vi/DFLVav-YR48/maxresdefault.jpg,Mạnh Quỳnh/Nếu Chúng Mình Cách Trở/Thiệp Hồng Anh Viết Tên Em.mp3
Xuân Vẫn Nhớ Người,Mạnh Quỳnh,Mạnh Quỳnh,Gửi Tình Vào Xuân,vpop-bolero-folk,https://music.youtube.com/watch?v=AM9nxPQTPYE,https://i.ytimg.com/vi/AM9nxPQTPYE/maxresdefault.jpg,Mạnh Quỳnh/Gửi Tình Vào Xuân/Xuân Vẫn Nhớ Người.mp3
Hạnh phúc đơn sơ,Mạnh Quỳnh,Mạnh Quỳnh,Happy Y2K,vpop-bolero-folk,https://music.youtube.com/watch?v=meuHLrv4KME,https://i.ytimg.com/vi/meuHLrv4KME/maxresdefault.jpg,Mạnh Quỳnh/Happy Y2K/Hạnh phúc đơn sơ.mp3
Hình Bóng Quê Nhà (tân cổ),Mạnh Quỳnh,"Mạnh Quỳnh, Hương Thủy",Say,vpop-bolero-folk,https://music.youtube.com/watch?v=lur5bnXh9qQ,https://i.ytimg.com/vi/lur5bnXh9qQ/maxresdefault.jpg,Mạnh Quỳnh/Say/Hình Bóng Quê Nhà (tân cổ).mp3
Cô Hàng Xóm,Quang Lê,Quang Lê,Xin Gọi Nhau Là Cố Nhân,vpop-bolero-folk,https://music.youtube.com/watch?v=1pB160njeTw,https://i.ytimg.com/vi/1pB160njeTw/maxresdefault.jpg,Quang Lê/Xin Gọi Nhau Là Cố Nhân/Cô Hàng Xóm.mp3
Đắp Mộ Cuộc Tình,Quang Lê,"Bằng Kiều, Quang Lê, Đan Nguyên",Nhịp Cầu Tri Âm,vpop-bolero-folk,https://music.youtube.com/watch?v=Sg_p-NxBf7U,https://i.ytimg.com/vi/Sg_p-NxBf7U/maxresdefault.jpg,Quang Lê/Nhịp Cầu Tri Âm/Đắp Mộ Cuộc Tình.mp3
Sương Trắng Miền Quê Ngoại,Quang Lê,Quang Lê,Giấc Mơ Cánh Cò,vpop-bolero-folk,https://music.youtube.com/watch?v=ml8uV4oD1u8,https://i.ytimg.com/vi/ml8uV4oD1u8/maxresdefault.jpg,Quang Lê/Giấc Mơ Cánh Cò/Sương Trắng Miền Quê Ngoại.mp3
LK Duy Khánh,Quang Lê,"Quang Lê, Tường Nguyên",Con Đê Chung Tình,vpop-bolero-folk,https://music.youtube.com/watch?v=EI4oET0cfgc,https://i.ytimg.com/vi/EI4oET0cfgc/maxresdefault.jpg,Quang Lê/Con Đê Chung Tình/LK Duy Khánh.mp3
Vó Ngựa Trền Đồi Cỏ Non,Quang Lê,"Quang Lê, Ngọc Hạ",Vó Ngựa Trên Đồi Cỏ Non,vpop-bolero-folk,https://music.youtube.com/watch?v=6cCdnbyQ1cc,https://i.ytimg.com/vi/6cCdnbyQ1cc/maxresdefault.jpg,Quang Lê/Vó Ngựa Trên Đồi Cỏ Non/Vó Ngựa Trền Đồi Cỏ Non.mp3
Hình Bóng Quê Nhà,Quang Lê,"Quang Lê, Phương Mỹ Chi",Hát Trên Quê Hương 3,vpop-bolero-folk,https://music.youtube.com/watch?v=vkqTMi4MxKc,https://i.ytimg.com/vi/vkqTMi4MxKc/maxresdefault.jpg,Quang Lê/Hát Trên Quê Hương 3/Hình Bóng Quê Nhà.mp3
Sầu tím thiệp hồng,Quang Lê,"Quang Lê, Lệ Quyên",Liveshow Hát trên quê hương 1,vpop-bolero-folk,https://music.youtube.com/watch?v=_l2NfZ8nOYo,https://i.ytimg.com/vi/_l2NfZ8nOYo/maxresdefault.jpg,Quang Lê/Liveshow Hát trên quê hương 1/Sầu tím thiệp hồng.mp3
Sông Quê,Quang Lê,"Quang Lê, Phi Nhung",Hát Trên Quê Hương 3,vpop-bolero-folk,https://music.youtube.com/watch?v=NhXq_y-2uQo,https://i.ytimg.com/vi/NhXq_y-2uQo/maxresdefault.jpg,Quang Lê/Hát Trên Quê Hương 3/Sông Quê.mp3
Duyen Que,Quang Lê,"Quang Le, Ngoc Ha, Quang Le",Duyen Que,vpop-bolero-folk,https://music.youtube.com/watch?v=hbfLM4qxiRE,https://i.ytimg.com/vi/hbfLM4qxiRE/maxresdefault.jpg,Quang Lê/Duyen Que/Duyen Que.mp3
Đêm Gành Hào Nghe Điệu Hoài Lang,Quang Lê,"Quang Lê, Cẩm Ly",Xuân Phát Tài 9,vpop-bolero-folk,https://music.youtube.com/watch?v=qbf-nV0dWGU,https://i.ytimg.com/vi/qbf-nV0dWGU/maxresdefault.jpg,Quang Lê/Xuân Phát Tài 9/Đêm Gành Hào Nghe Điệu Hoài Lang.mp3
Gõ Cửa Trái Tim,Quang Lê,"Mai Thiên Vân, Quang Lê",Gõ Cửa Trái Tim,vpop-bolero-folk,https://music.youtube.com/watch?v=mwcspLOWn68,https://i.ytimg.com/vi/mwcspLOWn68/maxresdefault.jpg,Quang Lê/Gõ Cửa Trái Tim/Gõ Cửa Trái Tim.mp3
Xin Gọi Nhau Là Cố Nhân,Quang Lê,"Bằng Kiều, Quang Lê, Dan Nguyen",Lại Nhớ Người Yêu,vpop-bolero-folk,https://music.youtube.com/watch?v=LPQJDXQ7C4A,https://i.ytimg.com/vi/LPQJDXQ7C4A/maxresdefault.jpg,Quang Lê/Lại Nhớ Người Yêu/Xin Gọi Nhau Là Cố Nhân.mp3
LK Mẹ Tôi - Cám Ơn Mẹ,Quang Lê,"Quang Lê, Quách Tuấn Du, Nhiều Tác Giả",LK Mẹ Tôi - Cám Ơn Mẹ/Gánh Hàng Rong,vpop-bolero-folk,https://music.youtube.com/watch?v=LnTbd4w-3jc,https://i.ytimg.com/vi/LnTbd4w-3jc/maxresdefault.jpg,Quang Lê/LK Mẹ Tôi - Cám Ơn Mẹ_Gánh Hàng Rong/LK Mẹ Tôi - Cám Ơn Mẹ.mp3
Nối Lại Tình Xưa,Quang Lê,"Quang Lê, Lệ Quyên",Hát Trên Quê Hương 4,vpop-bolero-folk,https://music.youtube.com/watch?v=Oubf-A5YiV4,https://i.ytimg.com/vi/Oubf-A5YiV4/maxresdefault.jpg,Quang Lê/Hát Trên Quê Hương 4/Nối Lại Tình Xưa.mp3
Về đâu mái tóc người thương,Quang Lê,Quang Lê,LiveShow Duyên phận,vpop-bolero-folk,https://music.youtube.com/watch?v=MzzhiysR0kw,https://i.ytimg.com/vi/MzzhiysR0kw/maxresdefault.jpg,Quang Lê/LiveShow Duyên phận/Về đâu mái tóc người thương.mp3
Em Về Với Người,Quang Lê,"Quang Lê, Ngọc Hạ",Nối Lại Tình Xưa,vpop-bolero-folk,https://music.youtube.com/watch?v=RS5YyRHH7Jk,https://i.ytimg.com/vi/RS5YyRHH7Jk/maxresdefault.jpg,Quang Lê/Nối Lại Tình Xưa/Em Về Với Người.mp3
Người Em Vỹ Dạ,Quang Lê,Quang Lê,Quê Hương Tuổi Thơ Tôi,vpop-bolero-folk,https://music.youtube.com/watch?v=vI2g9er_Khw,https://i.ytimg.com/vi/vI2g9er_Khw/maxresdefault.jpg,Quang Lê/Quê Hương Tuổi Thơ Tôi/Người Em Vỹ Dạ.mp3
Hương Tóc Mạ Non,Quang Lê,"Quang Lê, Ha Phuong",Nỗi Buồn Hoa Phượng - Tình Khúc Thanh Sơn,vpop-bolero-folk,https://music.youtube.com/watch?v=1imKrw7H-N0,https://i.ytimg.com/vi/1imKrw7H-N0/maxresdefault.jpg,Quang Lê/Nỗi Buồn Hoa Phượng - Tình Khúc Thanh Sơn/Hương Tóc Mạ Non.mp3
Lk Nhớ Nhau Hoài & Cho Người Vào Cuộc Chiến,Quang Lê,"Quang Lê, Mai Thiên Vân",Đôi Mắt Người Xưa,vpop-bolero-folk,https://music.youtube.com/watch?v=8eUsLNd8Yac,https://i.ytimg.com/vi/8eUsLNd8Yac/maxresdefault.jpg,Quang Lê/Đôi Mắt Người Xưa/Lk Nhớ Nhau Hoài & Cho Người Vào Cuộc Chiến.mp3
LK Một Mai Giã Từ Vũ Khí - Tâm Sự Người Hát Bài Quê Hương,Quang Lê,"Mạnh Quỳnh, Quang Lê, Đan Nguyên, Ngọc Ngữ",Một Mai Giã Từ Vũ Khí,vpop-bolero-folk,https://music.youtube.com/watch?v=qhv7aSpRz5c,https://i.ytimg.com/vi/qhv7aSpRz5c/maxresdefault.jpg,Quang Lê/Một Mai Giã Từ Vũ Khí/LK Một Mai Giã Từ Vũ Khí - Tâm Sự Người Hát Bài Quê Hương.mp3
Đêm Trao Kỷ Niệm,Quang Lê,Quang Lê,Chị Đi Tìm Em,vpop-bolero-folk,https://music.youtube.com/watch?v=GwMWIlUiIqY,https://i.ytimg.com/vi/GwMWIlUiIqY/maxresdefault.jpg,Quang Lê/Chị Đi Tìm Em/Đêm Trao Kỷ Niệm.mp3
Xuân Này Con Về Mẹ Ở Đâu?,Quang Lê,Quang Lê,7000 Đêm Góp Lại,vpop-bolero-folk,https://music.youtube.com/watch?v=0Iot4MAOJgE,https://i.ytimg.com/vi/0Iot4MAOJgE/maxresdefault.jpg,Quang Lê/7000 Đêm Góp Lại/Xuân Này Con Về Mẹ Ở Đâu?.mp3
Hai Quê,Quang Lê,Quang Lê,Platinum Hai Quê,vpop-bolero-folk,https://music.youtube.com/watch?v=zgIjdaYShXo,https://i.ytimg.com/vi/zgIjdaYShXo/maxresdefault.jpg,Quang Lê/Platinum Hai Quê/Hai Quê.mp3
Áo Hoa,Quang Lê,"Quang Lê, Như Quỳnh",Platinum Hai Quê,vpop-bolero-folk,https://music.youtube.com/watch?v=0WfXJH81FQg,https://i.ytimg.com/vi/0WfXJH81FQg/maxresdefault.jpg,Quang Lê/Platinum Hai Quê/Áo Hoa.mp3
Lại Nhớ Người Yêu,Quang Lê,"Quang Lê, Tố My",Hát Trên Quê Hương 4,vpop-bolero-folk,https://music.youtube.com/watch?v=Qf2PY3qw5Uo,https://i.ytimg.com/vi/Qf2PY3qw5Uo/maxresdefault.jpg,Quang Lê/Hát Trên Quê Hương 4/Lại Nhớ Người Yêu.mp3
Ngày Xưa Anh Nói,Quang Lê,"Quang Lê, Mai Thiên Vân",Phượng Buồn,vpop-bolero-folk,https://music.youtube.com/watch?v=xR_qdA2r0m4,https://i.ytimg.com/vi/xR_qdA2r0m4/maxresdefault.jpg,Quang Lê/Phượng Buồn/Ngày Xưa Anh Nói.mp3
Chuyện Tình Sông Hương,Quang Lê,Quang Lê,Buồn Trong Kỷ Niệm,vpop-bolero-folk,https://music.youtube.com/watch?v=fOIaeAzzbvM,https://i.ytimg.com/vi/fOIaeAzzbvM/maxresdefault.jpg,Quang Lê/Buồn Trong Kỷ Niệm/Chuyện Tình Sông Hương.mp3
Tình Lúa Duyên Trăng,Quang Lê,"Ngọc Hạ, Quang Lê",Nối Lại Tình Xưa,vpop-bolero-folk,https://music.youtube.com/watch?v=MZoCDPWXz_w,https://i.ytimg.com/vi/MZoCDPWXz_w/maxresdefault.jpg,Quang Lê/Nối Lại Tình Xưa/Tình Lúa Duyên Trăng.mp3
Đập Vỡ Cây Đàn,Quang Lê,Quang Lê,Đập Vỡ Cây Đàn,vpop-bolero-folk,https://music.youtube.com/watch?v=8BfJMD7W0yI,https://i.ytimg.com/vi/8BfJMD7W0yI/maxresdefault.jpg,Quang Lê/Đập Vỡ Cây Đàn/Đập Vỡ Cây Đàn.mp3
Để Trả Lời Một Câu Hỏi,Quang Lê,"Quang Lê, Như Quỳnh",Xin Gọi Nhau Là Cố Nhân,vpop-bolero-folk,https://music.youtube.com/watch?v=KgHRAsnoCis,https://i.ytimg.com/vi/KgHRAsnoCis/maxresdefault.jpg,Quang Lê/Xin Gọi Nhau Là Cố Nhân/Để Trả Lời Một Câu Hỏi.mp3
Trời Huế Vào Thu Chưa Em & Huế Và Em,Quang Lê,"Như Quỳnh, Quang Lê",2 Đứa Giận Nhau,vpop-bolero-folk,https://music.youtube.com/watch?v=8jvBJAbp070,https://i.ytimg.com/vi/8jvBJAbp070/maxresdefault.jpg,Quang Lê/2 Đứa Giận Nhau/Trời Huế Vào Thu Chưa Em & Huế Và Em.mp3
Kẻ Ở Miền Xa,Quang Lê,Quang Lê,Kẻ Ở Miền Xa,vpop-bolero-folk,https://music.youtube.com/watch?v=8VVgZ9IUeUo,https://i.ytimg.com/vi/8VVgZ9IUeUo/maxresdefault.jpg,Quang Lê/Kẻ Ở Miền Xa/Kẻ Ở Miền Xa.mp3
Ai Ra Xứ Huế,Quang Lê,"Quang Lê, Ngọc Hạ",Xin Gọi Nhau Là Cố Nhân,vpop-bolero-folk,https://music.youtube.com/watch?v=SoHScJKhlek,https://i.ytimg.com/vi/SoHScJKhlek/maxresdefault.jpg,Quang Lê/Xin Gọi Nhau Là Cố Nhân/Ai Ra Xứ Huế.mp3
Bông Ô Môi,Quang Lê,"Quang Lê, Ha Phuong",Tình Đẹp Hậu Giang,vpop-bolero-folk,https://music.youtube.com/watch?v=e2PkA5W584E,https://i.ytimg.com/vi/e2PkA5W584E/maxresdefault.jpg,Quang Lê/Tình Đẹp Hậu Giang/Bông Ô Môi.mp3
Tương Tư Nàng Ca Sĩ,Quang Lê,Quang Lê,Áo Em Chưa Mặc Một Lần & Vòng Nhẫn Cưới,vpop-bolero-folk,https://music.youtube.com/watch?v=Pvx-LdvbNqM,https://i.ytimg.com/vi/Pvx-LdvbNqM/maxresdefault.jpg,Quang Lê/Áo Em Chưa Mặc Một Lần & Vòng Nhẫn Cưới/Tương Tư Nàng Ca Sĩ.mp3
Mùa Xuân Của Mẹ,Quang Lê,Quang Lê,Mùa Xuân Hoa Đào,vpop-bolero-folk,https://music.youtube.com/watch?v=JvO3zop5BVE,https://i.ytimg.com/vi/JvO3zop5BVE/maxresdefault.jpg,Quang Lê/Mùa Xuân Hoa Đào/Mùa Xuân Của Mẹ.mp3
Trả Yếm Cho Em,Quang Lê,"Quang Lê, Trấn Thành",Hát Trên Quê Hương 3,vpop-bolero-folk,https://music.youtube.com/watch?v=zpLy3lRvazo,https://i.ytimg.com/vi/zpLy3lRvazo/maxresdefault.jpg,Quang Lê/Hát Trên Quê Hương 3/Trả Yếm Cho Em.mp3
Xuân Này Con Không Về,Quang Lê,Quang Lê,Bến Xuân,vpop-bolero-folk,https://music.youtube.com/watch?v=imdZAepW3VY,https://i.ytimg.com/vi/imdZAepW3VY/maxresdefault.jpg,Quang Lê/Bến Xuân/Xuân Này Con Không Về.mp3
Hoa Trinh Nữ,Quang Lê,Quang Lê,Hát Trên Quê Hương 3,vpop-bolero-folk,https://music.youtube.com/watch?v=1_d4N2HhBmA,https://i.ytimg.com/vi/1_d4N2HhBmA/maxresdefault.jpg,Quang Lê/Hát Trên Quê Hương 3/Hoa Trinh Nữ.mp3
Hai Chuyến Tàu Đêm,Quang Lê,Quang Lê,Nếu Đời Không Có Anh,vpop-bolero-folk,https://music.youtube.com/watch?v=V1MYrCK42qc,https://i.ytimg.com/vi/V1MYrCK42qc/maxresdefault.jpg,Quang Lê/Nếu Đời Không Có Anh/Hai Chuyến Tàu Đêm.mp3
Cay Đắng Bờ Môi,Quang Lê,Quang Lê,Ba Mươi Năm Viễn Xứ,vpop-bolero-folk,https://music.youtube.com/watch?v=nM0-drz0toc,https://i.ytimg.com/vi/nM0-drz0toc/maxresdefault.jpg,Quang Lê/Ba Mươi Năm Viễn Xứ/Cay Đắng Bờ Môi.mp3
Đường Tím Bằng Lăng,Quang Lê,"Quang Lê, Mai Thiên Vân",Xuân Tao Ngộ,vpop-bolero-folk,https://music.youtube.com/watch?v=GRFS0GZ8tgE,https://i.ytimg.com/vi/GRFS0GZ8tgE/maxresdefault.jpg,Quang Lê/Xuân Tao Ngộ/Đường Tím Bằng Lăng.mp3
Thiệp Hồng Anh Viết Tên Em,Quang Lê,"Quang Lê, Mai Thiên Vân",Xuân Tao Ngộ,vpop-bolero-folk,https://music.youtube.com/watch?v=c_F59wGS7wU,https://i.ytimg.com/vi/c_F59wGS7wU/maxresdefault.jpg,Quang Lê/Xuân Tao Ngộ/Thiệp Hồng Anh Viết Tên Em.mp3
Mưa trên phố huế,Quang Lê,Quang Lê,Liveshow Hát trên quê hương 1,vpop-bolero-folk,https://music.youtube.com/watch?v=_KVLtubkk5w,https://i.ytimg.com/vi/_KVLtubkk5w/maxresdefault.jpg,Quang Lê/Liveshow Hát trên quê hương 1/Mưa trên phố huế.mp3
Bài Ca Tết Cho Em,Quang Lê,Quang Lê,Bài Ca Tết Cho Em,vpop-bolero-folk,https://music.youtube.com/watch?v=ZH9SXQeHR-s,https://i.ytimg.com/vi/ZH9SXQeHR-s/maxresdefault.jpg,Quang Lê/Bài Ca Tết Cho Em/Bài Ca Tết Cho Em.mp3
Đôi Mắt Người Xưa,Quang Lê,Quang Lê,Đôi Mắt Người Xưa,vpop-bolero-folk,https://music.youtube.com/watch?v=kalk5tyiVcs,https://i.ytimg.com/vi/kalk5tyiVcs/maxresdefault.jpg,Quang Lê/Đôi Mắt Người Xưa/Đôi Mắt Người Xưa.mp3
Cõi Nhớ,Quang Lê,Quang Lê,Phải Lòng Con Gái Bến Tre,vpop-bolero-folk,https://music.youtube.com/watch?v=t11P2gLFA3Q,https://i.ytimg.com/vi/t11P2gLFA3Q/maxresdefault.jpg,Quang Lê/Phải Lòng Con Gái Bến Tre/Cõi Nhớ.mp3
Người Yêu Cô Đơn,Quang Lê,"Quang Lê, Ngọc Sơn, Quang Linh",Hát Trên Quê Hương 3,vpop-bolero-folk,https://music.youtube.com/watch?v=Or1Kc3wPjok,https://i.ytimg.com/vi/Or1Kc3wPjok/maxresdefault.jpg,Quang Lê/Hát Trên Quê Hương 3/Người Yêu Cô Đơn.mp3
Liên khúc Sao chưa thấy hồi âm - Mưa nửa đêm,Quang Lê,"Cẩm Ly, Quang Lê",Xuân Phát Tài 9,vpop-bolero-folk,https://music.youtube.com/watch?v=EEfBr7YyZ4g,https://i.ytimg.com/vi/EEfBr7YyZ4g/maxresdefault.jpg,Quang Lê/Xuân Phát Tài 9/Liên khúc Sao chưa thấy hồi âm - Mưa nửa đêm.mp3
Tôi Vẫn Nhớ,Quang Lê,"Quang Lê, Quỳnh Dung, Ngân Giang",Tôi Vẫn Nhớ,vpop-bolero-folk,https://music.youtube.com/watch?v=hA5efqsdagg,https://i.ytimg.com/vi/hA5efqsdagg/maxresdefault.jpg,Quang Lê/Tôi Vẫn Nhớ/Tôi Vẫn Nhớ.mp3
Sầu Tím Thiệp Hồng,Lệ Quyên,"Lệ Quyên, Quang Le",Trả Lại Thời Gian (chủ đề Khúc Tình Xưa 2),vpop-bolero-folk,https://music.youtube.com/watch?v=tbTQnToJ1rE,https://i.ytimg.com/vi/tbTQnToJ1rE/maxresdefault.jpg,Lệ Quyên/Trả Lại Thời Gian (chủ đề Khúc Tình Xưa 2)/Sầu Tím Thiệp Hồng.mp3
TÌnh lỡ,Lệ Quyên,Lệ Quyên,Liveshow Hát trên quê hương 1,vpop-bolero-folk,https://music.youtube.com/watch?v=AyBWEIJD1Pk,https://i.ytimg.com/vi/AyBWEIJD1Pk/maxresdefault.jpg,Lệ Quyên/Liveshow Hát trên quê hương 1/TÌnh lỡ.mp3
Vì Em Còn Thương,Lệ Quyên,Lệ Quyên,Tình Khôn Nguôi,vpop-bolero-folk,https://music.youtube.com/watch?v=gAfOp8FvQFw,https://i.ytimg.com/vi/gAfOp8FvQFw/maxresdefault.jpg,Lệ Quyên/Tình Khôn Nguôi/Vì Em Còn Thương.mp3
Nối Lại Tình Xưa,Lệ Quyên,"Quang Lê, Lệ Quyên",Hát Trên Quê Hương 4,vpop-bolero-folk,https://music.youtube.com/watch?v=Oubf-A5YiV4,https://i.ytimg.com/vi/Oubf-A5YiV4/maxresdefault.jpg,Lệ Quyên/Hát Trên Quê Hương 4/Nối Lại Tình Xưa.mp3
Nếu Như Ngày Đó,Lệ Quyên,Lệ Quyên,Nếu Như Ngày Đó,vpop-bolero-folk,https://music.youtube.com/watch?v=94nbWldbmB8,https://i.ytimg.com/vi/94nbWldbmB8/maxresdefault.jpg,Lệ Quyên/Nếu Như Ngày Đó/Nếu Như Ngày Đó.mp3
Nếu em được chọn lựa,Lệ Quyên,Lệ Quyên,Anh Vẫn Còn Yêu Em,vpop-bolero-folk,https://music.youtube.com/watch?v=O43udVcnH5A,https://i.ytimg.com/vi/O43udVcnH5A/maxresdefault.jpg,Lệ Quyên/Anh Vẫn Còn Yêu Em/Nếu em được chọn lựa.mp3
Thôi Đừng Chiêm Bao,Lệ Quyên,Lệ Quyên,"Giấc Mơ Có Thật, Vol. 1",vpop-bolero-folk,https://music.youtube.com/watch?v=XHwhpc8xwYE,https://i.ytimg.com/vi/XHwhpc8xwYE/maxresdefault.jpg,"Lệ Quyên/Giấc Mơ Có Thật, Vol. 1/Thôi Đừng Chiêm Bao.mp3"
Giấc Mơ Có Thật,Lệ Quyên,Lệ Quyên,"Giấc Mơ Có Thật, Vol. 1",vpop-bolero-folk,https://music.youtube.com/watch?v=c6EBuAUfNHU,https://i.ytimg.com/vi/c6EBuAUfNHU/maxresdefault.jpg,"Lệ Quyên/Giấc Mơ Có Thật, Vol. 1/Giấc Mơ Có Thật.mp3"
Quán Gấm Đầu Làng,Lệ Quyên,"Minh Cảnh, Chí Tâm, Lệ Quyên",Quán Gấm Đầu Làng,vpop-bolero-folk,https://music.youtube.com/watch?v=_aqfqiWGL_I,https://i.ytimg.com/vi/_aqfqiWGL_I/maxresdefault.jpg,Lệ Quyên/Quán Gấm Đầu Làng/Quán Gấm Đầu Làng.mp3
Không Còn Nợ Nhau,Lệ Quyên,Lệ Quyên,Tình Khôn Nguôi,vpop-bolero-folk,https://music.youtube.com/watch?v=30ZMt55eLds,https://i.ytimg.com/vi/30ZMt55eLds/maxresdefault.jpg,Lệ Quyên/Tình Khôn Nguôi/Không Còn Nợ Nhau.mp3
Hãy Trả Lời Em,Lệ Quyên,Lệ Quyên,"Giấc Mơ Có Thật, Vol. 1",vpop-bolero-folk,https://music.youtube.com/watch?v=tPULLsz1wls,https://i.ytimg.com/vi/tPULLsz1wls/maxresdefault.jpg,"Lệ Quyên/Giấc Mơ Có Thật, Vol. 1/Hãy Trả Lời Em.mp3"
Sầu Lẻ Bóng,Lệ Quyên,Lệ Quyên,Khúc Tình Xưa 1,vpop-bolero-folk,https://music.youtube.com/watch?v=hSQU4Uw1Fjw,https://i.ytimg.com/vi/hSQU4Uw1Fjw/maxresdefault.jpg,Lệ Quyên/Khúc Tình Xưa 1/Sầu Lẻ Bóng.mp3
Đoạn tuyệt,Lệ Quyên,Lệ Quyên,Lệ Quyên - Liveshow concert,vpop-bolero-folk,https://music.youtube.com/watch?v=_9K5U5VyFbY,https://i.ytimg.com/vi/_9K5U5VyFbY/maxresdefault.jpg,Lệ Quyên/Lệ Quyên - Liveshow concert/Đoạn tuyệt.mp3
Đồi Thông Hai Mộ,Lệ Quyên,Lệ Quyên,Khúc Tình Xưa 1,vpop-bolero-folk,https://music.youtube.com/watch?v=WwsmFzoGCoE,https://i.ytimg.com/vi/WwsmFzoGCoE/maxresdefault.jpg,Lệ Quyên/Khúc Tình Xưa 1/Đồi Thông Hai Mộ.mp3
Tình Đời,Lệ Quyên,Lệ Quyên,Khúc Tình Xưa,vpop-bolero-folk,https://music.youtube.com/watch?v=IGOTQzacocQ,https://i.ytimg.com/vi/IGOTQzacocQ/maxresdefault.jpg,Lệ Quyên/Khúc Tình Xưa/Tình Đời.mp3
Xóm Đêm,Lệ Quyên,Lệ Quyên,Dòng Thời Gian,vpop-bolero-folk,https://music.youtube.com/watch?v=vjH0v0NDce8,https://i.ytimg.com/vi/vjH0v0NDce8/maxresdefault.jpg,Lệ Quyên/Dòng Thời Gian/Xóm Đêm.mp3
Nỗi Đau Ngự Trị,Lệ Quyên,Lệ Quyên,Love Concert 2023,vpop-bolero-folk,https://music.youtube.com/watch?v=P7F-LfnAf-4,https://i.ytimg.com/vi/P7F-LfnAf-4/maxresdefault.jpg,Lệ Quyên/Love Concert 2023/Nỗi Đau Ngự Trị.mp3
Nỗi Đau Ngự Trị,Lệ Quyên,Lệ Quyên,Để Nhớ Một Thời Ta Đã Yêu,vpop-bolero-folk,https://music.youtube.com/watch?v=mP_QoEsd-yA,https://i.ytimg.com/vi/mP_QoEsd-yA/maxresdefault.jpg,Lệ Quyên/Để Nhớ Một Thời Ta Đã Yêu/Nỗi Đau Ngự Trị.mp3
Để Nhớ Một Thời Ta Đã Yêu,Lệ Quyên,Lệ Quyên,Để Nhớ Một Thời Ta Đã Yêu,vpop-bolero-folk,https://music.youtube.com/watch?v=OCzdA_-3HSc,https://i.ytimg.com/vi/OCzdA_-3HSc/maxresdefault.jpg,Lệ Quyên/Để Nhớ Một Thời Ta Đã Yêu/Để Nhớ Một Thời Ta Đã Yêu.mp3
Mưa Nửa Đêm,Lệ Quyên,Lệ Quyên,Khúc Tình Xưa,vpop-bolero-folk,https://music.youtube.com/watch?v=i_lMd8L-3DU,https://i.ytimg.com/vi/i_lMd8L-3DU/maxresdefault.jpg,Lệ Quyên/Khúc Tình Xưa/Mưa Nửa Đêm.mp3
Mùa Đông Của Anh,Lệ Quyên,Lệ Quyên,Khúc Tình Xưa 1,vpop-bolero-folk,https://music.youtube.com/watch?v=KyfiCX0cauA,https://i.ytimg.com/vi/KyfiCX0cauA/maxresdefault.jpg,Lệ Quyên/Khúc Tình Xưa 1/Mùa Đông Của Anh.mp3
Nhật Ký Hai Đứa Mình,Lệ Quyên,"Quang Lê, Lệ Quyên",Hát Trên Quê Hương 4,vpop-bolero-folk,https://music.youtube.com/watch?v=rL9mR5D_tP4,https://i.ytimg.com/vi/rL9mR5D_tP4/maxresdefault.jpg,Lệ Quyên/Hát Trên Quê Hương 4/Nhật Ký Hai Đứa Mình.mp3
Như giấc chiêm bao,Lệ Quyên,"Tuấn Hưng, Lệ Quyên",Anh Vẫn Còn Yêu Em,vpop-bolero-folk,https://music.youtube.com/watch?v=A_xDPkFrsXI,https://i.ytimg.com/vi/A_xDPkFrsXI/maxresdefault.jpg,Lệ Quyên/Anh Vẫn Còn Yêu Em/Như giấc chiêm bao.mp3
Gõ Cửa Trái Tim,Lệ Quyên,"Quang Lê, Lệ Quyên",Hát Trên Quê Hương 2,vpop-bolero-folk,https://music.youtube.com/watch?v=MNPnV-mmRCk,https://i.ytimg.com/vi/MNPnV-mmRCk/maxresdefault.jpg,Lệ Quyên/Hát Trên Quê Hương 2/Gõ Cửa Trái Tim.mp3
Trái Tim Tổn Thương,Lệ Quyên,"Lệ Quyên, Nguyễn Minh Cường",Trái Tim Tổn Thương,vpop-bolero-folk,https://music.youtube.com/watch?v=QNO9_gTzkMc,https://i.ytimg.com/vi/QNO9_gTzkMc/maxresdefault.jpg,Lệ Quyên/Trái Tim Tổn Thương/Trái Tim Tổn Thương.mp3
Ngại Ngùng,Lệ Quyên,Lệ Quyên,Khúc Tình Xưa 6,vpop-bolero-folk,https://music.youtube.com/watch?v=Ii7qarkw2ik,https://i.ytimg.com/vi/Ii7qarkw2ik/maxresdefault.jpg,Lệ Quyên/Khúc Tình Xưa 6/Ngại Ngùng.mp3
Dạ khúc,Lệ Quyên,Lệ Quyên,Ai khổ vì ai,vpop-bolero-folk,https://music.youtube.com/watch?v=-KzjEZ8mkK0,https://i.ytimg.com/vi/-KzjEZ8mkK0/maxresdefault.jpg,Lệ Quyên/Ai khổ vì ai/Dạ khúc.mp3
Ta đã từng yêu,Lệ Quyên,Lệ Quyên,Anh Vẫn Còn Yêu Em,vpop-bolero-folk,https://music.youtube.com/watch?v=8f_sLAidohA,https://i.ytimg.com/vi/8f_sLAidohA/maxresdefault.jpg,Lệ Quyên/Anh Vẫn Còn Yêu Em/Ta đã từng yêu.mp3
Thành Phố Buồn,Lệ Quyên,Lệ Quyên,Hát Trên Quê Hương 4,vpop-bolero-folk,https://music.youtube.com/watch?v=qdx76T3ZcDM,https://i.ytimg.com/vi/qdx76T3ZcDM/maxresdefault.jpg,Lệ Quyên/Hát Trên Quê Hương 4/Thành Phố Buồn.mp3
Ai Khổ Vì Ai,Lệ Quyên,Lệ Quyên,Trả Lại Thời Gian (chủ đề Khúc Tình Xưa 2),vpop-bolero-folk,https://music.youtube.com/watch?v=WG_wx4XraYU,https://i.ytimg.com/vi/WG_wx4XraYU/maxresdefault.jpg,Lệ Quyên/Trả Lại Thời Gian (chủ đề Khúc Tình Xưa 2)/Ai Khổ Vì Ai.mp3
Mong Manh Tình Về,Lệ Quyên,"Lệ Quyên, Hoài Sa, Đức Trí, Trương Hồ Phương Nga",The Best Cover (Ep.2),vpop-bolero-folk,https://music.youtube.com/watch?v=TccH0Kst7Dg,https://i.ytimg.com/vi/TccH0Kst7Dg/maxresdefault.jpg,Lệ Quyên/The Best Cover (Ep.2)/Mong Manh Tình Về.mp3
Con Tim Anh Đã Đổi Thay,Lệ Quyên,Lệ Quyên,Còn Trong Kỷ Niệm,vpop-bolero-folk,https://music.youtube.com/watch?v=Uh7dPEty9Gg,https://i.ytimg.com/vi/Uh7dPEty9Gg/maxresdefault.jpg,Lệ Quyên/Còn Trong Kỷ Niệm/Con Tim Anh Đã Đổi Thay.mp3
Tìm Lại Lần Nữa,Lệ Quyên,Lệ Quyên,Để Nhớ Một Thời Ta Đã Yêu,vpop-bolero-folk,https://music.youtube.com/watch?v=LxMZM2jNGEk,https://i.ytimg.com/vi/LxMZM2jNGEk/maxresdefault.jpg,Lệ Quyên/Để Nhớ Một Thời Ta Đã Yêu/Tìm Lại Lần Nữa.mp3
Sang Ngang,Lệ Quyên,Lệ Quyên,Trả Lại Thời Gian (chủ đề Khúc Tình Xưa 2),vpop-bolero-folk,https://music.youtube.com/watch?v=76by_8oGMJk,https://i.ytimg.com/vi/76by_8oGMJk/maxresdefault.jpg,Lệ Quyên/Trả Lại Thời Gian (chủ đề Khúc Tình Xưa 2)/Sang Ngang.mp3
Đoạn Tuyệt,Lệ Quyên,Lệ Quyên,Còn Trong Kỷ Niệm,vpop-bolero-folk,https://music.youtube.com/watch?v=0ckUX6npX70,https://i.ytimg.com/vi/0ckUX6npX70/maxresdefault.jpg,Lệ Quyên/Còn Trong Kỷ Niệm/Đoạn Tuyệt.mp3
Chuyến Tàu Hoàng Hôn,Lệ Quyên,Lệ Quyên,Đêm Tâm Sự (Khúc Tình Xưa 3),vpop-bolero-folk,https://music.youtube.com/watch?v=Q-FvLGXYoTk,https://i.ytimg.com/vi/Q-FvLGXYoTk/maxresdefault.jpg,Lệ Quyên/Đêm Tâm Sự (Khúc Tình Xưa 3)/Chuyến Tàu Hoàng Hôn.mp3
Người Tình Không Đến (Xuân Phát Tài 13),Lệ Quyên,Lệ Quyên,Người Tình Không Đến (Xuân Phát Tài 13),vpop-bolero-folk,https://music.youtube.com/watch?v=3ZNxK0VzgYU,https://i.ytimg.com/vi/3ZNxK0VzgYU/maxresdefault.jpg,Lệ Quyên/Người Tình Không Đến (Xuân Phát Tài 13)/Người Tình Không Đến (Xuân Phát Tài 13).mp3
Quá muộn màng,Lệ Quyên,"Lệ Quyên, Hồ Trung Dũng",Anh Vẫn Còn Yêu Em,vpop-bolero-folk,https://music.youtube.com/watch?v=M69hijXciec,https://i.ytimg.com/vi/M69hijXciec/maxresdefault.jpg,Lệ Quyên/Anh Vẫn Còn Yêu Em/Quá muộn màng.mp3
Cô Đôi Thượng Ngàn,Lệ Quyên,Lệ Quyên,Q Show 2 - Kỉ Niệm 20 Năm Ca Hát,vpop-bolero-folk,https://music.youtube.com/watch?v=kS8FI3mhiZc,https://i.ytimg.com/vi/kS8FI3mhiZc/maxresdefault.jpg,Lệ Quyên/Q Show 2 - Kỉ Niệm 20 Năm Ca Hát/Cô Đôi Thượng Ngàn.mp3
Đắng Cay,Lệ Quyên,Lệ Quyên,Như Giấc Chiêm Bao,vpop-bolero-folk,https://music.youtube.com/watch?v=U0WQqoxCZK8,https://i.ytimg.com/vi/U0WQqoxCZK8/maxresdefault.jpg,Lệ Quyên/Như Giấc Chiêm Bao/Đắng Cay.mp3
Hàn Mặc Tử,Lệ Quyên,Lệ Quyên,Khúc Tình Xưa 1,vpop-bolero-folk,https://music.youtube.com/watch?v=Kxcq-Goi3ew,https://i.ytimg.com/vi/Kxcq-Goi3ew/maxresdefault.jpg,Lệ Quyên/Khúc Tình Xưa 1/Hàn Mặc Tử.mp3
Sao Chưa Thấy Hồi Âm,Lệ Quyên,Lệ Quyên,Khúc Tình Xưa 5 (Hẹn Hò),vpop-bolero-folk,https://music.youtube.com/watch?v=UHf9LzpiwAE,https://i.ytimg.com/vi/UHf9LzpiwAE/maxresdefault.jpg,Lệ Quyên/Khúc Tình Xưa 5 (Hẹn Hò)/Sao Chưa Thấy Hồi Âm.mp3
Giã Từ,Lệ Quyên,Lệ Quyên,Khúc Tình Xưa 6,vpop-bolero-folk,https://music.youtube.com/watch?v=UQr-MnP9LLI,https://i.ytimg.com/vi/UQr-MnP9LLI/maxresdefault.jpg,Lệ Quyên/Khúc Tình Xưa 6/Giã Từ.mp3
Cho Vừa Lòng Em,Lệ Quyên,Lệ Quyên,Đêm Tâm Sự (Khúc Tình Xưa 3),vpop-bolero-folk,https://music.youtube.com/watch?v=hNOxtQUQHw8,https://i.ytimg.com/vi/hNOxtQUQHw8/maxresdefault.jpg,Lệ Quyên/Đêm Tâm Sự (Khúc Tình Xưa 3)/Cho Vừa Lòng Em.mp3
Mùa Đông Của Anh,Lệ Quyên,Lệ Quyên,Phận Tơ Tằm,vpop-bolero-folk,https://music.youtube.com/watch?v=4gzmf3rztWw,https://i.ytimg.com/vi/4gzmf3rztWw/maxresdefault.jpg,Lệ Quyên/Phận Tơ Tằm/Mùa Đông Của Anh.mp3
Nói Với Người Tình,Lệ Quyên,"Quang Lê, Lệ Quyên",Hát Trên Quê Hương 3,vpop-bolero-folk,https://music.youtube.com/watch?v=zHrxWIE5DD0,https://i.ytimg.com/vi/zHrxWIE5DD0/maxresdefault.jpg,Lệ Quyên/Hát Trên Quê Hương 3/Nói Với Người Tình.mp3
Phút cuối,Lệ Quyên,"Quang Lê, Lệ Quyên",Xuân Phát Tài 7,vpop-bolero-folk,https://music.youtube.com/watch?v=y7rqbRZXWns,https://i.ytimg.com/vi/y7rqbRZXWns/maxresdefault.jpg,Lệ Quyên/Xuân Phát Tài 7/Phút cuối.mp3
Vì Đóa Hoa Bị Lãng Quên,Lệ Quyên,"Lệ Quyên, Hứa Kim Tuyền",Vì Đóa Hoa Bị Lãng Quên,vpop-bolero-folk,https://music.youtube.com/watch?v=JgnJ34Wdlf8,https://i.ytimg.com/vi/JgnJ34Wdlf8/maxresdefault.jpg,Lệ Quyên/Vì Đóa Hoa Bị Lãng Quên/Vì Đóa Hoa Bị Lãng Quên.mp3
Người Đi Ngoài Phố,Lệ Quyên,Lệ Quyên,Đêm Tâm Sự (Khúc Tình Xưa 3),vpop-bolero-folk,https://music.youtube.com/watch?v=lCWNqvCCsgI,https://i.ytimg.com/vi/lCWNqvCCsgI/maxresdefault.jpg,Lệ Quyên/Đêm Tâm Sự (Khúc Tình Xưa 3)/Người Đi Ngoài Phố.mp3
Phà Tình Lênh Đênh (feat. Tố My),Đan Trường,"Đan Trường, Tố My",Phà Tình Lênh Đênh (feat. Tố My),vpop-bolero-folk,https://music.youtube.com/watch?v=QeKkpdDvv6g,https://i.ytimg.com/vi/QeKkpdDvv6g/maxresdefault.jpg,Đan Trường/Phà Tình Lênh Đênh (feat. Tố My)/Phà Tình Lênh Đênh (feat. Tố My).mp3
Chim Trắng Mồ Côi (feat. Cẩm Ly),Đan Trường,"Đan Trường, Cẩm Ly",Mãi Mãi Một Tình Yêu,vpop-bolero-folk,https://music.youtube.com/watch?v=urRiK4qrrRE,https://i.ytimg.com/vi/urRiK4qrrRE/maxresdefault.jpg,Đan Trường/Mãi Mãi Một Tình Yêu/Chim Trắng Mồ Côi (feat. Cẩm Ly).mp3
Anh Ba Chi Tu,Đan Trường,Dan Truong,Loi Tien Tri,vpop-bolero-folk,https://music.youtube.com/watch?v=R81EKk5trm8,https://i.ytimg.com/vi/R81EKk5trm8/maxresdefault.jpg,Đan Trường/Loi Tien Tri/Anh Ba Chi Tu.mp3
Tinh Khuc Vang,Đan Trường,Dan Truong,Nhung Tinh Khuc Hoai An,vpop-bolero-folk,https://music.youtube.com/watch?v=ZwyOHLXKMn0,https://i.ytimg.com/vi/ZwyOHLXKMn0/maxresdefault.jpg,Đan Trường/Nhung Tinh Khuc Hoai An/Tinh Khuc Vang.mp3
Biet Khuc Cho Nhau,Đan Trường,Dan Truong,Biet Khuc Cho Nhau,vpop-bolero-folk,https://music.youtube.com/watch?v=Vi-xkdmT--8,https://i.ytimg.com/vi/Vi-xkdmT--8/maxresdefault.jpg,Đan Trường/Biet Khuc Cho Nhau/Biet Khuc Cho Nhau.mp3
Ảo Mộng Tình Yêu (feat. Cẩm Ly),Đan Trường,"Đan Trường, Cẩm Ly",Tuyển Tập Những Bài Hát Hay Nhất Của Đan Trường,vpop-bolero-folk,https://music.youtube.com/watch?v=8V0x3reEvG4,https://i.ytimg.com/vi/8V0x3reEvG4/maxresdefault.jpg,Đan Trường/Tuyển Tập Những Bài Hát Hay Nhất Của Đan Trường/Ảo Mộng Tình Yêu (feat. Cẩm Ly).mp3
Kiếp ve sầu,Đan Trường,Dan Truong,Kiếp ve sầu,vpop-bolero-folk,https://music.youtube.com/watch?v=5WbVJk9Eqrw,https://i.ytimg.com/vi/5WbVJk9Eqrw/maxresdefault.jpg,Đan Trường/Kiếp ve sầu/Kiếp ve sầu.mp3
Nội Tôi,Đan Trường,"Dương Ngọc Thái, Đan Trường",Liveshow Dương Ngọc Thái: Một Thoáng Quê Hương 2,vpop-bolero-folk,https://music.youtube.com/watch?v=79rPnTNk8D0,https://i.ytimg.com/vi/79rPnTNk8D0/maxresdefault.jpg,Đan Trường/Liveshow Dương Ngọc Thái_ Một Thoáng Quê Hương 2/Nội Tôi.mp3
Dòng Máu Lạc Hồng,Đan Trường,Đan Trường,Một Ngày Đi Qua,vpop-bolero-folk,https://music.youtube.com/watch?v=C7rMcFB6UdE,https://i.ytimg.com/vi/C7rMcFB6UdE/maxresdefault.jpg,Đan Trường/Một Ngày Đi Qua/Dòng Máu Lạc Hồng.mp3
Mãi Mãi Một Tình Yêu,Đan Trường,Đan Trường,Dòng Đời Trôi Mãi,vpop-bolero-folk,https://music.youtube.com/watch?v=wztx_M0YaBs,https://i.ytimg.com/vi/wztx_M0YaBs/maxresdefault.jpg,Đan Trường/Dòng Đời Trôi Mãi/Mãi Mãi Một Tình Yêu.mp3
Còn Lại Một Mình,Đan Trường,Đan Trường,Con Đường Xưa Em Đi,vpop-bolero-folk,https://music.youtube.com/watch?v=l6mlAAvCWY0,https://i.ytimg.com/vi/l6mlAAvCWY0/maxresdefault.jpg,Đan Trường/Con Đường Xưa Em Đi/Còn Lại Một Mình.mp3
Anh Ba Khía,Đan Trường,Đan Trường,Tự Tình Quê Hương II,vpop-bolero-folk,https://music.youtube.com/watch?v=2A11iwgq6XU,https://i.ytimg.com/vi/2A11iwgq6XU/maxresdefault.jpg,Đan Trường/Tự Tình Quê Hương II/Anh Ba Khía.mp3
Bước chân lẻ loi,Đan Trường,Đan Trường,Con Sóng Yêu Thương,vpop-bolero-folk,https://music.youtube.com/watch?v=qeWO4pkstm4,https://i.ytimg.com/vi/qeWO4pkstm4/maxresdefault.jpg,Đan Trường/Con Sóng Yêu Thương/Bước chân lẻ loi.mp3
Đau Xót Lý Con Cua,Đan Trường,"Cẩm Ly, Đan Trường",Lâu Đài Tình Ái,vpop-bolero-folk,https://music.youtube.com/watch?v=1ig9LSZ2MiU,https://i.ytimg.com/vi/1ig9LSZ2MiU/maxresdefault.jpg,Đan Trường/Lâu Đài Tình Ái/Đau Xót Lý Con Cua.mp3
Mưa trên cuộc tình,Đan Trường,Dan Truong,Mưa trên cuộc tình,vpop-bolero-folk,https://music.youtube.com/watch?v=P97MeBjmNqk,https://i.ytimg.com/vi/P97MeBjmNqk/maxresdefault.jpg,Đan Trường/Mưa trên cuộc tình/Mưa trên cuộc tình.mp3
Đan Trường | Tình Đơn Phương,Đan Trường,Đan Trường,Tình Đơn Phương,vpop-bolero-folk,https://music.youtube.com/watch?v=NrGHun86fAI,https://i.ytimg.com/vi/NrGHun86fAI/maxresdefault.jpg,Đan Trường/Tình Đơn Phương/Đan Trường _ Tình Đơn Phương.mp3
Đi Về Nơi Xa,Đan Trường,Đan Trường,Mười Năm Tình Cũ,vpop-bolero-folk,https://music.youtube.com/watch?v=nyjZmczLZqk,https://i.ytimg.com/vi/nyjZmczLZqk/maxresdefault.jpg,Đan Trường/Mười Năm Tình Cũ/Đi Về Nơi Xa.mp3
Mot Doi Nguoi Mot Rung Cay,Đan Trường,Dan Truong,Nhu Khuc Tinh Ca,vpop-bolero-folk,https://music.youtube.com/watch?v=AVKfRhJaYwg,https://i.ytimg.com/vi/AVKfRhJaYwg/maxresdefault.jpg,Đan Trường/Nhu Khuc Tinh Ca/Mot Doi Nguoi Mot Rung Cay.mp3
Nội Tôi,Đan Trường,Đan Trường,"Lỡ Duyên Rồi, Vol. 24",vpop-bolero-folk,https://music.youtube.com/watch?v=JSNuYemiHtA,https://i.ytimg.com/vi/JSNuYemiHtA/maxresdefault.jpg,"Đan Trường/Lỡ Duyên Rồi, Vol. 24/Nội Tôi.mp3"
Thiên Hạ Hữu Tình Nhân (feat. Juky San),Đan Trường,"Đan Trường, Juky San",Thiên Hạ Hữu Tình Nhân (feat. Juky San),vpop-bolero-folk,https://music.youtube.com/watch?v=I77LNpG5fgw,https://i.ytimg.com/vi/I77LNpG5fgw/maxresdefault.jpg,Đan Trường/Thiên Hạ Hữu Tình Nhân (feat. Juky San)/Thiên Hạ Hữu Tình Nhân (feat. Juky San).mp3
CÓ AI ÉP TA YÊU HỌ ĐÂU,Đan Trường,Đan Trường,CÓ AI ÉP TA YÊU HỌ ĐÂU,vpop-bolero-folk,https://music.youtube.com/watch?v=6y0sFRmZ_Kk,https://i.ytimg.com/vi/6y0sFRmZ_Kk/maxresdefault.jpg,Đan Trường/CÓ AI ÉP TA YÊU HỌ ĐÂU/CÓ AI ÉP TA YÊU HỌ ĐÂU.mp3
Cho Tren Thang Nam,Đan Trường,Dan Truong,Loi Ru Tinh,vpop-bolero-folk,https://music.youtube.com/watch?v=POjdcLMOKKc,https://i.ytimg.com/vi/POjdcLMOKKc/maxresdefault.jpg,Đan Trường/Loi Ru Tinh/Cho Tren Thang Nam.mp3
Khung trời ngày xưa,Đan Trường,"Cẩm Ly, Đan Trường",Thầm mong,vpop-bolero-folk,https://music.youtube.com/watch?v=JhynnLNbToU,https://i.ytimg.com/vi/JhynnLNbToU/maxresdefault.jpg,Đan Trường/Thầm mong/Khung trời ngày xưa.mp3
Đừng Yêu Ký Ức,Đan Trường,Đan Trường,Đừng Yêu Ký Ức,vpop-bolero-folk,https://music.youtube.com/watch?v=ya3YpG6fk0M,https://i.ytimg.com/vi/ya3YpG6fk0M/maxresdefault.jpg,Đan Trường/Đừng Yêu Ký Ức/Đừng Yêu Ký Ức.mp3
Thương Thầm,Đan Trường,Đan Trường,Thương Thầm,vpop-bolero-folk,https://music.youtube.com/watch?v=dl_PbBzl5WA,https://i.ytimg.com/vi/dl_PbBzl5WA/maxresdefault.jpg,Đan Trường/Thương Thầm/Thương Thầm.mp3
Phieu Du,Đan Trường,Dan Truong,Buoc Chan Tinh Xa,vpop-bolero-folk,https://music.youtube.com/watch?v=nbRwtn5i-vM,https://i.ytimg.com/vi/nbRwtn5i-vM/maxresdefault.jpg,Đan Trường/Buoc Chan Tinh Xa/Phieu Du.mp3
Tình Đơn Phương,Đan Trường,Đan Trường,Tuyển Tập Những Bài Hát Hay Nhất Của Đan Trường,vpop-bolero-folk,https://music.youtube.com/watch?v=AcaAGWrkE7M,https://i.ytimg.com/vi/AcaAGWrkE7M/maxresdefault.jpg,Đan Trường/Tuyển Tập Những Bài Hát Hay Nhất Của Đan Trường/Tình Đơn Phương.mp3
Trách Mẹ Làm Chi,Đan Trường,Đan Trường,Trách Mẹ Làm Chi,vpop-bolero-folk,https://music.youtube.com/watch?v=luqeWLRp3R8,https://i.ytimg.com/vi/luqeWLRp3R8/maxresdefault.jpg,Đan Trường/Trách Mẹ Làm Chi/Trách Mẹ Làm Chi.mp3
Hùng Thiêng Âu Lạc,Đan Trường,Dan Truong,Hùng Thiêng Âu Lạc,vpop-bolero-folk,https://music.youtube.com/watch?v=5vX41_ZkZoM,https://i.ytimg.com/vi/5vX41_ZkZoM/maxresdefault.jpg,Đan Trường/Hùng Thiêng Âu Lạc/Hùng Thiêng Âu Lạc.mp3
Tình Quay Gót,Đan Trường,Đan Trường,Mưa Trên Cuộc Tình,vpop-bolero-folk,https://music.youtube.com/watch?v=rpItqsXQ2XE,https://i.ytimg.com/vi/rpItqsXQ2XE/maxresdefault.jpg,Đan Trường/Mưa Trên Cuộc Tình/Tình Quay Gót.mp3
Ngày Hạnh Phúc,Đan Trường,Đan Trường,Mừng Tân Hôn,vpop-bolero-folk,https://music.youtube.com/watch?v=PmeqalUaA_A,https://i.ytimg.com/vi/PmeqalUaA_A/maxresdefault.jpg,Đan Trường/Mừng Tân Hôn/Ngày Hạnh Phúc.mp3
Cuộc Tình Trong Cơn Mưa,Đan Trường,Đan Trường,Cuộc Tình Trong Cơn Mưa,vpop-bolero-folk,https://music.youtube.com/watch?v=_oBH2Sc8m2w,https://i.ytimg.com/vi/_oBH2Sc8m2w/maxresdefault.jpg,Đan Trường/Cuộc Tình Trong Cơn Mưa/Cuộc Tình Trong Cơn Mưa.mp3
Khi Cô Đơn Em Nhớ Ai,Đan Trường,Đan Trường,Lời Nguyện Cầu Tình Yêu,vpop-bolero-folk,https://music.youtube.com/watch?v=VLejg0Cqhjk,https://i.ytimg.com/vi/VLejg0Cqhjk/maxresdefault.jpg,Đan Trường/Lời Nguyện Cầu Tình Yêu/Khi Cô Đơn Em Nhớ Ai.mp3
Bóng Dáng Thiên Thần,Đan Trường,Đan Trường,Bóng Dáng Thiên Thần,vpop-bolero-folk,https://music.youtube.com/watch?v=Wi9BNz3Lc7M,https://i.ytimg.com/vi/Wi9BNz3Lc7M/maxresdefault.jpg,Đan Trường/Bóng Dáng Thiên Thần/Bóng Dáng Thiên Thần.mp3
Con song yeu thuong,Đan Trường,Dan Truong,Bai ca Mi Ya Hee,vpop-bolero-folk,https://music.youtube.com/watch?v=CaGRZ8EjQfc,https://i.ytimg.com/vi/CaGRZ8EjQfc/maxresdefault.jpg,Đan Trường/Bai ca Mi Ya Hee/Con song yeu thuong.mp3
Thiên Hạ Hữu Tình Nhân (feat. Lương Bích Hữu),Đan Trường,"Đan Trường, Lương Bích Hữu",Thiên Hạ Hữu Tình Nhân (feat. Lương Bích Hữu),vpop-bolero-folk,https://music.youtube.com/watch?v=rkdcMxi6Uoo,https://i.ytimg.com/vi/rkdcMxi6Uoo/maxresdefault.jpg,Đan Trường/Thiên Hạ Hữu Tình Nhân (feat. Lương Bích Hữu)/Thiên Hạ Hữu Tình Nhân (feat. Lương Bích Hữu).mp3
Hôn Môi Xa,Đan Trường,Đan Trường,Tổ khúc - Nhạc Trẻ Sài Gòn,vpop-bolero-folk,https://music.youtube.com/watch?v=6a8pFeYxJUU,https://i.ytimg.com/vi/6a8pFeYxJUU/maxresdefault.jpg,Đan Trường/Tổ khúc - Nhạc Trẻ Sài Gòn/Hôn Môi Xa.mp3
Ngôi Sao Bay,Đan Trường,Đan Trường,Bài Ca Mi Ya Hee,vpop-bolero-folk,https://music.youtube.com/watch?v=MUpnREFlJ6s,https://i.ytimg.com/vi/MUpnREFlJ6s/maxresdefault.jpg,Đan Trường/Bài Ca Mi Ya Hee/Ngôi Sao Bay.mp3
Trang Vo,Đan Trường,Dan Truong,Trang Web Mong Cho,vpop-bolero-folk,https://music.youtube.com/watch?v=qjmgA3P9eJc,https://i.ytimg.com/vi/qjmgA3P9eJc/maxresdefault.jpg,Đan Trường/Trang Web Mong Cho/Trang Vo.mp3
Anh Vẫn Đợi Chờ,Đan Trường,Đan Trường,Anh Vẫn Đợi Chờ,vpop-bolero-folk,https://music.youtube.com/watch?v=lVd_JtlTVto,https://i.ytimg.com/vi/lVd_JtlTVto/maxresdefault.jpg,Đan Trường/Anh Vẫn Đợi Chờ/Anh Vẫn Đợi Chờ.mp3
Nhung Mua Dau Yeu,Đan Trường,Dan Truong,Loi Ru Tinh,vpop-bolero-folk,https://music.youtube.com/watch?v=dQelPKvmfig,https://i.ytimg.com/vi/dQelPKvmfig/maxresdefault.jpg,Đan Trường/Loi Ru Tinh/Nhung Mua Dau Yeu.mp3
Cắn Môi Tình Còn Đâu,Đan Trường,Đan Trường,Bài Ca Mi Ya Hee,vpop-bolero-folk,https://music.youtube.com/watch?v=Twy2UdKLkPg,https://i.ytimg.com/vi/Twy2UdKLkPg/maxresdefault.jpg,Đan Trường/Bài Ca Mi Ya Hee/Cắn Môi Tình Còn Đâu.mp3
Người Đơn Phương Yêu Kẻ Đơn Phương,Đan Trường,Dan Truong,Người Đơn Phương Yêu Kẻ Đơn Phương,vpop-bolero-folk,https://music.youtube.com/watch?v=a8gDSTYxxNs,https://i.ytimg.com/vi/a8gDSTYxxNs/maxresdefault.jpg,Đan Trường/Người Đơn Phương Yêu Kẻ Đơn Phương/Người Đơn Phương Yêu Kẻ Đơn Phương.mp3
Nếu phôi pha ngày mai,Đan Trường,"Cẩm Ly, Đan Trường",Thầm mong,vpop-bolero-folk,https://music.youtube.com/watch?v=jLSjyuy4e6o,https://i.ytimg.com/vi/jLSjyuy4e6o/maxresdefault.jpg,Đan Trường/Thầm mong/Nếu phôi pha ngày mai.mp3
Lien Khuc Noi Toi,Đan Trường,DAN TRUONG,THU PHAP,vpop-bolero-folk,https://music.youtube.com/watch?v=SfNBdIHtCp4,https://i.ytimg.com/vi/SfNBdIHtCp4/maxresdefault.jpg,Đan Trường/THU PHAP/Lien Khuc Noi Toi.mp3
Anh Phải Làm Sao,Đan Trường,Đan Trường,Anh Phải Làm Sao,vpop-bolero-folk,https://music.youtube.com/watch?v=unPdAgZeLpA,https://i.ytimg.com/vi/unPdAgZeLpA/maxresdefault.jpg,Đan Trường/Anh Phải Làm Sao/Anh Phải Làm Sao.mp3
Liên khúc: Chuyện Ba Người,Đan Trường,"Cẩm Ly, Quang Linh, Đan Trường",Tự Tình Quê Hương II,vpop-bolero-folk,https://music.youtube.com/watch?v=XVeBb3o1gDY,https://i.ytimg.com/vi/XVeBb3o1gDY/maxresdefault.jpg,Đan Trường/Tự Tình Quê Hương II/Liên khúc_ Chuyện Ba Người.mp3
Khong Con Ai,Đan Trường,Dan Truong,Bong Dang Thien Than,vpop-bolero-folk,https://music.youtube.com/watch?v=jWYgpch7dOk,https://i.ytimg.com/vi/jWYgpch7dOk/maxresdefault.jpg,Đan Trường/Bong Dang Thien Than/Khong Con Ai.mp3
Người Miền Tây,Đan Trường,Đan Trường,Người Miền Tây,vpop-bolero-folk,https://music.youtube.com/watch?v=xR5lQCMi_7I,https://i.ytimg.com/vi/xR5lQCMi_7I/maxresdefault.jpg,Đan Trường/Người Miền Tây/Người Miền Tây.mp3
Đất Việt Tiếng Vọng Ngàn Đời,Đan Trường,Đan Trường,Hùng Thiêng Âu Lạc,vpop-bolero-folk,https://music.youtube.com/watch?v=obT1bzXjo60,https://i.ytimg.com/vi/obT1bzXjo60/maxresdefault.jpg,Đan Trường/Hùng Thiêng Âu Lạc/Đất Việt Tiếng Vọng Ngàn Đời.mp3
Thuyền Quyên (Lofi Version),Diệu Kiên,Diệu Kiên,Thuyền Quyên,vpop-bolero-folk,https://music.youtube.com/watch?v=2AcX5wzF5W4,https://i.ytimg.com/vi/2AcX5wzF5W4/maxresdefault.jpg,Diệu Kiên/Thuyền Quyên/Thuyền Quyên (Lofi Version).mp3
Xuôi Dòng Cửu Long,Diệu Kiên,Diệu Kiên,Xuôi Dòng Cửu Long,vpop-bolero-folk,https://music.youtube.com/watch?v=Drk87acU5Tw,https://i.ytimg.com/vi/Drk87acU5Tw/maxresdefault.jpg,Diệu Kiên/Xuôi Dòng Cửu Long/Xuôi Dòng Cửu Long.mp3
Xin Má Rước Dâu,Diệu Kiên,"Diệu Kiên, Huỳnh Lê Hoài Bảo",Xin Má Rước Dâu,vpop-bolero-folk,https://music.youtube.com/watch?v=CksqAMAOtI8,https://i.ytimg.com/vi/CksqAMAOtI8/maxresdefault.jpg,Diệu Kiên/Xin Má Rước Dâu/Xin Má Rước Dâu.mp3
Thuyền Quyên,Diệu Kiên,Diệu Kiên,Thuyền Quyên,vpop-bolero-folk,https://music.youtube.com/watch?v=t3IiTeXTLac,https://i.ytimg.com/vi/t3IiTeXTLac/maxresdefault.jpg,Diệu Kiên/Thuyền Quyên/Thuyền Quyên.mp3
Thuyền Quyên,Diệu Kiên,Diệu Kiên,Thuyền Quyên,vpop-bolero-folk,https://music.youtube.com/watch?v=AX0f8kftoYc,https://i.ytimg.com/vi/AX0f8kftoYc/maxresdefault.jpg,Diệu Kiên/Thuyền Quyên/Thuyền Quyên.mp3
Đồng Sàng,Diệu Kiên,"Diệu Kiên, Tiến Tới",Đồng Sàng,vpop-bolero-folk,https://music.youtube.com/watch?v=IEC_3KHOV7M,https://i.ytimg.com/vi/IEC_3KHOV7M/maxresdefault.jpg,Diệu Kiên/Đồng Sàng/Đồng Sàng.mp3
Ví Dầu Đưa Dâu,Diệu Kiên,"Duy Khiêm, Diệu Kiên, Bảo Quân",Ví Dầu Đưa Dâu,vpop-bolero-folk,https://music.youtube.com/watch?v=MSE4rdAwhVU,https://i.ytimg.com/vi/MSE4rdAwhVU/maxresdefault.jpg,Diệu Kiên/Ví Dầu Đưa Dâu/Ví Dầu Đưa Dâu.mp3
Thuyền Quyên (Instrumental),Diệu Kiên,Diệu Kiên,Thuyền Quyên,vpop-bolero-folk,https://music.youtube.com/watch?v=cpI6vUiGogM,https://i.ytimg.com/vi/cpI6vUiGogM/maxresdefault.jpg,Diệu Kiên/Thuyền Quyên/Thuyền Quyên (Instrumental).mp3
Tơ Hồng Ai Nối,Diệu Kiên,Diệu Kiên,Tơ Hồng Ai Nối,vpop-bolero-folk,https://music.youtube.com/watch?v=JUh1IRt1PQM,https://i.ytimg.com/vi/JUh1IRt1PQM/maxresdefault.jpg,Diệu Kiên/Tơ Hồng Ai Nối/Tơ Hồng Ai Nối.mp3
Cô Gái Quê (Short Version 2),Diệu Kiên,"YuniBoo, Diệu Kiên",Cô Gái Quê,vpop-bolero-folk,https://music.youtube.com/watch?v=Mw0d5A75i8c,https://i.ytimg.com/vi/Mw0d5A75i8c/maxresdefault.jpg,Diệu Kiên/Cô Gái Quê/Cô Gái Quê (Short Version 2).mp3
Sâm Thương,Diệu Kiên,"Diệu Kiên, CT",Sâm Thương,vpop-bolero-folk,https://music.youtube.com/watch?v=h8bk3FhpjqM,https://i.ytimg.com/vi/h8bk3FhpjqM/maxresdefault.jpg,Diệu Kiên/Sâm Thương/Sâm Thương.mp3
Ghé Lại Miền Tây,Diệu Kiên,Diệu Kiên,Ghé Lại Miền Tây,vpop-bolero-folk,https://music.youtube.com/watch?v=Tbdo-kP2SIg,https://i.ytimg.com/vi/Tbdo-kP2SIg/maxresdefault.jpg,Diệu Kiên/Ghé Lại Miền Tây/Ghé Lại Miền Tây.mp3
Xuôi Dòng Cửu Long (Remix),Diệu Kiên,Diệu Kiên,Xuôi Dòng Cửu Long,vpop-bolero-folk,https://music.youtube.com/watch?v=crB1xN3AQT0,https://i.ytimg.com/vi/crB1xN3AQT0/maxresdefault.jpg,Diệu Kiên/Xuôi Dòng Cửu Long/Xuôi Dòng Cửu Long (Remix).mp3
Tình Phủ,Diệu Kiên,Diệu Kiên,Tình Phủ,vpop-bolero-folk,https://music.youtube.com/watch?v=OC_8N1JfELA,https://i.ytimg.com/vi/OC_8N1JfELA/maxresdefault.jpg,Diệu Kiên/Tình Phủ/Tình Phủ.mp3
Thuyền Quyên,Diệu Kiên,Diệu Kiên,Thuyền Quyên,vpop-bolero-folk,https://music.youtube.com/watch?v=xeW9KNXEUOQ,https://i.ytimg.com/vi/xeW9KNXEUOQ/maxresdefault.jpg,Diệu Kiên/Thuyền Quyên/Thuyền Quyên.mp3
Thuyền Quyên (Remix),Diệu Kiên,Diệu Kiên,Thuyền Quyên,vpop-bolero-folk,https://music.youtube.com/watch?v=8-EYzK9waPE,https://i.ytimg.com/vi/8-EYzK9waPE/maxresdefault.jpg,Diệu Kiên/Thuyền Quyên/Thuyền Quyên (Remix).mp3
Xe Hoa Ngang Qua Thềm (Remix),Diệu Kiên,Diệu Kiên,Xe Hoa Ngang Qua Thềm,vpop-bolero-folk,https://music.youtube.com/watch?v=NfAPm_kSspE,https://i.ytimg.com/vi/NfAPm_kSspE/maxresdefault.jpg,Diệu Kiên/Xe Hoa Ngang Qua Thềm/Xe Hoa Ngang Qua Thềm (Remix).mp3
Thiện Duyên,Diệu Kiên,"Jang Nguyễn, Long Nón Lá, Diệu Kiên",Thiện Duyên,vpop-bolero-folk,https://music.youtube.com/watch?v=bkVgyf1knFU,https://i.ytimg.com/vi/bkVgyf1knFU/maxresdefault.jpg,Diệu Kiên/Thiện Duyên/Thiện Duyên.mp3
Xin Má Rước Dâu (Remix),Diệu Kiên,"Diệu Kiên, Linh Mino",Xin Má Rước Dâu,vpop-bolero-folk,https://music.youtube.com/watch?v=-9xuq4cq3Gc,https://i.ytimg.com/vi/-9xuq4cq3Gc/maxresdefault.jpg,Diệu Kiên/Xin Má Rước Dâu/Xin Má Rước Dâu (Remix).mp3
Xin Má Rước Dâu (Bibo Remix),Diệu Kiên,Diệu Kiên,Diệu Kiên Best Collection,vpop-bolero-folk,https://music.youtube.com/watch?v=_wfcNe8IvSI,https://i.ytimg.com/vi/_wfcNe8IvSI/maxresdefault.jpg,Diệu Kiên/Diệu Kiên Best Collection/Xin Má Rước Dâu (Bibo Remix).mp3
Xuân Miệt Vườn,Diệu Kiên,Diệu Kiên,Xuân Miệt Vườn,vpop-bolero-folk,https://music.youtube.com/watch?v=K0HfKDkPQ94,https://i.ytimg.com/vi/K0HfKDkPQ94/maxresdefault.jpg,Diệu Kiên/Xuân Miệt Vườn/Xuân Miệt Vườn.mp3
Mạnh Bà,Diệu Kiên,Diệu Kiên,Mạnh Bà,vpop-bolero-folk,https://music.youtube.com/watch?v=3dxt3wJRezA,https://i.ytimg.com/vi/3dxt3wJRezA/maxresdefault.jpg,Diệu Kiên/Mạnh Bà/Mạnh Bà.mp3
Sầu Đối Gương Loan,Diệu Kiên,Diệu Kiên,Sầu Đối Gương Loan,vpop-bolero-folk,https://music.youtube.com/watch?v=yDRnznzdKi0,https://i.ytimg.com/vi/yDRnznzdKi0/maxresdefault.jpg,Diệu Kiên/Sầu Đối Gương Loan/Sầu Đối Gương Loan.mp3
Bảy Nổi Ba Chìm,Diệu Kiên,"H2O Music, Diệu Kiên",Bảy Nổi Ba Chìm,vpop-bolero-folk,https://music.youtube.com/watch?v=CcpP6b15acs,https://i.ytimg.com/vi/CcpP6b15acs/maxresdefault.jpg,Diệu Kiên/Bảy Nổi Ba Chìm/Bảy Nổi Ba Chìm.mp3
Sông Trăng Tàn,Diệu Kiên,Diệu Kiên,Sông Trăng Tàn,vpop-bolero-folk,https://music.youtube.com/watch?v=o4zbPJ0WKP4,https://i.ytimg.com/vi/o4zbPJ0WKP4/maxresdefault.jpg,Diệu Kiên/Sông Trăng Tàn/Sông Trăng Tàn.mp3
Thuyền Quyên,Diệu Kiên,Diệu Kiên,Thuyền Quyên,vpop-bolero-folk,https://music.youtube.com/watch?v=9ggNxxD-tzI,https://i.ytimg.com/vi/9ggNxxD-tzI/maxresdefault.jpg,Diệu Kiên/Thuyền Quyên/Thuyền Quyên.mp3
Tân Cổ Xuôi Dòng Cửu Long,Diệu Kiên,Diệu Kiên,Tân Cổ Xuôi Dòng Cửu Long,vpop-bolero-folk,https://music.youtube.com/watch?v=J_5IBK_85Lo,https://i.ytimg.com/vi/J_5IBK_85Lo/maxresdefault.jpg,Diệu Kiên/Tân Cổ Xuôi Dòng Cửu Long/Tân Cổ Xuôi Dòng Cửu Long.mp3
Hoa Sương,Diệu Kiên,Diệu Kiên,Hoa Sương,vpop-bolero-folk,https://music.youtube.com/watch?v=4R2vFHRmb74,https://i.ytimg.com/vi/4R2vFHRmb74/maxresdefault.jpg,Diệu Kiên/Hoa Sương/Hoa Sương.mp3
Cáo Trạng Duyên Trần,Diệu Kiên,Diệu Kiên,Cáo Trạng Duyên Trần,vpop-bolero-folk,https://music.youtube.com/watch?v=Fa5B4Oc63kQ,https://i.ytimg.com/vi/Fa5B4Oc63kQ/maxresdefault.jpg,Diệu Kiên/Cáo Trạng Duyên Trần/Cáo Trạng Duyên Trần.mp3
Thuyền Quyên (Remix) [Short Version],Diệu Kiên,Diệu Kiên,Thuyền Quyên (Remix) [Short Version],vpop-bolero-folk,https://music.youtube.com/watch?v=mv1X7SR8ksY,https://i.ytimg.com/vi/mv1X7SR8ksY/maxresdefault.jpg,Diệu Kiên/Thuyền Quyên (Remix) [Short Version]/Thuyền Quyên (Remix) [Short Version].mp3
Trả Áo,Diệu Kiên,Diệu Kiên,Trả Áo,vpop-bolero-folk,https://music.youtube.com/watch?v=ZfZsFWWflGw,https://i.ytimg.com/vi/ZfZsFWWflGw/maxresdefault.jpg,Diệu Kiên/Trả Áo/Trả Áo.mp3
Thương Lắm Mình Ơi (Nboro Remix),Diệu Kiên,Diệu Kiên,Thương Lắm Mình Ơi,vpop-bolero-folk,https://music.youtube.com/watch?v=ttnuXoVx1Tg,https://i.ytimg.com/vi/ttnuXoVx1Tg/maxresdefault.jpg,Diệu Kiên/Thương Lắm Mình Ơi/Thương Lắm Mình Ơi (Nboro Remix).mp3
Thuyền Quyên (Piano Version),Diệu Kiên,Diệu Kiên,Thuyền Quyên,vpop-bolero-folk,https://music.youtube.com/watch?v=QDUclM22evw,https://i.ytimg.com/vi/QDUclM22evw/maxresdefault.jpg,Diệu Kiên/Thuyền Quyên/Thuyền Quyên (Piano Version).mp3
Bảy Nổi Ba Chìm (Remix Deep House),Diệu Kiên,"H2O Remix, Diệu Kiên",Bảy Nổi Ba Chìm,vpop-bolero-folk,https://music.youtube.com/watch?v=vyhBgZuWawE,https://i.ytimg.com/vi/vyhBgZuWawE/maxresdefault.jpg,Diệu Kiên/Bảy Nổi Ba Chìm/Bảy Nổi Ba Chìm (Remix Deep House).mp3
Dâu Rể Miền Tây 1,Diệu Kiên,"Diệu Kiên, KayDee, VIEENT Music",Dâu Rể Miền Tây 1,vpop-bolero-folk,https://music.youtube.com/watch?v=C5laK6ZmANA,https://i.ytimg.com/vi/C5laK6ZmANA/maxresdefault.jpg,Diệu Kiên/Dâu Rể Miền Tây 1/Dâu Rể Miền Tây 1.mp3
Tội Thân Em (Live),Diệu Kiên,Diệu Kiên,Tương Tư Bóng Hình,vpop-bolero-folk,https://music.youtube.com/watch?v=ahyL3fq3iXs,https://i.ytimg.com/vi/ahyL3fq3iXs/maxresdefault.jpg,Diệu Kiên/Tương Tư Bóng Hình/Tội Thân Em (Live).mp3
Bảy Nổi Ba Chìm (Remix),Diệu Kiên,"H2O Remix, Diệu Kiên",Bảy Nổi Ba Chìm,vpop-bolero-folk,https://music.youtube.com/watch?v=BSoZ4wdekEU,https://i.ytimg.com/vi/BSoZ4wdekEU/maxresdefault.jpg,Diệu Kiên/Bảy Nổi Ba Chìm/Bảy Nổi Ba Chìm (Remix).mp3
Thuyền Quyên,Diệu Kiên,Diệu Kiên,Thuyền Quyên,vpop-bolero-folk,https://music.youtube.com/watch?v=ON4jPsWdUNg,https://i.ytimg.com/vi/ON4jPsWdUNg/maxresdefault.jpg,Diệu Kiên/Thuyền Quyên/Thuyền Quyên.mp3
Tình Lang,Diệu Kiên,"YuniBoo, Diệu Kiên",Tình Lang,vpop-bolero-folk,https://music.youtube.com/watch?v=Q6eqRGGs8gE,https://i.ytimg.com/vi/Q6eqRGGs8gE/maxresdefault.jpg,Diệu Kiên/Tình Lang/Tình Lang.mp3
Thề Xưa Đã Quên (Live),Diệu Kiên,Diệu Kiên,Tương Tư Bóng Hình,vpop-bolero-folk,https://music.youtube.com/watch?v=GRrPr4MM0Co,https://i.ytimg.com/vi/GRrPr4MM0Co/maxresdefault.jpg,Diệu Kiên/Tương Tư Bóng Hình/Thề Xưa Đã Quên (Live).mp3
Tình Lang (Đại Mèo Remix),Diệu Kiên,"Diệu Kiên, YuniBoo, Đại Mèo",Tình Lang,vpop-bolero-folk,https://music.youtube.com/watch?v=G3GdlOLjiuw,https://i.ytimg.com/vi/G3GdlOLjiuw/maxresdefault.jpg,Diệu Kiên/Tình Lang/Tình Lang (Đại Mèo Remix).mp3
Gả Cưới (Live),Diệu Kiên,Diệu Kiên,Gả Cưới Ngày Xuân,vpop-bolero-folk,https://music.youtube.com/watch?v=CQKfi7YvzYo,https://i.ytimg.com/vi/CQKfi7YvzYo/maxresdefault.jpg,Diệu Kiên/Gả Cưới Ngày Xuân/Gả Cưới (Live).mp3
TÌNH ĐẸP HẬU GIANG (LOFI VERSION),Diệu Kiên,"Bùi Phi Long, Diệu Kiên",TÌNH ĐẸP HẬU GIANG,vpop-bolero-folk,https://music.youtube.com/watch?v=VSrj0Tpi8Ko,https://i.ytimg.com/vi/VSrj0Tpi8Ko/maxresdefault.jpg,Diệu Kiên/TÌNH ĐẸP HẬU GIANG/TÌNH ĐẸP HẬU GIANG (LOFI VERSION).mp3
Ghé Lại Miền Tây (LoFi Version),Diệu Kiên,Diệu Kiên,Ghé Lại Miền Tây,vpop-bolero-folk,https://music.youtube.com/watch?v=bM1u57Qzy8E,https://i.ytimg.com/vi/bM1u57Qzy8E/maxresdefault.jpg,Diệu Kiên/Ghé Lại Miền Tây/Ghé Lại Miền Tây (LoFi Version).mp3
Sông Trăng Tàn (Remix Vinahouse),Diệu Kiên,"H2O Vinahouse, Diệu Kiên",Sông Trăng Tàn,vpop-bolero-folk,https://music.youtube.com/watch?v=mXwYuezy6ng,https://i.ytimg.com/vi/mXwYuezy6ng/maxresdefault.jpg,Diệu Kiên/Sông Trăng Tàn/Sông Trăng Tàn (Remix Vinahouse).mp3
Sông Trăng Tàn (Deep House Remix),Diệu Kiên,"H2O Remix, Diệu Kiên",Sông Trăng Tàn (Deep House Remix),vpop-bolero-folk,https://music.youtube.com/watch?v=38puuoZ47yw,https://i.ytimg.com/vi/38puuoZ47yw/maxresdefault.jpg,Diệu Kiên/Sông Trăng Tàn (Deep House Remix)/Sông Trăng Tàn (Deep House Remix).mp3
Bảy Nổi Ba Chìm (Lofi Ver.),Diệu Kiên,"H2O Music, Diệu Kiên",Bảy Nổi Ba Chìm,vpop-bolero-folk,https://music.youtube.com/watch?v=6KjV6uLdf1A,https://i.ytimg.com/vi/6KjV6uLdf1A/maxresdefault.jpg,Diệu Kiên/Bảy Nổi Ba Chìm/Bảy Nổi Ba Chìm (Lofi Ver.).mp3
Thuyền Quyên (Lofi Ver.),Diệu Kiên,"H2O Music, Diệu Kiên",Thuyền Quyên,vpop-bolero-folk,https://music.youtube.com/watch?v=rB1itDpFopc,https://i.ytimg.com/vi/rB1itDpFopc/maxresdefault.jpg,Diệu Kiên/Thuyền Quyên/Thuyền Quyên (Lofi Ver.).mp3
Thuyền Quyên (Lofi Version),Diệu Kiên,Diệu Kiên,Thuyền Quyên,vpop-bolero-folk,https://music.youtube.com/watch?v=k4OpbI5a_2s,https://i.ytimg.com/vi/k4OpbI5a_2s/maxresdefault.jpg,Diệu Kiên/Thuyền Quyên/Thuyền Quyên (Lofi Version).mp3
