Title,Main_Artist,Original_Artist,Album,Genre,YouTube_URL,Cover_URL,File_Path
Girls' Generation 소녀시대 'Gee' MV,Girls Generation,SMTOWN,Single,kpop-gen2,https://music.youtube.com/watch?v=U7mPqycQ0tQ,https://i.ytimg.com/vi/U7mPqycQ0tQ/maxresdefault.jpg,Girls Generation/Single/Girls' Generation 소녀시대 'Gee' MV.mp3
Girls' Generation 소녀시대 '소원을 말해봐 (Genie)' MV,Girls Generation,SMTOWN,Single,kpop-gen2,https://music.youtube.com/watch?v=6SwiSpudKWI,https://i.ytimg.com/vi/6SwiSpudKWI/maxresdefault.jpg,Girls Generation/Single/Girls' Generation 소녀시대 '소원을 말해봐 (Genie)' MV.mp3
Girls' Generation 소녀시대 '다시 만난 세계 (Into The New World)' MV,Girls Generation,SMTOWN,Single,kpop-gen2,https://music.youtube.com/watch?v=0k2Zzkw_-0I,https://i.ytimg.com/vi/0k2Zzkw_-0I/maxresdefault.jpg,Girls Generation/Single/Girls' Generation 소녀시대 '다시 만난 세계 (Into The New World)' MV.mp3
The Boys,Girls Generation,Girls' Generation,The Boys - The 3rd Album,kpop-gen2,https://music.youtube.com/watch?v=gzWo1I4Scow,https://i.ytimg.com/vi/gzWo1I4Scow/maxresdefault.jpg,Girls Generation/The Boys - The 3rd Album/The Boys.mp3
Girls' Generation 소녀시대 'Oh!' MV,Girls Generation,SMTOWN,Single,kpop-gen2,https://music.youtube.com/watch?v=TGbwL8kSpEk,https://i.ytimg.com/vi/TGbwL8kSpEk/maxresdefault.jpg,Girls Generation/Single/Girls' Generation 소녀시대 'Oh!' MV.mp3
TAEYEON 태연 'I (feat. Verbal Jint)' MV,Girls Generation,SMTOWN,Single,kpop-gen2,https://music.youtube.com/watch?v=4OrCA1OInoo,https://i.ytimg.com/vi/4OrCA1OInoo/maxresdefault.jpg,Girls Generation/Single/TAEYEON 태연 'I (feat. Verbal Jint)' MV.mp3
Girls' Generation-Oh!GG 소녀시대-Oh!GG '몰랐니 (Lil' Touch)' MV,Girls Generation,SMTOWN,Single,kpop-gen2,https://music.youtube.com/watch?v=SdzLl-XpJt0,https://i.ytimg.com/vi/SdzLl-XpJt0/maxresdefault.jpg,Girls Generation/Single/Girls' Generation-Oh!GG 소녀시대-Oh!GG '몰랐니 (Lil' Touch)' MV.mp3
Girls' Generation 소녀시대 'FOREVER 1' MV,Girls Generation,SMTOWN,Single,kpop-gen2,https://music.youtube.com/watch?v=Qpf26PtBXgo,https://i.ytimg.com/vi/Qpf26PtBXgo/maxresdefault.jpg,Girls Generation/Single/Girls' Generation 소녀시대 'FOREVER 1' MV.mp3
Girls' Generation 소녀시대 'I GOT A BOY' MV,Girls Generation,SMTOWN,Single,kpop-gen2,https://music.youtube.com/watch?v=wq7ftOZBy0E,https://i.ytimg.com/vi/wq7ftOZBy0E/maxresdefault.jpg,Girls Generation/Single/Girls' Generation 소녀시대 'I GOT A BOY' MV.mp3
TAEYEON 태연 'INVU' MV,Girls Generation,SMTOWN,Single,kpop-gen2,https://music.youtube.com/watch?v=AbZH7XWDW_k,https://i.ytimg.com/vi/AbZH7XWDW_k/maxresdefault.jpg,Girls Generation/Single/TAEYEON 태연 'INVU' MV.mp3
Girls' Generation 소녀시대 'Lion Heart' MV,Girls Generation,SMTOWN,Single,kpop-gen2,https://music.youtube.com/watch?v=nVCubhQ454c,https://i.ytimg.com/vi/nVCubhQ454c/maxresdefault.jpg,Girls Generation/Single/Girls' Generation 소녀시대 'Lion Heart' MV.mp3
Girls' Generation 소녀시대 'PARTY' MV,Girls Generation,SMTOWN,Single,kpop-gen2,https://music.youtube.com/watch?v=HQzu7NYlZNQ,https://i.ytimg.com/vi/HQzu7NYlZNQ/maxresdefault.jpg,Girls Generation/Single/Girls' Generation 소녀시대 'PARTY' MV.mp3
TAEYEON 태연 'Fine' MV,Girls Generation,SMTOWN,Single,kpop-gen2,https://music.youtube.com/watch?v=NHXUM-6a3dU,https://i.ytimg.com/vi/NHXUM-6a3dU/maxresdefault.jpg,Girls Generation/Single/TAEYEON 태연 'Fine' MV.mp3
"HYO 효연 ‘DESSERT (Feat. Loopy, SOYEON ((G)I-DLE))’ MV",Girls Generation,SMTOWN,Single,kpop-gen2,https://music.youtube.com/watch?v=4VmLuWDkHYQ,https://i.ytimg.com/vi/4VmLuWDkHYQ/maxresdefault.jpg,"Girls Generation/Single/HYO 효연 ‘DESSERT (Feat. Loopy, SOYEON ((G)I-DLE))’ MV.mp3"
TAEYEON 태연 'Weekend' MV,Girls Generation,SMTOWN,Single,kpop-gen2,https://music.youtube.com/watch?v=RmuL-BPFi2Q,https://i.ytimg.com/vi/RmuL-BPFi2Q/maxresdefault.jpg,Girls Generation/Single/TAEYEON 태연 'Weekend' MV.mp3
Girls' Generation 소녀시대 'Mr.Mr.' MV,Girls Generation,SMTOWN,Single,kpop-gen2,https://music.youtube.com/watch?v=Z8j_XEn9b_8,https://i.ytimg.com/vi/Z8j_XEn9b_8/maxresdefault.jpg,Girls Generation/Single/Girls' Generation 소녀시대 'Mr.Mr.' MV.mp3
TAEYEON 태연 'Why' MV,Girls Generation,SMTOWN,Single,kpop-gen2,https://music.youtube.com/watch?v=WkdtmT8A2iY,https://i.ytimg.com/vi/WkdtmT8A2iY/maxresdefault.jpg,Girls Generation/Single/TAEYEON 태연 'Why' MV.mp3
Girls' Generation 소녀시대 'Run Devil Run' MV,Girls Generation,SMTOWN,Single,kpop-gen2,https://music.youtube.com/watch?v=q_gfD3nvh-8,https://i.ytimg.com/vi/q_gfD3nvh-8/maxresdefault.jpg,Girls Generation/Single/Girls' Generation 소녀시대 'Run Devil Run' MV.mp3
TAEYEON 태연 '11:11' MV,Girls Generation,SMTOWN,Single,kpop-gen2,https://music.youtube.com/watch?v=ulr0muQKjk0,https://i.ytimg.com/vi/ulr0muQKjk0/maxresdefault.jpg,Girls Generation/Single/TAEYEON 태연 '11_11' MV.mp3
Girls' Generation 소녀시대 'Catch Me If You Can' MV (Korean Ver.),Girls Generation,SMTOWN,Single,kpop-gen2,https://music.youtube.com/watch?v=b09U0KLv6I4,https://i.ytimg.com/vi/b09U0KLv6I4/maxresdefault.jpg,Girls Generation/Single/Girls' Generation 소녀시대 'Catch Me If You Can' MV (Korean Ver.).mp3
TAEYEON 태연 '불티 (Spark)' MV,Girls Generation,SMTOWN,Single,kpop-gen2,https://music.youtube.com/watch?v=eP4ga_fNm-E,https://i.ytimg.com/vi/eP4ga_fNm-E/maxresdefault.jpg,Girls Generation/Single/TAEYEON 태연 '불티 (Spark)' MV.mp3
Girls' Generation 소녀시대 'Holiday' MV,Girls Generation,SMTOWN,Single,kpop-gen2,https://music.youtube.com/watch?v=YwN-CN9EjTg,https://i.ytimg.com/vi/YwN-CN9EjTg/maxresdefault.jpg,Girls Generation/Single/Girls' Generation 소녀시대 'Holiday' MV.mp3
TAEYEON 태연 '사계 (Four Seasons)' MV,Girls Generation,SMTOWN,Single,kpop-gen2,https://music.youtube.com/watch?v=4HG_CJzyX6A,https://i.ytimg.com/vi/4HG_CJzyX6A/maxresdefault.jpg,Girls Generation/Single/TAEYEON 태연 '사계 (Four Seasons)' MV.mp3
Girls' Generation 少女時代 'PAPARAZZI' MV,Girls Generation,SMTOWN,Single,kpop-gen2,https://music.youtube.com/watch?v=IUqP1xzRZkw,https://i.ytimg.com/vi/IUqP1xzRZkw/sddefault.jpg,Girls Generation/Single/Girls' Generation 少女時代 'PAPARAZZI' MV.mp3
TAEYEON 태연 'Rain' MV,Girls Generation,SMTOWN,Single,kpop-gen2,https://music.youtube.com/watch?v=eHir_vB1RUI,https://i.ytimg.com/vi/eHir_vB1RUI/maxresdefault.jpg,Girls Generation/Single/TAEYEON 태연 'Rain' MV.mp3
Girls' Generation 少女時代 'GALAXY SUPERNOVA' MV Dance ver.,Girls Generation,SMTOWN,Single,kpop-gen2,https://music.youtube.com/watch?v=Z6FPJOgfCkc,https://i.ytimg.com/vi/Z6FPJOgfCkc/maxresdefault.jpg,Girls Generation/Single/Girls' Generation 少女時代 'GALAXY SUPERNOVA' MV Dance ver..mp3
Girls' Generation 소녀시대 'You Think' MV,Girls Generation,SMTOWN,Single,kpop-gen2,https://music.youtube.com/watch?v=hJYGddE0vHc,https://i.ytimg.com/vi/hJYGddE0vHc/maxresdefault.jpg,Girls Generation/Single/Girls' Generation 소녀시대 'You Think' MV.mp3
Girls' Generation 소녀시대 'Dancing Queen' MV,Girls Generation,SMTOWN,Single,kpop-gen2,https://music.youtube.com/watch?v=EXZxc8GSXnI,https://i.ytimg.com/vi/EXZxc8GSXnI/maxresdefault.jpg,Girls Generation/Single/Girls' Generation 소녀시대 'Dancing Queen' MV.mp3
TAEYEON 태연 'Can't Control Myself' MV,Girls Generation,SMTOWN,Single,kpop-gen2,https://music.youtube.com/watch?v=RccDIpx4ZMM,https://i.ytimg.com/vi/RccDIpx4ZMM/maxresdefault.jpg,Girls Generation/Single/TAEYEON 태연 'Can't Control Myself' MV.mp3
Girls' Generation 少女時代 'My Oh My' MV,Girls Generation,SMTOWN,Single,kpop-gen2,https://music.youtube.com/watch?v=RQy54gw-pls,https://i.ytimg.com/vi/RQy54gw-pls/maxresdefault.jpg,Girls Generation/Single/Girls' Generation 少女時代 'My Oh My' MV.mp3
Girls' Generation 少女時代 'FLOWER POWER' MV,Girls Generation,SMTOWN,Single,kpop-gen2,https://music.youtube.com/watch?v=jG1cIlM1juw,https://i.ytimg.com/vi/jG1cIlM1juw/sddefault.jpg,Girls Generation/Single/Girls' Generation 少女時代 'FLOWER POWER' MV.mp3
Girls' Generation 소녀시대 '훗 (Hoot)' MV,Girls Generation,SMTOWN,Single,kpop-gen2,https://music.youtube.com/watch?v=F4-SxcCO5d0,https://i.ytimg.com/vi/F4-SxcCO5d0/maxresdefault.jpg,Girls Generation/Single/Girls' Generation 소녀시대 '훗 (Hoot)' MV.mp3
Girls' Generation 소녀시대 'All Night' MV (Clean Ver.),Girls Generation,SMTOWN,Single,kpop-gen2,https://music.youtube.com/watch?v=f4w8IbQTJpY,https://i.ytimg.com/vi/f4w8IbQTJpY/maxresdefault.jpg,Girls Generation/Single/Girls' Generation 소녀시대 'All Night' MV (Clean Ver.).mp3
[MV] TAEYEON(태연) - Pieces(조각),Girls Generation,SUPER SOUND Bugs!,Single,kpop-gen2,https://music.youtube.com/watch?v=gPntEbv7lws,https://i.ytimg.com/vi/gPntEbv7lws/sddefault.jpg,Girls Generation/Single/[MV] TAEYEON(태연) - Pieces(조각).mp3
TAEYEON 태연 'What Do I Call You' MV,Girls Generation,SMTOWN,Single,kpop-gen2,https://music.youtube.com/watch?v=5LbFdY6vGsQ,https://i.ytimg.com/vi/5LbFdY6vGsQ/maxresdefault.jpg,Girls Generation/Single/TAEYEON 태연 'What Do I Call You' MV.mp3
TIFFANY 티파니 'I Just Wanna Dance' MV,Girls Generation,SMTOWN,Single,kpop-gen2,https://music.youtube.com/watch?v=E0Y3ABqK7M4,https://i.ytimg.com/vi/E0Y3ABqK7M4/maxresdefault.jpg,Girls Generation/Single/TIFFANY 티파니 'I Just Wanna Dance' MV.mp3
Girls' Generation-TTS 소녀시대-태티서 'Holler' MV,Girls Generation,SMTOWN,Single,kpop-gen2,https://music.youtube.com/watch?v=uXfxVm3V55I,https://i.ytimg.com/vi/uXfxVm3V55I/maxresdefault.jpg,Girls Generation/Single/Girls' Generation-TTS 소녀시대-태티서 'Holler' MV.mp3
HYO 효연 'Second (Feat. 비비 (BIBI))' MV,Girls Generation,SMTOWN,Single,kpop-gen2,https://music.youtube.com/watch?v=rthppvDJ2fA,https://i.ytimg.com/vi/rthppvDJ2fA/maxresdefault.jpg,Girls Generation/Single/HYO 효연 'Second (Feat. 비비 (BIBI))' MV.mp3
Girls' Generation 少女時代 'LOVE&GIRLS' MV Dance ver.,Girls Generation,SMTOWN,Single,kpop-gen2,https://music.youtube.com/watch?v=6ex1YkDXelo,https://i.ytimg.com/vi/6ex1YkDXelo/maxresdefault.jpg,Girls Generation/Single/Girls' Generation 少女時代 'LOVE&GIRLS' MV Dance ver..mp3
Twinkle,Girls Generation,Girls' Generation-TTS,Twinkle - Mini Album,kpop-gen2,https://music.youtube.com/watch?v=ETIuTYFZLow,https://i.ytimg.com/vi/ETIuTYFZLow/maxresdefault.jpg,Girls Generation/Twinkle - Mini Album/Twinkle.mp3
YOONA 윤아 'Wish to Wish' MV,Girls Generation,SMTOWN,Single,kpop-gen2,https://music.youtube.com/watch?v=1mVo8z3VBBI,https://i.ytimg.com/vi/1mVo8z3VBBI/maxresdefault.jpg,Girls Generation/Single/YOONA 윤아 'Wish to Wish' MV.mp3
SEOHYUN 서현 'Don't Say No' MV,Girls Generation,SMTOWN,Single,kpop-gen2,https://music.youtube.com/watch?v=PBYnq_G866U,https://i.ytimg.com/vi/PBYnq_G866U/maxresdefault.jpg,Girls Generation/Single/SEOHYUN 서현 'Don't Say No' MV.mp3
TAEYEON 태연 'Happy' MV,Girls Generation,SMTOWN,Single,kpop-gen2,https://music.youtube.com/watch?v=Raj-AuQgCTg,https://i.ytimg.com/vi/Raj-AuQgCTg/maxresdefault.jpg,Girls Generation/Single/TAEYEON 태연 'Happy' MV.mp3
TAEYEON 태연 'Make Me Love You' MV,Girls Generation,SMTOWN,Single,kpop-gen2,https://music.youtube.com/watch?v=TVUqLBRQom8,https://i.ytimg.com/vi/TVUqLBRQom8/maxresdefault.jpg,Girls Generation/Single/TAEYEON 태연 'Make Me Love You' MV.mp3
Tiffany Young - Lips On Lips Official Music Video,Girls Generation,Tiffany Young,Single,kpop-gen2,https://music.youtube.com/watch?v=Th7IXezLbYU,https://i.ytimg.com/vi/Th7IXezLbYU/maxresdefault.jpg,Girls Generation/Single/Tiffany Young - Lips On Lips Official Music Video.mp3
Girls' Generation-TTS 소녀시대-태티서 'Dear Santa' MV,Girls Generation,SMTOWN,Single,kpop-gen2,https://music.youtube.com/watch?v=CL34w0xql7s,https://i.ytimg.com/vi/CL34w0xql7s/maxresdefault.jpg,Girls Generation/Single/Girls' Generation-TTS 소녀시대-태티서 'Dear Santa' MV.mp3
첫눈에... Snowy Wish,Girls Generation,Girls' Generation,훗 Hoot - The 3rd Mini Album,kpop-gen2,https://music.youtube.com/watch?v=eg3A8pnpZG0,https://i.ytimg.com/vi/eg3A8pnpZG0/maxresdefault.jpg,Girls Generation/훗 Hoot - The 3rd Mini Album/첫눈에... Snowy Wish.mp3
TAEYEON 태연 'Something New' MV,Girls Generation,SMTOWN,Single,kpop-gen2,https://music.youtube.com/watch?v=im1UUY8dQIk,https://i.ytimg.com/vi/im1UUY8dQIk/maxresdefault.jpg,Girls Generation/Single/TAEYEON 태연 'Something New' MV.mp3
[STATION] TIFFANY 티파니 'Heartbreak Hotel (Feat. Simon Dominic)' MV,Girls Generation,SMTOWN,Single,kpop-gen2,https://music.youtube.com/watch?v=zQ6u3FO-aRM,https://i.ytimg.com/vi/zQ6u3FO-aRM/maxresdefault.jpg,Girls Generation/Single/[STATION] TIFFANY 티파니 'Heartbreak Hotel (Feat. Simon Dominic)' MV.mp3
DEEP,Girls Generation,HYO,DEEP - The 1st Mini Album,kpop-gen2,https://music.youtube.com/watch?v=wZIoIgz5mbs,https://i.ytimg.com/vi/wZIoIgz5mbs/maxresdefault.jpg,Girls Generation/DEEP - The 1st Mini Album/DEEP.mp3
Girls' Generation 소녀시대 'Kissing You' MV,Girls Generation,SMTOWN,Single,kpop-gen2,https://music.youtube.com/watch?v=r3yxxe66LXs,https://i.ytimg.com/vi/r3yxxe66LXs/maxresdefault.jpg,Girls Generation/Single/Girls' Generation 소녀시대 'Kissing You' MV.mp3
[STATION] YOONA 윤아 '바람이 불면 (When The Wind Blows)' MV,Girls Generation,SMTOWN,Single,kpop-gen2,https://music.youtube.com/watch?v=o3pOzegB-7w,https://i.ytimg.com/vi/o3pOzegB-7w/maxresdefault.jpg,Girls Generation/Single/[STATION] YOONA 윤아 '바람이 불면 (When The Wind Blows)' MV.mp3
Girls' Generation 소녀시대 '소녀시대 (Girls' Generation)' MV,Girls Generation,SMTOWN,Single,kpop-gen2,https://music.youtube.com/watch?v=IbLh4i40I4E,https://i.ytimg.com/vi/IbLh4i40I4E/maxresdefault.jpg,Girls Generation/Single/Girls' Generation 소녀시대 '소녀시대 (Girls' Generation)' MV.mp3
TAEYEON 태연 'This Christmas' MV,Girls Generation,SMTOWN,Single,kpop-gen2,https://music.youtube.com/watch?v=hsh54g9JmC0,https://i.ytimg.com/vi/hsh54g9JmC0/maxresdefault.jpg,Girls Generation/Single/TAEYEON 태연 'This Christmas' MV.mp3
[STATION] YOONA 윤아 '덕수궁 돌담길의 봄 (Deoksugung Stonewall Walkway) (Feat. 10cm)' MV,Girls Generation,SMTOWN,Single,kpop-gen2,https://music.youtube.com/watch?v=yuCbJykB32M,https://i.ytimg.com/vi/yuCbJykB32M/maxresdefault.jpg,Girls Generation/Single/[STATION] YOONA 윤아 '덕수궁 돌담길의 봄 (Deoksugung Stonewall Walkway) (Feat. 10cm)' MV.mp3
Tiffany Young - Magnetic Moon (Official Music Video),Girls Generation,Tiffany Young,Single,kpop-gen2,https://music.youtube.com/watch?v=oM_t7Y8gBwU,https://i.ytimg.com/vi/oM_t7Y8gBwU/maxresdefault.jpg,Girls Generation/Single/Tiffany Young - Magnetic Moon (Official Music Video).mp3
YURI 유리 '빠져가 (Into You)' MV,Girls Generation,SMTOWN,Single,kpop-gen2,https://music.youtube.com/watch?v=hsJ2c3k_XeE,https://i.ytimg.com/vi/hsJ2c3k_XeE/maxresdefault.jpg,Girls Generation/Single/YURI 유리 '빠져가 (Into You)' MV.mp3
Tiffany Young - Teach You (Official Music Video),Girls Generation,Tiffany Young,Single,kpop-gen2,https://music.youtube.com/watch?v=16QbCoxLNkI,https://i.ytimg.com/vi/16QbCoxLNkI/maxresdefault.jpg,Girls Generation/Single/Tiffany Young - Teach You (Official Music Video).mp3
[STATION] 유리 X 서현 'Secret' MV,Girls Generation,SMTOWN,Single,kpop-gen2,https://music.youtube.com/watch?v=ZRPgtoEO6OM,https://i.ytimg.com/vi/ZRPgtoEO6OM/maxresdefault.jpg,Girls Generation/Single/[STATION] 유리 X 서현 'Secret' MV.mp3
Closer,Girls Generation,Girls' Generation,FOREVER 1 - The 7th Album,kpop-gen2,https://music.youtube.com/watch?v=fa4Y9t1Nsw8,https://i.ytimg.com/vi/fa4Y9t1Nsw8/maxresdefault.jpg,Girls Generation/FOREVER 1 - The 7th Album/Closer.mp3
[STATION] HYOYEON 효연 'Mystery' MV,Girls Generation,SMTOWN,Single,kpop-gen2,https://music.youtube.com/watch?v=nQxJFZk4APU,https://i.ytimg.com/vi/nQxJFZk4APU/maxresdefault.jpg,Girls Generation/Single/[STATION] HYOYEON 효연 'Mystery' MV.mp3
TAEYEON 태연 '내게 들려주고 싶은 말 (Dear Me)' MV,Girls Generation,SMTOWN,Single,kpop-gen2,https://music.youtube.com/watch?v=bho0m505qVA,https://i.ytimg.com/vi/bho0m505qVA/maxresdefault.jpg,Girls Generation/Single/TAEYEON 태연 '내게 들려주고 싶은 말 (Dear Me)' MV.mp3
YOONA 윤아 '여름밤 (Feat. 스무살) (Summer Night)' MV,Girls Generation,SMTOWN,Single,kpop-gen2,https://music.youtube.com/watch?v=SN_KUZAbxS4,https://i.ytimg.com/vi/SN_KUZAbxS4/maxresdefault.jpg,Girls Generation/Single/YOONA 윤아 '여름밤 (Feat. 스무살) (Summer Night)' MV.mp3
[STATION] Girls' Generation 소녀시대 '그 여름 (0805)' MV,Girls Generation,SMTOWN,Single,kpop-gen2,https://music.youtube.com/watch?v=UlhR0zBFxZE,https://i.ytimg.com/vi/UlhR0zBFxZE/maxresdefault.jpg,Girls Generation/Single/[STATION] Girls' Generation 소녀시대 '그 여름 (0805)' MV.mp3
Tiffany Young - Born Again (Official Music Video),Girls Generation,Tiffany Young,Single,kpop-gen2,https://music.youtube.com/watch?v=gH0a_rcsQTU,https://i.ytimg.com/vi/gH0a_rcsQTU/maxresdefault.jpg,Girls Generation/Single/Tiffany Young - Born Again (Official Music Video).mp3
HYOYEON 효연 'Wannabe (Feat. San E)' MV,Girls Generation,SMTOWN,Single,kpop-gen2,https://music.youtube.com/watch?v=gKSzjvvxwJg,https://i.ytimg.com/vi/gKSzjvvxwJg/maxresdefault.jpg,Girls Generation/Single/HYOYEON 효연 'Wannabe (Feat. San E)' MV.mp3
HYO 효연 & 3LAU 'Punk Right Now' MV,Girls Generation,SMTOWN,Single,kpop-gen2,https://music.youtube.com/watch?v=ZOxlPu_rizU,https://i.ytimg.com/vi/ZOxlPu_rizU/maxresdefault.jpg,Girls Generation/Single/HYO 효연 & 3LAU 'Punk Right Now' MV.mp3
Visual Dreams (Intel Collaboration Song) _ MusicVideo,Girls Generation,sment,Single,kpop-gen2,https://music.youtube.com/watch?v=jBxW22JLUmg,https://i.ytimg.com/vi/jBxW22JLUmg/maxresdefault.jpg,Girls Generation/Single/Visual Dreams (Intel Collaboration Song) _ MusicVideo.mp3
Tiffany Young - Run For Your Life (Official Music Video) #RFYL,Girls Generation,Tiffany Young,Single,kpop-gen2,https://music.youtube.com/watch?v=Rp8sVAr6yGY,https://i.ytimg.com/vi/Rp8sVAr6yGY/maxresdefault.jpg,Girls Generation/Single/Tiffany Young - Run For Your Life (Official Music Video) #RFYL.mp3
Girls' Generation 소녀시대 '힘 내! (Way To Go)' MV,Girls Generation,SMTOWN,Single,kpop-gen2,https://music.youtube.com/watch?v=_0Ke2fThnG0,https://i.ytimg.com/vi/_0Ke2fThnG0/maxresdefault.jpg,Girls Generation/Single/Girls' Generation 소녀시대 '힘 내! (Way To Go)' MV.mp3
Tiffany Young - Over My Skin (Official Music Video),Girls Generation,Tiffany Young,Single,kpop-gen2,https://music.youtube.com/watch?v=RcWJHuB1VwA,https://i.ytimg.com/vi/RcWJHuB1VwA/sddefault.jpg,Girls Generation/Single/Tiffany Young - Over My Skin (Official Music Video).mp3
완벽한 장면 Summer Night,Girls Generation,Girls' Generation,FOREVER 1 - The 7th Album,kpop-gen2,https://music.youtube.com/watch?v=1BeMGup6HKw,https://i.ytimg.com/vi/1BeMGup6HKw/maxresdefault.jpg,Girls Generation/FOREVER 1 - The 7th Album/완벽한 장면 Summer Night.mp3
Girls' Generation 소녀시대 'Baby Baby' MV,Girls Generation,SMTOWN,Single,kpop-gen2,https://music.youtube.com/watch?v=J0OGl8WzpXM,https://i.ytimg.com/vi/J0OGl8WzpXM/maxresdefault.jpg,Girls Generation/Single/Girls' Generation 소녀시대 'Baby Baby' MV.mp3
Seventeen,Girls Generation,Girls' Generation,FOREVER 1 - The 7th Album,kpop-gen2,https://music.youtube.com/watch?v=p8keKa9fM10,https://i.ytimg.com/vi/p8keKa9fM10/maxresdefault.jpg,Girls Generation/FOREVER 1 - The 7th Album/Seventeen.mp3
Etude,Girls Generation,Girls' Generation,소원을 말해봐 Genie - The Second Mini Album,kpop-gen2,https://music.youtube.com/watch?v=IumkaslMhrw,https://i.ytimg.com/vi/IumkaslMhrw/maxresdefault.jpg,Girls Generation/소원을 말해봐 Genie - The Second Mini Album/Etude.mp3
Tiffany Young - Runaway Feat. Babyface (Official Audio),Girls Generation,Tiffany Young,Single,kpop-gen2,https://music.youtube.com/watch?v=kWQPEHlsgtc,https://i.ytimg.com/vi/kWQPEHlsgtc/maxresdefault.jpg,Girls Generation/Single/Tiffany Young - Runaway Feat. Babyface (Official Audio).mp3
Goodbye,Girls Generation,Girls' Generation,Girls' Generation 4th Mini Album 'Mr. Mr.',kpop-gen2,https://music.youtube.com/watch?v=N5C5ZdvbHnY,https://i.ytimg.com/vi/N5C5ZdvbHnY/maxresdefault.jpg,Girls Generation/Girls' Generation 4th Mini Album 'Mr. Mr.'/Goodbye.mp3
종이비행기 Paper Plane,Girls Generation,Girls' Generation,FOREVER 1 - The 7th Album,kpop-gen2,https://music.youtube.com/watch?v=Q7QUMI4fwbs,https://i.ytimg.com/vi/Q7QUMI4fwbs/maxresdefault.jpg,Girls Generation/FOREVER 1 - The 7th Album/종이비행기 Paper Plane.mp3
Express 999,Girls Generation,Girls' Generation,I GOT A BOY - The 4th Album,kpop-gen2,https://music.youtube.com/watch?v=wuJWpzgPGos,https://i.ytimg.com/vi/wuJWpzgPGos/maxresdefault.jpg,Girls Generation/I GOT A BOY - The 4th Album/Express 999.mp3
少女時代 - 「Indestructible」リリックビデオ,Girls Generation,UNIVERSAL MUSIC JAPAN,Single,kpop-gen2,https://music.youtube.com/watch?v=wxqT6FUI_aA,https://i.ytimg.com/vi/wxqT6FUI_aA/sddefault.jpg,Girls Generation/Single/少女時代 - 「Indestructible」リリックビデオ.mp3
[STATION] 유리 (YURI) X Raiden 'Always Find You (Korean Ver.)' MV,Girls Generation,SMTOWN,Single,kpop-gen2,https://music.youtube.com/watch?v=U_DhGJaoEfc,https://i.ytimg.com/vi/U_DhGJaoEfc/maxresdefault.jpg,Girls Generation/Single/[STATION] 유리 (YURI) X Raiden 'Always Find You (Korean Ver.)' MV.mp3
Light Up the Sky,Girls Generation,Girls' Generation,Holiday Night - The 6th Album,kpop-gen2,https://music.youtube.com/watch?v=qPzQs7oscyA,https://i.ytimg.com/vi/qPzQs7oscyA/maxresdefault.jpg,Girls Generation/Holiday Night - The 6th Album/Light Up the Sky.mp3
[The K2 OST Part 3] 윤아 (YOONA) - Amazing Grace,Girls Generation,Stone Music Entertainment,Single,kpop-gen2,https://music.youtube.com/watch?v=Voi_ViDkh6w,https://i.ytimg.com/vi/Voi_ViDkh6w/maxresdefault.jpg,Girls Generation/Single/[The K2 OST Part 3] 윤아 (YOONA) - Amazing Grace.mp3
Girls' Generation 소녀시대 'MR. TAXI (Korean Ver.)' MV,Girls Generation,SMTOWN,Single,kpop-gen2,https://music.youtube.com/watch?v=-QDgMh_9Dy0,https://i.ytimg.com/vi/-QDgMh_9Dy0/maxresdefault.jpg,Girls Generation/Single/Girls' Generation 소녀시대 'MR. TAXI (Korean Ver.)' MV.mp3
Say Yes,Girls Generation,Girls' Generation,The Boys - The 3rd Album,kpop-gen2,https://music.youtube.com/watch?v=fSFASGUA-nQ,https://i.ytimg.com/vi/fSFASGUA-nQ/maxresdefault.jpg,Girls Generation/The Boys - The 3rd Album/Say Yes.mp3
Wait a Minute,Girls Generation,Girls' Generation,Girls' Generation 4th Mini Album 'Mr. Mr.',kpop-gen2,https://music.youtube.com/watch?v=jyFbgZbNX8U,https://i.ytimg.com/vi/jyFbgZbNX8U/maxresdefault.jpg,Girls Generation/Girls' Generation 4th Mini Album 'Mr. Mr.'/Wait a Minute.mp3
Complete,Girls Generation,Girls' Generation,소녀시대 Girls' Generation,kpop-gen2,https://music.youtube.com/watch?v=-5HNhvozNp4,https://i.ytimg.com/vi/-5HNhvozNp4/maxresdefault.jpg,Girls Generation/소녀시대 Girls' Generation/Complete.mp3
유리아이 Lost In Love,Girls Generation,Girls' Generation,I GOT A BOY - The 4th Album,kpop-gen2,https://music.youtube.com/watch?v=z80Ht0upGrU,https://i.ytimg.com/vi/z80Ht0upGrU/maxresdefault.jpg,Girls Generation/I GOT A BOY - The 4th Album/유리아이 Lost In Love.mp3
예감 Bump It,Girls Generation,Girls' Generation,Lion Heart - The 5th Album,kpop-gen2,https://music.youtube.com/watch?v=SoA7VR1VvXE,https://i.ytimg.com/vi/SoA7VR1VvXE/maxresdefault.jpg,Girls Generation/Lion Heart - The 5th Album/예감 Bump It.mp3
Trick,Girls Generation,Girls' Generation,The Boys - The 3rd Album,kpop-gen2,https://music.youtube.com/watch?v=SMNyioyAznU,https://i.ytimg.com/vi/SMNyioyAznU/maxresdefault.jpg,Girls Generation/The Boys - The 3rd Album/Trick.mp3
[2011 GIRLS' GENERATION TOUR] 뻔&Fun(Sweet Talking Baby)_GIRLS' GENERATION,Girls Generation,SMTOWN,Single,kpop-gen2,https://music.youtube.com/watch?v=aA3f5j8g4i0,https://i.ytimg.com/vi/aA3f5j8g4i0/sddefault.jpg,Girls Generation/Single/[2011 GIRLS' GENERATION TOUR] 뻔&Fun(Sweet Talking Baby)_GIRLS' GENERATION.mp3
비타민 Vitamin,Girls Generation,Girls' Generation,The Boys - The 3rd Album,kpop-gen2,https://music.youtube.com/watch?v=QxEay9Kh9iU,https://i.ytimg.com/vi/QxEay9Kh9iU/maxresdefault.jpg,Girls Generation/The Boys - The 3rd Album/비타민 Vitamin.mp3
Green Light,Girls Generation,Girls' Generation,Lion Heart - The 5th Album,kpop-gen2,https://music.youtube.com/watch?v=9bGe7Q-ZSfc,https://i.ytimg.com/vi/9bGe7Q-ZSfc/maxresdefault.jpg,Girls Generation/Lion Heart - The 5th Album/Green Light.mp3
영원히 너와 꿈꾸고 싶다 Forever,Girls Generation,Girls' Generation,Oh! - The Second Album,kpop-gen2,https://music.youtube.com/watch?v=5soH57IEWNc,https://i.ytimg.com/vi/5soH57IEWNc/maxresdefault.jpg,Girls Generation/Oh! - The Second Album/영원히 너와 꿈꾸고 싶다 Forever.mp3
Echo,Girls Generation,Girls' Generation,Run Devil Run - The 2nd Album Repackage,kpop-gen2,https://music.youtube.com/watch?v=70dU6egmJ-k,https://i.ytimg.com/vi/70dU6egmJ-k/maxresdefault.jpg,Girls Generation/Run Devil Run - The 2nd Album Repackage/Echo.mp3
Sober,Girls Generation,HYO,Sober,kpop-gen2,https://music.youtube.com/watch?v=eHvcG4WbqO4,https://i.ytimg.com/vi/eHvcG4WbqO4/maxresdefault.jpg,Girls Generation/Sober/Sober.mp3
First Kiss,Girls Generation,써니,황성제 Project 슈퍼히어로 3rd Line Up,kpop-gen2,https://music.youtube.com/watch?v=iu_UDyuCmbA,https://i.ytimg.com/vi/iu_UDyuCmbA/maxresdefault.jpg,Girls Generation/황성제 Project 슈퍼히어로 3rd Line Up/First Kiss.mp3
Baby Maybe,Girls Generation,Girls' Generation,I GOT A BOY - The 4th Album,kpop-gen2,https://music.youtube.com/watch?v=vrC1_3uUDeI,https://i.ytimg.com/vi/vrC1_3uUDeI/maxresdefault.jpg,Girls Generation/I GOT A BOY - The 4th Album/Baby Maybe.mp3
유로파 Europa,Girls Generation,Girls' Generation,Girls' Generation 4th Mini Album 'Mr. Mr.',kpop-gen2,https://music.youtube.com/watch?v=XTPjAu0kgDE,https://i.ytimg.com/vi/XTPjAu0kgDE/maxresdefault.jpg,Girls Generation/Girls' Generation 4th Mini Album 'Mr. Mr.'/유로파 Europa.mp3
별별별 (☆★☆),Girls Generation,Girls' Generation,Oh! - The Second Album,kpop-gen2,https://music.youtube.com/watch?v=S4S4ol-fkvI,https://i.ytimg.com/vi/S4S4ol-fkvI/maxresdefault.jpg,Girls Generation/Oh! - The Second Album/별별별 (☆★☆).mp3
HYO 효연 'Badster (English Ver.)' MV,Girls Generation,SMTOWN,Single,kpop-gen2,https://music.youtube.com/watch?v=Z26czvItS5g,https://i.ytimg.com/vi/Z26czvItS5g/maxresdefault.jpg,Girls Generation/Single/HYO 효연 'Badster (English Ver.)' MV.mp3
FAN,Girls Generation,Girls' Generation,Holiday Night - The 6th Album,kpop-gen2,https://music.youtube.com/watch?v=e3SINpd3Ml8,https://i.ytimg.com/vi/e3SINpd3Ml8/maxresdefault.jpg,Girls Generation/Holiday Night - The 6th Album/FAN.mp3
Show! Show! Show!,Girls Generation,Girls' Generation,Oh! - The Second Album,kpop-gen2,https://music.youtube.com/watch?v=XVbH4gJiZhA,https://i.ytimg.com/vi/XVbH4gJiZhA/maxresdefault.jpg,Girls Generation/Oh! - The Second Album/Show! Show! Show!.mp3
Show Girls,Girls Generation,Girls' Generation,Lion Heart - The 5th Album,kpop-gen2,https://music.youtube.com/watch?v=J6Ra9TYmBWg,https://i.ytimg.com/vi/J6Ra9TYmBWg/maxresdefault.jpg,Girls Generation/Lion Heart - The 5th Album/Show Girls.mp3
[MV] SEOHYUN(서현) - Milky Way,Girls Generation,SUPER SOUND Bugs!,Single,kpop-gen2,https://music.youtube.com/watch?v=yUzdTntWAZ0,https://i.ytimg.com/vi/yUzdTntWAZ0/sddefault.jpg,Girls Generation/Single/[MV] SEOHYUN(서현) - Milky Way.mp3
친구여,Girls Generation,Release - Topic,Single,kpop-gen2,https://music.youtube.com/watch?v=fKQdyXQnc4A,https://i.ytimg.com/vi/fKQdyXQnc4A/maxresdefault.jpg,Girls Generation/Single/친구여.mp3
백허그 Back Hug,Girls Generation,Girls' Generation,Girls' Generation 4th Mini Album 'Mr. Mr.',kpop-gen2,https://music.youtube.com/watch?v=-4U_3S2ZrWE,https://i.ytimg.com/vi/-4U_3S2ZrWE/maxresdefault.jpg,Girls Generation/Girls' Generation 4th Mini Album 'Mr. Mr.'/백허그 Back Hug.mp3
텔레파시 Telepathy,Girls Generation,Girls' Generation,The Boys - The 3rd Album,kpop-gen2,https://music.youtube.com/watch?v=uRvRukPrLts,https://i.ytimg.com/vi/uRvRukPrLts/maxresdefault.jpg,Girls Generation/The Boys - The 3rd Album/텔레파시 Telepathy.mp3
Beep Beep,Girls Generation,Girls' Generation,The Best,kpop-gen2,https://music.youtube.com/watch?v=0yTtT9bQk90,https://i.ytimg.com/vi/0yTtT9bQk90/maxresdefault.jpg,Girls Generation/The Best/Beep Beep.mp3
Sky View ('No Way Home' Original Soundtrack),Girls Generation,"SUNNY, HYO",Sky View ('No Way Home' Original Soundtrack),kpop-gen2,https://music.youtube.com/watch?v=KPIKZ0xCYxA,https://i.ytimg.com/vi/KPIKZ0xCYxA/maxresdefault.jpg,Girls Generation/Sky View ('No Way Home' Original Soundtrack)/Sky View ('No Way Home' Original Soundtrack).mp3
낭만길 Romantic St.,Girls Generation,Girls' Generation,I GOT A BOY - The 4th Album,kpop-gen2,https://music.youtube.com/watch?v=9H8UCG9VteU,https://i.ytimg.com/vi/9H8UCG9VteU/maxresdefault.jpg,Girls Generation/I GOT A BOY - The 4th Album/낭만길 Romantic St..mp3
Perfect For You (소원),Girls Generation,Girls' Generation,다시 만난 세계 Into The New World,kpop-gen2,https://music.youtube.com/watch?v=mRySEJx1sBM,https://i.ytimg.com/vi/mRySEJx1sBM/maxresdefault.jpg,Girls Generation/다시 만난 세계 Into The New World/Perfect For You (소원).mp3
여자친구 Girlfriend,Girls Generation,Girls' Generation,소원을 말해봐 Genie - The Second Mini Album,kpop-gen2,https://music.youtube.com/watch?v=tN5Wds2ENSU,https://i.ytimg.com/vi/tN5Wds2ENSU/maxresdefault.jpg,Girls Generation/소원을 말해봐 Genie - The Second Mini Album/여자친구 Girlfriend.mp3
남자친구 Boyfriend,Girls Generation,Girls' Generation,소원을 말해봐 Genie - The Second Mini Album,kpop-gen2,https://music.youtube.com/watch?v=hhsJ9c60yBg,https://i.ytimg.com/vi/hhsJ9c60yBg/maxresdefault.jpg,Girls Generation/소원을 말해봐 Genie - The Second Mini Album/남자친구 Boyfriend.mp3
Destiny,Girls Generation,Girls' Generation,Gee - The First Mini Album,kpop-gen2,https://music.youtube.com/watch?v=BwVgDhm5fXA,https://i.ytimg.com/vi/BwVgDhm5fXA/maxresdefault.jpg,Girls Generation/Gee - The First Mini Album/Destiny.mp3
써니(SUNNY) - 옷깃 (Collar) | 보쌈-운명을 훔치다 OST Part.7,Girls Generation,DanalEntertainment,Single,kpop-gen2,https://music.youtube.com/watch?v=cKkKoSFofvs,https://i.ytimg.com/vi/cKkKoSFofvs/maxresdefault.jpg,Girls Generation/Single/써니(SUNNY) - 옷깃 (Collar) _ 보쌈-운명을 훔치다 OST Part.7.mp3
수영 (SOOYOUNG) - 겨울숨 (Original Ver.) | 겨울숨,Girls Generation,DanalEntertainment,Single,kpop-gen2,https://music.youtube.com/watch?v=4b_4xRahK2k,https://i.ytimg.com/vi/4b_4xRahK2k/maxresdefault.jpg,Girls Generation/Single/수영 (SOOYOUNG) - 겨울숨 (Original Ver.) _ 겨울숨.mp3
DAY BY DAY (DAY BY DAY),T ara,T-ara,DAY BY DAY,kpop-gen2,https://music.youtube.com/watch?v=kjNGAVT_ySg,https://i.ytimg.com/vi/kjNGAVT_ySg/maxresdefault.jpg,T ara/DAY BY DAY/DAY BY DAY (DAY BY DAY).mp3
No.9 (넘버나인 (No.9)),T ara,T-ara,Again,kpop-gen2,https://music.youtube.com/watch?v=fU4kJOEw2F8,https://i.ytimg.com/vi/fU4kJOEw2F8/maxresdefault.jpg,T ara/Again/No.9 (넘버나인 (No.9)).mp3
너 때문에 미쳐 (너 때문에 미쳐),T ara,T-ara,Breaking Heart,kpop-gen2,https://music.youtube.com/watch?v=1Of1oA4rmYc,https://i.ytimg.com/vi/1Of1oA4rmYc/maxresdefault.jpg,T ara/Breaking Heart/너 때문에 미쳐 (너 때문에 미쳐).mp3
Funky Town - 우리 사랑했잖아,T ara,"다비치, 티아라",Funky Town - 우리 사랑했잖아,kpop-gen2,https://music.youtube.com/watch?v=UHoVBnAdlUk,https://i.ytimg.com/vi/UHoVBnAdlUk/maxresdefault.jpg,T ara/Funky Town - 우리 사랑했잖아/Funky Town - 우리 사랑했잖아.mp3
ROLY-POLY,T ara,T-ara,John Travolta Wanna Be,kpop-gen2,https://music.youtube.com/watch?v=Pws7laZhyP0,https://i.ytimg.com/vi/Pws7laZhyP0/maxresdefault.jpg,T ara/John Travolta Wanna Be/ROLY-POLY.mp3
TTL (Time To Love),T ara,"티아라, 초신성",TTL (Time To Love),kpop-gen2,https://music.youtube.com/watch?v=0RF5pEkt0KQ,https://i.ytimg.com/vi/0RF5pEkt0KQ/maxresdefault.jpg,T ara/TTL (Time To Love)/TTL (Time To Love).mp3
Lovey-Dovey (Lovey-Dovey),T ara,T-ara,Funky Town,kpop-gen2,https://music.youtube.com/watch?v=VPJC1fabdlU,https://i.ytimg.com/vi/VPJC1fabdlU/maxresdefault.jpg,T ara/Funky Town/Lovey-Dovey (Lovey-Dovey).mp3
SEXY LOVE (SEXY LOVE),T ara,T-ara,MIRAGE,kpop-gen2,https://music.youtube.com/watch?v=2nlvbkwVA3E,https://i.ytimg.com/vi/2nlvbkwVA3E/maxresdefault.jpg,T ara/MIRAGE/SEXY LOVE (SEXY LOVE).mp3
Bo Peep Bo Peep (Bo Peep Bo Peep),T ara,T-ara,Absolute First Album,kpop-gen2,https://music.youtube.com/watch?v=t8_I3o5KWfA,https://i.ytimg.com/vi/t8_I3o5KWfA/maxresdefault.jpg,T ara/Absolute First Album/Bo Peep Bo Peep (Bo Peep Bo Peep).mp3
Cry Cry (CRY CRY),T ara,T-ara,Black Eyes,kpop-gen2,https://music.youtube.com/watch?v=7O9RYG8ly14,https://i.ytimg.com/vi/7O9RYG8ly14/maxresdefault.jpg,T ara/Black Eyes/Cry Cry (CRY CRY).mp3
왜 이러니 (왜 이러니),T ara,T-ara,왜 이러니,kpop-gen2,https://music.youtube.com/watch?v=chcXtJkOqYE,https://i.ytimg.com/vi/chcXtJkOqYE/maxresdefault.jpg,T ara/왜 이러니/왜 이러니 (왜 이러니).mp3
여성시대,T ara,씨야(SeeYa)， 다비치(Davichi)， 티아라(T-ara),여성시대 / 영원한 사랑,kpop-gen2,https://music.youtube.com/watch?v=JQ-5-HjuSv0,https://i.ytimg.com/vi/JQ-5-HjuSv0/sddefault.jpg,T ara/여성시대 _ 영원한 사랑/여성시대.mp3
TTL Listen 2,T ara,"T-ara, 초신성",TTL Listen 2,kpop-gen2,https://music.youtube.com/watch?v=nMyMKdZ3KaE,https://i.ytimg.com/vi/nMyMKdZ3KaE/maxresdefault.jpg,T ara/TTL Listen 2/TTL Listen 2.mp3
원더우먼,T ara,"SeeYa, DAVICHI, T-ara",Wonder Woman,kpop-gen2,https://music.youtube.com/watch?v=HuTfUAuwkdU,https://i.ytimg.com/vi/HuTfUAuwkdU/maxresdefault.jpg,T ara/Wonder Woman/원더우먼.mp3
Roly-Poly in 코파카바나 (Roly-Poly in 코파카바나),T ara,T-ara,Roly-Poly in 코파카바나,kpop-gen2,https://music.youtube.com/watch?v=g9DTUhsPHeM,https://i.ytimg.com/vi/g9DTUhsPHeM/maxresdefault.jpg,T ara/Roly-Poly in 코파카바나/Roly-Poly in 코파카바나 (Roly-Poly in 코파카바나).mp3
처음처럼 (처음처럼),T ara,T-ara,Absolute First Album,kpop-gen2,https://music.youtube.com/watch?v=bVeRULebK0U,https://i.ytimg.com/vi/bVeRULebK0U/maxresdefault.jpg,T ara/Absolute First Album/처음처럼 (처음처럼).mp3
페이지원,T ara,"JooHyun Oak, SG Wannabe, T-ara",Page one,kpop-gen2,https://music.youtube.com/watch?v=X7JifEX6M6M,https://i.ytimg.com/vi/X7JifEX6M6M/maxresdefault.jpg,T ara/Page one/페이지원.mp3
Falling U (Falling U),T ara,T-ara,Absolute First Album,kpop-gen2,https://music.youtube.com/watch?v=AgmlQ1Gy8AE,https://i.ytimg.com/vi/AgmlQ1Gy8AE/maxresdefault.jpg,T ara/Absolute First Album/Falling U (Falling U).mp3
낮과 밤 (LOVE ALL),T ara,"T-ara, Shannon, Gunji",LOVE ALL,kpop-gen2,https://music.youtube.com/watch?v=AISUWi-tulI,https://i.ytimg.com/vi/AISUWi-tulI/maxresdefault.jpg,T ara/LOVE ALL/낮과 밤 (LOVE ALL).mp3
떠나지마 (떠나지마),T ara,T-ara,DAY BY DAY,kpop-gen2,https://music.youtube.com/watch?v=169lQ98JLX8,https://i.ytimg.com/vi/169lQ98JLX8/maxresdefault.jpg,T ara/DAY BY DAY/떠나지마 (떠나지마).mp3
Sugar Free (Sugar Free),T ara,T-ara,And&End,kpop-gen2,https://music.youtube.com/watch?v=du6_wUJbVD4,https://i.ytimg.com/vi/du6_wUJbVD4/maxresdefault.jpg,T ara/And&End/Sugar Free (Sugar Free).mp3
거짓말 (Dance Version) (거짓말 (Dance Ver.)),T ara,T-ara,Absolute First Album,kpop-gen2,https://music.youtube.com/watch?v=Zc4f38gIbYU,https://i.ytimg.com/vi/Zc4f38gIbYU/maxresdefault.jpg,T ara/Absolute First Album/거짓말 (Dance Version) (거짓말 (Dance Ver.)).mp3
영원한 사랑,T ara,"씨야 (SeeYa), 다비치 (Davichi), 티아라 (T-ara)",여성시대/영원한 사랑,kpop-gen2,https://music.youtube.com/watch?v=gPbl4GxOfkg,https://i.ytimg.com/vi/gPbl4GxOfkg/maxresdefault.jpg,T ara/여성시대_영원한 사랑/영원한 사랑.mp3
Apple Is A (Apple Is A),T ara,T-ara,Absolute First Album,kpop-gen2,https://music.youtube.com/watch?v=OqxUCmn0Dsc,https://i.ytimg.com/vi/OqxUCmn0Dsc/maxresdefault.jpg,T ara/Absolute First Album/Apple Is A (Apple Is A).mp3
Ma boo (Ma boo),T ara,T-ara,Vol.2 Temptastic,kpop-gen2,https://music.youtube.com/watch?v=kMNEYBFOXdw,https://i.ytimg.com/vi/kMNEYBFOXdw/maxresdefault.jpg,T ara/Vol.2 Temptastic/Ma boo (Ma boo).mp3
느낌 아니까 (느낌 아니까),T ara,T-ara,Again,kpop-gen2,https://music.youtube.com/watch?v=e01wpD_JhPo,https://i.ytimg.com/vi/e01wpD_JhPo/maxresdefault.jpg,T ara/Again/느낌 아니까 (느낌 아니까).mp3
Sugar Free (BigRoom Version) (Sugar Free (BigRoom Ver.)),T ara,T-ara,And&End,kpop-gen2,https://music.youtube.com/watch?v=ng_rYZoWLIs,https://i.ytimg.com/vi/ng_rYZoWLIs/maxresdefault.jpg,T ara/And&End/Sugar Free (BigRoom Version) (Sugar Free (BigRoom Ver.)).mp3
내가 너무 아파 (내가 너무 아파),T ara,T-ara,Breaking Heart,kpop-gen2,https://music.youtube.com/watch?v=7ydjoWizcUc,https://i.ytimg.com/vi/7ydjoWizcUc/maxresdefault.jpg,T ara/Breaking Heart/내가 너무 아파 (내가 너무 아파).mp3
Little Apple (With Chopsticks Brother) (Little Apple with 젓가락형제),T ara,T-ara,Little Apple,kpop-gen2,https://music.youtube.com/watch?v=onOv8pBOblk,https://i.ytimg.com/vi/onOv8pBOblk/maxresdefault.jpg,T ara/Little Apple/Little Apple (With Chopsticks Brother) (Little Apple with 젓가락형제).mp3
완전 미쳤네 (Korean Version) (완전 미쳤네 (Korean Ver.)),T ara,T-ara,So Good,kpop-gen2,https://music.youtube.com/watch?v=vTRjqu3elzQ,https://i.ytimg.com/vi/vTRjqu3elzQ/maxresdefault.jpg,T ara/So Good/완전 미쳤네 (Korean Version) (완전 미쳤네 (Korean Ver.)).mp3
yayaya (yayaya),T ara,T-ara,Vol.2 Temptastic,kpop-gen2,https://music.youtube.com/watch?v=_kMuwkHEZSg,https://i.ytimg.com/vi/_kMuwkHEZSg/maxresdefault.jpg,T ara/Vol.2 Temptastic/yayaya (yayaya).mp3
나 어떡해 (나 어떡해),T ara,T-ara,Again 1977,kpop-gen2,https://music.youtube.com/watch?v=dwDKgu23ol0,https://i.ytimg.com/vi/dwDKgu23ol0/maxresdefault.jpg,T ara/Again 1977/나 어떡해 (나 어떡해).mp3
Tears Of Mind - 진통제 (진통제),T ara,"T-ARA, SPEED, F-ve Dolls, THE SEEYA",Tears Of Mind,kpop-gen2,https://music.youtube.com/watch?v=Jnp7H-17MH4,https://i.ytimg.com/vi/Jnp7H-17MH4/maxresdefault.jpg,T ara/Tears Of Mind/Tears Of Mind - 진통제 (진통제).mp3
오늘까지만 아파할 거야 (오늘까지만 아파할 거야),T ara,T-ara,REMEMBER,kpop-gen2,https://music.youtube.com/watch?v=7Ic1XIMyIXk,https://i.ytimg.com/vi/7Ic1XIMyIXk/maxresdefault.jpg,T ara/REMEMBER/오늘까지만 아파할 거야 (오늘까지만 아파할 거야).mp3
FIRST LOVE (feat.EB) (FIRST LOVE (FEAT.EB)),T ara,"T-ara, EB",Cho Young Soo All Star - T-ara,kpop-gen2,https://music.youtube.com/watch?v=wgdt9d4K3mU,https://i.ytimg.com/vi/wgdt9d4K3mU/maxresdefault.jpg,T ara/Cho Young Soo All Star - T-ara/FIRST LOVE (feat.EB) (FIRST LOVE (FEAT.EB)).mp3
HOLIDAY (HOLIDAY),T ara,T-ara,DAY BY DAY,kpop-gen2,https://music.youtube.com/watch?v=Rz4fV8RYXRI,https://i.ytimg.com/vi/Rz4fV8RYXRI/maxresdefault.jpg,T ara/DAY BY DAY/HOLIDAY (HOLIDAY).mp3
빙글빙글,T ara,티아라,Bingle Bingle,kpop-gen2,https://music.youtube.com/watch?v=I5p4QQboTwI,https://i.ytimg.com/vi/I5p4QQboTwI/maxresdefault.jpg,T ara/Bingle Bingle/빙글빙글.mp3
숨바꼭질 (숨바꼭질),T ara,T-ara,T-ara Winter,kpop-gen2,https://music.youtube.com/watch?v=9PfKxlg72nA,https://i.ytimg.com/vi/9PfKxlg72nA/maxresdefault.jpg,T ara/T-ara Winter/숨바꼭질 (숨바꼭질).mp3
TIAMO (TIAMO),T ara,T-ara,REMEMBER,kpop-gen2,https://music.youtube.com/watch?v=Un0re8FJgUU,https://i.ytimg.com/vi/Un0re8FJgUU/maxresdefault.jpg,T ara/REMEMBER/TIAMO (TIAMO).mp3
CRY CRY (BALLAD Version) (Cry Cry (Ballad Ver.)),T ara,T-ara,Funky Town,kpop-gen2,https://music.youtube.com/watch?v=9UNWYk9oI7U,https://i.ytimg.com/vi/9UNWYk9oI7U/maxresdefault.jpg,T ara/Funky Town/CRY CRY (BALLAD Version) (Cry Cry (Ballad Ver.)).mp3
TIKI TAKA,T ara,T-ARA,Re:T-ARA,kpop-gen2,https://music.youtube.com/watch?v=Ew2rFf4E5RM,https://i.ytimg.com/vi/Ew2rFf4E5RM/maxresdefault.jpg,T ara/Re_T-ARA/TIKI TAKA.mp3
아파 (아파),T ara,T-ara,Again,kpop-gen2,https://music.youtube.com/watch?v=fe53d8idGHc,https://i.ytimg.com/vi/fe53d8idGHc/maxresdefault.jpg,T ara/Again/아파 (아파).mp3
너너너 (너너너),T ara,T-ara,Absolute First Album,kpop-gen2,https://music.youtube.com/watch?v=EWuoyNQsRhw,https://i.ytimg.com/vi/EWuoyNQsRhw/maxresdefault.jpg,T ara/Absolute First Album/너너너 (너너너).mp3
좋은사람 (좋은사람),T ara,T-ara,Absolute First Album,kpop-gen2,https://music.youtube.com/watch?v=fz9kJlr9oxA,https://i.ytimg.com/vi/fz9kJlr9oxA/maxresdefault.jpg,T ara/Absolute First Album/좋은사람 (좋은사람).mp3
ALL KILL,T ara,T-ARA,Re:T-ARA,kpop-gen2,https://music.youtube.com/watch?v=DX1Mvl0_eao,https://i.ytimg.com/vi/DX1Mvl0_eao/maxresdefault.jpg,T ara/Re_T-ARA/ALL KILL.mp3
Number Nine (Japanese Version),T ara,T-Ara,Summer of Pop,kpop-gen2,https://music.youtube.com/watch?v=E-GJtuSB0YE,https://i.ytimg.com/vi/E-GJtuSB0YE/maxresdefault.jpg,T ara/Summer of Pop/Number Nine (Japanese Version).mp3
내 이름은 (내 이름은),T ara,T-ara,What's my name?,kpop-gen2,https://music.youtube.com/watch?v=cKgMFY3EG_k,https://i.ytimg.com/vi/cKgMFY3EG_k/maxresdefault.jpg,T ara/What's my name?/내 이름은 (내 이름은).mp3
사랑놀이 (사랑놀이),T ara,T-ara,DAY BY DAY,kpop-gen2,https://music.youtube.com/watch?v=6hvxaeQrDz4,https://i.ytimg.com/vi/6hvxaeQrDz4/maxresdefault.jpg,T ara/DAY BY DAY/사랑놀이 (사랑놀이).mp3
진짜 진짜 좋아해,T ara,T-ara,John Travolta Wanna Be,kpop-gen2,https://music.youtube.com/watch?v=X_2oG5_PJr4,https://i.ytimg.com/vi/X_2oG5_PJr4/maxresdefault.jpg,T ara/John Travolta Wanna Be/진짜 진짜 좋아해.mp3
왜 이러니 (Remix Version),T ara,T-ara,John Travolta Wanna Be,kpop-gen2,https://music.youtube.com/watch?v=aYYZU7RBL68,https://i.ytimg.com/vi/aYYZU7RBL68/maxresdefault.jpg,T ara/John Travolta Wanna Be/왜 이러니 (Remix Version).mp3
Tic Tic Toc (Tic Tic Toc),T ara,T-ara,Absolute First Album,kpop-gen2,https://music.youtube.com/watch?v=LMKhGOVGK-g,https://i.ytimg.com/vi/LMKhGOVGK-g/maxresdefault.jpg,T ara/Absolute First Album/Tic Tic Toc (Tic Tic Toc).mp3
우리 헤어진 이유 (우리 헤어진 이유),T ara,T-ara,So Good,kpop-gen2,https://music.youtube.com/watch?v=bdQ7zZagbiA,https://i.ytimg.com/vi/bdQ7zZagbiA/maxresdefault.jpg,T ara/So Good/우리 헤어진 이유 (우리 헤어진 이유).mp3
HUE (HUE),T ara,T-ara,DAY BY DAY,kpop-gen2,https://music.youtube.com/watch?v=FWHNdb4-ht4,https://i.ytimg.com/vi/FWHNdb4-ht4/maxresdefault.jpg,T ara/DAY BY DAY/HUE (HUE).mp3
Bye Bye (Bye Bye),T ara,T-ara,Absolute First Album,kpop-gen2,https://music.youtube.com/watch?v=NxFjFOyl7N0,https://i.ytimg.com/vi/NxFjFOyl7N0/maxresdefault.jpg,T ara/Absolute First Album/Bye Bye (Bye Bye).mp3
One & One (One & One),T ara,T-ara,Absolute First Album,kpop-gen2,https://music.youtube.com/watch?v=LSHmPbExPW8,https://i.ytimg.com/vi/LSHmPbExPW8/maxresdefault.jpg,T ara/Absolute First Album/One & One (One & One).mp3
For you (For you),T ara,T-ara,So Good,kpop-gen2,https://music.youtube.com/watch?v=PKpMbVG8i6k,https://i.ytimg.com/vi/PKpMbVG8i6k/maxresdefault.jpg,T ara/So Good/For you (For you).mp3
영원한 사랑 Remix Version,T ara,"씨야 (SeeYa), 다비치 (Davichi), 티아라 (T-ara)",여성시대/영원한 사랑,kpop-gen2,https://music.youtube.com/watch?v=d9EzMfomdUw,https://i.ytimg.com/vi/d9EzMfomdUw/maxresdefault.jpg,T ara/여성시대_영원한 사랑/영원한 사랑 Remix Version.mp3
남주긴 아까워 (남주긴 아까워),T ara,T-ara,And&End,kpop-gen2,https://music.youtube.com/watch?v=L3b2s3Nxprs,https://i.ytimg.com/vi/L3b2s3Nxprs/maxresdefault.jpg,T ara/And&End/남주긴 아까워 (남주긴 아까워).mp3
I'm so bad (I′m So Bad),T ara,T-ara,Black Eyes,kpop-gen2,https://music.youtube.com/watch?v=3AKXnmVV00s,https://i.ytimg.com/vi/3AKXnmVV00s/maxresdefault.jpg,T ara/Black Eyes/I'm so bad (I′m So Bad).mp3
놀아볼래? (놀아볼래?),T ara,T-ara,Absolute First Album,kpop-gen2,https://music.youtube.com/watch?v=OzFjFv7LTTQ,https://i.ytimg.com/vi/OzFjFv7LTTQ/maxresdefault.jpg,T ara/Absolute First Album/놀아볼래? (놀아볼래?).mp3
그녀를 보면 (그녀를 보면),T ara,T-ara,And&End,kpop-gen2,https://music.youtube.com/watch?v=BjypxqLUO1w,https://i.ytimg.com/vi/BjypxqLUO1w/maxresdefault.jpg,T ara/And&End/그녀를 보면 (그녀를 보면).mp3
"Goodbye, Ok (GOODBYE, OK)",T ara,T-ara,Black Eyes,kpop-gen2,https://music.youtube.com/watch?v=TJ8O_rWZyX0,https://i.ytimg.com/vi/TJ8O_rWZyX0/maxresdefault.jpg,"T ara/Black Eyes/Goodbye, Ok (GOODBYE, OK).mp3"
거짓말 (Slow Version) (거짓말 (Slow Ver.)),T ara,T-ara,Absolute First Album,kpop-gen2,https://music.youtube.com/watch?v=-tKSGPPzIi0,https://i.ytimg.com/vi/-tKSGPPzIi0/maxresdefault.jpg,T ara/Absolute First Album/거짓말 (Slow Version) (거짓말 (Slow Ver.)).mp3
괜찮아요 (괜찮아요),T ara,T-ara,Vol.2 Temptastic,kpop-gen2,https://music.youtube.com/watch?v=EAjsUrCBhQI,https://i.ytimg.com/vi/EAjsUrCBhQI/maxresdefault.jpg,T ara/Vol.2 Temptastic/괜찮아요 (괜찮아요).mp3
White Snow - 나를 잊지 말아요 (나를 잊지 말아요),T ara,"T-ARA, SPEED, The Seeya, Cho Yi Hyeon",White Snow - 나를 잊지 말아요,kpop-gen2,https://music.youtube.com/watch?v=uiFQhwnhxmc,https://i.ytimg.com/vi/uiFQhwnhxmc/maxresdefault.jpg,T ara/White Snow - 나를 잊지 말아요/White Snow - 나를 잊지 말아요 (나를 잊지 말아요).mp3
20090729 (20090729),T ara,T-ara,What's my name?,kpop-gen2,https://music.youtube.com/watch?v=S4QQQrdv79E,https://i.ytimg.com/vi/S4QQQrdv79E/maxresdefault.jpg,T ara/What's my name?/20090729 (20090729).mp3
결혼하지 마 (결혼 하지마),T ara,T-ara,Again,kpop-gen2,https://music.youtube.com/watch?v=UHjqNYF-Uh8,https://i.ytimg.com/vi/UHjqNYF-Uh8/maxresdefault.jpg,T ara/Again/결혼하지 마 (결혼 하지마).mp3
beautiful girl,T ara,티아라，용감한 형제,티아라 용감한형제 Beautiful girl (Digital Single),kpop-gen2,https://music.youtube.com/watch?v=5C7RasYH1vk,https://i.ytimg.com/vi/5C7RasYH1vk/sddefault.jpg,T ara/티아라 용감한형제 Beautiful girl (Digital Single)/beautiful girl.mp3
Keep Out,T ara,"T-ara, T-ara","KPOP: J-Pop Made In Korea, Vol. 4",kpop-gen2,https://music.youtube.com/watch?v=8QHiYnEIeYs,https://i.ytimg.com/vi/8QHiYnEIeYs/maxresdefault.jpg,"T ara/KPOP_ J-Pop Made In Korea, Vol. 4/Keep Out.mp3"
Sugarfree (Original Edit English Version) (Sugarfree (Original Edit) (Eng.)),T ara,T-ARA,EDM Club Sugar Free Edition,kpop-gen2,https://music.youtube.com/watch?v=4kSKM-JujEw,https://i.ytimg.com/vi/4kSKM-JujEw/maxresdefault.jpg,T ara/EDM Club Sugar Free Edition/Sugarfree (Original Edit English Version) (Sugarfree (Original Edit) (Eng.)).mp3
Log-In (로그인 (Log-In)),T ara,T-ARA,Log-In,kpop-gen2,https://music.youtube.com/watch?v=43iLziapQZc,https://i.ytimg.com/vi/43iLziapQZc/maxresdefault.jpg,T ara/Log-In/Log-In (로그인 (Log-In)).mp3
Kojinmaru -Uso-,T ara,"T-ara, T-ara","KPOP: J-Pop Made In Korea, Vol. 3",kpop-gen2,https://music.youtube.com/watch?v=2TXyzUdzz8k,https://i.ytimg.com/vi/2TXyzUdzz8k/maxresdefault.jpg,"T ara/KPOP_ J-Pop Made In Korea, Vol. 3/Kojinmaru -Uso-.mp3"
yayaya (Instrumental) (yayaya (Inst.)),T ara,T-ara,Vol.2 Temptastic,kpop-gen2,https://music.youtube.com/watch?v=O7X8ucUA684,https://i.ytimg.com/vi/O7X8ucUA684/maxresdefault.jpg,T ara/Vol.2 Temptastic/yayaya (Instrumental) (yayaya (Inst.)).mp3
ORGR (ORGR),T ara,T-ara,And&End,kpop-gen2,https://music.youtube.com/watch?v=ZIN1OR4KKKI,https://i.ytimg.com/vi/ZIN1OR4KKKI/maxresdefault.jpg,T ara/And&End/ORGR (ORGR).mp3
몰라요 (몰라요),T ara,T-ara,Vol.2 Temptastic,kpop-gen2,https://music.youtube.com/watch?v=S4J3rvi6qCI,https://i.ytimg.com/vi/S4J3rvi6qCI/maxresdefault.jpg,T ara/Vol.2 Temptastic/몰라요 (몰라요).mp3
Lovey-Dovey (2012 Club Remix Version) (Lovey-Dovey (Club Remix Ver.)),T ara,T-ara,Funky Town,kpop-gen2,https://music.youtube.com/watch?v=Zdwx-d-10CY,https://i.ytimg.com/vi/Zdwx-d-10CY/maxresdefault.jpg,T ara/Funky Town/Lovey-Dovey (2012 Club Remix Version) (Lovey-Dovey (Club Remix Ver.)).mp3
Cry Cry (Ballad Music Video Version) (CRY CRY (BALLAD MUSIC VIDEO VER.)),T ara,T-ara,Black Eyes,kpop-gen2,https://music.youtube.com/watch?v=1EOjrDBeM9A,https://i.ytimg.com/vi/1EOjrDBeM9A/maxresdefault.jpg,T ara/Black Eyes/Cry Cry (Ballad Music Video Version) (CRY CRY (BALLAD MUSIC VIDEO VER.)).mp3
Yayaya (Remix Version),T ara,T-ara,John Travolta Wanna Be,kpop-gen2,https://music.youtube.com/watch?v=wE5NJF8Xixg,https://i.ytimg.com/vi/wE5NJF8Xixg/maxresdefault.jpg,T ara/John Travolta Wanna Be/Yayaya (Remix Version).mp3
지난 달력 (지난 달력),T ara,T-ara,And&End,kpop-gen2,https://music.youtube.com/watch?v=KDjBpzqBLVQ,https://i.ytimg.com/vi/KDjBpzqBLVQ/maxresdefault.jpg,T ara/And&End/지난 달력 (지난 달력).mp3
We Are The One 16강 기원 응원가 (We Are The One (16강 기원 응원가)),T ara,T-ARA,We Are The One 16강 기원 응원가,kpop-gen2,https://music.youtube.com/watch?v=5xwQo3LkCYs,https://i.ytimg.com/vi/5xwQo3LkCYs/maxresdefault.jpg,T ara/We Are The One 16강 기원 응원가/We Are The One 16강 기원 응원가 (We Are The One (16강 기원 응원가)).mp3
Reload (Reload),T ara,T-ara,What's my name?,kpop-gen2,https://music.youtube.com/watch?v=kAuLdLbu0EM,https://i.ytimg.com/vi/kAuLdLbu0EM/maxresdefault.jpg,T ara/What's my name?/Reload (Reload).mp3
O my god (O MY GOD),T ara,T-ara,Black Eyes,kpop-gen2,https://music.youtube.com/watch?v=r_EiiPfIyCc,https://i.ytimg.com/vi/r_EiiPfIyCc/maxresdefault.jpg,T ara/Black Eyes/O my god (O MY GOD).mp3
Sugarfree (DJ Ferry English Version) (Sugarfree (DJ Ferry) (Eng.)),T ara,T-ARA,EDM Club Sugar Free Edition,kpop-gen2,https://music.youtube.com/watch?v=3c5GmfkPL4M,https://i.ytimg.com/vi/3c5GmfkPL4M/maxresdefault.jpg,T ara/EDM Club Sugar Free Edition/Sugarfree (DJ Ferry English Version) (Sugarfree (DJ Ferry) (Eng.)).mp3
Lullaby (Jiyeon Solo Version) (Lullaby (JIYEON SOLO)),T ara,T-ara,What's my name?,kpop-gen2,https://music.youtube.com/watch?v=FecTqqbZLbg,https://i.ytimg.com/vi/FecTqqbZLbg/maxresdefault.jpg,T ara/What's my name?/Lullaby (Jiyeon Solo Version) (Lullaby (JIYEON SOLO)).mp3
1977 기억 안나 (1977 기억 안나),T ara,T-ara,Again 1977,kpop-gen2,https://music.youtube.com/watch?v=qavenD6CDkE,https://i.ytimg.com/vi/qavenD6CDkE/maxresdefault.jpg,T ara/Again 1977/1977 기억 안나 (1977 기억 안나).mp3
몰라요 (Remix Version),T ara,T-ara,John Travolta Wanna Be,kpop-gen2,https://music.youtube.com/watch?v=0FevQwtV4jU,https://i.ytimg.com/vi/0FevQwtV4jU/maxresdefault.jpg,T ara/John Travolta Wanna Be/몰라요 (Remix Version).mp3
Sugar Free (S. Tiger Remix),T ara,T ara,Sugar Free EDM Club Edition,kpop-gen2,https://music.youtube.com/watch?v=zGdbIiJnw1Q,https://i.ytimg.com/vi/zGdbIiJnw1Q/maxresdefault.jpg,T ara/Sugar Free EDM Club Edition/Sugar Free (S. Tiger Remix).mp3
이별 영화 (이별 영화),T ara,T-ara,REMEMBER,kpop-gen2,https://music.youtube.com/watch?v=Pfob0Xepuw8,https://i.ytimg.com/vi/Pfob0Xepuw8/maxresdefault.jpg,T ara/REMEMBER/이별 영화 (이별 영화).mp3
Sugar Free (BigRoom Instrumental Version) (Sugar Free (BigRoom Ver.) (Inst.)),T ara,T-ara,And&End,kpop-gen2,https://music.youtube.com/watch?v=TGTAcJ6hfF4,https://i.ytimg.com/vi/TGTAcJ6hfF4/maxresdefault.jpg,T ara/And&End/Sugar Free (BigRoom Instrumental Version) (Sugar Free (BigRoom Ver.) (Inst.)).mp3
Real Love (Eunjung Solo Version) (Real Love (EUNJUNG SOLO)),T ara,T-ara,What's my name?,kpop-gen2,https://music.youtube.com/watch?v=03pKSVRFpqM,https://i.ytimg.com/vi/03pKSVRFpqM/maxresdefault.jpg,T ara/What's my name?/Real Love (Eunjung Solo Version) (Real Love (EUNJUNG SOLO)).mp3
Ooh La La (Hyomin Solo Version) (Ooh La La (HYOMIN SOLO)),T ara,T-ara,What's my name?,kpop-gen2,https://music.youtube.com/watch?v=LuRw0M57P-A,https://i.ytimg.com/vi/LuRw0M57P-A/maxresdefault.jpg,T ara/What's my name?/Ooh La La (Hyomin Solo Version) (Ooh La La (HYOMIN SOLO)).mp3
Sugarfree (DJ Big Bounce English Version) (Sugarfree (DJ Big Bounce) (Eng.)),T ara,T-ARA,EDM Club Sugar Free Edition,kpop-gen2,https://music.youtube.com/watch?v=iOFEr3195lk,https://i.ytimg.com/vi/iOFEr3195lk/maxresdefault.jpg,T ara/EDM Club Sugar Free Edition/Sugarfree (DJ Big Bounce English Version) (Sugarfree (DJ Big Bounce) (Eng.)).mp3
괜찮아요 (Remix Version),T ara,T-ara,John Travolta Wanna Be,kpop-gen2,https://music.youtube.com/watch?v=qMEyevbB4p4,https://i.ytimg.com/vi/qMEyevbB4p4/maxresdefault.jpg,T ara/John Travolta Wanna Be/괜찮아요 (Remix Version).mp3
Sugar Free (Chuckie Remix) (Sugar Free (Chuckie Remix)),T ara,T-ARA,Sugar Free,kpop-gen2,https://music.youtube.com/watch?v=YhIk4ZpozEg,https://i.ytimg.com/vi/YhIk4ZpozEg/maxresdefault.jpg,T ara/Sugar Free/Sugar Free (Chuckie Remix) (Sugar Free (Chuckie Remix)).mp3
다이아몬드 (Qri Solo Version) (다이아몬드 (QRI SOLO)),T ara,T-ara,What's my name?,kpop-gen2,https://music.youtube.com/watch?v=e2FhekcQ2_4,https://i.ytimg.com/vi/e2FhekcQ2_4/maxresdefault.jpg,T ara/What's my name?/다이아몬드 (Qri Solo Version) (다이아몬드 (QRI SOLO)).mp3
"Sugarfree (DJ Beatrappa, Ferry, Tera English Version) (Sugarfree (DJ Beatrappa, Ferry, Tera) (Eng.))",T ara,T-ARA,EDM Club Sugar Free Edition,kpop-gen2,https://music.youtube.com/watch?v=tUvhYQ0-kok,https://i.ytimg.com/vi/tUvhYQ0-kok/maxresdefault.jpg,"T ara/EDM Club Sugar Free Edition/Sugarfree (DJ Beatrappa, Ferry, Tera English Version) (Sugarfree (DJ Beatrappa, Ferry, Tera) (Eng.)).mp3"
Sugarfree (DJ Jeffrey Choi Korean Version) (Sugarfree (DJ Jeffrey Choi) (Kor.)),T ara,T-ARA,EDM Club Sugar Free Edition,kpop-gen2,https://music.youtube.com/watch?v=lZ5QwseX1Xk,https://i.ytimg.com/vi/lZ5QwseX1Xk/maxresdefault.jpg,T ara/EDM Club Sugar Free Edition/Sugarfree (DJ Jeffrey Choi Korean Version) (Sugarfree (DJ Jeffrey Choi) (Kor.)).mp3
Sugarfree (DJ Dion English Version) (Sugarfree (DJ Dion) (Eng.)),T ara,T-ARA,EDM Club Sugar Free Edition,kpop-gen2,https://music.youtube.com/watch?v=QDfXkiEEawo,https://i.ytimg.com/vi/QDfXkiEEawo/maxresdefault.jpg,T ara/EDM Club Sugar Free Edition/Sugarfree (DJ Dion English Version) (Sugarfree (DJ Dion) (Eng.)).mp3
Sugarfree (DJ pHatsound English Version) (Sugarfree (DJ pHatsound) (Eng.)),T ara,T-ARA,EDM Club Sugar Free Edition,kpop-gen2,https://music.youtube.com/watch?v=9iZ1VnTk8LM,https://i.ytimg.com/vi/9iZ1VnTk8LM/maxresdefault.jpg,T ara/EDM Club Sugar Free Edition/Sugarfree (DJ pHatsound English Version) (Sugarfree (DJ pHatsound) (Eng.)).mp3
내 이름은 (Chinese Version) (내 이름은 (Chinese Ver.)),T ara,T-ara,What's my name?,kpop-gen2,https://music.youtube.com/watch?v=K50KH97132s,https://i.ytimg.com/vi/K50KH97132s/maxresdefault.jpg,T ara/What's my name?/내 이름은 (Chinese Version) (내 이름은 (Chinese Ver.)).mp3
완전 미쳤네 (Instrumental) (완전 미쳤네 (Inst.)),T ara,T-ara,So Good,kpop-gen2,https://music.youtube.com/watch?v=e_DSbaX75U4,https://i.ytimg.com/vi/e_DSbaX75U4/maxresdefault.jpg,T ara/So Good/완전 미쳤네 (Instrumental) (완전 미쳤네 (Inst.)).mp3
Sugarfree (Monster Factory English Version) (Sugarfree (Monster Factory) (Eng.)),T ara,T-ARA,EDM Club Sugar Free Edition,kpop-gen2,https://music.youtube.com/watch?v=WzByoGrC4dY,https://i.ytimg.com/vi/WzByoGrC4dY/maxresdefault.jpg,T ara/EDM Club Sugar Free Edition/Sugarfree (Monster Factory English Version) (Sugarfree (Monster Factory) (Eng.)).mp3
TIAMO (Chinese Version) (TIAMO (Chinese Ver.)),T ara,T-ara,REMEMBER,kpop-gen2,https://music.youtube.com/watch?v=cYh2ODOIqg4,https://i.ytimg.com/vi/cYh2ODOIqg4/maxresdefault.jpg,T ara/REMEMBER/TIAMO (Chinese Version) (TIAMO (Chinese Ver.)).mp3
내 이름은 (Instrumental) (내 이름은 (Inst.)),T ara,T-ara,What's my name?,kpop-gen2,https://music.youtube.com/watch?v=FRwFVirHk_E,https://i.ytimg.com/vi/FRwFVirHk_E/maxresdefault.jpg,T ara/What's my name?/내 이름은 (Instrumental) (내 이름은 (Inst.)).mp3
TIAMO (Instrumental) (TIAMO (Inst.)),T ara,T-ara,REMEMBER,kpop-gen2,https://music.youtube.com/watch?v=8M7r0s-uRyw,https://i.ytimg.com/vi/8M7r0s-uRyw/maxresdefault.jpg,T ara/REMEMBER/TIAMO (Instrumental) (TIAMO (Inst.)).mp3
FIRST LOVE (inst) (FIRST LOVE (INST)),T ara,T-ara,Cho Young Soo All Star - T-ara,kpop-gen2,https://music.youtube.com/watch?v=cxJJHW8DZ3g,https://i.ytimg.com/vi/cxJJHW8DZ3g/maxresdefault.jpg,T ara/Cho Young Soo All Star - T-ara/FIRST LOVE (inst) (FIRST LOVE (INST)).mp3
beautiful girl (Inst.),T ara,티아라，용감한 형제,티아라 용감한형제 Beautiful girl (Digital Single),kpop-gen2,https://music.youtube.com/watch?v=jfFxrO9gKJI,https://i.ytimg.com/vi/jfFxrO9gKJI/sddefault.jpg,T ara/티아라 용감한형제 Beautiful girl (Digital Single)/beautiful girl (Inst.).mp3
Sugar Free (Jeffrey Choi Remix),T ara,T ara,Sugar Free EDM Club Edition,kpop-gen2,https://music.youtube.com/watch?v=IlHvxeLaFEQ,https://i.ytimg.com/vi/IlHvxeLaFEQ/maxresdefault.jpg,T ara/Sugar Free EDM Club Edition/Sugar Free (Jeffrey Choi Remix).mp3
PSY - GANGNAM STYLE(강남스타일) M/V,PSY,officialpsy,Single,kpop-gen2,https://music.youtube.com/watch?v=9bZkp7q19f0,https://i.ytimg.com/vi/9bZkp7q19f0/maxresdefault.jpg,PSY/Single/PSY - GANGNAM STYLE(강남스타일) M_V.mp3
PSY - GENTLEMAN M/V,PSY,officialpsy,Single,kpop-gen2,https://music.youtube.com/watch?v=ASO_zypdnsQ,https://i.ytimg.com/vi/ASO_zypdnsQ/maxresdefault.jpg,PSY/Single/PSY - GENTLEMAN M_V.mp3
PSY - 'That That (prod. & feat. SUGA of BTS)' MV,PSY,officialpsy,Single,kpop-gen2,https://music.youtube.com/watch?v=8dJyRm2jJ-U,https://i.ytimg.com/vi/8dJyRm2jJ-U/maxresdefault.jpg,PSY/Single/PSY - 'That That (prod. & feat. SUGA of BTS)' MV.mp3
PSY - DADDY(feat. CL of 2NE1) M/V,PSY,officialpsy,Single,kpop-gen2,https://music.youtube.com/watch?v=FrG4TEcSuRg,https://i.ytimg.com/vi/FrG4TEcSuRg/maxresdefault.jpg,PSY/Single/PSY - DADDY(feat. CL of 2NE1) M_V.mp3
어땠을까 (What Would Have Been) ft. 박정현,PSY,PSY,PSY SIX RULES Pt.1,kpop-gen2,https://music.youtube.com/watch?v=iT267zwmFBw,https://i.ytimg.com/vi/iT267zwmFBw/maxresdefault.jpg,PSY/PSY SIX RULES Pt.1/어땠을까 (What Would Have Been) ft. 박정현.mp3
PSY - ‘New Face’ M/V,PSY,officialpsy,Single,kpop-gen2,https://music.youtube.com/watch?v=OwJPPaEyqhI,https://i.ytimg.com/vi/OwJPPaEyqhI/maxresdefault.jpg,PSY/Single/PSY - ‘New Face’ M_V.mp3
PSY - HANGOVER (feat. Snoop Dogg) M/V,PSY,officialpsy,Single,kpop-gen2,https://music.youtube.com/watch?v=HkMNOlYcpHg,https://i.ytimg.com/vi/HkMNOlYcpHg/maxresdefault.jpg,PSY/Single/PSY - HANGOVER (feat. Snoop Dogg) M_V.mp3
PSY - ‘I LUV IT’ M/V,PSY,officialpsy,Single,kpop-gen2,https://music.youtube.com/watch?v=Xvjnoagk6GU,https://i.ytimg.com/vi/Xvjnoagk6GU/maxresdefault.jpg,PSY/Single/PSY - ‘I LUV IT’ M_V.mp3
PSY - 나팔바지(NAPAL BAJI) M/V,PSY,officialpsy,Single,kpop-gen2,https://music.youtube.com/watch?v=tF27TNC_4pc,https://i.ytimg.com/vi/tF27TNC_4pc/maxresdefault.jpg,PSY/Single/PSY - 나팔바지(NAPAL BAJI) M_V.mp3
PSY - 'Celeb' MV,PSY,officialpsy,Single,kpop-gen2,https://music.youtube.com/watch?v=vg6Iq_Es3Wk,https://i.ytimg.com/vi/vg6Iq_Es3Wk/maxresdefault.jpg,PSY/Single/PSY - 'Celeb' MV.mp3
뜨거운 안녕 (Passionate Goodbye) ft. 성시경,PSY,PSY,PSY SIX RULES Pt.1,kpop-gen2,https://music.youtube.com/watch?v=BD3MbtUBuTM,https://i.ytimg.com/vi/BD3MbtUBuTM/maxresdefault.jpg,PSY/PSY SIX RULES Pt.1/뜨거운 안녕 (Passionate Goodbye) ft. 성시경.mp3
챔피언,PSY,PSY,Psy 3,kpop-gen2,https://music.youtube.com/watch?v=MSiKm3kZ7No,https://i.ytimg.com/vi/MSiKm3kZ7No/maxresdefault.jpg,PSY/Psy 3/챔피언.mp3
PSY - RIGHT NOW M/V,PSY,officialpsy,Single,kpop-gen2,https://music.youtube.com/watch?v=UmHdefsaL6I,https://i.ytimg.com/vi/UmHdefsaL6I/maxresdefault.jpg,PSY/Single/PSY - RIGHT NOW M_V.mp3
감동이야 (You Move Me) ft. SUNG SI KYUNG,PSY,PSY,싸다9 (PSY 9th),kpop-gen2,https://music.youtube.com/watch?v=YFZmSTlg3J0,https://i.ytimg.com/vi/YFZmSTlg3J0/maxresdefault.jpg,PSY/싸다9 (PSY 9th)/감동이야 (You Move Me) ft. SUNG SI KYUNG.mp3
I Remember You ft. Zion.T,PSY,PSY,Psy 7th Album,kpop-gen2,https://music.youtube.com/watch?v=vQ348fTcsO0,https://i.ytimg.com/vi/vQ348fTcsO0/maxresdefault.jpg,PSY/Psy 7th Album/I Remember You ft. Zion.T.mp3
내 눈에는 ft. 이재훈,PSY,PSY,Psyfive,kpop-gen2,https://music.youtube.com/watch?v=NEUpy3FgH_k,https://i.ytimg.com/vi/NEUpy3FgH_k/maxresdefault.jpg,PSY/Psyfive/내 눈에는 ft. 이재훈.mp3
Dream ft. XIA of JYJ,PSY,PSY,Psy 7th Album,kpop-gen2,https://music.youtube.com/watch?v=u0DPRHG3u-w,https://i.ytimg.com/vi/u0DPRHG3u-w/maxresdefault.jpg,PSY/Psy 7th Album/Dream ft. XIA of JYJ.mp3
PSY - 예술이야(IT'S ART) M/V,PSY,officialpsy,Single,kpop-gen2,https://music.youtube.com/watch?v=1cKc1rkZwf8,https://i.ytimg.com/vi/1cKc1rkZwf8/maxresdefault.jpg,PSY/Single/PSY - 예술이야(IT'S ART) M_V.mp3
마지막 장면 (Last Scene) ft. Lee Sungkyoung,PSY,PSY,PSY 8th 4X2=8,kpop-gen2,https://music.youtube.com/watch?v=RSkbZ5q1jhc,https://i.ytimg.com/vi/RSkbZ5q1jhc/maxresdefault.jpg,PSY/PSY 8th 4X2=8/마지막 장면 (Last Scene) ft. Lee Sungkyoung.mp3
"77학 개론 (Year Of 77) ft. 리쌍, 김진표",PSY,PSY,PSY SIX RULES Pt.1,kpop-gen2,https://music.youtube.com/watch?v=uPGwH0Li2dc,https://i.ytimg.com/vi/uPGwH0Li2dc/maxresdefault.jpg,"PSY/PSY SIX RULES Pt.1/77학 개론 (Year Of 77) ft. 리쌍, 김진표.mp3"
밤이 깊었네 (Sleepless) ft. Heize,PSY,PSY,싸다9 (PSY 9th),kpop-gen2,https://music.youtube.com/watch?v=xiw-TDaPC4w,https://i.ytimg.com/vi/xiw-TDaPC4w/maxresdefault.jpg,PSY/싸다9 (PSY 9th)/밤이 깊었네 (Sleepless) ft. Heize.mp3
PSY - 'Everyday' MV,PSY,officialpsy,Single,kpop-gen2,https://music.youtube.com/watch?v=T2BUvCcqk8I,https://i.ytimg.com/vi/T2BUvCcqk8I/maxresdefault.jpg,PSY/Single/PSY - 'Everyday' MV.mp3
PSY - 'Happier (feat. Crush)' MV,PSY,officialpsy,Single,kpop-gen2,https://music.youtube.com/watch?v=fc3yJgfAO6o,https://i.ytimg.com/vi/fc3yJgfAO6o/maxresdefault.jpg,PSY/Single/PSY - 'Happier (feat. Crush)' MV.mp3
PSY - 새(BIRD) M/V,PSY,officialpsy,Single,kpop-gen2,https://music.youtube.com/watch?v=2pB0zurYJAc,https://i.ytimg.com/vi/2pB0zurYJAc/sddefault.jpg,PSY/Single/PSY - 새(BIRD) M_V.mp3
끝,PSY,PSY,Psy From The Psycho World,kpop-gen2,https://music.youtube.com/watch?v=Onsm9f2W8Ec,https://i.ytimg.com/vi/Onsm9f2W8Ec/maxresdefault.jpg,PSY/Psy From The Psycho World/끝.mp3
댄스쟈키 (Dance Jockey),PSY,PSY,Psy 7th Album,kpop-gen2,https://music.youtube.com/watch?v=ZoK1vUT_Diw,https://i.ytimg.com/vi/ZoK1vUT_Diw/maxresdefault.jpg,PSY/Psy 7th Album/댄스쟈키 (Dance Jockey).mp3
ROCKnROLLbaby ft. will.i.am,PSY,PSY,Psy 7th Album,kpop-gen2,https://music.youtube.com/watch?v=2yVikHsQuKg,https://i.ytimg.com/vi/2yVikHsQuKg/maxresdefault.jpg,PSY/Psy 7th Album/ROCKnROLLbaby ft. will.i.am.mp3
Thank You ft. 서인영,PSY,PSY,Psyfive,kpop-gen2,https://music.youtube.com/watch?v=tdfvkZ_4yTo,https://i.ytimg.com/vi/tdfvkZ_4yTo/maxresdefault.jpg,PSY/Psyfive/Thank You ft. 서인영.mp3
신고식,PSY,PSY,PSY 2집,kpop-gen2,https://music.youtube.com/watch?v=B3ifu9lsT1U,https://i.ytimg.com/vi/B3ifu9lsT1U/maxresdefault.jpg,PSY/PSY 2집/신고식.mp3
낙원,PSY,싸이 / Psy,2008 SUMMNER Festival,kpop-gen2,https://music.youtube.com/watch?v=UZv46MqrzUc,https://i.ytimg.com/vi/UZv46MqrzUc/maxresdefault.jpg,PSY/2008 SUMMNER Festival/낙원.mp3
얼씨구,PSY,PSY,PSY 2집,kpop-gen2,https://music.youtube.com/watch?v=OYTYUTFppwQ,https://i.ytimg.com/vi/OYTYUTFppwQ/maxresdefault.jpg,PSY/PSY 2집/얼씨구.mp3
내 세상,PSY,PSY,대물 Pt. 3 Original Television Soundtrack,kpop-gen2,https://music.youtube.com/watch?v=87aujb6nBMg,https://i.ytimg.com/vi/87aujb6nBMg/maxresdefault.jpg,PSY/대물 Pt. 3 Original Television Soundtrack/내 세상.mp3
사노라면,PSY,싸이,REMAKE & MIX No. 18,kpop-gen2,https://music.youtube.com/watch?v=qcxyEQrqrkY,https://i.ytimg.com/vi/qcxyEQrqrkY/maxresdefault.jpg,PSY/REMAKE & MIX No. 18/사노라면.mp3
해지면,PSY,PSY,PSY 2집,kpop-gen2,https://music.youtube.com/watch?v=utmhXf4k7n8,https://i.ytimg.com/vi/utmhXf4k7n8/maxresdefault.jpg,PSY/PSY 2집/해지면.mp3
서울의 밤거리 (Night Street in Seoul) ft. YDG,PSY,PSY,Psyfive,kpop-gen2,https://music.youtube.com/watch?v=VtRlxcaaWAY,https://i.ytimg.com/vi/VtRlxcaaWAY/maxresdefault.jpg,PSY/Psyfive/서울의 밤거리 (Night Street in Seoul) ft. YDG.mp3
불장난 (feat. 레이),PSY,"PSY, Ray",Psy 3,kpop-gen2,https://music.youtube.com/watch?v=2o0RHBnRaR8,https://i.ytimg.com/vi/2o0RHBnRaR8/maxresdefault.jpg,PSY/Psy 3/불장난 (feat. 레이).mp3
안녕히 (feat. 이선희),PSY,"PSY, Lee Sun Hee",Psy 3,kpop-gen2,https://music.youtube.com/watch?v=swWOB3R8xw8,https://i.ytimg.com/vi/swWOB3R8xw8/maxresdefault.jpg,PSY/Psy 3/안녕히 (feat. 이선희).mp3
반말합시다,PSY,PSY,Psy 3,kpop-gen2,https://music.youtube.com/watch?v=O5YlUMTQowY,https://i.ytimg.com/vi/O5YlUMTQowY/maxresdefault.jpg,PSY/Psy 3/반말합시다.mp3
2NE1 - '안녕 (GOODBYE)' M/V,2NE1,2NE1,Single,kpop-gen2,https://music.youtube.com/watch?v=wEkLHC7l25w,https://i.ytimg.com/vi/wEkLHC7l25w/maxresdefault.jpg,2NE1/Single/2NE1 - '안녕 (GOODBYE)' M_V.mp3
CL - 'LIFTED' M/V,2NE1,CL Official Channel,Single,kpop-gen2,https://music.youtube.com/watch?v=Mr29X77OA5g,https://i.ytimg.com/vi/Mr29X77OA5g/maxresdefault.jpg,2NE1/Single/CL - 'LIFTED' M_V.mp3
2NE1 - 너 아님 안돼 (GOTTA BE YOU) M/V,2NE1,2NE1,Single,kpop-gen2,https://music.youtube.com/watch?v=zdKTgwffmdo,https://i.ytimg.com/vi/zdKTgwffmdo/maxresdefault.jpg,2NE1/Single/2NE1 - 너 아님 안돼 (GOTTA BE YOU) M_V.mp3
2NE1 - COME BACK HOME M/V,2NE1,2NE1,Single,kpop-gen2,https://music.youtube.com/watch?v=vLbfv-AAyvQ,https://i.ytimg.com/vi/vLbfv-AAyvQ/maxresdefault.jpg,2NE1/Single/2NE1 - COME BACK HOME M_V.mp3
2NE1 - HAPPY M/V,2NE1,2NE1,Single,kpop-gen2,https://music.youtube.com/watch?v=didptMJxjpE,https://i.ytimg.com/vi/didptMJxjpE/maxresdefault.jpg,2NE1/Single/2NE1 - HAPPY M_V.mp3
BOM&HI - ALL I WANT FOR CHRISTMAS IS YOU P/V,2NE1,YG ENTERTAINMENT,Single,kpop-gen2,https://music.youtube.com/watch?v=gvI89r8Tt9s,https://i.ytimg.com/vi/gvI89r8Tt9s/maxresdefault.jpg,2NE1/Single/BOM&HI - ALL I WANT FOR CHRISTMAS IS YOU P_V.mp3
2NE1 - 그리워해요(MISSING YOU) M/V,2NE1,2NE1,Single,kpop-gen2,https://music.youtube.com/watch?v=AG0jlKdB1s0,https://i.ytimg.com/vi/AG0jlKdB1s0/maxresdefault.jpg,2NE1/Single/2NE1 - 그리워해요(MISSING YOU) M_V.mp3
2NE1 - DO YOU LOVE ME M/V,2NE1,2NE1,Single,kpop-gen2,https://music.youtube.com/watch?v=HRTb81FpWq0,https://i.ytimg.com/vi/HRTb81FpWq0/maxresdefault.jpg,2NE1/Single/2NE1 - DO YOU LOVE ME M_V.mp3
2NE1 - FALLING IN LOVE M/V,2NE1,2NE1,Single,kpop-gen2,https://music.youtube.com/watch?v=zEVd9pSG85Q,https://i.ytimg.com/vi/zEVd9pSG85Q/maxresdefault.jpg,2NE1/Single/2NE1 - FALLING IN LOVE M_V.mp3
CL - 나쁜 기집애(THE BADDEST FEMALE) M/V,2NE1,2NE1,Single,kpop-gen2,https://music.youtube.com/watch?v=7LP4foN3Xs4,https://i.ytimg.com/vi/7LP4foN3Xs4/maxresdefault.jpg,2NE1/Single/CL - 나쁜 기집애(THE BADDEST FEMALE) M_V.mp3
2NE1 - I LOVE YOU M/V,2NE1,2NE1,Single,kpop-gen2,https://music.youtube.com/watch?v=LUrUPzLm5SI,https://i.ytimg.com/vi/LUrUPzLm5SI/maxresdefault.jpg,2NE1/Single/2NE1 - I LOVE YOU M_V.mp3
2NE1 - UGLY M/V,2NE1,2NE1,Single,kpop-gen2,https://music.youtube.com/watch?v=NGe0hHvAGkc,https://i.ytimg.com/vi/NGe0hHvAGkc/maxresdefault.jpg,2NE1/Single/2NE1 - UGLY M_V.mp3
2NE1 - HATE YOU M/V,2NE1,2NE1,Single,kpop-gen2,https://music.youtube.com/watch?v=NB5jyYD2WEw,https://i.ytimg.com/vi/NB5jyYD2WEw/maxresdefault.jpg,2NE1/Single/2NE1 - HATE YOU M_V.mp3
2NE1 - 내가 제일 잘 나가(I AM THE BEST) M/V,2NE1,2NE1,Single,kpop-gen2,https://music.youtube.com/watch?v=j7_lSP8Vc3o,https://i.ytimg.com/vi/j7_lSP8Vc3o/maxresdefault.jpg,2NE1/Single/2NE1 - 내가 제일 잘 나가(I AM THE BEST) M_V.mp3
2NE1 - LONELY M/V,2NE1,2NE1,Single,kpop-gen2,https://music.youtube.com/watch?v=5n4V3lGEyG4,https://i.ytimg.com/vi/5n4V3lGEyG4/maxresdefault.jpg,2NE1/Single/2NE1 - LONELY M_V.mp3
PARK BOM - DON'T CRY M/V,2NE1,2NE1,Single,kpop-gen2,https://music.youtube.com/watch?v=ypit0NcNV-8,https://i.ytimg.com/vi/ypit0NcNV-8/maxresdefault.jpg,2NE1/Single/PARK BOM - DON'T CRY M_V.mp3
2NE1 - DON'T STOP THE MUSIC (Yamaha 'Fiore' CF Theme Song) M/V,2NE1,2NE1,Single,kpop-gen2,https://music.youtube.com/watch?v=J5ekB4l-6wg,https://i.ytimg.com/vi/J5ekB4l-6wg/hqdefault.jpg?sqp=-oaymwEmCOADEOgC8quKqQMa8AEB-AH-CYAC0AWKAgwIABABGCwgTyh_MA8=&rs=AOn4CLB8ynfF2Y5trjSUxrgMuYf6hb91KA,2NE1/Single/2NE1 - DON'T STOP THE MUSIC (Yamaha 'Fiore' CF Theme Song) M_V.mp3
2NE1 - 아파(IT HURTS) M/V,2NE1,2NE1,Single,kpop-gen2,https://music.youtube.com/watch?v=aUiMaz4BNKw,https://i.ytimg.com/vi/aUiMaz4BNKw/maxresdefault.jpg,2NE1/Single/2NE1 - 아파(IT HURTS) M_V.mp3
2NE1 - CAN'T NOBODY M/V,2NE1,2NE1,Single,kpop-gen2,https://music.youtube.com/watch?v=Ihi_kJJj_8A,https://i.ytimg.com/vi/Ihi_kJJj_8A/maxresdefault.jpg,2NE1/Single/2NE1 - CAN'T NOBODY M_V.mp3
2NE1 - GO AWAY M/V,2NE1,2NE1,Single,kpop-gen2,https://music.youtube.com/watch?v=3yW13T2sfKg,https://i.ytimg.com/vi/3yW13T2sfKg/maxresdefault.jpg,2NE1/Single/2NE1 - GO AWAY M_V.mp3
2NE1 - 박수쳐(CLAP YOUR HANDS) M/V,2NE1,2NE1,Single,kpop-gen2,https://music.youtube.com/watch?v=ZTw-UM5Jy4E,https://i.ytimg.com/vi/ZTw-UM5Jy4E/hqdefault.jpg,2NE1/Single/2NE1 - 박수쳐(CLAP YOUR HANDS) M_V.mp3
2NE1 - 날 따라 해봐요(FOLLOW ME) M/V,2NE1,2NE1,Single,kpop-gen2,https://music.youtube.com/watch?v=0q62LBAbphk,https://i.ytimg.com/vi/0q62LBAbphk/maxresdefault.jpg,2NE1/Single/2NE1 - 날 따라 해봐요(FOLLOW ME) M_V.mp3
PARK BOM - YOU AND I M/V,2NE1,2NE1,Single,kpop-gen2,https://music.youtube.com/watch?v=64VZUNTmGQM,https://i.ytimg.com/vi/64VZUNTmGQM/maxresdefault.jpg,2NE1/Single/PARK BOM - YOU AND I M_V.mp3
DARA - KISS M/V,2NE1,2NE1,Single,kpop-gen2,https://music.youtube.com/watch?v=ZAqiMCp9zrI,https://i.ytimg.com/vi/ZAqiMCp9zrI/hqdefault.jpg?sqp=-oaymwEmCOADEOgC8quKqQMa8AEB-AH-BIAC4AOKAgwIABABGGUgTChVMA8=&rs=AOn4CLBiIqeBaRDDKnv-ScMFOHbtjY1wYw,2NE1/Single/DARA - KISS M_V.mp3
2NE1 - I DON'T CARE M/V,2NE1,2NE1,Single,kpop-gen2,https://music.youtube.com/watch?v=zdZya6yATn0,https://i.ytimg.com/vi/zdZya6yATn0/maxresdefault.jpg,2NE1/Single/2NE1 - I DON'T CARE M_V.mp3
2NE1 - FIRE (Street Ver.) M/V,2NE1,2NE1,Single,kpop-gen2,https://music.youtube.com/watch?v=49AfuuRbgGo,https://i.ytimg.com/vi/49AfuuRbgGo/maxresdefault.jpg,2NE1/Single/2NE1 - FIRE (Street Ver.) M_V.mp3
2NE1 - FIRE (Space Ver.) M/V,2NE1,2NE1,Single,kpop-gen2,https://music.youtube.com/watch?v=I3tuZF1qizQ,https://i.ytimg.com/vi/I3tuZF1qizQ/maxresdefault.jpg,2NE1/Single/2NE1 - FIRE (Space Ver.) M_V.mp3
BIGBANG - 뱅뱅뱅 (BANG BANG BANG) M/V,BIGBANG,BIGBANG,Single,kpop-gen2,https://music.youtube.com/watch?v=2ips2mM7Zqw,https://i.ytimg.com/vi/2ips2mM7Zqw/maxresdefault.jpg,BIGBANG/Single/BIGBANG - 뱅뱅뱅 (BANG BANG BANG) M_V.mp3
BIGBANG - HARU HARU(하루하루) M/V,BIGBANG,YG ENTERTAINMENT,Single,kpop-gen2,https://music.youtube.com/watch?v=MzCbEdtNbJ0,https://i.ytimg.com/vi/MzCbEdtNbJ0/maxresdefault.jpg,BIGBANG/Single/BIGBANG - HARU HARU(하루하루) M_V.mp3
BIGBANG - FANTASTIC BABY M/V,BIGBANG,BIGBANG,Single,kpop-gen2,https://music.youtube.com/watch?v=AAbokV76tkU,https://i.ytimg.com/vi/AAbokV76tkU/maxresdefault.jpg,BIGBANG/Single/BIGBANG - FANTASTIC BABY M_V.mp3
BIGBANG - '봄여름가을겨울 (Still Life)' M/V,BIGBANG,BIGBANG,Single,kpop-gen2,https://music.youtube.com/watch?v=eN5mG_yMDiM,https://i.ytimg.com/vi/eN5mG_yMDiM/maxresdefault.jpg,BIGBANG/Single/BIGBANG - '봄여름가을겨울 (Still Life)' M_V.mp3
BIGBANG - BLUE M/V,BIGBANG,BIGBANG,Single,kpop-gen2,https://music.youtube.com/watch?v=2GRP1rkE4O0,https://i.ytimg.com/vi/2GRP1rkE4O0/maxresdefault.jpg,BIGBANG/Single/BIGBANG - BLUE M_V.mp3
TAEYANG - ‘LIVE FAST DIE SLOW’ M/V,BIGBANG,THEBLACKLABEL,Single,kpop-gen2,https://music.youtube.com/watch?v=pB3W-k0kQ8U,https://i.ytimg.com/vi/pB3W-k0kQ8U/maxresdefault.jpg,BIGBANG/Single/TAEYANG - ‘LIVE FAST DIE SLOW’ M_V.mp3
TAEYANG - ‘Shoong! (feat. LISA of BLACKPINK)’ PERFORMANCE VIDEO,BIGBANG,THEBLACKLABEL,Single,kpop-gen2,https://music.youtube.com/watch?v=NFnAuiklEug,https://i.ytimg.com/vi/NFnAuiklEug/maxresdefault.jpg,BIGBANG/Single/TAEYANG - ‘Shoong! (feat. LISA of BLACKPINK)’ PERFORMANCE VIDEO.mp3
G-DRAGON - TOO BAD (feat. Anderson .Paak) (Official Video),BIGBANG,OfficialGDRAGON,Single,kpop-gen2,https://music.youtube.com/watch?v=o9DhvbqYzns,https://i.ytimg.com/vi/o9DhvbqYzns/maxresdefault.jpg,BIGBANG/Single/G-DRAGON - TOO BAD (feat. Anderson .Paak) (Official Video).mp3
TAEYANG - 'VIBE (feat. Jimin of BTS)' M/V,BIGBANG,THEBLACKLABEL,Single,kpop-gen2,https://music.youtube.com/watch?v=cXCBiF67jLM,https://i.ytimg.com/vi/cXCBiF67jLM/maxresdefault.jpg,BIGBANG/Single/TAEYANG - 'VIBE (feat. Jimin of BTS)' M_V.mp3
GD X TAEYANG - GOOD BOY M/V,BIGBANG,BIGBANG,Single,kpop-gen2,https://music.youtube.com/watch?v=1ZRb1we80kM,https://i.ytimg.com/vi/1ZRb1we80kM/maxresdefault.jpg,BIGBANG/Single/GD X TAEYANG - GOOD BOY M_V.mp3
HOME SWEET HOME (feat. TAEYANG & DAESUNG),BIGBANG,"G-DRAGON, TAEYANG, DAESUNG, TAEYANG, DAESUNG",HOME SWEET HOME (feat. TAEYANG & DAESUNG),kpop-gen2,https://music.youtube.com/watch?v=kyYyXncI3jw,https://i.ytimg.com/vi/kyYyXncI3jw/maxresdefault.jpg,BIGBANG/HOME SWEET HOME (feat. TAEYANG & DAESUNG)/HOME SWEET HOME (feat. TAEYANG & DAESUNG).mp3
BIGBANG - LOSER M/V,BIGBANG,BIGBANG,Single,kpop-gen2,https://music.youtube.com/watch?v=1CTced9CMMk,https://i.ytimg.com/vi/1CTced9CMMk/maxresdefault.jpg,BIGBANG/Single/BIGBANG - LOSER M_V.mp3
"TAEYANG - 눈,코,입 (EYES, NOSE, LIPS) M/V",BIGBANG,BIGBANG,Single,kpop-gen2,https://music.youtube.com/watch?v=UwuAPyOImoI,https://i.ytimg.com/vi/UwuAPyOImoI/maxresdefault.jpg,"BIGBANG/Single/TAEYANG - 눈,코,입 (EYES, NOSE, LIPS) M_V.mp3"
BIGBANG - 우리 사랑하지 말아요(LET'S NOT FALL IN LOVE) M/V,BIGBANG,BIGBANG,Single,kpop-gen2,https://music.youtube.com/watch?v=9jTo6hTZmiQ,https://i.ytimg.com/vi/9jTo6hTZmiQ/maxresdefault.jpg,BIGBANG/Single/BIGBANG - 우리 사랑하지 말아요(LET'S NOT FALL IN LOVE) M_V.mp3
BIGBANG - ‘에라 모르겠다(FXXK IT)’ M/V,BIGBANG,BIGBANG,Single,kpop-gen2,https://music.youtube.com/watch?v=iIPH8LFYFRk,https://i.ytimg.com/vi/iIPH8LFYFRk/maxresdefault.jpg,BIGBANG/Single/BIGBANG - ‘에라 모르겠다(FXXK IT)’ M_V.mp3
G-DRAGON - 삐딱하게(CROOKED) M/V,BIGBANG,BIGBANG,Single,kpop-gen2,https://music.youtube.com/watch?v=RKhsHGfrFmY,https://i.ytimg.com/vi/RKhsHGfrFmY/maxresdefault.jpg,BIGBANG/Single/G-DRAGON - 삐딱하게(CROOKED) M_V.mp3
BIGBANG - ‘LAST DANCE’ M/V,BIGBANG,BIGBANG,Single,kpop-gen2,https://music.youtube.com/watch?v=--zku6TB5NY,https://i.ytimg.com/vi/--zku6TB5NY/maxresdefault.jpg,BIGBANG/Single/BIGBANG - ‘LAST DANCE’ M_V.mp3
BIGBANG - 맨정신(SOBER) M/V,BIGBANG,BIGBANG,Single,kpop-gen2,https://music.youtube.com/watch?v=MBNQgq56egk,https://i.ytimg.com/vi/MBNQgq56egk/maxresdefault.jpg,BIGBANG/Single/BIGBANG - 맨정신(SOBER) M_V.mp3
BIGBANG - BAE BAE M/V,BIGBANG,BIGBANG,Single,kpop-gen2,https://music.youtube.com/watch?v=TKD03uPVD-Q,https://i.ytimg.com/vi/TKD03uPVD-Q/maxresdefault.jpg,BIGBANG/Single/BIGBANG - BAE BAE M_V.mp3
BIGBANG - BAD BOY M/V,BIGBANG,BIGBANG,Single,kpop-gen2,https://music.youtube.com/watch?v=1qnV55LUFVM,https://i.ytimg.com/vi/1qnV55LUFVM/maxresdefault.jpg,BIGBANG/Single/BIGBANG - BAD BOY M_V.mp3
IF YOU,BIGBANG,BIGBANG,MADE,kpop-gen2,https://music.youtube.com/watch?v=h9hdorPqukU,https://i.ytimg.com/vi/h9hdorPqukU/maxresdefault.jpg,BIGBANG/MADE/IF YOU.mp3
TAEYANG - RINGA LINGA(링가 링가) M/V,BIGBANG,BIGBANG,Single,kpop-gen2,https://music.youtube.com/watch?v=UJfZ69MSlvY,https://i.ytimg.com/vi/UJfZ69MSlvY/maxresdefault.jpg,BIGBANG/Single/TAEYANG - RINGA LINGA(링가 링가) M_V.mp3
대성(DAESUNG) '한도초과(HANDO-CHOGUA)' M/V,BIGBANG,DAESUNG,Single,kpop-gen2,https://music.youtube.com/watch?v=80uru6rQWgc,https://i.ytimg.com/vi/80uru6rQWgc/maxresdefault.jpg,BIGBANG/Single/대성(DAESUNG) '한도초과(HANDO-CHOGUA)' M_V.mp3
"무제 (無題) (Untitled, 2014)",BIGBANG,G-DRAGON,"무제(無題) (Untitled, 2014)",kpop-gen2,https://music.youtube.com/watch?v=Nged3LwJsvQ,https://i.ytimg.com/vi/Nged3LwJsvQ/maxresdefault.jpg,"BIGBANG/무제(無題) (Untitled, 2014)/무제 (無題) (Untitled, 2014).mp3"
BIGBANG - WE LIKE 2 PARTY M/V,BIGBANG,BIGBANG,Single,kpop-gen2,https://music.youtube.com/watch?v=oFmfi1vM7co,https://i.ytimg.com/vi/oFmfi1vM7co/maxresdefault.jpg,BIGBANG/Single/BIGBANG - WE LIKE 2 PARTY M_V.mp3
BIGBANG - TONIGHT M/V,BIGBANG,BIGBANG,Single,kpop-gen2,https://music.youtube.com/watch?v=8d5QEWdHchk,https://i.ytimg.com/vi/8d5QEWdHchk/maxresdefault.jpg,BIGBANG/Single/BIGBANG - TONIGHT M_V.mp3
BIGBANG(GD&T.O.P) - 쩔어(ZUTTER) M/V,BIGBANG,BIGBANG,Single,kpop-gen2,https://music.youtube.com/watch?v=D8t8A8E_Tqc,https://i.ytimg.com/vi/D8t8A8E_Tqc/maxresdefault.jpg,BIGBANG/Single/BIGBANG(GD&T.O.P) - 쩔어(ZUTTER) M_V.mp3
붉은 노을 (Sunset Glow),BIGBANG,BIGBANG,Remember,kpop-gen2,https://music.youtube.com/watch?v=UJn-F2kPCaQ,https://i.ytimg.com/vi/UJn-F2kPCaQ/maxresdefault.jpg,BIGBANG/Remember/붉은 노을 (Sunset Glow).mp3
꽃 길 (Flower Road),BIGBANG,BIGBANG,FLOWER ROAD,kpop-gen2,https://music.youtube.com/watch?v=VWqxvBQKwKQ,https://i.ytimg.com/vi/VWqxvBQKwKQ/maxresdefault.jpg,BIGBANG/FLOWER ROAD/꽃 길 (Flower Road).mp3
BIGBANG & 2NE1 - LOLLIPOP M/V,BIGBANG,YG ENTERTAINMENT,Single,kpop-gen2,https://music.youtube.com/watch?v=zIRW_elc-rY,https://i.ytimg.com/vi/zIRW_elc-rY/hqdefault.jpg?sqp=-oaymwEmCOADEOgC8quKqQMa8AEB-AH-BIAC4AOKAgwIABABGGUgQShCMA8=&rs=AOn4CLDg2ynJMiiYdMaqLQYPRtIepTbKkg,BIGBANG/Single/BIGBANG & 2NE1 - LOLLIPOP M_V.mp3
대성(DAESUNG) 'Universe' Official MV,BIGBANG,DAESUNG,Single,kpop-gen2,https://music.youtube.com/watch?v=PHToFdx20ac,https://i.ytimg.com/vi/PHToFdx20ac/maxresdefault.jpg,BIGBANG/Single/대성(DAESUNG) 'Universe' Official MV.mp3
Café,BIGBANG,BIGBANG,BIGBANG Special Edition,kpop-gen2,https://music.youtube.com/watch?v=6pkmAOYJt-Q,https://i.ytimg.com/vi/6pkmAOYJt-Q/maxresdefault.jpg,BIGBANG/BIGBANG Special Edition/Café.mp3
G-DRAGON - HEARTBREAKER M/V,BIGBANG,YG ENTERTAINMENT,Single,kpop-gen2,https://music.youtube.com/watch?v=LOXEVd-Z7NE,https://i.ytimg.com/vi/LOXEVd-Z7NE/maxresdefault.jpg,BIGBANG/Single/G-DRAGON - HEARTBREAKER M_V.mp3
TAEYANG - ‘나의 마음에 (Seed)’ M/V,BIGBANG,THEBLACKLABEL,Single,kpop-gen2,https://music.youtube.com/watch?v=-8jAmDvO64E,https://i.ytimg.com/vi/-8jAmDvO64E/maxresdefault.jpg,BIGBANG/Single/TAEYANG - ‘나의 마음에 (Seed)’ M_V.mp3
BIGBANG - LIES(거짓말) M/V,BIGBANG,YG ENTERTAINMENT,Single,kpop-gen2,https://music.youtube.com/watch?v=2Cv3phvP8Ro,https://i.ytimg.com/vi/2Cv3phvP8Ro/maxresdefault.jpg,BIGBANG/Single/BIGBANG - LIES(거짓말) M_V.mp3
High High,BIGBANG,GD X TOP,GD & TOP,kpop-gen2,https://music.youtube.com/watch?v=OrfLgp2bUL0,https://i.ytimg.com/vi/OrfLgp2bUL0/maxresdefault.jpg,BIGBANG/GD & TOP/High High.mp3
집에 가지마 (Don't Go Home),BIGBANG,GD X TOP,GD & TOP,kpop-gen2,https://music.youtube.com/watch?v=aLbkqk1u2RI,https://i.ytimg.com/vi/aLbkqk1u2RI/maxresdefault.jpg,BIGBANG/GD & TOP/집에 가지마 (Don't Go Home).mp3
대성(DAESUNG) 'Falling Slowly' Official MV,BIGBANG,DAESUNG,Single,kpop-gen2,https://music.youtube.com/watch?v=guQeMg5g_yc,https://i.ytimg.com/vi/guQeMg5g_yc/maxresdefault.jpg,BIGBANG/Single/대성(DAESUNG) 'Falling Slowly' Official MV.mp3
BIGBANG - 마지막 인사(LAST FAREWELL) M/V,BIGBANG,BIGBANG,Single,kpop-gen2,https://music.youtube.com/watch?v=ScorpVvqLwo,https://i.ytimg.com/vi/ScorpVvqLwo/maxresdefault.jpg,BIGBANG/Single/BIGBANG - 마지막 인사(LAST FAREWELL) M_V.mp3
Oh Yeah ft. BOM,BIGBANG,GD X TOP,GD & TOP,kpop-gen2,https://music.youtube.com/watch?v=z4RACwbXAM0,https://i.ytimg.com/vi/z4RACwbXAM0/maxresdefault.jpg,BIGBANG/GD & TOP/Oh Yeah ft. BOM.mp3
What is Right,BIGBANG,BIGBANG,Tonight,kpop-gen2,https://music.youtube.com/watch?v=aefguQceXtM,https://i.ytimg.com/vi/aefguQceXtM/maxresdefault.jpg,BIGBANG/Tonight/What is Right.mp3
TAEYANG - 새벽한시(1AM) M/V,BIGBANG,BIGBANG,Single,kpop-gen2,https://music.youtube.com/watch?v=flVkp4S8CMc,https://i.ytimg.com/vi/flVkp4S8CMc/maxresdefault.jpg,BIGBANG/Single/TAEYANG - 새벽한시(1AM) M_V.mp3
G-DRAGON - A BOY(소년이여) M/V,BIGBANG,YG ENTERTAINMENT,Single,kpop-gen2,https://music.youtube.com/watch?v=PMwWxmrQSGE,https://i.ytimg.com/vi/PMwWxmrQSGE/maxresdefault.jpg,BIGBANG/Single/G-DRAGON - A BOY(소년이여) M_V.mp3
I Need a Girl ft. G-Dragon,BIGBANG,TAEYANG,Solar,kpop-gen2,https://music.youtube.com/watch?v=gGZGe9nar10,https://i.ytimg.com/vi/gGZGe9nar10/maxresdefault.jpg,BIGBANG/Solar/I Need a Girl ft. G-Dragon.mp3
TAEYANG - 나만 바라봐(ONLY LOOK AT ME) M/V,BIGBANG,BIGBANG,Single,kpop-gen2,https://music.youtube.com/watch?v=3bRrGsNymUI,https://i.ytimg.com/vi/3bRrGsNymUI/maxresdefault.jpg,BIGBANG/Single/TAEYANG - 나만 바라봐(ONLY LOOK AT ME) M_V.mp3
대성(DAESUNG) '흘러간다' Live Clip,BIGBANG,DAESUNG,Single,kpop-gen2,https://music.youtube.com/watch?v=AaPnuL9VzkI,https://i.ytimg.com/vi/AaPnuL9VzkI/maxresdefault.jpg,BIGBANG/Single/대성(DAESUNG) '흘러간다' Live Clip.mp3
BIGBANG - LA-LA-LA M/V,BIGBANG,YG ENTERTAINMENT,Single,kpop-gen2,https://music.youtube.com/watch?v=rc-cHSzK5-U,https://i.ytimg.com/vi/rc-cHSzK5-U/maxresdefault.jpg,BIGBANG/Single/BIGBANG - LA-LA-LA M_V.mp3
크레용 (Crayon),BIGBANG,G-DRAGON,One of a Kind,kpop-gen2,https://music.youtube.com/watch?v=FsaNbCp-Yq8,https://i.ytimg.com/vi/FsaNbCp-Yq8/maxresdefault.jpg,BIGBANG/One of a Kind/크레용 (Crayon).mp3
One of a Kind,BIGBANG,G-DRAGON,One of a Kind,kpop-gen2,https://music.youtube.com/watch?v=U7rX_vJf85s,https://i.ytimg.com/vi/U7rX_vJf85s/maxresdefault.jpg,BIGBANG/One of a Kind/One of a Kind.mp3
둠다다 (Doom Dada),BIGBANG,T.O.P,DOOM DADA,kpop-gen2,https://music.youtube.com/watch?v=_G0hhEE9AVo,https://i.ytimg.com/vi/_G0hhEE9AVo/maxresdefault.jpg,BIGBANG/DOOM DADA/둠다다 (Doom Dada).mp3
BIGBANG - THIS LOVE M/V,BIGBANG,YG ENTERTAINMENT,Single,kpop-gen2,https://music.youtube.com/watch?v=6d_cUb6wRxU,https://i.ytimg.com/vi/6d_cUb6wRxU/maxresdefault.jpg,BIGBANG/Single/BIGBANG - THIS LOVE M_V.mp3
뻑이가요 (Knock Out),BIGBANG,GD X TOP,GD & TOP,kpop-gen2,https://music.youtube.com/watch?v=4YAHlsLFhrk,https://i.ytimg.com/vi/4YAHlsLFhrk/maxresdefault.jpg,BIGBANG/GD & TOP/뻑이가요 (Knock Out).mp3
"날봐 귀순 (Look At Me, Gwisun)",BIGBANG,DAESUNG,"Look At Me, Gwisun",kpop-gen2,https://music.youtube.com/watch?v=OGSUsOoOhpI,https://i.ytimg.com/vi/OGSUsOoOhpI/sddefault.jpg,"BIGBANG/Look At Me, Gwisun/날봐 귀순 (Look At Me, Gwisun).mp3"
We Belong Together ft. BOM,BIGBANG,BIGBANG,Bigbang,kpop-gen2,https://music.youtube.com/watch?v=U7zNIAyIBeM,https://i.ytimg.com/vi/U7zNIAyIBeM/sddefault.jpg,BIGBANG/Bigbang/We Belong Together ft. BOM.mp3
BIGBANG - FOREVER WITH U M/V,BIGBANG,YG ENTERTAINMENT,Single,kpop-gen2,https://music.youtube.com/watch?v=GYCD2KUB3WQ,https://i.ytimg.com/vi/GYCD2KUB3WQ/maxresdefault.jpg,BIGBANG/Single/BIGBANG - FOREVER WITH U M_V.mp3
Oh My Friend ft. No Brain,BIGBANG,BIGBANG,Stand Up - 3rd Mini Album,kpop-gen2,https://music.youtube.com/watch?v=HT1By1zHZjM,https://i.ytimg.com/vi/HT1By1zHZjM/maxresdefault.jpg,BIGBANG/Stand Up - 3rd Mini Album/Oh My Friend ft. No Brain.mp3
사랑 먼지 (Love Dust),BIGBANG,BIGBANG,Special Edition 'Still Alive',kpop-gen2,https://music.youtube.com/watch?v=5sACmuL6eCw,https://i.ytimg.com/vi/5sACmuL6eCw/maxresdefault.jpg,BIGBANG/Special Edition 'Still Alive'/사랑 먼지 (Love Dust).mp3
TAEYANG - PRAYER(기도) M/V,BIGBANG,BIGBANG,Single,kpop-gen2,https://music.youtube.com/watch?v=ETk4-LNuoBs,https://i.ytimg.com/vi/ETk4-LNuoBs/maxresdefault.jpg,BIGBANG/Single/TAEYANG - PRAYER(기도) M_V.mp3
BIGBANG - DIRTY CASH M/V,BIGBANG,YG ENTERTAINMENT,Single,kpop-gen2,https://music.youtube.com/watch?v=zEgIFw2grKU,https://i.ytimg.com/vi/zEgIFw2grKU/maxresdefault.jpg,BIGBANG/Single/BIGBANG - DIRTY CASH M_V.mp3
Light,BIGBANG,DAESUNG,Falling Slowly,kpop-gen2,https://music.youtube.com/watch?v=G2D7PlStWkw,https://i.ytimg.com/vi/G2D7PlStWkw/maxresdefault.jpg,BIGBANG/Falling Slowly/Light.mp3
아무렇지 않은 척 (Act Like Nothing's Wrong),BIGBANG,BIGBANG,Always - 1st Mini Album,kpop-gen2,https://music.youtube.com/watch?v=rxZKYHKqJqc,https://i.ytimg.com/vi/rxZKYHKqJqc/maxresdefault.jpg,BIGBANG/Always - 1st Mini Album/아무렇지 않은 척 (Act Like Nothing's Wrong).mp3
추억들로,BIGBANG,DAESUNG,FlexxCop OST Part.4,kpop-gen2,https://music.youtube.com/watch?v=ZMkscP5nkuc,https://i.ytimg.com/vi/ZMkscP5nkuc/maxresdefault.jpg,BIGBANG/FlexxCop OST Part.4/추억들로.mp3
V.I.P.,BIGBANG,BIGBANG,BigBang Is V.I.P.,kpop-gen2,https://music.youtube.com/watch?v=dIsThHhupY4,https://i.ytimg.com/vi/dIsThHhupY4/maxresdefault.jpg,BIGBANG/BigBang Is V.I.P./V.I.P..mp3
Turn It Up,BIGBANG,T.O.P,Turn It Up,kpop-gen2,https://music.youtube.com/watch?v=6CPDbVAe-oI,https://i.ytimg.com/vi/6CPDbVAe-oI/maxresdefault.jpg,BIGBANG/Turn It Up/Turn It Up.mp3
"Unexpected Business Season 3 ""Los Angeles"": When You Go To Na-Seong (Original Television Soundtrack)",BIGBANG,Daesung,"Unexpected Business Season 3 ""Los Angeles"": When You Go To Na-Seong (Original Television Soundtrack)",kpop-gen2,https://music.youtube.com/watch?v=Aa8UvaYgpd8,https://i.ytimg.com/vi/Aa8UvaYgpd8/maxresdefault.jpg,BIGBANG/Unexpected Business Season 3 Los Angeles_ When You Go To Na-Seong (Original Television Soundtrack)/Unexpected Business Season 3 Los Angeles_ When You Go To Na-Seong (Original Television Soundtrack).mp3
"Wonder Girls ""Why So Lonely"" M/V",Wonder Girls,JYP Entertainment,Single,kpop-gen2,https://music.youtube.com/watch?v=PYGODWJgR-c,https://i.ytimg.com/vi/PYGODWJgR-c/sddefault.jpg,Wonder Girls/Single/Wonder Girls Why So Lonely M_V.mp3
"Bernard Park, Hye Rim(Wonder Girls) ""With You(니가 보인다)"" M/V",Wonder Girls,JYP Entertainment,Single,kpop-gen2,https://music.youtube.com/watch?v=1_0_O6_Zbck,https://i.ytimg.com/vi/1_0_O6_Zbck/sddefault.jpg,"Wonder Girls/Single/Bernard Park, Hye Rim(Wonder Girls) With You(니가 보인다) M_V.mp3"
"Wonder Girls ""I Feel You"" M/V",Wonder Girls,JYP Entertainment,Single,kpop-gen2,https://music.youtube.com/watch?v=V9QXQz6uE0M,https://i.ytimg.com/vi/V9QXQz6uE0M/sddefault.jpg,Wonder Girls/Single/Wonder Girls I Feel You M_V.mp3
"HA:TFELT ""Ain't Nobody"" M/V",Wonder Girls,JYP Entertainment,Single,kpop-gen2,https://music.youtube.com/watch?v=oQT82EOXX7c,https://i.ytimg.com/vi/oQT82EOXX7c/sddefault.jpg,Wonder Girls/Single/HA_TFELT Ain't Nobody M_V.mp3
"Wonder Girls ""Nobody ~(あなた​しか見えない ~) (Japanese ver.)"" M/V",Wonder Girls,wondergirls,Single,kpop-gen2,https://music.youtube.com/watch?v=378AnxAve9Y,https://i.ytimg.com/vi/378AnxAve9Y/sddefault.jpg,Wonder Girls/Single/Wonder Girls Nobody ~(あなた​しか見えない ~) (Japanese ver.) M_V.mp3
Wonder Girls - Like Money ft. Akon,Wonder Girls,wondergirls,Single,kpop-gen2,https://music.youtube.com/watch?v=quE6Cq4Q2bs,https://i.ytimg.com/vi/quE6Cq4Q2bs/maxresdefault.jpg,Wonder Girls/Single/Wonder Girls - Like Money ft. Akon.mp3
"Wonder Girls ""Like this"" M/V",Wonder Girls,wondergirls,Single,kpop-gen2,https://music.youtube.com/watch?v=7EZTUYwjWBs,https://i.ytimg.com/vi/7EZTUYwjWBs/sddefault.jpg,Wonder Girls/Single/Wonder Girls Like this M_V.mp3
"Yenny(예은) ""Hello To Myself""",Wonder Girls,wondergirls,Single,kpop-gen2,https://music.youtube.com/watch?v=jer-qOP59YE,https://i.ytimg.com/vi/jer-qOP59YE/maxresdefault.jpg,Wonder Girls/Single/Yenny(예은) Hello To Myself.mp3
"Wonder Girls ""The DJ Is Mine"" M/V",Wonder Girls,wondergirls,Single,kpop-gen2,https://music.youtube.com/watch?v=doXnuStEf2I,https://i.ytimg.com/vi/doXnuStEf2I/sddefault.jpg,Wonder Girls/Single/Wonder Girls The DJ Is Mine M_V.mp3
"Wonder Girls ""Be My Baby"" M/V",Wonder Girls,wondergirls,Single,kpop-gen2,https://music.youtube.com/watch?v=3fy4cqWMhyI,https://i.ytimg.com/vi/3fy4cqWMhyI/sddefault.jpg,Wonder Girls/Single/Wonder Girls Be My Baby M_V.mp3
"Wonder Girls ""2 Different Tears (Eng. Ver)"" M/V",Wonder Girls,wondergirls,Single,kpop-gen2,https://music.youtube.com/watch?v=0iVPPqF7Xv0,https://i.ytimg.com/vi/0iVPPqF7Xv0/sddefault.jpg,Wonder Girls/Single/Wonder Girls 2 Different Tears (Eng. Ver) M_V.mp3
"Wonder Girls ""2 Different Tears (Chn. Ver)"" M/V",Wonder Girls,wondergirls,Single,kpop-gen2,https://music.youtube.com/watch?v=0zZyrJDnaXI,https://i.ytimg.com/vi/0zZyrJDnaXI/sddefault.jpg,Wonder Girls/Single/Wonder Girls 2 Different Tears (Chn. Ver) M_V.mp3
"Wonder Girls ""2 Different Tears (Kor. Ver)"" M/V",Wonder Girls,wondergirls,Single,kpop-gen2,https://music.youtube.com/watch?v=Rxh3_sr5UAE,https://i.ytimg.com/vi/Rxh3_sr5UAE/sddefault.jpg,Wonder Girls/Single/Wonder Girls 2 Different Tears (Kor. Ver) M_V.mp3
"Wonder Girls ""NOBODY (Jason Nevins Remix. Ver)"" M/V",Wonder Girls,wondergirls,Single,kpop-gen2,https://music.youtube.com/watch?v=c7ON9Gn5gJE,https://i.ytimg.com/vi/c7ON9Gn5gJE/sddefault.jpg,Wonder Girls/Single/Wonder Girls NOBODY (Jason Nevins Remix. Ver) M_V.mp3
"Wonder Girls ""NOBODY (Eng. Ver)"" M/V",Wonder Girls,wondergirls,Single,kpop-gen2,https://music.youtube.com/watch?v=BA7fdSkp8ds,https://i.ytimg.com/vi/BA7fdSkp8ds/sddefault.jpg,Wonder Girls/Single/Wonder Girls NOBODY (Eng. Ver) M_V.mp3
"Wonder Girls ""NOBODY (Kor. Ver)"" M/V",Wonder Girls,wondergirls,Single,kpop-gen2,https://music.youtube.com/watch?v=QZBn1e9pr2Q,https://i.ytimg.com/vi/QZBn1e9pr2Q/sddefault.jpg,Wonder Girls/Single/Wonder Girls NOBODY (Kor. Ver) M_V.mp3
"Wonder Girls ""This time"" M/V",Wonder Girls,wondergirls,Single,kpop-gen2,https://music.youtube.com/watch?v=QiT1IPbVFNk,https://i.ytimg.com/vi/QiT1IPbVFNk/sddefault.jpg,Wonder Girls/Single/Wonder Girls This time M_V.mp3
"Wonder Girls ""So Hot"" M/V",Wonder Girls,wondergirls,Single,kpop-gen2,https://music.youtube.com/watch?v=lmun5PO54VE,https://i.ytimg.com/vi/lmun5PO54VE/sddefault.jpg,Wonder Girls/Single/Wonder Girls So Hot M_V.mp3
"Wonder Girls ""Take it"" M/V",Wonder Girls,wondergirls,Single,kpop-gen2,https://music.youtube.com/watch?v=KkJXt9Aq6e0,https://i.ytimg.com/vi/KkJXt9Aq6e0/sddefault.jpg,Wonder Girls/Single/Wonder Girls Take it M_V.mp3
"Wonder Girls ""Stupid"" M/V",Wonder Girls,JYP Entertainment,Single,kpop-gen2,https://music.youtube.com/watch?v=rdclb6oQO94,https://i.ytimg.com/vi/rdclb6oQO94/hqdefault.jpg?sqp=-oaymwEmCOADEOgC8quKqQMa8AEB-AHOBYAC4AOKAgwIABABGGAgZSg-MA8=&rs=AOn4CLDbulpahlQHX-Qwq4tyRO-chUI3mA,Wonder Girls/Single/Wonder Girls Stupid M_V.mp3
"Wonder Girls ""Tell Me"" M/V",Wonder Girls,wondergirls,Single,kpop-gen2,https://music.youtube.com/watch?v=3vVHy0XoIN4,https://i.ytimg.com/vi/3vVHy0XoIN4/sddefault.jpg,Wonder Girls/Single/Wonder Girls Tell Me M_V.mp3
"Wonder Girls ""It's not love"" M/V",Wonder Girls,wondergirls,Single,kpop-gen2,https://music.youtube.com/watch?v=zwXYezegKXw,https://i.ytimg.com/vi/zwXYezegKXw/hqdefault.jpg?sqp=-oaymwEmCOADEOgC8quKqQMa8AEB-AG-AoAC8AGKAgwIABABGGUgZShSMA8=&rs=AOn4CLDjCO-nvy__ZIbzE8xAuefyI-Zh-g,Wonder Girls/Single/Wonder Girls It's not love M_V.mp3
"Wonder Girls ""Irony"" M/V",Wonder Girls,wondergirls,Single,kpop-gen2,https://music.youtube.com/watch?v=uxFxoLxmcdg,https://i.ytimg.com/vi/uxFxoLxmcdg/sddefault.jpg,Wonder Girls/Single/Wonder Girls Irony M_V.mp3
STEP,KARA,KARA,KARA 3rd Album STEP,kpop-gen2,https://music.youtube.com/watch?v=KLrcpz2p6UQ,https://i.ytimg.com/vi/KLrcpz2p6UQ/maxresdefault.jpg,KARA/KARA 3rd Album STEP/STEP.mp3
Lupin,KARA,KARA,Lupin,kpop-gen2,https://music.youtube.com/watch?v=5__oHfhZpXk,https://i.ytimg.com/vi/5__oHfhZpXk/maxresdefault.jpg,KARA/Lupin/Lupin.mp3
Mr.,KARA,KARA,Revolution,kpop-gen2,https://music.youtube.com/watch?v=OJCXioChJ5w,https://i.ytimg.com/vi/OJCXioChJ5w/maxresdefault.jpg,KARA/Revolution/Mr..mp3
Pretty Girl,KARA,KARA,Pretty Girl (2nd Mini Album),kpop-gen2,https://music.youtube.com/watch?v=rE4ma9cef20,https://i.ytimg.com/vi/rE4ma9cef20/maxresdefault.jpg,KARA/Pretty Girl (2nd Mini Album)/Pretty Girl.mp3
Jumping,KARA,KARA,Jumping,kpop-gen2,https://music.youtube.com/watch?v=-x5rytH437w,https://i.ytimg.com/vi/-x5rytH437w/maxresdefault.jpg,KARA/Jumping/Jumping.mp3
Honey,KARA,KARA,Honey (Special Edition),kpop-gen2,https://music.youtube.com/watch?v=Z97bUOw5UhU,https://i.ytimg.com/vi/Z97bUOw5UhU/maxresdefault.jpg,KARA/Honey (Special Edition)/Honey.mp3
WHEN I MOVE,KARA,KARA,MOVE AGAIN,kpop-gen2,https://music.youtube.com/watch?v=5dg9T2xqFV4,https://i.ytimg.com/vi/5dg9T2xqFV4/maxresdefault.jpg,KARA/MOVE AGAIN/WHEN I MOVE.mp3
Mamma Mia!,KARA,KARA,Girl's Story,kpop-gen2,https://music.youtube.com/watch?v=zr1F1g0bWwY,https://i.ytimg.com/vi/zr1F1g0bWwY/maxresdefault.jpg,KARA/Girl's Story/Mamma Mia!.mp3
Go Go Summer !,KARA,KARA,Go Go Summer !,kpop-gen2,https://music.youtube.com/watch?v=s3MmYkdm5kk,https://i.ytimg.com/vi/s3MmYkdm5kk/maxresdefault.jpg,KARA/Go Go Summer !/Go Go Summer !.mp3
Pandora,KARA,KARA,PANDORA,kpop-gen2,https://music.youtube.com/watch?v=3ZUWmr8tlOc,https://i.ytimg.com/vi/3ZUWmr8tlOc/maxresdefault.jpg,KARA/PANDORA/Pandora.mp3
Rock U,KARA,KARA,KARA 1st,kpop-gen2,https://music.youtube.com/watch?v=lVGgXJEOIhc,https://i.ytimg.com/vi/lVGgXJEOIhc/maxresdefault.jpg,KARA/KARA 1st/Rock U.mp3
Damaged Lady,KARA,KARA,KARA 4th Album [Full Bloom],kpop-gen2,https://music.youtube.com/watch?v=AXEssqMQB3k,https://i.ytimg.com/vi/AXEssqMQB3k/maxresdefault.jpg,KARA/KARA 4th Album [Full Bloom]/Damaged Lady.mp3
Wanna,KARA,KARA,Revolution,kpop-gen2,https://music.youtube.com/watch?v=uoMn9LjFvhE,https://i.ytimg.com/vi/uoMn9LjFvhE/maxresdefault.jpg,KARA/Revolution/Wanna.mp3
CUPID,KARA,KARA,KARA 7th Mini Album 'In Love',kpop-gen2,https://music.youtube.com/watch?v=xVaJ99DtpMU,https://i.ytimg.com/vi/xVaJ99DtpMU/maxresdefault.jpg,KARA/KARA 7th Mini Album 'In Love'/CUPID.mp3
Honey,KARA,KARA,Pretty Girl (2nd Mini Album),kpop-gen2,https://music.youtube.com/watch?v=SXW6dworjAE,https://i.ytimg.com/vi/SXW6dworjAE/maxresdefault.jpg,KARA/Pretty Girl (2nd Mini Album)/Honey.mp3
If U Wanna,KARA,KARA,Blooming,kpop-gen2,https://music.youtube.com/watch?v=R1_e8-t8NmI,https://i.ytimg.com/vi/R1_e8-t8NmI/maxresdefault.jpg,KARA/Blooming/If U Wanna.mp3
Break It,KARA,KARA,Blooming,kpop-gen2,https://music.youtube.com/watch?v=ZM_4YQHOfXQ,https://i.ytimg.com/vi/ZM_4YQHOfXQ/maxresdefault.jpg,KARA/Blooming/Break It.mp3
Pretty Girl (School Rock Ver.),KARA,KARA,Honey (Special Edition),kpop-gen2,https://music.youtube.com/watch?v=ubYXhem12-U,https://i.ytimg.com/vi/ubYXhem12-U/maxresdefault.jpg,KARA/Honey (Special Edition)/Pretty Girl (School Rock Ver.).mp3
I Do I Do (I Do I Do),KARA,"KARA, (MonoTree), Lee Joo Hyoung, NILD (MonoTree), Ciara Muscat, Maxx Song (BADX), NILD (MonoTree), Lee Joo Hyoung (MonoTree), 329, HOLLIN (MonoTree), Lee Seul Ji, So Do Yeon, Lee O Neul",I Do I Do,kpop-gen2,https://music.youtube.com/watch?v=u2czdB0Irr0,https://i.ytimg.com/vi/u2czdB0Irr0/maxresdefault.jpg,KARA/I Do I Do/I Do I Do (I Do I Do).mp3
Electric Boy,KARA,KARA,Electric Boy,kpop-gen2,https://music.youtube.com/watch?v=7Iy47it4kQA,https://i.ytimg.com/vi/7Iy47it4kQA/maxresdefault.jpg,KARA/Electric Boy/Electric Boy.mp3
We're With You (We're With You),KARA,KARA,We're With You,kpop-gen2,https://music.youtube.com/watch?v=uBPL5OVcc0o,https://i.ytimg.com/vi/uBPL5OVcc0o/maxresdefault.jpg,KARA/We're With You/We're With You (We're With You).mp3
Step,KARA,KARA,Step,kpop-gen2,https://music.youtube.com/watch?v=1DTLF_KoH_Y,https://i.ytimg.com/vi/1DTLF_KoH_Y/maxresdefault.jpg,KARA/Step/Step.mp3
Runaway,KARA,KARA,KARA 4th Album [Full Bloom],kpop-gen2,https://music.youtube.com/watch?v=oZgW8nYTUNE,https://i.ytimg.com/vi/oZgW8nYTUNE/maxresdefault.jpg,KARA/KARA 4th Album [Full Bloom]/Runaway.mp3
"Secretly, Secretly",KARA,KARA,Revolution,kpop-gen2,https://music.youtube.com/watch?v=_HuJKC_POeI,https://i.ytimg.com/vi/_HuJKC_POeI/maxresdefault.jpg,"KARA/Revolution/Secretly, Secretly.mp3"
The Same Mind,KARA,KARA,Revolution,kpop-gen2,https://music.youtube.com/watch?v=gPiscajUzSg,https://i.ytimg.com/vi/gPiscajUzSg/maxresdefault.jpg,KARA/Revolution/The Same Mind.mp3
Hello (Hello),KARA,"KARA, Han Jae Ho, Kim Seung Soo, Han Jae Ho, Kim Seung Soo, Song Soo Yoon",Hello,kpop-gen2,https://music.youtube.com/watch?v=X9rnV4aMcko,https://i.ytimg.com/vi/X9rnV4aMcko/maxresdefault.jpg,KARA/Hello/Hello (Hello).mp3
Good day,KARA,KARA,KARA 1st,kpop-gen2,https://music.youtube.com/watch?v=1wIvg9IBVq8,https://i.ytimg.com/vi/1wIvg9IBVq8/maxresdefault.jpg,KARA/KARA 1st/Good day.mp3
Umbrella,KARA,KARA,Lupin,kpop-gen2,https://music.youtube.com/watch?v=PSGfBf98Zk8,https://i.ytimg.com/vi/PSGfBf98Zk8/maxresdefault.jpg,KARA/Lupin/Umbrella.mp3
French Kiss,KARA,KARA,French Kiss,kpop-gen2,https://music.youtube.com/watch?v=ntlpFYaEDj4,https://i.ytimg.com/vi/ntlpFYaEDj4/maxresdefault.jpg,KARA/French Kiss/French Kiss.mp3
Strawberry,KARA,KARA,KARA 3rd Album STEP,kpop-gen2,https://music.youtube.com/watch?v=DzI1i4QkARg,https://i.ytimg.com/vi/DzI1i4QkARg/maxresdefault.jpg,KARA/KARA 3rd Album STEP/Strawberry.mp3
Summergic,KARA,KARA,Girl's Story,kpop-gen2,https://music.youtube.com/watch?v=741e7Pyeqdg,https://i.ytimg.com/vi/741e7Pyeqdg/maxresdefault.jpg,KARA/Girl's Story/Summergic.mp3
Goodday Season 2,KARA,KARA,Honey (Special Edition),kpop-gen2,https://music.youtube.com/watch?v=oCZepxzktW4,https://i.ytimg.com/vi/oCZepxzktW4/maxresdefault.jpg,KARA/Honey (Special Edition)/Goodday Season 2.mp3
Aha,KARA,KARA,Revolution,kpop-gen2,https://music.youtube.com/watch?v=qkKbkfQYul8,https://i.ytimg.com/vi/qkKbkfQYul8/maxresdefault.jpg,KARA/Revolution/Aha.mp3
Happy Hour,KARA,KARA,MOVE AGAIN,kpop-gen2,https://music.youtube.com/watch?v=po_A593ynYE,https://i.ytimg.com/vi/po_A593ynYE/maxresdefault.jpg,KARA/MOVE AGAIN/Happy Hour.mp3
With,KARA,KARA,Jumping,kpop-gen2,https://music.youtube.com/watch?v=Wsq1BRshKLM,https://i.ytimg.com/vi/Wsq1BRshKLM/maxresdefault.jpg,KARA/Jumping/With.mp3
Love Is,KARA,KARA,Jumping,kpop-gen2,https://music.youtube.com/watch?v=Npr8Md8NTEE,https://i.ytimg.com/vi/Npr8Md8NTEE/maxresdefault.jpg,KARA/Jumping/Love Is.mp3
Tasty Love,KARA,KARA,Lupin,kpop-gen2,https://music.youtube.com/watch?v=5Z9LszCE2nE,https://i.ytimg.com/vi/5Z9LszCE2nE/maxresdefault.jpg,KARA/Lupin/Tasty Love.mp3
2Night,KARA,KARA,KARA 4th Album [Full Bloom],kpop-gen2,https://music.youtube.com/watch?v=Cn0N8ERcpSo,https://i.ytimg.com/vi/Cn0N8ERcpSo/maxresdefault.jpg,KARA/KARA 4th Album [Full Bloom]/2Night.mp3
이게뭐야,KARA,KARA,KARA 1st,kpop-gen2,https://music.youtube.com/watch?v=vuzp7DTJK7s,https://i.ytimg.com/vi/vuzp7DTJK7s/maxresdefault.jpg,KARA/KARA 1st/이게뭐야.mp3
Secret World,KARA,KARA,Blooming,kpop-gen2,https://music.youtube.com/watch?v=gqlUBEkPocc,https://i.ytimg.com/vi/gqlUBEkPocc/maxresdefault.jpg,KARA/Blooming/Secret World.mp3
Pretty Girl (Bani Ver.),KARA,KARA,Honey (Special Edition),kpop-gen2,https://music.youtube.com/watch?v=KpH6fdTIBZU,https://i.ytimg.com/vi/KpH6fdTIBZU/maxresdefault.jpg,KARA/Honey (Special Edition)/Pretty Girl (Bani Ver.).mp3
Way,KARA,KARA,PANDORA,kpop-gen2,https://music.youtube.com/watch?v=wSVd6B6JxSU,https://i.ytimg.com/vi/wSVd6B6JxSU/maxresdefault.jpg,KARA/PANDORA/Way.mp3
Stars Falling from the Sky,KARA,KARA,"Stars Falling from the Sky, Pt. 1 (Original Soundtrack)",kpop-gen2,https://music.youtube.com/watch?v=RCggwIdk4II,https://i.ytimg.com/vi/RCggwIdk4II/sddefault.jpg,"KARA/Stars Falling from the Sky, Pt. 1 (Original Soundtrack)/Stars Falling from the Sky.mp3"
Magic,KARA,KARA,Revolution,kpop-gen2,https://music.youtube.com/watch?v=rYRPLXxJdKg,https://i.ytimg.com/vi/rYRPLXxJdKg/maxresdefault.jpg,KARA/Revolution/Magic.mp3
Take A Bow,KARA,KARA,Revolution,kpop-gen2,https://music.youtube.com/watch?v=6b2px77Xd1c,https://i.ytimg.com/vi/6b2px77Xd1c/maxresdefault.jpg,KARA/Revolution/Take A Bow.mp3
Orion,KARA,KARA,Electric Boy,kpop-gen2,https://music.youtube.com/watch?v=ZQvhwBMBpr4,https://i.ytimg.com/vi/ZQvhwBMBpr4/maxresdefault.jpg,KARA/Electric Boy/Orion.mp3
Shout It Out,KARA,KARA,MOVE AGAIN,kpop-gen2,https://music.youtube.com/watch?v=9dI4Z9AcQcQ,https://i.ytimg.com/vi/9dI4Z9AcQcQ/maxresdefault.jpg,KARA/MOVE AGAIN/Shout It Out.mp3
Follow Me,KARA,KARA,KARA 3rd Album STEP,kpop-gen2,https://music.youtube.com/watch?v=laTPHbIyBAA,https://i.ytimg.com/vi/laTPHbIyBAA/maxresdefault.jpg,KARA/KARA 3rd Album STEP/Follow Me.mp3
My Darling,KARA,KARA,Pretty Girl (2nd Mini Album),kpop-gen2,https://music.youtube.com/watch?v=N52lRs-7bJw,https://i.ytimg.com/vi/N52lRs-7bJw/maxresdefault.jpg,KARA/Pretty Girl (2nd Mini Album)/My Darling.mp3
Starlight,KARA,KARA,KARA 7th Mini Album 'In Love',kpop-gen2,https://music.youtube.com/watch?v=EQmY4JBIQ4E,https://i.ytimg.com/vi/EQmY4JBIQ4E/maxresdefault.jpg,KARA/KARA 7th Mini Album 'In Love'/Starlight.mp3
Let It Go,KARA,KARA,Revolution,kpop-gen2,https://music.youtube.com/watch?v=RNKR8Skasfs,https://i.ytimg.com/vi/RNKR8Skasfs/maxresdefault.jpg,KARA/Revolution/Let It Go.mp3
Burn,KARA,KARA,Jumping,kpop-gen2,https://music.youtube.com/watch?v=QBv6kcaTUzg,https://i.ytimg.com/vi/QBv6kcaTUzg/maxresdefault.jpg,KARA/Jumping/Burn.mp3
Date (My Boy),KARA,KARA,KARA 3rd Album STEP,kpop-gen2,https://music.youtube.com/watch?v=Nc9LrDoKiZE,https://i.ytimg.com/vi/Nc9LrDoKiZE/maxresdefault.jpg,KARA/KARA 3rd Album STEP/Date (My Boy).mp3
나는.. (Ing),KARA,KARA,Pretty Girl (2nd Mini Album),kpop-gen2,https://music.youtube.com/watch?v=MhTOQ3ng28g,https://i.ytimg.com/vi/MhTOQ3ng28g/maxresdefault.jpg,KARA/Pretty Girl (2nd Mini Album)/나는.. (Ing).mp3
Binks,KARA,KARA,Jumping,kpop-gen2,https://music.youtube.com/watch?v=lriFCzIcU0s,https://i.ytimg.com/vi/lriFCzIcU0s/maxresdefault.jpg,KARA/Jumping/Binks.mp3
Oxygen,KARA,KARA,MOVE AGAIN,kpop-gen2,https://music.youtube.com/watch?v=5epLLuk6aAI,https://i.ytimg.com/vi/5epLLuk6aAI/maxresdefault.jpg,KARA/MOVE AGAIN/Oxygen.mp3
Rider,KARA,KARA,KARA 3rd Album STEP,kpop-gen2,https://music.youtube.com/watch?v=sqwJeHvIdfw,https://i.ytimg.com/vi/sqwJeHvIdfw/maxresdefault.jpg,KARA/KARA 3rd Album STEP/Rider.mp3
Miss U,KARA,KARA,PANDORA,kpop-gen2,https://music.youtube.com/watch?v=Ub04d3OlBhM,https://i.ytimg.com/vi/Ub04d3OlBhM/maxresdefault.jpg,KARA/PANDORA/Miss U.mp3
Red Light,KARA,KARA,카라(KARA) 6th Mini Album [Day&Night],kpop-gen2,https://music.youtube.com/watch?v=sHNtE6MwK-k,https://i.ytimg.com/vi/sHNtE6MwK-k/maxresdefault.jpg,KARA/카라(KARA) 6th Mini Album [Day&Night]/Red Light.mp3
Follow Me,KARA,KARA,KARA 4th Album [Full Bloom],kpop-gen2,https://music.youtube.com/watch?v=MQiGeL7hKSE,https://i.ytimg.com/vi/MQiGeL7hKSE/maxresdefault.jpg,KARA/KARA 4th Album [Full Bloom]/Follow Me.mp3
Girls Be Ambitious !,KARA,KARA,Go Go Summer !,kpop-gen2,https://music.youtube.com/watch?v=pZL7V8b1clQ,https://i.ytimg.com/vi/pZL7V8b1clQ/maxresdefault.jpg,KARA/Go Go Summer !/Girls Be Ambitious !.mp3
In The Game,KARA,KARA,KARA 4th Album [Full Bloom],kpop-gen2,https://music.youtube.com/watch?v=XvV6GpLM-NQ,https://i.ytimg.com/vi/XvV6GpLM-NQ/maxresdefault.jpg,KARA/KARA 4th Album [Full Bloom]/In The Game.mp3
Don`t be shy,KARA,KARA,Blooming,kpop-gen2,https://music.youtube.com/watch?v=2ZNNqK9uK58,https://i.ytimg.com/vi/2ZNNqK9uK58/maxresdefault.jpg,KARA/Blooming/Don`t be shy.mp3
Baby Boy,KARA,KARA,KARA 1st,kpop-gen2,https://music.youtube.com/watch?v=62NF1eZcJfU,https://i.ytimg.com/vi/62NF1eZcJfU/maxresdefault.jpg,KARA/KARA 1st/Baby Boy.mp3
1.Beautiful Night,KARA,카라 (KARA),KARA The ANIMATION,kpop-gen2,https://music.youtube.com/watch?v=Q7p0EsHZMlk,https://i.ytimg.com/vi/Q7p0EsHZMlk/maxresdefault.jpg,KARA/KARA The ANIMATION/1.Beautiful Night.mp3
Broken Promise,KARA,KARA,Blooming,kpop-gen2,https://music.youtube.com/watch?v=JZU3zMeKYDE,https://i.ytimg.com/vi/JZU3zMeKYDE/maxresdefault.jpg,KARA/Blooming/Broken Promise.mp3
So Good,KARA,KARA,카라(KARA) 6th Mini Album [Day&Night],kpop-gen2,https://music.youtube.com/watch?v=JgJ3ik0KfGA,https://i.ytimg.com/vi/JgJ3ik0KfGA/maxresdefault.jpg,KARA/카라(KARA) 6th Mini Album [Day&Night]/So Good.mp3
Lonely,KARA,KARA,Lupin,kpop-gen2,https://music.youtube.com/watch?v=uYUEk0GCZo8,https://i.ytimg.com/vi/uYUEk0GCZo8/maxresdefault.jpg,KARA/Lupin/Lonely.mp3
I Luv Me,KARA,KARA,KARA 7th Mini Album 'In Love',kpop-gen2,https://music.youtube.com/watch?v=y7CiPbjKUJ4,https://i.ytimg.com/vi/y7CiPbjKUJ4/maxresdefault.jpg,KARA/KARA 7th Mini Album 'In Love'/I Luv Me.mp3
Rollin`,KARA,KARA,Lupin,kpop-gen2,https://music.youtube.com/watch?v=A9Pou2mJ33E,https://i.ytimg.com/vi/A9Pou2mJ33E/maxresdefault.jpg,KARA/Lupin/Rollin`.mp3
1+1,KARA,KARA,KARA 4th Album [Full Bloom],kpop-gen2,https://music.youtube.com/watch?v=Th8qxK3NKNo,https://i.ytimg.com/vi/Th8qxK3NKNo/maxresdefault.jpg,KARA/KARA 4th Album [Full Bloom]/1+1.mp3
요를레이,KARA,KARA,Pretty Girl (2nd Mini Album),kpop-gen2,https://music.youtube.com/watch?v=aASE8fEsA48,https://i.ytimg.com/vi/aASE8fEsA48/maxresdefault.jpg,KARA/Pretty Girl (2nd Mini Album)/요를레이.mp3
STEP (Inst.) (Instrumental),KARA,KARA,KARA 3rd Album STEP,kpop-gen2,https://music.youtube.com/watch?v=eI4OeNauMHg,https://i.ytimg.com/vi/eI4OeNauMHg/maxresdefault.jpg,KARA/KARA 3rd Album STEP/STEP (Inst.) (Instrumental).mp3
Two of Us,KARA,KARA,Blooming,kpop-gen2,https://music.youtube.com/watch?v=YyzZk2euqEs,https://i.ytimg.com/vi/YyzZk2euqEs/maxresdefault.jpg,KARA/Blooming/Two of Us.mp3
Story,KARA,KARA,카라(KARA) 6th Mini Album [Day&Night],kpop-gen2,https://music.youtube.com/watch?v=Ya4V9PjdX58,https://i.ytimg.com/vi/Ya4V9PjdX58/maxresdefault.jpg,KARA/카라(KARA) 6th Mini Album [Day&Night]/Story.mp3
Wait,KARA,KARA,KARA 1st,kpop-gen2,https://music.youtube.com/watch?v=r1oi3Qb0AuA,https://i.ytimg.com/vi/r1oi3Qb0AuA/maxresdefault.jpg,KARA/KARA 1st/Wait.mp3
Idiot,KARA,KARA,PANDORA,kpop-gen2,https://music.youtube.com/watch?v=mLGLjiCh9H8,https://i.ytimg.com/vi/mLGLjiCh9H8/maxresdefault.jpg,KARA/PANDORA/Idiot.mp3
MelanCholy(24/7),KARA,KARA,카라(KARA) 6th Mini Album [Day&Night],kpop-gen2,https://music.youtube.com/watch?v=SdUIbV1pB_I,https://i.ytimg.com/vi/SdUIbV1pB_I/maxresdefault.jpg,KARA/카라(KARA) 6th Mini Album [Day&Night]/MelanCholy(24_7).mp3
Smoothie,KARA,KARA,KARA 4th Album [Full Bloom],kpop-gen2,https://music.youtube.com/watch?v=bj3AQtpdsVc,https://i.ytimg.com/vi/bj3AQtpdsVc/maxresdefault.jpg,KARA/KARA 4th Album [Full Bloom]/Smoothie.mp3
Live,KARA,KARA,카라(KARA) 6th Mini Album [Day&Night],kpop-gen2,https://music.youtube.com/watch?v=2KLBWlA33co,https://i.ytimg.com/vi/2KLBWlA33co/maxresdefault.jpg,KARA/카라(KARA) 6th Mini Album [Day&Night]/Live.mp3
Dear Kamilia,KARA,KARA,KARA 3rd Album STEP,kpop-gen2,https://music.youtube.com/watch?v=C9qS68uTgcY,https://i.ytimg.com/vi/C9qS68uTgcY/maxresdefault.jpg,KARA/KARA 3rd Album STEP/Dear Kamilia.mp3
Queens (Remix),KARA,KARA,MOVE AGAIN,kpop-gen2,https://music.youtube.com/watch?v=YvSzrVNvmbk,https://i.ytimg.com/vi/YvSzrVNvmbk/maxresdefault.jpg,KARA/MOVE AGAIN/Queens (Remix).mp3
Queens,KARA,KARA,MOVE AGAIN,kpop-gen2,https://music.youtube.com/watch?v=h8-lA4Han_U,https://i.ytimg.com/vi/h8-lA4Han_U/maxresdefault.jpg,KARA/MOVE AGAIN/Queens.mp3
In Those Days,KARA,KARA,KARA 7th Mini Album 'In Love',kpop-gen2,https://music.youtube.com/watch?v=M8uZbWZNZaA,https://i.ytimg.com/vi/M8uZbWZNZaA/maxresdefault.jpg,KARA/KARA 7th Mini Album 'In Love'/In Those Days.mp3
Ey! Oh! (Intro) (Intro),KARA,KARA,KARA 3rd Album STEP,kpop-gen2,https://music.youtube.com/watch?v=24L4OkcNhsA,https://i.ytimg.com/vi/24L4OkcNhsA/maxresdefault.jpg,KARA/KARA 3rd Album STEP/Ey! Oh! (Intro) (Intro).mp3
Sunny Days,KARA,KARA,Girl's Story,kpop-gen2,https://music.youtube.com/watch?v=gxseunNb9W8,https://i.ytimg.com/vi/gxseunNb9W8/maxresdefault.jpg,KARA/Girl's Story/Sunny Days.mp3
Ing (Acoustic Ver.) (Acoustic Version),KARA,KARA,KARA 3rd Album STEP,kpop-gen2,https://music.youtube.com/watch?v=o2M9UW6v8G8,https://i.ytimg.com/vi/o2M9UW6v8G8/maxresdefault.jpg,KARA/KARA 3rd Album STEP/Ing (Acoustic Ver.) (Acoustic Version).mp3
Jumping (Inst.) (Instrumental),KARA,KARA,Jumping,kpop-gen2,https://music.youtube.com/watch?v=-iopKid0uYk,https://i.ytimg.com/vi/-iopKid0uYk/maxresdefault.jpg,KARA/Jumping/Jumping (Inst.) (Instrumental).mp3
Fighting (Fighting),KARA,KARA,Southern Mom Catch Up OST,kpop-gen2,https://music.youtube.com/watch?v=PUvvAwc5apw,https://i.ytimg.com/vi/PUvvAwc5apw/maxresdefault.jpg,KARA/Southern Mom Catch Up OST/Fighting (Fighting).mp3
What's This? (Plastic Ver.),KARA,KARA,Honey (Special Edition),kpop-gen2,https://music.youtube.com/watch?v=JuZ1ieDXC-M,https://i.ytimg.com/vi/JuZ1ieDXC-M/maxresdefault.jpg,KARA/Honey (Special Edition)/What's This? (Plastic Ver.).mp3
Tears Eraser,KARA,KARA,Blooming,kpop-gen2,https://music.youtube.com/watch?v=K06Q1TYPnkk,https://i.ytimg.com/vi/K06Q1TYPnkk/maxresdefault.jpg,KARA/Blooming/Tears Eraser.mp3
2.Love Letter,KARA,카라 (KARA),KARA The ANIMATION,kpop-gen2,https://music.youtube.com/watch?v=usd47L0Tuo0,https://i.ytimg.com/vi/usd47L0Tuo0/maxresdefault.jpg,KARA/KARA The ANIMATION/2.Love Letter.mp3
I’ll Be There,KARA,KARA,Blooming,kpop-gen2,https://music.youtube.com/watch?v=ufNDZADVHSs,https://i.ytimg.com/vi/ufNDZADVHSs/maxresdefault.jpg,KARA/Blooming/I’ll Be There.mp3
Love Click,KARA,KARA,Girl's Story,kpop-gen2,https://music.youtube.com/watch?v=7lD7d65-LsI,https://i.ytimg.com/vi/7lD7d65-LsI/maxresdefault.jpg,KARA/Girl's Story/Love Click.mp3
Kiss Kiss Kiss,KARA,KARA,Girl's Story,kpop-gen2,https://music.youtube.com/watch?v=FZbZoJDByGY,https://i.ytimg.com/vi/FZbZoJDByGY/maxresdefault.jpg,KARA/Girl's Story/Kiss Kiss Kiss.mp3
Sunshine Miracle,KARA,KARA,Girl's Story,kpop-gen2,https://music.youtube.com/watch?v=0mln-qy_pOI,https://i.ytimg.com/vi/0mln-qy_pOI/maxresdefault.jpg,KARA/Girl's Story/Sunshine Miracle.mp3
N.E.V.E.R.L.A.N.D.,KARA,KARA,Girl's Story,kpop-gen2,https://music.youtube.com/watch?v=zj_ZjqoGekA,https://i.ytimg.com/vi/zj_ZjqoGekA/maxresdefault.jpg,KARA/Girl's Story/N.E.V.E.R.L.A.N.D..mp3
Wanna (Inst.) (Instrumental),KARA,KARA,Revolution,kpop-gen2,https://music.youtube.com/watch?v=jkSuFxlTpTQ,https://i.ytimg.com/vi/jkSuFxlTpTQ/maxresdefault.jpg,KARA/Revolution/Wanna (Inst.) (Instrumental).mp3
Pandora (Inst.) (Instrumental),KARA,KARA,PANDORA,kpop-gen2,https://music.youtube.com/watch?v=37V-maWN4Tg,https://i.ytimg.com/vi/37V-maWN4Tg/maxresdefault.jpg,KARA/PANDORA/Pandora (Inst.) (Instrumental).mp3
Damaged Lady (inst),KARA,KARA,KARA 4th Album [Full Bloom],kpop-gen2,https://music.youtube.com/watch?v=ngku296T0fA,https://i.ytimg.com/vi/ngku296T0fA/maxresdefault.jpg,KARA/KARA 4th Album [Full Bloom]/Damaged Lady (inst).mp3
Ma boy (special Ver.) (MA BOY (SPECIAL VER.)),SiSTAR,Sistar,SO COOL,kpop-gen2,https://music.youtube.com/watch?v=dZC36FDYRJ0,https://i.ytimg.com/vi/dZC36FDYRJ0/maxresdefault.jpg,SiSTAR/SO COOL/Ma boy (special Ver.) (MA BOY (SPECIAL VER.)).mp3
Give it to me (GIVE IT TO ME),SiSTAR,Sistar,Give It To Me,kpop-gen2,https://music.youtube.com/watch?v=Ss4NnmEAN3U,https://i.ytimg.com/vi/Ss4NnmEAN3U/maxresdefault.jpg,SiSTAR/Give It To Me/Give it to me (GIVE IT TO ME).mp3
Alone (나혼자 (ALONE)),SiSTAR,Sistar,ALONE,kpop-gen2,https://music.youtube.com/watch?v=kLka40yzGWQ,https://i.ytimg.com/vi/kLka40yzGWQ/maxresdefault.jpg,SiSTAR/ALONE/Alone (나혼자 (ALONE)).mp3
SHAKE IT (SHAKE IT),SiSTAR,SISTAR,SHAKE IT,kpop-gen2,https://music.youtube.com/watch?v=9GdR-LL4J5o,https://i.ytimg.com/vi/9GdR-LL4J5o/maxresdefault.jpg,SiSTAR/SHAKE IT/SHAKE IT (SHAKE IT).mp3
Touch my body (TOUCH MY BODY),SiSTAR,Sistar,TOUCH N MOVE,kpop-gen2,https://music.youtube.com/watch?v=3XaREItLqGU,https://i.ytimg.com/vi/3XaREItLqGU/maxresdefault.jpg,SiSTAR/TOUCH N MOVE/Touch my body (TOUCH MY BODY).mp3
Loving U (LOVING U (러빙유)),SiSTAR,Sistar,Summer Special 'Loving U',kpop-gen2,https://music.youtube.com/watch?v=sED0T4hJ7gs,https://i.ytimg.com/vi/sED0T4hJ7gs/maxresdefault.jpg,SiSTAR/Summer Special 'Loving U'/Loving U (LOVING U (러빙유)).mp3
So Cool (SO COOL),SiSTAR,Sistar,SO COOL,kpop-gen2,https://music.youtube.com/watch?v=yW5a8JO28gI,https://i.ytimg.com/vi/yW5a8JO28gI/maxresdefault.jpg,SiSTAR/SO COOL/So Cool (SO COOL).mp3
Magic drag - Sistar ft. Jang Guen Suek,SiSTAR,Sistar,Mighty Sister Collection,kpop-gen2,https://music.youtube.com/watch?v=TethXV3VKGQ,https://i.ytimg.com/vi/TethXV3VKGQ/maxresdefault.jpg,SiSTAR/Mighty Sister Collection/Magic drag - Sistar ft. Jang Guen Suek.mp3
I Swear (I Swear),SiSTAR,Sistar,Special Album ‘SWEET & SOUR’,kpop-gen2,https://music.youtube.com/watch?v=fACQ0SgbCv4,https://i.ytimg.com/vi/fACQ0SgbCv4/maxresdefault.jpg,SiSTAR/Special Album ‘SWEET & SOUR’/I Swear (I Swear).mp3
I Like That (I LIKE THAT),SiSTAR,SISTAR,INSANE LOVE,kpop-gen2,https://music.youtube.com/watch?v=4nYMzjrDaJ8,https://i.ytimg.com/vi/4nYMzjrDaJ8/maxresdefault.jpg,SiSTAR/INSANE LOVE/I Like That (I LIKE THAT).mp3
Bad boy (바빠 (BAD BOY)),SiSTAR,Sistar,Give It To Me,kpop-gen2,https://music.youtube.com/watch?v=LD_LbLnzSDE,https://i.ytimg.com/vi/LD_LbLnzSDE/maxresdefault.jpg,SiSTAR/Give It To Me/Bad boy (바빠 (BAD BOY)).mp3
Shady Girl (가식걸),SiSTAR,Sistar,Shady Girl,kpop-gen2,https://music.youtube.com/watch?v=-94h_QBJcKg,https://i.ytimg.com/vi/-94h_QBJcKg/maxresdefault.jpg,SiSTAR/Shady Girl/Shady Girl (가식걸).mp3
How Dare You (니까짓게),SiSTAR,Sistar,SO COOL,kpop-gen2,https://music.youtube.com/watch?v=kCQknYhK9W0,https://i.ytimg.com/vi/kCQknYhK9W0/maxresdefault.jpg,SiSTAR/SO COOL/How Dare You (니까짓게).mp3
LONELY (LONELY),SiSTAR,SISTAR,LONELY,kpop-gen2,https://music.youtube.com/watch?v=vKwAZWKXVfU,https://i.ytimg.com/vi/vKwAZWKXVfU/maxresdefault.jpg,SiSTAR/LONELY/LONELY (LONELY).mp3
Push Push (PUSH PUSH (푸쉬푸쉬)),SiSTAR,Sistar,Push Push,kpop-gen2,https://music.youtube.com/watch?v=OyYOV5skzeo,https://i.ytimg.com/vi/OyYOV5skzeo/maxresdefault.jpg,SiSTAR/Push Push/Push Push (PUSH PUSH (푸쉬푸쉬)).mp3
Say! Yes (해볼래),SiSTAR,SISTAR,INSANE LOVE,kpop-gen2,https://music.youtube.com/watch?v=0n3l-HBEghY,https://i.ytimg.com/vi/0n3l-HBEghY/maxresdefault.jpg,SiSTAR/INSANE LOVE/Say! Yes (해볼래).mp3
Naughty Hands (feat.Verbal Jint) (나쁜손 (FEAT.버벌진트) (NAUGHTY HANDS)),SiSTAR,"Sistar, Verbal Jint",TOUCH N MOVE,kpop-gen2,https://music.youtube.com/watch?v=k1nhjUxT7M0,https://i.ytimg.com/vi/k1nhjUxT7M0/maxresdefault.jpg,SiSTAR/TOUCH N MOVE/Naughty Hands (feat.Verbal Jint) (나쁜손 (FEAT.버벌진트) (NAUGHTY HANDS)).mp3
Crying (CRYING),SiSTAR,Sistar,Give It To Me,kpop-gen2,https://music.youtube.com/watch?v=uyIoIdCE1RU,https://i.ytimg.com/vi/uyIoIdCE1RU/maxresdefault.jpg,SiSTAR/Give It To Me/Crying (CRYING).mp3
Saranghanda Malhalkka,SiSTAR,Sistar,Mighty Sister Collection,kpop-gen2,https://music.youtube.com/watch?v=Vg0pJTWMaLs,https://i.ytimg.com/vi/Vg0pJTWMaLs/maxresdefault.jpg,SiSTAR/Mighty Sister Collection/Saranghanda Malhalkka.mp3
I choose to love you (널 사랑하겠어 (I CHOOSE TO LOVE YOU)),SiSTAR,Sistar,ALONE,kpop-gen2,https://music.youtube.com/watch?v=Moz5sNUZZhY,https://i.ytimg.com/vi/Moz5sNUZZhY/maxresdefault.jpg,SiSTAR/ALONE/I choose to love you (널 사랑하겠어 (I CHOOSE TO LOVE YOU)).mp3
Lead me (LEAD ME),SiSTAR,Sistar,ALONE,kpop-gen2,https://music.youtube.com/watch?v=8l93E8mAJfU,https://i.ytimg.com/vi/8l93E8mAJfU/maxresdefault.jpg,SiSTAR/ALONE/Lead me (LEAD ME).mp3
LOVE IS YOU (LOVE IS YOU),SiSTAR,"K.will, Sistar, Junggigo, Mad Clown, BOYFRIEND, Jooyoung",STARSHIP PLANET 2014,kpop-gen2,https://music.youtube.com/watch?v=JfOAfgfn2o4,https://i.ytimg.com/vi/JfOAfgfn2o4/maxresdefault.jpg,SiSTAR/STARSHIP PLANET 2014/LOVE IS YOU (LOVE IS YOU).mp3
A week (일주일 (A WEEK)),SiSTAR,Sistar,Give It To Me,kpop-gen2,https://music.youtube.com/watch?v=qraZXyS8Re8,https://i.ytimg.com/vi/qraZXyS8Re8/maxresdefault.jpg,SiSTAR/Give It To Me/A week (일주일 (A WEEK)).mp3
Snow Candy (눈사탕 (SNOW CANDY)),SiSTAR,"K.Will, Sistar, Boyfriend",Snow Candy,kpop-gen2,https://music.youtube.com/watch?v=EztEuDlvBMw,https://i.ytimg.com/vi/EztEuDlvBMw/maxresdefault.jpg,SiSTAR/Snow Candy/Snow Candy (눈사탕 (SNOW CANDY)).mp3
The way you make me melt (넌 너무 야해 (FEAT.긱스) (THE WAY YOU MAKE ME MELT)),SiSTAR,"Sistar, Geeks",Give It To Me,kpop-gen2,https://music.youtube.com/watch?v=2rmq-iWftFw,https://i.ytimg.com/vi/2rmq-iWftFw/maxresdefault.jpg,SiSTAR/Give It To Me/The way you make me melt (넌 너무 야해 (FEAT.긱스) (THE WAY YOU MAKE ME MELT)).mp3
Softly (사르르 (SOFTLY)),SiSTAR,"K.will, Sistar, BOYFRIEND, Mad Clown, Junggigo, Jooyoung, YU SEUNGWOO, MONSTA X, Brother Su, Exy",STARSHIP PLANET 2015,kpop-gen2,https://music.youtube.com/watch?v=URWgrP0KmiU,https://i.ytimg.com/vi/URWgrP0KmiU/maxresdefault.jpg,SiSTAR/STARSHIP PLANET 2015/Softly (사르르 (SOFTLY)).mp3
Pink Romance (핑크빛 로맨스 (PINK ROMANCE)),SiSTAR,"K.will, Sistar, Boyfriend",STARSHIP PLANET,kpop-gen2,https://music.youtube.com/watch?v=t-Y2f_4lpw0,https://i.ytimg.com/vi/t-Y2f_4lpw0/maxresdefault.jpg,SiSTAR/STARSHIP PLANET/Pink Romance (핑크빛 로맨스 (PINK ROMANCE)).mp3
One More Day,SiSTAR,SISTAR(씨스타)， Giorgio Moroder,One More Day,kpop-gen2,https://music.youtube.com/watch?v=qHYLfGQnuok,https://i.ytimg.com/vi/qHYLfGQnuok/maxresdefault.jpg,SiSTAR/One More Day/One More Day.mp3
Don't be such a baby (feat.Giriboy) (애처럼 굴지마 (FEAT.기리보이)),SiSTAR,"SISTAR, Giriboy",SHAKE IT,kpop-gen2,https://music.youtube.com/watch?v=zthuTkIqtXw,https://i.ytimg.com/vi/zthuTkIqtXw/maxresdefault.jpg,SiSTAR/SHAKE IT/Don't be such a baby (feat.Giriboy) (애처럼 굴지마 (FEAT.기리보이)).mp3
Bad Boy (feat.Mad Clown) (나쁜놈 (FEAT.매드클라운)),SiSTAR,"SISTAR, Mad Clown",SHAKE IT,kpop-gen2,https://music.youtube.com/watch?v=jiJK8gcTG-k,https://i.ytimg.com/vi/jiJK8gcTG-k/maxresdefault.jpg,SiSTAR/SHAKE IT/Bad Boy (feat.Mad Clown) (나쁜놈 (FEAT.매드클라운)).mp3
Summer time (SUMMER TIME),SiSTAR,Sistar,Give It To Me,kpop-gen2,https://music.youtube.com/watch?v=0rJhbfGWELc,https://i.ytimg.com/vi/0rJhbfGWELc/maxresdefault.jpg,SiSTAR/Give It To Me/Summer time (SUMMER TIME).mp3
Hold On Tight (Hold On Tight),SiSTAR,Sistar,Special Album ‘SWEET & SOUR’,kpop-gen2,https://music.youtube.com/watch?v=0N38CB6XYCw,https://i.ytimg.com/vi/0N38CB6XYCw/maxresdefault.jpg,SiSTAR/Special Album ‘SWEET & SOUR’/Hold On Tight (Hold On Tight).mp3
No mercy (NO MERCY),SiSTAR,Sistar,ALONE,kpop-gen2,https://music.youtube.com/watch?v=Hnl4csn8pes,https://i.ytimg.com/vi/Hnl4csn8pes/maxresdefault.jpg,SiSTAR/ALONE/No mercy (NO MERCY).mp3
Up and Down (핑글핑글 (UP AND DOWN)),SiSTAR,Sistar,Give It To Me,kpop-gen2,https://music.youtube.com/watch?v=iTG7rkWOKyg,https://i.ytimg.com/vi/iTG7rkWOKyg/maxresdefault.jpg,SiSTAR/Give It To Me/Up and Down (핑글핑글 (UP AND DOWN)).mp3
But I Love U (BUT I LOVE U),SiSTAR,Sistar,TOUCH N MOVE,kpop-gen2,https://music.youtube.com/watch?v=anDS2_ut49E,https://i.ytimg.com/vi/anDS2_ut49E/maxresdefault.jpg,SiSTAR/TOUCH N MOVE/But I Love U (BUT I LOVE U).mp3
Sunshine (SUNSHINE),SiSTAR,Sistar,TOUCH N MOVE,kpop-gen2,https://music.youtube.com/watch?v=5tK8627wCtw,https://i.ytimg.com/vi/5tK8627wCtw/maxresdefault.jpg,SiSTAR/TOUCH N MOVE/Sunshine (SUNSHINE).mp3
OK GO! (OK GO!),SiSTAR,Sistar,TOUCH N MOVE,kpop-gen2,https://music.youtube.com/watch?v=SQsGguv41oE,https://i.ytimg.com/vi/SQsGguv41oE/maxresdefault.jpg,SiSTAR/TOUCH N MOVE/OK GO! (OK GO!).mp3
Holiday (HOLIDAY (홀리데이)),SiSTAR,Sistar,Summer Special 'Loving U',kpop-gen2,https://music.youtube.com/watch?v=NW719Z5TNlQ,https://i.ytimg.com/vi/NW719Z5TNlQ/maxresdefault.jpg,SiSTAR/Summer Special 'Loving U'/Holiday (HOLIDAY (홀리데이)).mp3
GOOD TIME (GOOD TIME),SiSTAR,SISTAR,SHAKE IT,kpop-gen2,https://music.youtube.com/watch?v=xKYNLU9mrDY,https://i.ytimg.com/vi/xKYNLU9mrDY/maxresdefault.jpg,SiSTAR/SHAKE IT/GOOD TIME (GOOD TIME).mp3
Girls do it (GIRLS DO IT),SiSTAR,Sistar,SO COOL,kpop-gen2,https://music.youtube.com/watch?v=e24t854nEqU,https://i.ytimg.com/vi/e24t854nEqU/maxresdefault.jpg,SiSTAR/SO COOL/Girls do it (GIRLS DO IT).mp3
FOR YOU (FOR YOU),SiSTAR,SISTAR,LONELY,kpop-gen2,https://music.youtube.com/watch?v=nwZzXmGgh4k,https://i.ytimg.com/vi/nwZzXmGgh4k/maxresdefault.jpg,SiSTAR/LONELY/FOR YOU (FOR YOU).mp3
Hot Place (feat.Brave sound) (HOT PLACE (FEAT.BRAVE SOUND)),SiSTAR,"Sistar, Brave sound",Hot Place,kpop-gen2,https://music.youtube.com/watch?v=Q47BE2W7CQc,https://i.ytimg.com/vi/Q47BE2W7CQc/maxresdefault.jpg,SiSTAR/Hot Place/Hot Place (feat.Brave sound) (HOT PLACE (FEAT.BRAVE SOUND)).mp3
If u want (IF U WANT),SiSTAR,Sistar,Give It To Me,kpop-gen2,https://music.youtube.com/watch?v=znjXA9Oew_c,https://i.ytimg.com/vi/znjXA9Oew_c/maxresdefault.jpg,SiSTAR/Give It To Me/If u want (IF U WANT).mp3
Wow (WOW),SiSTAR,Sistar,TOUCH N MOVE,kpop-gen2,https://music.youtube.com/watch?v=JneyA6iurH8,https://i.ytimg.com/vi/JneyA6iurH8/maxresdefault.jpg,SiSTAR/TOUCH N MOVE/Wow (WOW).mp3
My sad lullaby (이불 덮고 들어),SiSTAR,SISTAR,INSANE LOVE,kpop-gen2,https://music.youtube.com/watch?v=sC0XKHDA-xM,https://i.ytimg.com/vi/sC0XKHDA-xM/maxresdefault.jpg,SiSTAR/INSANE LOVE/My sad lullaby (이불 덮고 들어).mp3
New world (NEW WORLD),SiSTAR,Sistar,SO COOL,kpop-gen2,https://music.youtube.com/watch?v=gqmxpeFFUBk,https://i.ytimg.com/vi/gqmxpeFFUBk/maxresdefault.jpg,SiSTAR/SO COOL/New world (NEW WORLD).mp3
"Miss Sistar (MISS SISTAR (FEAT.이단옆차기, 주헌))",SiSTAR,"Sistar, Double Kick, JooHeon",Give It To Me,kpop-gen2,https://music.youtube.com/watch?v=bqHRdfnXMaI,https://i.ytimg.com/vi/bqHRdfnXMaI/maxresdefault.jpg,"SiSTAR/Give It To Me/Miss Sistar (MISS SISTAR (FEAT.이단옆차기, 주헌)).mp3"
Yeah Yeah (YEAH YEAH),SiSTAR,SISTAR,INSANE LOVE,kpop-gen2,https://music.youtube.com/watch?v=_BkG-joidTU,https://i.ytimg.com/vi/_BkG-joidTU/maxresdefault.jpg,SiSTAR/INSANE LOVE/Yeah Yeah (YEAH YEAH).mp3
Come and get me (끈),SiSTAR,SISTAR,INSANE LOVE,kpop-gen2,https://music.youtube.com/watch?v=lIj5pdnivBw,https://i.ytimg.com/vi/lIj5pdnivBw/maxresdefault.jpg,SiSTAR/INSANE LOVE/Come and get me (끈).mp3
So Cool (DJ Rubato Remix) (SO COOL (DJ RUBATO REMIX)),SiSTAR,Sistar,Summer Special 'Loving U',kpop-gen2,https://music.youtube.com/watch?v=a5nLcumS4hk,https://i.ytimg.com/vi/a5nLcumS4hk/maxresdefault.jpg,SiSTAR/Summer Special 'Loving U'/So Cool (DJ Rubato Remix) (SO COOL (DJ RUBATO REMIX)).mp3
Girls on top (GIRLS ON TOP),SiSTAR,Sistar,ALONE,kpop-gen2,https://music.youtube.com/watch?v=ONFlJ0zJ1Dk,https://i.ytimg.com/vi/ONFlJ0zJ1Dk/maxresdefault.jpg,SiSTAR/ALONE/Girls on top (GIRLS ON TOP).mp3
Let’s get the party started (LET’S GET THE PARTY STARTED),SiSTAR,Sistar,SO COOL,kpop-gen2,https://music.youtube.com/watch?v=qiyFpF5Cods,https://i.ytimg.com/vi/qiyFpF5Cods/maxresdefault.jpg,SiSTAR/SO COOL/Let’s get the party started (LET’S GET THE PARTY STARTED).mp3
Follow me (FOLLOW ME),SiSTAR,Sistar,SO COOL,kpop-gen2,https://music.youtube.com/watch?v=GNIWwvXggnc,https://i.ytimg.com/vi/GNIWwvXggnc/maxresdefault.jpg,SiSTAR/SO COOL/Follow me (FOLLOW ME).mp3
Oh Baby (OH BABY),SiSTAR,Sistar,Push Push,kpop-gen2,https://music.youtube.com/watch?v=Bz4R_vpRBto,https://i.ytimg.com/vi/Bz4R_vpRBto/maxresdefault.jpg,SiSTAR/Push Push/Oh Baby (OH BABY).mp3
Hey you (HEY YOU),SiSTAR,Sistar,Give It To Me,kpop-gen2,https://music.youtube.com/watch?v=aB3vt2BQdfw,https://i.ytimg.com/vi/aB3vt2BQdfw/maxresdefault.jpg,SiSTAR/Give It To Me/Hey you (HEY YOU).mp3
GO UP (GO UP),SiSTAR,SISTAR,SHAKE IT,kpop-gen2,https://music.youtube.com/watch?v=IVRmbLuS9lE,https://i.ytimg.com/vi/IVRmbLuS9lE/maxresdefault.jpg,SiSTAR/SHAKE IT/GO UP (GO UP).mp3
Ma boy (Smells Remix) (MA BOY (SMELLS REMIX)),SiSTAR,Sistar,Summer Special 'Loving U',kpop-gen2,https://music.youtube.com/watch?v=LIyayg4HQy0,https://i.ytimg.com/vi/LIyayg4HQy0/maxresdefault.jpg,SiSTAR/Summer Special 'Loving U'/Ma boy (Smells Remix) (MA BOY (SMELLS REMIX)).mp3
Give it to me (inst) (Instrumental) (GIVE IT TO ME (INST) (Instrumental)),SiSTAR,Sistar,Give It To Me,kpop-gen2,https://music.youtube.com/watch?v=7k9pbisjliE,https://i.ytimg.com/vi/7k9pbisjliE/maxresdefault.jpg,SiSTAR/Give It To Me/Give it to me (inst) (Instrumental) (GIVE IT TO ME (INST) (Instrumental)).mp3
Alone (inst) (Instrumental) (나혼자 (ALONE) (INST) (Instrumental)),SiSTAR,Sistar,ALONE,kpop-gen2,https://music.youtube.com/watch?v=hltds46PyD8,https://i.ytimg.com/vi/hltds46PyD8/maxresdefault.jpg,SiSTAR/ALONE/Alone (inst) (Instrumental) (나혼자 (ALONE) (INST) (Instrumental)).mp3
Here we come (HERE WE COME),SiSTAR,Sistar,Push Push,kpop-gen2,https://music.youtube.com/watch?v=3kM8YOZRJow,https://i.ytimg.com/vi/3kM8YOZRJow/maxresdefault.jpg,SiSTAR/Push Push/Here we come (HERE WE COME).mp3
Say I Love You (SAY I LOVE YOU),SiSTAR,SISTAR,INSANE LOVE,kpop-gen2,https://music.youtube.com/watch?v=9yRQeJDccjU,https://i.ytimg.com/vi/9yRQeJDccjU/maxresdefault.jpg,SiSTAR/INSANE LOVE/Say I Love You (SAY I LOVE YOU).mp3
Over (OVER),SiSTAR,Sistar,SO COOL,kpop-gen2,https://music.youtube.com/watch?v=LV6v3tvEJjY,https://i.ytimg.com/vi/LV6v3tvEJjY/maxresdefault.jpg,SiSTAR/SO COOL/Over (OVER).mp3
Chronos Soul,SiSTAR,Sistar,Mighty Sister Collection,kpop-gen2,https://music.youtube.com/watch?v=TeUCHuclnQs,https://i.ytimg.com/vi/TeUCHuclnQs/maxresdefault.jpg,SiSTAR/Mighty Sister Collection/Chronos Soul.mp3
Immortal Song 2 Tournament - Hyorin,SiSTAR,Sistar,Mighty Sister Collection,kpop-gen2,https://music.youtube.com/watch?v=BWGW0P6MLaU,https://i.ytimg.com/vi/BWGW0P6MLaU/maxresdefault.jpg,SiSTAR/Mighty Sister Collection/Immortal Song 2 Tournament - Hyorin.mp3
Come closer (COME CLOSER),SiSTAR,Sistar,ALONE,kpop-gen2,https://music.youtube.com/watch?v=xvee0axCvyI,https://i.ytimg.com/vi/xvee0axCvyI/maxresdefault.jpg,SiSTAR/ALONE/Come closer (COME CLOSER).mp3
I Do Not Want A Weak Man (약한 남자 싫어),SiSTAR,Sistar,Shady Girl,kpop-gen2,https://music.youtube.com/watch?v=GgGsUsa1Jog,https://i.ytimg.com/vi/GgGsUsa1Jog/maxresdefault.jpg,SiSTAR/Shady Girl/I Do Not Want A Weak Man (약한 남자 싫어).mp3
Alone (Smells Remix) (나혼자 (ALONE) (SMELLS REMIX)),SiSTAR,Sistar,Summer Special 'Loving U',kpop-gen2,https://music.youtube.com/watch?v=V-kSyqEAlU4,https://i.ytimg.com/vi/V-kSyqEAlU4/maxresdefault.jpg,SiSTAR/Summer Special 'Loving U'/Alone (Smells Remix) (나혼자 (ALONE) (SMELLS REMIX)).mp3
Loving U (House Rulez Remix) (Loving U (House Rulez Remix)),SiSTAR,Sistar,Special Album ‘SWEET & SOUR’,kpop-gen2,https://music.youtube.com/watch?v=3Eyyhpac7ZY,https://i.ytimg.com/vi/3Eyyhpac7ZY/maxresdefault.jpg,SiSTAR/Special Album ‘SWEET & SOUR’/Loving U (House Rulez Remix) (Loving U (House Rulez Remix)).mp3
One More Day (TAK Remix),SiSTAR,SISTAR(씨스타)， Giorgio Moroder,One More Day,kpop-gen2,https://music.youtube.com/watch?v=k_ATQTYqpYM,https://i.ytimg.com/vi/k_ATQTYqpYM/maxresdefault.jpg,SiSTAR/One More Day/One More Day (TAK Remix).mp3
Gone Not Around Any Longer (Smells Remix) (있다 없으니까 (Smells Remix)),SiSTAR,Sistar,Special Album ‘SWEET & SOUR’,kpop-gen2,https://music.youtube.com/watch?v=YGWE0ypCktc,https://i.ytimg.com/vi/YGWE0ypCktc/maxresdefault.jpg,SiSTAR/Special Album ‘SWEET & SOUR’/Gone Not Around Any Longer (Smells Remix) (있다 없으니까 (Smells Remix)).mp3
A Night Like This (Immortal Song 2) - Hyorin,SiSTAR,Sistar,Mighty Sister Collection,kpop-gen2,https://music.youtube.com/watch?v=T5MdOMITq-U,https://i.ytimg.com/vi/T5MdOMITq-U/maxresdefault.jpg,SiSTAR/Mighty Sister Collection/A Night Like This (Immortal Song 2) - Hyorin.mp3
Seoul Woman (Immortal Song 2) - Hyorin,SiSTAR,Sistar,Mighty Sister Collection,kpop-gen2,https://music.youtube.com/watch?v=wTlASnJyxxA,https://i.ytimg.com/vi/wTlASnJyxxA/maxresdefault.jpg,SiSTAR/Mighty Sister Collection/Seoul Woman (Immortal Song 2) - Hyorin.mp3
Mini Skirt (Immortal Song 2) - Hyorin,SiSTAR,Sistar,Mighty Sister Collection,kpop-gen2,https://music.youtube.com/watch?v=cltlqLHfCok,https://i.ytimg.com/vi/cltlqLHfCok/maxresdefault.jpg,SiSTAR/Mighty Sister Collection/Mini Skirt (Immortal Song 2) - Hyorin.mp3
Christmas Party,SiSTAR,Sistar,Mighty Sister Collection,kpop-gen2,https://music.youtube.com/watch?v=hl5PHO7IIeY,https://i.ytimg.com/vi/hl5PHO7IIeY/maxresdefault.jpg,SiSTAR/Mighty Sister Collection/Christmas Party.mp3
Drop the beat (feat.B2K) (DROP THE BEAT (FEAT.B2K)),SiSTAR,"Sistar, B2K",Shady Girl,kpop-gen2,https://music.youtube.com/watch?v=QaQXZNpXRsI,https://i.ytimg.com/vi/QaQXZNpXRsI/maxresdefault.jpg,SiSTAR/Shady Girl/Drop the beat (feat.B2K) (DROP THE BEAT (FEAT.B2K)).mp3
Tic Toc,SiSTAR,Sistar,Mighty Sister Collection,kpop-gen2,https://music.youtube.com/watch?v=nG7RDUc0Vvo,https://i.ytimg.com/vi/nG7RDUc0Vvo/maxresdefault.jpg,SiSTAR/Mighty Sister Collection/Tic Toc.mp3
Memories (Immortal Song 2) - Hyorin,SiSTAR,Sistar,Mighty Sister Collection,kpop-gen2,https://music.youtube.com/watch?v=2SwqrCqwbb8,https://i.ytimg.com/vi/2SwqrCqwbb8/maxresdefault.jpg,SiSTAR/Mighty Sister Collection/Memories (Immortal Song 2) - Hyorin.mp3
Touch My Body (Glen Check Remix) (Touch My Body (Glen Check Remix)),SiSTAR,Sistar,Special Album ‘SWEET & SOUR’,kpop-gen2,https://music.youtube.com/watch?v=S7-8jcDu1cU,https://i.ytimg.com/vi/S7-8jcDu1cU/maxresdefault.jpg,SiSTAR/Special Album ‘SWEET & SOUR’/Touch My Body (Glen Check Remix) (Touch My Body (Glen Check Remix)).mp3
I Like That (inst) (Instrumental) (I LIKE THAT (INST) (Instrumental)),SiSTAR,SISTAR,INSANE LOVE,kpop-gen2,https://music.youtube.com/watch?v=-6u2MezOXWM,https://i.ytimg.com/vi/-6u2MezOXWM/maxresdefault.jpg,SiSTAR/INSANE LOVE/I Like That (inst) (Instrumental) (I LIKE THAT (INST) (Instrumental)).mp3
I Know You Push Push - SISTAR ft. Pitbull,SiSTAR,Sistar,Mighty Sister Collection,kpop-gen2,https://music.youtube.com/watch?v=_2BaIgm8WtA,https://i.ytimg.com/vi/_2BaIgm8WtA/maxresdefault.jpg,SiSTAR/Mighty Sister Collection/I Know You Push Push - SISTAR ft. Pitbull.mp3
How dare you (Demicat Remix) (니까짓게 (HOW DARE YOU) (DEMICAT REMIX)),SiSTAR,Sistar,Summer Special 'Loving U',kpop-gen2,https://music.youtube.com/watch?v=ZE2i-b43dRY,https://i.ytimg.com/vi/ZE2i-b43dRY/maxresdefault.jpg,SiSTAR/Summer Special 'Loving U'/How dare you (Demicat Remix) (니까짓게 (HOW DARE YOU) (DEMICAT REMIX)).mp3
Push Push (DJ Rubato Remix) (PUSH PUSH (DJ RUBATO REMIX)),SiSTAR,Sistar,Summer Special 'Loving U',kpop-gen2,https://music.youtube.com/watch?v=LvRRMFZQHLg,https://i.ytimg.com/vi/LvRRMFZQHLg/maxresdefault.jpg,SiSTAR/Summer Special 'Loving U'/Push Push (DJ Rubato Remix) (PUSH PUSH (DJ RUBATO REMIX)).mp3
Gwaenchanhayo - So Yoo ft. Woo (J2),SiSTAR,Sistar,Mighty Sister Collection,kpop-gen2,https://music.youtube.com/watch?v=evR4lkmqhHQ,https://i.ytimg.com/vi/evR4lkmqhHQ/maxresdefault.jpg,SiSTAR/Mighty Sister Collection/Gwaenchanhayo - So Yoo ft. Woo (J2).mp3
I Still Love You (Immortal Song 2) - Hyorin (SISTAR) ft. DJ DOC,SiSTAR,Sistar,Mighty Sister Collection,kpop-gen2,https://music.youtube.com/watch?v=R7h3PTY-5IM,https://i.ytimg.com/vi/R7h3PTY-5IM/maxresdefault.jpg,SiSTAR/Mighty Sister Collection/I Still Love You (Immortal Song 2) - Hyorin (SISTAR) ft. DJ DOC.mp3
Mighty SISTAR (MIGHTY SISTAR),SiSTAR,Sistar,How Dare You,kpop-gen2,https://music.youtube.com/watch?v=PUxHXtm0PDc,https://i.ytimg.com/vi/PUxHXtm0PDc/maxresdefault.jpg,SiSTAR/How Dare You/Mighty SISTAR (MIGHTY SISTAR).mp3
Night Blues That It Rains (Immortal Song 2) - Hyorin,SiSTAR,Sistar,Mighty Sister Collection,kpop-gen2,https://music.youtube.com/watch?v=9FunsNPk_iM,https://i.ytimg.com/vi/9FunsNPk_iM/maxresdefault.jpg,SiSTAR/Mighty Sister Collection/Night Blues That It Rains (Immortal Song 2) - Hyorin.mp3
How Dare You (inst) (Instrumental) (니까짓게 (INST.) (Instrumental)),SiSTAR,Sistar,How Dare You,kpop-gen2,https://music.youtube.com/watch?v=wNEHed4FEdw,https://i.ytimg.com/vi/wNEHed4FEdw/maxresdefault.jpg,SiSTAR/How Dare You/How Dare You (inst) (Instrumental) (니까짓게 (INST.) (Instrumental)).mp3
Now (Immortal Song 2) - Hyorin (SISTAR) with Shin Yong Jae (4MEN),SiSTAR,Sistar,Mighty Sister Collection,kpop-gen2,https://music.youtube.com/watch?v=Q2sI2r1B_mM,https://i.ytimg.com/vi/Q2sI2r1B_mM/maxresdefault.jpg,SiSTAR/Mighty Sister Collection/Now (Immortal Song 2) - Hyorin (SISTAR) with Shin Yong Jae (4MEN).mp3
HeeYa (Immortal Song 2) - Hyorin,SiSTAR,Sistar,Mighty Sister Collection,kpop-gen2,https://music.youtube.com/watch?v=UOa04dAHFKg,https://i.ytimg.com/vi/UOa04dAHFKg/maxresdefault.jpg,SiSTAR/Mighty Sister Collection/HeeYa (Immortal Song 2) - Hyorin.mp3
Push Push (inst) (Instrumental) (PUSH PUSH (INST.) (Instrumental)),SiSTAR,Sistar,Push Push,kpop-gen2,https://music.youtube.com/watch?v=2AlbKBMdwtA,https://i.ytimg.com/vi/2AlbKBMdwtA/maxresdefault.jpg,SiSTAR/Push Push/Push Push (inst) (Instrumental) (PUSH PUSH (INST.) (Instrumental)).mp3
Goose's Dream (Immortal Song 2) - Hyorin,SiSTAR,Sistar,Mighty Sister Collection,kpop-gen2,https://music.youtube.com/watch?v=UevgjociX3s,https://i.ytimg.com/vi/UevgjociX3s/maxresdefault.jpg,SiSTAR/Mighty Sister Collection/Goose's Dream (Immortal Song 2) - Hyorin.mp3
Give It To Me (Reno Remix) (Give It To Me (Reno Remix)),SiSTAR,Sistar,Special Album ‘SWEET & SOUR’,kpop-gen2,https://music.youtube.com/watch?v=QR8zSrx9tiQ,https://i.ytimg.com/vi/QR8zSrx9tiQ/maxresdefault.jpg,SiSTAR/Special Album ‘SWEET & SOUR’/Give It To Me (Reno Remix) (Give It To Me (Reno Remix)).mp3
Shady Girl (inst) (Instrumental) (가식걸 (INST) (Instrumental)),SiSTAR,Sistar,Shady Girl,kpop-gen2,https://music.youtube.com/watch?v=rfC3UIfYlyI,https://i.ytimg.com/vi/rfC3UIfYlyI/maxresdefault.jpg,SiSTAR/Shady Girl/Shady Girl (inst) (Instrumental) (가식걸 (INST) (Instrumental)).mp3
Snow Candy (inst) (Instrumental) (눈사탕 (SNOW CANDY) (INST) (Instrumental)),SiSTAR,"K.Will, Sistar, Boyfriend",Snow Candy,kpop-gen2,https://music.youtube.com/watch?v=2hpVNBDOrsw,https://i.ytimg.com/vi/2hpVNBDOrsw/maxresdefault.jpg,SiSTAR/Snow Candy/Snow Candy (inst) (Instrumental) (눈사탕 (SNOW CANDY) (INST) (Instrumental)).mp3
Christmas Party (Instrumental),SiSTAR,Sistar,Mighty Sister Collection,kpop-gen2,https://music.youtube.com/watch?v=36oDC92A05Q,https://i.ytimg.com/vi/36oDC92A05Q/maxresdefault.jpg,SiSTAR/Mighty Sister Collection/Christmas Party (Instrumental).mp3
One More Day (inst),SiSTAR,SISTAR(씨스타)， Giorgio Moroder,One More Day,kpop-gen2,https://music.youtube.com/watch?v=qkpUbcYdGi8,https://i.ytimg.com/vi/qkpUbcYdGi8/maxresdefault.jpg,SiSTAR/One More Day/One More Day (inst).mp3
One More Day (TAK Remix inst),SiSTAR,SISTAR(씨스타)， Giorgio Moroder,One More Day,kpop-gen2,https://music.youtube.com/watch?v=t75CCS4GQZg,https://i.ytimg.com/vi/t75CCS4GQZg/maxresdefault.jpg,SiSTAR/One More Day/One More Day (TAK Remix inst).mp3
Miniskirt (짧은 치마 (Miniskirt)),AOA,AOA,MINISKIRT,kpop-gen2,https://music.youtube.com/watch?v=0uXWVDGvVVM,https://i.ytimg.com/vi/0uXWVDGvVVM/maxresdefault.jpg,AOA/MINISKIRT/Miniskirt (짧은 치마 (Miniskirt)).mp3
Heart Attack (심쿵해 (Heart Attack)),AOA,AOA,Heart Attack,kpop-gen2,https://music.youtube.com/watch?v=fzvmFiG2juU,https://i.ytimg.com/vi/fzvmFiG2juU/maxresdefault.jpg,AOA/Heart Attack/Heart Attack (심쿵해 (Heart Attack)).mp3
Like a Cat (사뿐사뿐),AOA,AOA,Like a Cat,kpop-gen2,https://music.youtube.com/watch?v=x0uuidFEcJI,https://i.ytimg.com/vi/x0uuidFEcJI/maxresdefault.jpg,AOA/Like a Cat/Like a Cat (사뿐사뿐).mp3
Short Hair (단발머리 (SHORT HAIR)),AOA,AOA,Short Hair,kpop-gen2,https://music.youtube.com/watch?v=VggZ69uH9nQ,https://i.ytimg.com/vi/VggZ69uH9nQ/maxresdefault.jpg,AOA/Short Hair/Short Hair (단발머리 (SHORT HAIR)).mp3
Miniskirt (Japanese Version),AOA,AOA,Miniskirt,kpop-gen2,https://music.youtube.com/watch?v=6BmtVjBBatg,https://i.ytimg.com/vi/6BmtVjBBatg/maxresdefault.jpg,AOA/Miniskirt/Miniskirt (Japanese Version).mp3
EXCUSE ME,AOA,AOA,AOA 1st Album ANGEL'S KNOCK,kpop-gen2,https://music.youtube.com/watch?v=dSRnstFDc0g,https://i.ytimg.com/vi/dSRnstFDc0g/maxresdefault.jpg,AOA/AOA 1st Album ANGEL'S KNOCK/EXCUSE ME.mp3
GOOD LUCK,AOA,AOA,Good Luck,kpop-gen2,https://music.youtube.com/watch?v=EcUkDwG2VYw,https://i.ytimg.com/vi/EcUkDwG2VYw/maxresdefault.jpg,AOA/Good Luck/GOOD LUCK.mp3
Come See Me,AOA,AOA,NEW MOON,kpop-gen2,https://music.youtube.com/watch?v=fP8zGkK0gOE,https://i.ytimg.com/vi/fP8zGkK0gOE/maxresdefault.jpg,AOA/NEW MOON/Come See Me.mp3
Get Out,AOA,AOA,Miniskirt,kpop-gen2,https://music.youtube.com/watch?v=AGENYjpSN1I,https://i.ytimg.com/vi/AGENYjpSN1I/maxresdefault.jpg,AOA/Miniskirt/Get Out.mp3
Confused (흔들려),AOA,AOA,RED MOTION,kpop-gen2,https://music.youtube.com/watch?v=PkDwBt08Za8,https://i.ytimg.com/vi/PkDwBt08Za8/maxresdefault.jpg,AOA/RED MOTION/Confused (흔들려).mp3
Bingle Bangle (빙글뱅글 (Bingle Bangle)),AOA,AOA,BINGLE BANGLE,kpop-gen2,https://music.youtube.com/watch?v=zF1GHwqPZaw,https://i.ytimg.com/vi/zF1GHwqPZaw/maxresdefault.jpg,AOA/BINGLE BANGLE/Bingle Bangle (빙글뱅글 (Bingle Bangle)).mp3
BING BING,AOA,AOA,AOA 1st Album ANGEL'S KNOCK,kpop-gen2,https://music.youtube.com/watch?v=JpVHlWrX-JE,https://i.ytimg.com/vi/JpVHlWrX-JE/maxresdefault.jpg,AOA/AOA 1st Album ANGEL'S KNOCK/BING BING.mp3
MOYA (MOYA (모야)),AOA,AOA,MOYA,kpop-gen2,https://music.youtube.com/watch?v=RiIMVmyhmvY,https://i.ytimg.com/vi/RiIMVmyhmvY/maxresdefault.jpg,AOA/MOYA/MOYA (MOYA (모야)).mp3
Ai Wo Choudai,AOA,"AOA, Takanori Nishikawa T.M.Revolution",Runway,kpop-gen2,https://music.youtube.com/watch?v=wKv7MpIgQrk,https://i.ytimg.com/vi/wKv7MpIgQrk/maxresdefault.jpg,AOA/Runway/Ai Wo Choudai.mp3
너나 해 (Egotistic),AOA,AOA,퀸덤 Queendom ᐸ커버곡 경연 Cover Contestᐳ Part.1,kpop-gen2,https://music.youtube.com/watch?v=4_Ws3x9PhwA,https://i.ytimg.com/vi/4_Ws3x9PhwA/maxresdefault.jpg,AOA/퀸덤 Queendom ᐸ커버곡 경연 Cover Contestᐳ Part.1/너나 해 (Egotistic).mp3
ELVIS (ELVIS),AOA,AOA,Angels` Story,kpop-gen2,https://music.youtube.com/watch?v=VUkJa7O2Auo,https://i.ytimg.com/vi/VUkJa7O2Auo/maxresdefault.jpg,AOA/Angels` Story/ELVIS (ELVIS).mp3
Miniskirt (inst) (Instrumental) (짧은 치마 (inst) (Instrumental)),AOA,AOA,MINISKIRT,kpop-gen2,https://music.youtube.com/watch?v=q5lnhK4aQ4A,https://i.ytimg.com/vi/q5lnhK4aQ4A/maxresdefault.jpg,AOA/MINISKIRT/Miniskirt (inst) (Instrumental) (짧은 치마 (inst) (Instrumental)).mp3
Oh Boy,AOA,AOA,Ace of Angels,kpop-gen2,https://music.youtube.com/watch?v=szelQ8E0Os0,https://i.ytimg.com/vi/szelQ8E0Os0/maxresdefault.jpg,AOA/Ace of Angels/Oh Boy.mp3
Sorry,AOA,AOA,퀸덤 Queendom ᐸFINAL 컴백 싱글 Comeback Singleᐳ,kpop-gen2,https://music.youtube.com/watch?v=6cjVSQkhYsY,https://i.ytimg.com/vi/6cjVSQkhYsY/maxresdefault.jpg,AOA/퀸덤 Queendom ᐸFINAL 컴백 싱글 Comeback Singleᐳ/Sorry.mp3
Wow War Tonight -Tokinihaokoseyo Movement (Girls Version),AOA,AOA,Runway,kpop-gen2,https://music.youtube.com/watch?v=3esEguLY-9s,https://i.ytimg.com/vi/3esEguLY-9s/maxresdefault.jpg,AOA/Runway/Wow War Tonight -Tokinihaokoseyo Movement (Girls Version).mp3
Munekyun,AOA,AOA,Munekyun,kpop-gen2,https://music.youtube.com/watch?v=Fn9ty45CtUc,https://i.ytimg.com/vi/Fn9ty45CtUc/maxresdefault.jpg,AOA/Munekyun/Munekyun.mp3
Luv me (Luv me),AOA,AOA,Heart Attack,kpop-gen2,https://music.youtube.com/watch?v=NNGh5EnkjjM,https://i.ytimg.com/vi/NNGh5EnkjjM/maxresdefault.jpg,AOA/Heart Attack/Luv me (Luv me).mp3
THREE OUT,AOA,AOA,AOA 1st Album ANGEL'S KNOCK,kpop-gen2,https://music.youtube.com/watch?v=PU5G5ol0FLg,https://i.ytimg.com/vi/PU5G5ol0FLg/maxresdefault.jpg,AOA/AOA 1st Album ANGEL'S KNOCK/THREE OUT.mp3
10 SECONDS,AOA,AOA,Good Luck,kpop-gen2,https://music.youtube.com/watch?v=Z-taYT1_pjg,https://i.ytimg.com/vi/Z-taYT1_pjg/maxresdefault.jpg,AOA/Good Luck/10 SECONDS.mp3
Girl’s Heart (여자사용법),AOA,AOA,Like a Cat,kpop-gen2,https://music.youtube.com/watch?v=iiLHPVetdtc,https://i.ytimg.com/vi/iiLHPVetdtc/maxresdefault.jpg,AOA/Like a Cat/Girl’s Heart (여자사용법).mp3
Short Hair (Japanese Version),AOA,AOA,Miniskirt,kpop-gen2,https://music.youtube.com/watch?v=mECqoys7In4,https://i.ytimg.com/vi/mECqoys7In4/maxresdefault.jpg,AOA/Miniskirt/Short Hair (Japanese Version).mp3
Super Duper (Super Duper),AOA,AOA,BINGLE BANGLE,kpop-gen2,https://music.youtube.com/watch?v=l4o2_l1bbso,https://i.ytimg.com/vi/l4o2_l1bbso/maxresdefault.jpg,AOA/BINGLE BANGLE/Super Duper (Super Duper).mp3
Joa YO! (JOA YO!),AOA,AOA,Short Hair,kpop-gen2,https://music.youtube.com/watch?v=qoVoS1Spqc8,https://i.ytimg.com/vi/qoVoS1Spqc8/maxresdefault.jpg,AOA/Short Hair/Joa YO! (JOA YO!).mp3
STILL FALLS THE RAIN,AOA,AOA,Good Luck,kpop-gen2,https://music.youtube.com/watch?v=3GRNr8blR6Q,https://i.ytimg.com/vi/3GRNr8blR6Q/maxresdefault.jpg,AOA/Good Luck/STILL FALLS THE RAIN.mp3
FEELING,AOA,AOA,AOA 1st Album ANGEL'S KNOCK,kpop-gen2,https://music.youtube.com/watch?v=qZX9tmrRkXg,https://i.ytimg.com/vi/qZX9tmrRkXg/maxresdefault.jpg,AOA/AOA 1st Album ANGEL'S KNOCK/FEELING.mp3
Ladi Dadi (Ladi Dadi),AOA,AOA,BINGLE BANGLE,kpop-gen2,https://music.youtube.com/watch?v=I1ImxRZATC4,https://i.ytimg.com/vi/I1ImxRZATC4/maxresdefault.jpg,AOA/BINGLE BANGLE/Ladi Dadi (Ladi Dadi).mp3
You know that (말이 안 통해),AOA,AOA,Short Hair,kpop-gen2,https://music.youtube.com/watch?v=cDfr9mkJE5k,https://i.ytimg.com/vi/cDfr9mkJE5k/maxresdefault.jpg,AOA/Short Hair/You know that (말이 안 통해).mp3
Under the Street Light (가로등 불 아래서),AOA,AOA,MINISKIRT,kpop-gen2,https://music.youtube.com/watch?v=YG5xPwE5U1M,https://i.ytimg.com/vi/YG5xPwE5U1M/maxresdefault.jpg,AOA/MINISKIRT/Under the Street Light (가로등 불 아래서).mp3
CHERRY POP,AOA,AOA,Good Luck,kpop-gen2,https://music.youtube.com/watch?v=VqvQp7JHgVU,https://i.ytimg.com/vi/VqvQp7JHgVU/maxresdefault.jpg,AOA/Good Luck/CHERRY POP.mp3
Come To Me (들어와 (Come To Me)),AOA,AOA,Heart Attack,kpop-gen2,https://music.youtube.com/watch?v=MZs36ff_JN8,https://i.ytimg.com/vi/MZs36ff_JN8/maxresdefault.jpg,AOA/Heart Attack/Come To Me (들어와 (Come To Me)).mp3
LILY (feat. ROUN),AOA,AOA,AOA 1st Album ANGEL'S KNOCK,kpop-gen2,https://music.youtube.com/watch?v=6ZqziHyu5JU,https://i.ytimg.com/vi/6ZqziHyu5JU/maxresdefault.jpg,AOA/AOA 1st Album ANGEL'S KNOCK/LILY (feat. ROUN).mp3
OH BOY,AOA,AOA,AOA 1st Album ANGEL'S KNOCK,kpop-gen2,https://music.youtube.com/watch?v=KVqdr1CsDE0,https://i.ytimg.com/vi/KVqdr1CsDE0/maxresdefault.jpg,AOA/AOA 1st Album ANGEL'S KNOCK/OH BOY.mp3
MELTING LOVE,AOA,AOA,AOA 1st Album ANGEL'S KNOCK,kpop-gen2,https://music.youtube.com/watch?v=A2XkczdjGKA,https://i.ytimg.com/vi/A2XkczdjGKA/maxresdefault.jpg,AOA/AOA 1st Album ANGEL'S KNOCK/MELTING LOVE.mp3
CRAZY BOY,AOA,AOA,Good Luck,kpop-gen2,https://music.youtube.com/watch?v=vvVSquwIsu8,https://i.ytimg.com/vi/vvVSquwIsu8/maxresdefault.jpg,AOA/Good Luck/CRAZY BOY.mp3
DoDoDo (뚜뚜뚜),AOA,AOA,BINGLE BANGLE,kpop-gen2,https://music.youtube.com/watch?v=4Xm6AkQ7Uk4,https://i.ytimg.com/vi/4Xm6AkQ7Uk4/maxresdefault.jpg,AOA/BINGLE BANGLE/DoDoDo (뚜뚜뚜).mp3
CAN'T SLEEP,AOA,AOA,AOA 1st Album ANGEL'S KNOCK,kpop-gen2,https://music.youtube.com/watch?v=iYipQbhlMKw,https://i.ytimg.com/vi/iYipQbhlMKw/maxresdefault.jpg,AOA/AOA 1st Album ANGEL'S KNOCK/CAN'T SLEEP.mp3
Tears Falling (휠릴리),AOA,AOA,Like a Cat,kpop-gen2,https://music.youtube.com/watch?v=LdbwDisTOFQ,https://i.ytimg.com/vi/LdbwDisTOFQ/maxresdefault.jpg,AOA/Like a Cat/Tears Falling (휠릴리).mp3
Chocolate (Chocolate),AOA,AOA,Heart Attack,kpop-gen2,https://music.youtube.com/watch?v=i4Bz2M7jJfo,https://i.ytimg.com/vi/i4Bz2M7jJfo/maxresdefault.jpg,AOA/Heart Attack/Chocolate (Chocolate).mp3
Gonna Get Your Heart (Gonna Get Your Heart),AOA,AOA,MINISKIRT,kpop-gen2,https://music.youtube.com/watch?v=2DUtPfViuDE,https://i.ytimg.com/vi/2DUtPfViuDE/maxresdefault.jpg,AOA/MINISKIRT/Gonna Get Your Heart (Gonna Get Your Heart).mp3
Temptation (Temptation),AOA,AOA,Angels` Story,kpop-gen2,https://music.youtube.com/watch?v=ijZwVQ3iPfI,https://i.ytimg.com/vi/ijZwVQ3iPfI/maxresdefault.jpg,AOA/Angels` Story/Temptation (Temptation).mp3
Love Is Only You (Love Is Only You),AOA,AOA,Angels` Story,kpop-gen2,https://music.youtube.com/watch?v=lMf6MJ46L-A,https://i.ytimg.com/vi/lMf6MJ46L-A/maxresdefault.jpg,AOA/Angels` Story/Love Is Only You (Love Is Only You).mp3
Just The Two of Us (단둘이),AOA,AOA,Like a Cat,kpop-gen2,https://music.youtube.com/watch?v=WLymiGsHCFk,https://i.ytimg.com/vi/WLymiGsHCFk/maxresdefault.jpg,AOA/Like a Cat/Just The Two of Us (단둘이).mp3
Good Luck (Japanese Version),AOA,AOA,Good Luck,kpop-gen2,https://music.youtube.com/watch?v=uE3Np3M4q44,https://i.ytimg.com/vi/uE3Np3M4q44/maxresdefault.jpg,AOA/Good Luck/Good Luck (Japanese Version).mp3
Runway,AOA,AOA,Runway,kpop-gen2,https://music.youtube.com/watch?v=FAHElwKfLoM,https://i.ytimg.com/vi/FAHElwKfLoM/maxresdefault.jpg,AOA/Runway/Runway.mp3
One Thing (한 개 (One Thing)),AOA,AOA,Heart Attack,kpop-gen2,https://music.youtube.com/watch?v=EgFq435OrqU,https://i.ytimg.com/vi/EgFq435OrqU/maxresdefault.jpg,AOA/Heart Attack/One Thing (한 개 (One Thing)).mp3
Really Really (진짜 (Really Really)),AOA,AOA,Heart Attack,kpop-gen2,https://music.youtube.com/watch?v=Jz4br_1hLuE,https://i.ytimg.com/vi/Jz4br_1hLuE/maxresdefault.jpg,AOA/Heart Attack/Really Really (진짜 (Really Really)).mp3
Without You (Without You),AOA,AOA,MOYA,kpop-gen2,https://music.youtube.com/watch?v=vCSsLPCzNh0,https://i.ytimg.com/vi/vCSsLPCzNh0/maxresdefault.jpg,AOA/MOYA/Without You (Without You).mp3
Yureru,AOA,AOA,Munekyun,kpop-gen2,https://music.youtube.com/watch?v=P2DnHWqd96E,https://i.ytimg.com/vi/P2DnHWqd96E/maxresdefault.jpg,AOA/Munekyun/Yureru.mp3
Fantasy (FANTASY),AOA,AOA,Short Hair,kpop-gen2,https://music.youtube.com/watch?v=LYBgClfywX0,https://i.ytimg.com/vi/LYBgClfywX0/maxresdefault.jpg,AOA/Short Hair/Fantasy (FANTASY).mp3
You're the one for me (내 반쪽),AOA,AOA,Short Hair,kpop-gen2,https://music.youtube.com/watch?v=rw0KXgEmXcg,https://i.ytimg.com/vi/rw0KXgEmXcg/maxresdefault.jpg,AOA/Short Hair/You're the one for me (내 반쪽).mp3
My Way,AOA,AOA,NEW MOON,kpop-gen2,https://music.youtube.com/watch?v=tFvIXnDnzCw,https://i.ytimg.com/vi/tFvIXnDnzCw/maxresdefault.jpg,AOA/NEW MOON/My Way.mp3
Magic Spell,AOA,AOA,NEW MOON,kpop-gen2,https://music.youtube.com/watch?v=yAgr4Z1Zoss,https://i.ytimg.com/vi/yAgr4Z1Zoss/maxresdefault.jpg,AOA/NEW MOON/Magic Spell.mp3
Short Hair (inst) (Instrumental) (단발머리 (SHORT HAIR) (INST) (Instrumental)),AOA,AOA,Short Hair,kpop-gen2,https://music.youtube.com/watch?v=AcQSOtHcWWI,https://i.ytimg.com/vi/AcQSOtHcWWI/maxresdefault.jpg,AOA/Short Hair/Short Hair (inst) (Instrumental) (단발머리 (SHORT HAIR) (INST) (Instrumental)).mp3
HELP ME,AOA,AOA,AOA 1st Album ANGEL'S KNOCK,kpop-gen2,https://music.youtube.com/watch?v=wTvxZq_lFqU,https://i.ytimg.com/vi/wTvxZq_lFqU/maxresdefault.jpg,AOA/AOA 1st Album ANGEL'S KNOCK/HELP ME.mp3
MY SONG,AOA,AOA,WANNA BE,kpop-gen2,https://music.youtube.com/watch?v=sO5DF6L_gAo,https://i.ytimg.com/vi/sO5DF6L_gAo/maxresdefault.jpg,AOA/WANNA BE/MY SONG.mp3
HEAT (HEAT),AOA,AOA,BINGLE BANGLE,kpop-gen2,https://music.youtube.com/watch?v=zmriTCb-_nQ,https://i.ytimg.com/vi/zmriTCb-_nQ/maxresdefault.jpg,AOA/BINGLE BANGLE/HEAT (HEAT).mp3
Stay With me,AOA,AOA,Ace of Angels,kpop-gen2,https://music.youtube.com/watch?v=MSLl1TR7wVc,https://i.ytimg.com/vi/MSLl1TR7wVc/maxresdefault.jpg,AOA/Ace of Angels/Stay With me.mp3
AOA (AOA),AOA,AOA,Like a Cat,kpop-gen2,https://music.youtube.com/watch?v=sY3qUftauYA,https://i.ytimg.com/vi/sY3qUftauYA/maxresdefault.jpg,AOA/Like a Cat/AOA (AOA).mp3
Love Gave Me You,AOA,AOA,Runway,kpop-gen2,https://music.youtube.com/watch?v=ILBNEKhIi34,https://i.ytimg.com/vi/ILBNEKhIi34/maxresdefault.jpg,AOA/Runway/Love Gave Me You.mp3
WITH ELVIS,AOA,AOA,AOA 1st Album ANGEL'S KNOCK,kpop-gen2,https://music.youtube.com/watch?v=pso3mmk8L8w,https://i.ytimg.com/vi/pso3mmk8L8w/maxresdefault.jpg,AOA/AOA 1st Album ANGEL'S KNOCK/WITH ELVIS.mp3
Ninety Nine,AOA,AOA,NEW MOON,kpop-gen2,https://music.youtube.com/watch?v=l-ynzRgMvIo,https://i.ytimg.com/vi/l-ynzRgMvIo/maxresdefault.jpg,AOA/NEW MOON/Ninety Nine.mp3
Elvis (Japanese Version),AOA,AOA,Like A Cat,kpop-gen2,https://music.youtube.com/watch?v=U9ilGV-a71o,https://i.ytimg.com/vi/U9ilGV-a71o/maxresdefault.jpg,AOA/Like A Cat/Elvis (Japanese Version).mp3
HAPPY ENDING,AOA,AOA,WANNA BE,kpop-gen2,https://music.youtube.com/watch?v=GmgzZonDe_E,https://i.ytimg.com/vi/GmgzZonDe_E/maxresdefault.jpg,AOA/WANNA BE/HAPPY ENDING.mp3
You Know That (Japanese Version),AOA,AOA,Ace of Angels,kpop-gen2,https://music.youtube.com/watch?v=U0V3jFqcHNk,https://i.ytimg.com/vi/U0V3jFqcHNk/maxresdefault.jpg,AOA/Ace of Angels/You Know That (Japanese Version).mp3
Lemon Slush,AOA,AOA,Ace of Angels,kpop-gen2,https://music.youtube.com/watch?v=89TD5xF5hl8,https://i.ytimg.com/vi/89TD5xF5hl8/maxresdefault.jpg,AOA/Ace of Angels/Lemon Slush.mp3
We belong together (니꺼 내꺼),AOA,AOA,RED MOTION,kpop-gen2,https://music.youtube.com/watch?v=BpUxAHB20gk,https://i.ytimg.com/vi/BpUxAHB20gk/maxresdefault.jpg,AOA/RED MOTION/We belong together (니꺼 내꺼).mp3
Still Falls The Rain (Japanese Version),AOA,AOA,Runway,kpop-gen2,https://music.youtube.com/watch?v=_cN07wFF_wY,https://i.ytimg.com/vi/_cN07wFF_wY/maxresdefault.jpg,AOA/Runway/Still Falls The Rain (Japanese Version).mp3
Parfait (파르페),AOA,AOA,BINGLE BANGLE,kpop-gen2,https://music.youtube.com/watch?v=da7ZuxaA_0g,https://i.ytimg.com/vi/da7ZuxaA_0g/maxresdefault.jpg,AOA/BINGLE BANGLE/Parfait (파르페).mp3
OK!,AOA,AOA,Runway,kpop-gen2,https://music.youtube.com/watch?v=o8DijOzYQVA,https://i.ytimg.com/vi/o8DijOzYQVA/maxresdefault.jpg,AOA/Runway/OK!.mp3
"Heart Attack (Japanese ver.) (Live 2016 FNC KINGDOM -CREEPY NIGHTS-Part2@Makuhari International Exhibition Halls, Chiba)",AOA,AOA,Live 2016 FNC KINGDOM -CREEPY NIGHTS- (Part2),kpop-gen2,https://music.youtube.com/watch?v=rDL10PKZXkI,https://i.ytimg.com/vi/rDL10PKZXkI/maxresdefault.jpg,"AOA/Live 2016 FNC KINGDOM -CREEPY NIGHTS- (Part2)/Heart Attack (Japanese ver.) (Live 2016 FNC KINGDOM -CREEPY NIGHTS-Part2@Makuhari International Exhibition Halls, Chiba).mp3"
"Opening -AOA- (Live 2015 FNC KINGDOM-Part1@Makuhari International Exhibition Halls, Chiba)",AOA,AOA,Live 2015 FNC KINGDOM (Part1),kpop-gen2,https://music.youtube.com/watch?v=AJzGDAPKHO0,https://i.ytimg.com/vi/AJzGDAPKHO0/maxresdefault.jpg,"AOA/Live 2015 FNC KINGDOM (Part1)/Opening -AOA- (Live 2015 FNC KINGDOM-Part1@Makuhari International Exhibition Halls, Chiba).mp3"
10 Seconds (Japanese Version),AOA,AOA,Good Luck,kpop-gen2,https://music.youtube.com/watch?v=8I5VaMk01mk,https://i.ytimg.com/vi/8I5VaMk01mk/maxresdefault.jpg,AOA/Good Luck/10 Seconds (Japanese Version).mp3
"Miniskirt (Live 2013 FNC KINGDOM -Fantastic & Crazy-Part2@Nippon Budokan, Tokyo)",AOA,AOA,Live 2013 FNC KINGDOM -Fantastic & Crazy- (Part2),kpop-gen2,https://music.youtube.com/watch?v=ceOcDDa-NIM,https://i.ytimg.com/vi/ceOcDDa-NIM/maxresdefault.jpg,"AOA/Live 2013 FNC KINGDOM -Fantastic & Crazy- (Part2)/Miniskirt (Live 2013 FNC KINGDOM -Fantastic & Crazy-Part2@Nippon Budokan, Tokyo).mp3"
"Like birds (Live 2013 FNC KINGDOM -Fantastic & Crazy-Part2@Nippon Budokan, Tokyo)",AOA,"FTISLAND, CNBLUE, AOA, N.Flying",Live 2013 FNC KINGDOM -Fantastic & Crazy- (Part2),kpop-gen2,https://music.youtube.com/watch?v=VyZCmib86vM,https://i.ytimg.com/vi/VyZCmib86vM/maxresdefault.jpg,"AOA/Live 2013 FNC KINGDOM -Fantastic & Crazy- (Part2)/Like birds (Live 2013 FNC KINGDOM -Fantastic & Crazy-Part2@Nippon Budokan, Tokyo).mp3"
Muah!,AOA,AOA,Runway,kpop-gen2,https://music.youtube.com/watch?v=yq-A0TDSPA8,https://i.ytimg.com/vi/yq-A0TDSPA8/maxresdefault.jpg,AOA/Runway/Muah!.mp3
Girl's Heart (Japanese Version),AOA,AOA,Ai Wo Choudai,kpop-gen2,https://music.youtube.com/watch?v=qNX7zxatEvY,https://i.ytimg.com/vi/qNX7zxatEvY/maxresdefault.jpg,AOA/Ai Wo Choudai/Girl's Heart (Japanese Version).mp3
"Oh BOY (Live 2015 FNC KINGDOM-Part2@Makuhari International Exhibition Halls, Chiba)",AOA,AOA,Live 2015 FNC KINGDOM (Part2),kpop-gen2,https://music.youtube.com/watch?v=ojO2bw2WGTY,https://i.ytimg.com/vi/ojO2bw2WGTY/maxresdefault.jpg,"AOA/Live 2015 FNC KINGDOM (Part2)/Oh BOY (Live 2015 FNC KINGDOM-Part2@Makuhari International Exhibition Halls, Chiba).mp3"
Cherry Pop (Japanese Version),AOA,AOA,Runway,kpop-gen2,https://music.youtube.com/watch?v=FfS9d74rWVA,https://i.ytimg.com/vi/FfS9d74rWVA/maxresdefault.jpg,AOA/Runway/Cherry Pop (Japanese Version).mp3
"Come See Me (Live 2019 FNC KINGDOM -WINTER FOREST CAMP-@Makuhari International Exhibition Halls, Chiba)",AOA,AOA,Live 2019 FNC KINGDOM -WINTER FOREST CAMP-,kpop-gen2,https://music.youtube.com/watch?v=lNoFL36jaSs,https://i.ytimg.com/vi/lNoFL36jaSs/maxresdefault.jpg,"AOA/Live 2019 FNC KINGDOM -WINTER FOREST CAMP-/Come See Me (Live 2019 FNC KINGDOM -WINTER FOREST CAMP-@Makuhari International Exhibition Halls, Chiba).mp3"
Really Really (Japanese Version),AOA,AOA,Good Luck,kpop-gen2,https://music.youtube.com/watch?v=BSKInuPXzOw,https://i.ytimg.com/vi/BSKInuPXzOw/maxresdefault.jpg,AOA/Good Luck/Really Really (Japanese Version).mp3
Joa YO! (inst) (Instrumental) (JOA YO! (INST) (Instrumental)),AOA,AOA,Short Hair,kpop-gen2,https://music.youtube.com/watch?v=X0NuAvUwhRo,https://i.ytimg.com/vi/X0NuAvUwhRo/maxresdefault.jpg,AOA/Short Hair/Joa YO! (inst) (Instrumental) (JOA YO! (INST) (Instrumental)).mp3
MOYA (INST) (Instrumental) (MOYA (inst) (Instrumental)),AOA,AOA,MOYA,kpop-gen2,https://music.youtube.com/watch?v=mYPUusrp2us,https://i.ytimg.com/vi/mYPUusrp2us/maxresdefault.jpg,AOA/MOYA/MOYA (INST) (Instrumental) (MOYA (inst) (Instrumental)).mp3
"Confused (Live 2013 FNC KINGDOM -Fantastic & Crazy-Part2@Nippon Budokan, Tokyo)",AOA,AOA,Live 2013 FNC KINGDOM -Fantastic & Crazy- (Part2),kpop-gen2,https://music.youtube.com/watch?v=6TuDzx6uSm0,https://i.ytimg.com/vi/6TuDzx6uSm0/maxresdefault.jpg,"AOA/Live 2013 FNC KINGDOM -Fantastic & Crazy- (Part2)/Confused (Live 2013 FNC KINGDOM -Fantastic & Crazy-Part2@Nippon Budokan, Tokyo).mp3"
"Miniskirt (Live 2014 FNC KINGDOM -STARLIGHT-Part1@Makuhari International Exhibition Halls, Chiba)",AOA,AOA,Live 2014 FNC KINGDOM -STARLIGHT- (Part1),kpop-gen2,https://music.youtube.com/watch?v=W_4nSQ4qhjk,https://i.ytimg.com/vi/W_4nSQ4qhjk/maxresdefault.jpg,"AOA/Live 2014 FNC KINGDOM -STARLIGHT- (Part1)/Miniskirt (Live 2014 FNC KINGDOM -STARLIGHT-Part1@Makuhari International Exhibition Halls, Chiba).mp3"
Get Out (Instrumental),AOA,AOA,Miniskirt,kpop-gen2,https://music.youtube.com/watch?v=FEY5xOwnOzc,https://i.ytimg.com/vi/FEY5xOwnOzc/maxresdefault.jpg,AOA/Miniskirt/Get Out (Instrumental).mp3
"Try again, Smile again (Live 2013 FNC KINGDOM -Fantastic & Crazy-Part1@Nippon Budokan, Tokyo)",AOA,"FTISLAND, CNBLUE, AOA, N.Flying",Live 2013 FNC KINGDOM -Fantastic & Crazy- (Part1),kpop-gen2,https://music.youtube.com/watch?v=G6oNHdsiwzg,https://i.ytimg.com/vi/G6oNHdsiwzg/maxresdefault.jpg,"AOA/Live 2013 FNC KINGDOM -Fantastic & Crazy- (Part1)/Try again, Smile again (Live 2013 FNC KINGDOM -Fantastic & Crazy-Part1@Nippon Budokan, Tokyo).mp3"
Without You (inst) (Instrumental) (Without You (inst) (Instrumental)),AOA,AOA,MOYA,kpop-gen2,https://music.youtube.com/watch?v=ihBhuJt3NC4,https://i.ytimg.com/vi/ihBhuJt3NC4/maxresdefault.jpg,AOA/MOYA/Without You (inst) (Instrumental) (Without You (inst) (Instrumental)).mp3
"WOW WAR TONIGHT (Live 2016 FNC KINGDOM -CREEPY NIGHTS-Part2@Makuhari International Exhibition Halls, Chiba)",AOA,AOA,Live 2016 FNC KINGDOM -CREEPY NIGHTS- (Part2),kpop-gen2,https://music.youtube.com/watch?v=4nrV-5Kvn2c,https://i.ytimg.com/vi/4nrV-5Kvn2c/maxresdefault.jpg,"AOA/Live 2016 FNC KINGDOM -CREEPY NIGHTS- (Part2)/WOW WAR TONIGHT (Live 2016 FNC KINGDOM -CREEPY NIGHTS-Part2@Makuhari International Exhibition Halls, Chiba).mp3"
Girl's Heart (Instrumental),AOA,AOA,Ai Wo Choudai,kpop-gen2,https://music.youtube.com/watch?v=fiXMhCkIMcA,https://i.ytimg.com/vi/fiXMhCkIMcA/maxresdefault.jpg,AOA/Ai Wo Choudai/Girl's Heart (Instrumental).mp3
"Bing Bing (Live 2017 FNC KINGDOM -MIDNIGHT CIRCUS-@Makuhari International Exhibition Halls, Chiba)",AOA,AOA,Live 2017 FNC KINGDOM -MIDNIGHT CIRCUS-,kpop-gen2,https://music.youtube.com/watch?v=YklKlbNnSGs,https://i.ytimg.com/vi/YklKlbNnSGs/maxresdefault.jpg,"AOA/Live 2017 FNC KINGDOM -MIDNIGHT CIRCUS-/Bing Bing (Live 2017 FNC KINGDOM -MIDNIGHT CIRCUS-@Makuhari International Exhibition Halls, Chiba).mp3"
"Give Me the Love (Live 2017 FNC KINGDOM -MIDNIGHT CIRCUS-@Makuhari International Exhibition Halls, Chiba)",AOA,AOA,Live 2017 FNC KINGDOM -MIDNIGHT CIRCUS-,kpop-gen2,https://music.youtube.com/watch?v=k3AztMikSE0,https://i.ytimg.com/vi/k3AztMikSE0/maxresdefault.jpg,"AOA/Live 2017 FNC KINGDOM -MIDNIGHT CIRCUS-/Give Me the Love (Live 2017 FNC KINGDOM -MIDNIGHT CIRCUS-@Makuhari International Exhibition Halls, Chiba).mp3"
Still Falls The Rain (Instrumental),AOA,AOA,Ai Wo Choudai,kpop-gen2,https://music.youtube.com/watch?v=kxFvvAhM2I8,https://i.ytimg.com/vi/kxFvvAhM2I8/maxresdefault.jpg,AOA/Ai Wo Choudai/Still Falls The Rain (Instrumental).mp3
"Good Luck (Live 2016 FNC KINGDOM -CREEPY NIGHTS-Part2@Makuhari International Exhibition Halls, Chiba)",AOA,AOA,Live 2016 FNC KINGDOM -CREEPY NIGHTS- (Part2),kpop-gen2,https://music.youtube.com/watch?v=JOQEOYNQdfA,https://i.ytimg.com/vi/JOQEOYNQdfA/maxresdefault.jpg,"AOA/Live 2016 FNC KINGDOM -CREEPY NIGHTS- (Part2)/Good Luck (Live 2016 FNC KINGDOM -CREEPY NIGHTS-Part2@Makuhari International Exhibition Halls, Chiba).mp3"
"Short Hair (Live 2014 FNC KINGDOM -STARLIGHT-Part2@Makuhari International Exhibition Halls, Chiba)",AOA,AOA,Live 2014 FNC KINGDOM -STARLIGHT- (Part2),kpop-gen2,https://music.youtube.com/watch?v=NxF8Mk3EC0U,https://i.ytimg.com/vi/NxF8Mk3EC0U/maxresdefault.jpg,"AOA/Live 2014 FNC KINGDOM -STARLIGHT- (Part2)/Short Hair (Live 2014 FNC KINGDOM -STARLIGHT-Part2@Makuhari International Exhibition Halls, Chiba).mp3"
10 Seconds (Instrumental),AOA,AOA,Good Luck,kpop-gen2,https://music.youtube.com/watch?v=yy5c6A3RnVY,https://i.ytimg.com/vi/yy5c6A3RnVY/maxresdefault.jpg,AOA/Good Luck/10 Seconds (Instrumental).mp3
Really Really (Instrumental),AOA,AOA,Good Luck,kpop-gen2,https://music.youtube.com/watch?v=IcqoZorZ_iA,https://i.ytimg.com/vi/IcqoZorZ_iA/maxresdefault.jpg,AOA/Good Luck/Really Really (Instrumental).mp3
"GET OUT (Live 2013 FNC KINGDOM -Fantastic & Crazy-Part2@Nippon Budokan, Tokyo)",AOA,AOA,Live 2013 FNC KINGDOM -Fantastic & Crazy- (Part2),kpop-gen2,https://music.youtube.com/watch?v=4MnAQRfh3F8,https://i.ytimg.com/vi/4MnAQRfh3F8/maxresdefault.jpg,"AOA/Live 2013 FNC KINGDOM -Fantastic & Crazy- (Part2)/GET OUT (Live 2013 FNC KINGDOM -Fantastic & Crazy-Part2@Nippon Budokan, Tokyo).mp3"
"Like a Cat (Live 2014 FNC KINGDOM -STARLIGHT-Part1@Makuhari International Exhibition Halls, Chiba)",AOA,AOA,Live 2014 FNC KINGDOM -STARLIGHT- (Part1),kpop-gen2,https://music.youtube.com/watch?v=YLBSx1bX_yI,https://i.ytimg.com/vi/YLBSx1bX_yI/maxresdefault.jpg,"AOA/Live 2014 FNC KINGDOM -STARLIGHT- (Part1)/Like a Cat (Live 2014 FNC KINGDOM -STARLIGHT-Part1@Makuhari International Exhibition Halls, Chiba).mp3"
"Give Me the Love (Live 2019 FNC KINGDOM -WINTER FOREST CAMP-@Makuhari International Exhibition Halls, Chiba)",AOA,AOA,Live 2019 FNC KINGDOM -WINTER FOREST CAMP-,kpop-gen2,https://music.youtube.com/watch?v=FgE1JsOtojY,https://i.ytimg.com/vi/FgE1JsOtojY/maxresdefault.jpg,"AOA/Live 2019 FNC KINGDOM -WINTER FOREST CAMP-/Give Me the Love (Live 2019 FNC KINGDOM -WINTER FOREST CAMP-@Makuhari International Exhibition Halls, Chiba).mp3"
"Give Me the Love (Live 2016 FNC KINGDOM -CREEPY NIGHTS-Part1@Makuhari International Exhibition Halls, Chiba)",AOA,AOA,Live 2016 FNC KINGDOM -CREEPY NIGHTS- (Part1),kpop-gen2,https://music.youtube.com/watch?v=mr-E7kc6pAk,https://i.ytimg.com/vi/mr-E7kc6pAk/maxresdefault.jpg,"AOA/Live 2016 FNC KINGDOM -CREEPY NIGHTS- (Part1)/Give Me the Love (Live 2016 FNC KINGDOM -CREEPY NIGHTS-Part1@Makuhari International Exhibition Halls, Chiba).mp3"
"Like a Cat (Live 2017 FNC KINGDOM -MIDNIGHT CIRCUS-@Makuhari International Exhibition Halls, Chiba)",AOA,AOA,Live 2017 FNC KINGDOM -MIDNIGHT CIRCUS-,kpop-gen2,https://music.youtube.com/watch?v=MJynFZtrjI0,https://i.ytimg.com/vi/MJynFZtrjI0/maxresdefault.jpg,"AOA/Live 2017 FNC KINGDOM -MIDNIGHT CIRCUS-/Like a Cat (Live 2017 FNC KINGDOM -MIDNIGHT CIRCUS-@Makuhari International Exhibition Halls, Chiba).mp3"
"Oh BOY (Live 2016 FNC KINGDOM -CREEPY NIGHTS-Part1@Makuhari International Exhibition Halls, Chiba)",AOA,AOA,Live 2016 FNC KINGDOM -CREEPY NIGHTS- (Part1),kpop-gen2,https://music.youtube.com/watch?v=OZ2GAI5WzCA,https://i.ytimg.com/vi/OZ2GAI5WzCA/maxresdefault.jpg,"AOA/Live 2016 FNC KINGDOM -CREEPY NIGHTS- (Part1)/Oh BOY (Live 2016 FNC KINGDOM -CREEPY NIGHTS-Part1@Makuhari International Exhibition Halls, Chiba).mp3"
"Like a Cat (Live 2019 FNC KINGDOM -WINTER FOREST CAMP-@Makuhari International Exhibition Halls, Chiba)",AOA,AOA,Live 2019 FNC KINGDOM -WINTER FOREST CAMP-,kpop-gen2,https://music.youtube.com/watch?v=D7aQW9Hb4Nc,https://i.ytimg.com/vi/D7aQW9Hb4Nc/maxresdefault.jpg,"AOA/Live 2019 FNC KINGDOM -WINTER FOREST CAMP-/Like a Cat (Live 2019 FNC KINGDOM -WINTER FOREST CAMP-@Makuhari International Exhibition Halls, Chiba).mp3"
SUPER JUNIOR 슈퍼주니어 'Mr. Simple' MV,SUPER JUNIOR,SMTOWN,Single,kpop-gen2,https://music.youtube.com/watch?v=r6TwzSGYycM,https://i.ytimg.com/vi/r6TwzSGYycM/maxresdefault.jpg,SUPER JUNIOR/Single/SUPER JUNIOR 슈퍼주니어 'Mr. Simple' MV.mp3
"SUPER JUNIOR 슈퍼주니어 '쏘리 쏘리 (SORRY, SORRY)' MV",SUPER JUNIOR,SMTOWN,Single,kpop-gen2,https://music.youtube.com/watch?v=x6QA3m58DQw,https://i.ytimg.com/vi/x6QA3m58DQw/maxresdefault.jpg,"SUPER JUNIOR/Single/SUPER JUNIOR 슈퍼주니어 '쏘리 쏘리 (SORRY, SORRY)' MV.mp3"
SUPER JUNIOR 슈퍼주니어 '너 같은 사람 또 없어 (No Other)' MV,SUPER JUNIOR,SMTOWN,Single,kpop-gen2,https://music.youtube.com/watch?v=SnMoDDbEccE,https://i.ytimg.com/vi/SnMoDDbEccE/maxresdefault.jpg,SUPER JUNIOR/Single/SUPER JUNIOR 슈퍼주니어 '너 같은 사람 또 없어 (No Other)' MV.mp3
SUPER JUNIOR 슈퍼주니어 'Devil' Performance Video,SUPER JUNIOR,SMTOWN,Single,kpop-gen2,https://music.youtube.com/watch?v=LzujUrSZihc,https://i.ytimg.com/vi/LzujUrSZihc/maxresdefault.jpg,SUPER JUNIOR/Single/SUPER JUNIOR 슈퍼주니어 'Devil' Performance Video.mp3
SUPER JUNIOR 슈퍼주니어 'Express Mode' MV,SUPER JUNIOR,SMTOWN,Single,kpop-gen2,https://music.youtube.com/watch?v=pykdDgWX7-M,https://i.ytimg.com/vi/pykdDgWX7-M/maxresdefault.jpg,SUPER JUNIOR/Single/SUPER JUNIOR 슈퍼주니어 'Express Mode' MV.mp3
SUPER JUNIOR (슈퍼주니어) X REIK 'One More Time (Otra Vez)' MV,SUPER JUNIOR,SMTOWN,Single,kpop-gen2,https://music.youtube.com/watch?v=7GqYSbc1tsM,https://i.ytimg.com/vi/7GqYSbc1tsM/maxresdefault.jpg,SUPER JUNIOR/Single/SUPER JUNIOR (슈퍼주니어) X REIK 'One More Time (Otra Vez)' MV.mp3
DONGHAE ‘해 떴네’ MV,SUPER JUNIOR,SUPER JUNIOR-D&E,Single,kpop-gen2,https://music.youtube.com/watch?v=P-v1Eyuo2Vo,https://i.ytimg.com/vi/P-v1Eyuo2Vo/maxresdefault.jpg,SUPER JUNIOR/Single/DONGHAE ‘해 떴네’ MV.mp3
SUPER JUNIOR 슈퍼주니어 'MAMACITA (아야야)' MV,SUPER JUNIOR,SMTOWN,Single,kpop-gen2,https://music.youtube.com/watch?v=q_krT35dgDM,https://i.ytimg.com/vi/q_krT35dgDM/maxresdefault.jpg,SUPER JUNIOR/Single/SUPER JUNIOR 슈퍼주니어 'MAMACITA (아야야)' MV.mp3
SUPER JUNIOR 슈퍼주니어 'Black Suit' MV,SUPER JUNIOR,SMTOWN,Single,kpop-gen2,https://music.youtube.com/watch?v=MvqB6JsRbsc,https://i.ytimg.com/vi/MvqB6JsRbsc/maxresdefault.jpg,SUPER JUNIOR/Single/SUPER JUNIOR 슈퍼주니어 'Black Suit' MV.mp3
SUPER JUNIOR 슈퍼주니어 'House Party' MV,SUPER JUNIOR,SMTOWN,Single,kpop-gen2,https://music.youtube.com/watch?v=BtJMOVKjhUo,https://i.ytimg.com/vi/BtJMOVKjhUo/maxresdefault.jpg,SUPER JUNIOR/Single/SUPER JUNIOR 슈퍼주니어 'House Party' MV.mp3
SUPER JUNIOR 슈퍼주니어 'SUPER Clap' MV,SUPER JUNIOR,SMTOWN,Single,kpop-gen2,https://music.youtube.com/watch?v=9yimV9i-dY0,https://i.ytimg.com/vi/9yimV9i-dY0/maxresdefault.jpg,SUPER JUNIOR/Single/SUPER JUNIOR 슈퍼주니어 'SUPER Clap' MV.mp3
"SUPER JUNIOR 슈퍼주니어 'Sexy, Free & Single' MV",SUPER JUNIOR,SMTOWN,Single,kpop-gen2,https://music.youtube.com/watch?v=gWIkiI_UmeE,https://i.ytimg.com/vi/gWIkiI_UmeE/maxresdefault.jpg,"SUPER JUNIOR/Single/SUPER JUNIOR 슈퍼주니어 'Sexy, Free & Single' MV.mp3"
SUPER JUNIOR 슈퍼주니어 'Mango' MV,SUPER JUNIOR,SMTOWN,Single,kpop-gen2,https://music.youtube.com/watch?v=I02ULETFESI,https://i.ytimg.com/vi/I02ULETFESI/maxresdefault.jpg,SUPER JUNIOR/Single/SUPER JUNIOR 슈퍼주니어 'Mango' MV.mp3
SUPER JUNIOR 슈퍼주니어 'Show Time' MV,SUPER JUNIOR,SMTOWN,Single,kpop-gen2,https://music.youtube.com/watch?v=zm9kaaXSBu4,https://i.ytimg.com/vi/zm9kaaXSBu4/maxresdefault.jpg,SUPER JUNIOR/Single/SUPER JUNIOR 슈퍼주니어 'Show Time' MV.mp3
SUPER JUNIOR 슈퍼주니어 '2YA2YAO!' MV,SUPER JUNIOR,SMTOWN,Single,kpop-gen2,https://music.youtube.com/watch?v=Uqi34thogl4,https://i.ytimg.com/vi/Uqi34thogl4/maxresdefault.jpg,SUPER JUNIOR/Single/SUPER JUNIOR 슈퍼주니어 '2YA2YAO!' MV.mp3
SUPER JUNIOR 슈퍼주니어 '비처럼 가지마요 (One More Chance)' MV,SUPER JUNIOR,SMTOWN,Single,kpop-gen2,https://music.youtube.com/watch?v=-UROg0lsqW0,https://i.ytimg.com/vi/-UROg0lsqW0/maxresdefault.jpg,SUPER JUNIOR/Single/SUPER JUNIOR 슈퍼주니어 '비처럼 가지마요 (One More Chance)' MV.mp3
SUPER JUNIOR 슈퍼주니어 'THIS IS LOVE' MV,SUPER JUNIOR,SMTOWN,Single,kpop-gen2,https://music.youtube.com/watch?v=utmykx9RUEw,https://i.ytimg.com/vi/utmykx9RUEw/maxresdefault.jpg,SUPER JUNIOR/Single/SUPER JUNIOR 슈퍼주니어 'THIS IS LOVE' MV.mp3
SUPER JUNIOR 슈퍼주니어 'SPY' MV,SUPER JUNIOR,SMTOWN,Single,kpop-gen2,https://music.youtube.com/watch?v=4GpJHF0WyAE,https://i.ytimg.com/vi/4GpJHF0WyAE/maxresdefault.jpg,SUPER JUNIOR/Single/SUPER JUNIOR 슈퍼주니어 'SPY' MV.mp3
SUPER JUNIOR 슈퍼주니어 'Magic' MV,SUPER JUNIOR,SMTOWN,Single,kpop-gen2,https://music.youtube.com/watch?v=xMZ5nK5G71o,https://i.ytimg.com/vi/xMZ5nK5G71o/maxresdefault.jpg,SUPER JUNIOR/Single/SUPER JUNIOR 슈퍼주니어 'Magic' MV.mp3
SUPER JUNIOR 슈퍼주니어 '너라고 (It's You)' MV,SUPER JUNIOR,SMTOWN,Single,kpop-gen2,https://music.youtube.com/watch?v=7ErgffP0wVw,https://i.ytimg.com/vi/7ErgffP0wVw/maxresdefault.jpg,SUPER JUNIOR/Single/SUPER JUNIOR 슈퍼주니어 '너라고 (It's You)' MV.mp3
SUPER JUNIOR 슈퍼주니어 'A-CHA' MV,SUPER JUNIOR,SMTOWN,Single,kpop-gen2,https://music.youtube.com/watch?v=GvTaLTTanJc,https://i.ytimg.com/vi/GvTaLTTanJc/maxresdefault.jpg,SUPER JUNIOR/Single/SUPER JUNIOR 슈퍼주니어 'A-CHA' MV.mp3
SUPER JUNIOR 슈퍼주니어 'I Think I' MV,SUPER JUNIOR,SMTOWN,Single,kpop-gen2,https://music.youtube.com/watch?v=CbFh06IpSwA,https://i.ytimg.com/vi/CbFh06IpSwA/maxresdefault.jpg,SUPER JUNIOR/Single/SUPER JUNIOR 슈퍼주니어 'I Think I' MV.mp3
SUPER JUNIOR-D&E 슈퍼주니어-D&E '머리부터 발끝까지 ('Bout you)' MV,SUPER JUNIOR,SMTOWN,Single,kpop-gen2,https://music.youtube.com/watch?v=6GBbTqsFog8,https://i.ytimg.com/vi/6GBbTqsFog8/maxresdefault.jpg,SUPER JUNIOR/Single/SUPER JUNIOR-D&E 슈퍼주니어-D&E '머리부터 발끝까지 ('Bout you)' MV.mp3
SUPER JUNIOR-D&E 슈퍼주니어-D&E '너는 나만큼 (Growing Pains)' MV,SUPER JUNIOR,SMTOWN,Single,kpop-gen2,https://music.youtube.com/watch?v=Zs2NibgZgR4,https://i.ytimg.com/vi/Zs2NibgZgR4/maxresdefault.jpg,SUPER JUNIOR/Single/SUPER JUNIOR-D&E 슈퍼주니어-D&E '너는 나만큼 (Growing Pains)' MV.mp3
SUPER JUNIOR 슈퍼주니어 '우리의 꽃말 (Stuck With You)' @ SUPER JUNIOR 20th Anniversary TOUR 'SUPER SHOW 10',SUPER JUNIOR,SUPER JUNIOR,Single,kpop-gen2,https://music.youtube.com/watch?v=njs44zoz29E,https://i.ytimg.com/vi/njs44zoz29E/maxresdefault.jpg,SUPER JUNIOR/Single/SUPER JUNIOR 슈퍼주니어 '우리의 꽃말 (Stuck With You)' @ SUPER JUNIOR 20th Anniversary TOUR 'SUPER SHOW 10'.mp3
SUPER JUNIOR 슈퍼주니어 '우리에게 (The Melody)' MV,SUPER JUNIOR,SMTOWN,Single,kpop-gen2,https://music.youtube.com/watch?v=RZrqrinmdks,https://i.ytimg.com/vi/RZrqrinmdks/maxresdefault.jpg,SUPER JUNIOR/Single/SUPER JUNIOR 슈퍼주니어 '우리에게 (The Melody)' MV.mp3
SUPER JUNIOR The 10th Album #2 ‘Burn The Floor’ Performance Video,SUPER JUNIOR,SUPER JUNIOR,Single,kpop-gen2,https://music.youtube.com/watch?v=kEo14-UOM80,https://i.ytimg.com/vi/kEo14-UOM80/maxresdefault.jpg,SUPER JUNIOR/Single/SUPER JUNIOR The 10th Album #2 ‘Burn The Floor’ Performance Video.mp3
SUPER JUNIOR-K.R.Y. '푸르게 빛나던 우리의 계절 (When We Were Us)' MV,SUPER JUNIOR,SMTOWN,Single,kpop-gen2,https://music.youtube.com/watch?v=n0LZmB2UjxA,https://i.ytimg.com/vi/n0LZmB2UjxA/maxresdefault.jpg,SUPER JUNIOR/Single/SUPER JUNIOR-K.R.Y. '푸르게 빛나던 우리의 계절 (When We Were Us)' MV.mp3
SUPER JUNIOR 슈퍼주니어 'The Crown' Lyric Video,SUPER JUNIOR,SMTOWN,Single,kpop-gen2,https://music.youtube.com/watch?v=iVzFO-1euU8,https://i.ytimg.com/vi/iVzFO-1euU8/maxresdefault.jpg,SUPER JUNIOR/Single/SUPER JUNIOR 슈퍼주니어 'The Crown' Lyric Video.mp3
Opera / SUPER JUNIOR,SUPER JUNIOR,avex,Single,kpop-gen2,https://music.youtube.com/watch?v=r0UnFPcdr2c,https://i.ytimg.com/vi/r0UnFPcdr2c/maxresdefault.jpg,SUPER JUNIOR/Single/Opera _ SUPER JUNIOR.mp3
SUPER JUNIOR 슈퍼주니어 'Callin'' MV (Winter for Spring ver.),SUPER JUNIOR,SMTOWN,Single,kpop-gen2,https://music.youtube.com/watch?v=i74J9TKRYSw,https://i.ytimg.com/vi/i74J9TKRYSw/maxresdefault.jpg,SUPER JUNIOR/Single/SUPER JUNIOR 슈퍼주니어 'Callin'' MV (Winter for Spring ver.).mp3
Say Less,SUPER JUNIOR,SUPER JUNIOR,Super Junior25 - The 12th Album,kpop-gen2,https://music.youtube.com/watch?v=CKQGy1Zyeas,https://i.ytimg.com/vi/CKQGy1Zyeas/maxresdefault.jpg,SUPER JUNIOR/Super Junior25 - The 12th Album/Say Less.mp3
DONGHAE 동해 'California Love (Feat. 제노 of NCT)' MV,SUPER JUNIOR,SMTOWN,Single,kpop-gen2,https://music.youtube.com/watch?v=HMQc3PdLOQ8,https://i.ytimg.com/vi/HMQc3PdLOQ8/maxresdefault.jpg,SUPER JUNIOR/Single/DONGHAE 동해 'California Love (Feat. 제노 of NCT)' MV.mp3
SUPER JUNIOR-D&E 슈퍼주니어-D&E '땡겨 (Danger)' MV,SUPER JUNIOR,SMTOWN,Single,kpop-gen2,https://music.youtube.com/watch?v=5672cZAxRMw,https://i.ytimg.com/vi/5672cZAxRMw/maxresdefault.jpg,SUPER JUNIOR/Single/SUPER JUNIOR-D&E 슈퍼주니어-D&E '땡겨 (Danger)' MV.mp3
Delight,SUPER JUNIOR,SUPER JUNIOR,Super Junior25 - The 12th Album,kpop-gen2,https://music.youtube.com/watch?v=6PUbKNE4w20,https://i.ytimg.com/vi/6PUbKNE4w20/maxresdefault.jpg,SUPER JUNIOR/Super Junior25 - The 12th Album/Delight.mp3
Finale,SUPER JUNIOR,SUPER JUNIOR,Super Junior25 - The 12th Album,kpop-gen2,https://music.youtube.com/watch?v=RRCmO6zN4QU,https://i.ytimg.com/vi/RRCmO6zN4QU/maxresdefault.jpg,SUPER JUNIOR/Super Junior25 - The 12th Album/Finale.mp3
YESUNG 예성 '문 열어봐 (Here I am)' MV,SUPER JUNIOR,SMTOWN,Single,kpop-gen2,https://music.youtube.com/watch?v=SNVxS7DPADI,https://i.ytimg.com/vi/SNVxS7DPADI/maxresdefault.jpg,SUPER JUNIOR/Single/YESUNG 예성 '문 열어봐 (Here I am)' MV.mp3
D.N.A.,SUPER JUNIOR,SUPER JUNIOR,Super Junior25 - The 12th Album,kpop-gen2,https://music.youtube.com/watch?v=Y1pECOqrm1I,https://i.ytimg.com/vi/Y1pECOqrm1I/maxresdefault.jpg,SUPER JUNIOR/Super Junior25 - The 12th Album/D.N.A..mp3
SUPER JUNIOR 슈퍼주니어 'U' MV,SUPER JUNIOR,SMTOWN,Single,kpop-gen2,https://music.youtube.com/watch?v=yrLHPdZf-t8,https://i.ytimg.com/vi/yrLHPdZf-t8/maxresdefault.jpg,SUPER JUNIOR/Single/SUPER JUNIOR 슈퍼주니어 'U' MV.mp3
SUPER JUNIOR 슈퍼주니어 'Somebody New' Special Video,SUPER JUNIOR,SMTOWN,Single,kpop-gen2,https://music.youtube.com/watch?v=eM5XiXrBu74,https://i.ytimg.com/vi/eM5XiXrBu74/maxresdefault.jpg,SUPER JUNIOR/Single/SUPER JUNIOR 슈퍼주니어 'Somebody New' Special Video.mp3
SUPER JUNIOR-L.S.S. 슈퍼주니어-L.S.S. 'Suit Up' MV,SUPER JUNIOR,SMTOWN,Single,kpop-gen2,https://music.youtube.com/watch?v=4wUkrDxrcgc,https://i.ytimg.com/vi/4wUkrDxrcgc/maxresdefault.jpg,SUPER JUNIOR/Single/SUPER JUNIOR-L.S.S. 슈퍼주니어-L.S.S. 'Suit Up' MV.mp3
SUPER JUNIOR 슈퍼주니어 'Celebrate' MV,SUPER JUNIOR,SMTOWN,Single,kpop-gen2,https://music.youtube.com/watch?v=4bRuhofxsQ4,https://i.ytimg.com/vi/4bRuhofxsQ4/maxresdefault.jpg,SUPER JUNIOR/Single/SUPER JUNIOR 슈퍼주니어 'Celebrate' MV.mp3
SUPER JUNIOR-D&E 슈퍼주니어-D&E '아직도 난 (Still You)' MV,SUPER JUNIOR,SMTOWN,Single,kpop-gen2,https://music.youtube.com/watch?v=IQAu_QX6hVE,https://i.ytimg.com/vi/IQAu_QX6hVE/maxresdefault.jpg,SUPER JUNIOR/Single/SUPER JUNIOR-D&E 슈퍼주니어-D&E '아직도 난 (Still You)' MV.mp3
[MV] SUPER JUNIOR-K.R.Y.(슈퍼주니어-K.R.Y.) _ Shadow of You(그림자 사랑),SUPER JUNIOR,1theK (원더케이),Single,kpop-gen2,https://music.youtube.com/watch?v=v0AOm0SadbU,https://i.ytimg.com/vi/v0AOm0SadbU/maxresdefault.jpg,SUPER JUNIOR/Single/[MV] SUPER JUNIOR-K.R.Y.(슈퍼주니어-K.R.Y.) _ Shadow of You(그림자 사랑).mp3
RYEOWOOK 려욱 '어린왕자 (The Little Prince)' MV,SUPER JUNIOR,SMTOWN,Single,kpop-gen2,https://music.youtube.com/watch?v=Js_Tf4nPilc,https://i.ytimg.com/vi/Js_Tf4nPilc/maxresdefault.jpg,SUPER JUNIOR/Single/RYEOWOOK 려욱 '어린왕자 (The Little Prince)' MV.mp3
EUNHYUK 은혁 'be' MV,SUPER JUNIOR,SMTOWN,Single,kpop-gen2,https://music.youtube.com/watch?v=OklxvRChfS4,https://i.ytimg.com/vi/OklxvRChfS4/maxresdefault.jpg,SUPER JUNIOR/Single/EUNHYUK 은혁 'be' MV.mp3
Air,SUPER JUNIOR,SUPER JUNIOR,Super Junior25 - The 12th Album,kpop-gen2,https://music.youtube.com/watch?v=bgM-Q2zgTgM,https://i.ytimg.com/vi/bgM-Q2zgTgM/maxresdefault.jpg,SUPER JUNIOR/Super Junior25 - The 12th Album/Air.mp3
YESUNG 예성 'Pink Magic' MV,SUPER JUNIOR,SMTOWN,Single,kpop-gen2,https://music.youtube.com/watch?v=Tel9LEfAzwI,https://i.ytimg.com/vi/Tel9LEfAzwI/maxresdefault.jpg,SUPER JUNIOR/Single/YESUNG 예성 'Pink Magic' MV.mp3
SUPER JUNIOR-D&E 슈퍼주니어-D&E 'ZERO' MV,SUPER JUNIOR,SMTOWN,Single,kpop-gen2,https://music.youtube.com/watch?v=uUWjTEYWBvA,https://i.ytimg.com/vi/uUWjTEYWBvA/maxresdefault.jpg,SUPER JUNIOR/Single/SUPER JUNIOR-D&E 슈퍼주니어-D&E 'ZERO' MV.mp3
YESUNG 예성 '봄날의 소나기 (Paper Umbrella)' MV,SUPER JUNIOR,SMTOWN,Single,kpop-gen2,https://music.youtube.com/watch?v=sH0jdWpPv7o,https://i.ytimg.com/vi/sH0jdWpPv7o/maxresdefault.jpg,SUPER JUNIOR/Single/YESUNG 예성 '봄날의 소나기 (Paper Umbrella)' MV.mp3
Restart (Restart),SUPER JUNIOR,"KYUHYUN, Saimon, Brian Cho, Brian Cho, WDLM, Saimon, WDLM, 꿀단지",Restart,kpop-gen2,https://music.youtube.com/watch?v=ZfjrmSsxq7E,https://i.ytimg.com/vi/ZfjrmSsxq7E/maxresdefault.jpg,SUPER JUNIOR/Restart/Restart (Restart).mp3
SUPER JUNIOR 슈퍼주니어 'I Know' | Express Mode SHOW : The 20 Awards,SUPER JUNIOR,SUPER JUNIOR,Single,kpop-gen2,https://music.youtube.com/watch?v=DtbQt8tKjnA,https://i.ytimg.com/vi/DtbQt8tKjnA/maxresdefault.jpg,SUPER JUNIOR/Single/SUPER JUNIOR 슈퍼주니어 'I Know' _ Express Mode SHOW _ The 20 Awards.mp3
YESUNG 예성 'It's Complicated' MV,SUPER JUNIOR,SMTOWN,Single,kpop-gen2,https://music.youtube.com/watch?v=VvRoUfd2F_o,https://i.ytimg.com/vi/VvRoUfd2F_o/maxresdefault.jpg,SUPER JUNIOR/Single/YESUNG 예성 'It's Complicated' MV.mp3
SUPER JUNIOR-D&E 슈퍼주니어-D&E 'B.A.D' MV,SUPER JUNIOR,SMTOWN,Single,kpop-gen2,https://music.youtube.com/watch?v=f5uu30E_tL0,https://i.ytimg.com/vi/f5uu30E_tL0/maxresdefault.jpg,SUPER JUNIOR/Single/SUPER JUNIOR-D&E 슈퍼주니어-D&E 'B.A.D' MV.mp3
SUPER JUNIOR-D&E 슈퍼주니어-D&E 'No Love' MV,SUPER JUNIOR,SMTOWN,Single,kpop-gen2,https://music.youtube.com/watch?v=IDMQQ88kjug,https://i.ytimg.com/vi/IDMQQ88kjug/maxresdefault.jpg,SUPER JUNIOR/Single/SUPER JUNIOR-D&E 슈퍼주니어-D&E 'No Love' MV.mp3
"SUPER JUNIOR-D&E 슈퍼주니어-D&E '떴다 오빠 (Oppa, Oppa)' MV",SUPER JUNIOR,SMTOWN,Single,kpop-gen2,https://music.youtube.com/watch?v=LloLMZlnLXQ,https://i.ytimg.com/vi/LloLMZlnLXQ/maxresdefault.jpg,"SUPER JUNIOR/Single/SUPER JUNIOR-D&E 슈퍼주니어-D&E '떴다 오빠 (Oppa, Oppa)' MV.mp3"
SUPER JUNIOR 슈퍼주니어 'Animals' Visual Pack,SUPER JUNIOR,SMTOWN,Single,kpop-gen2,https://music.youtube.com/watch?v=b7VReS2tMsI,https://i.ytimg.com/vi/b7VReS2tMsI/maxresdefault.jpg,SUPER JUNIOR/Single/SUPER JUNIOR 슈퍼주니어 'Animals' Visual Pack.mp3
SUPER JUNIOR-D&E ‘Go High’ MV,SUPER JUNIOR,SUPER JUNIOR-D&E,Single,kpop-gen2,https://music.youtube.com/watch?v=ijZ2n8ujFi8,https://i.ytimg.com/vi/ijZ2n8ujFi8/maxresdefault.jpg,SUPER JUNIOR/Single/SUPER JUNIOR-D&E ‘Go High’ MV.mp3
SUPER JUNIOR-T 슈퍼주니어-T '로꾸거!!!' MV,SUPER JUNIOR,SMTOWN,Single,kpop-gen2,https://music.youtube.com/watch?v=K2CNJiAq_cY,https://i.ytimg.com/vi/K2CNJiAq_cY/maxresdefault.jpg,SUPER JUNIOR/Single/SUPER JUNIOR-T 슈퍼주니어-T '로꾸거!!!' MV.mp3
SUPER JUNIOR-D&E 'ROSE' MV,SUPER JUNIOR,SUPER JUNIOR-D&E,Single,kpop-gen2,https://music.youtube.com/watch?v=wPcCLa3vT9I,https://i.ytimg.com/vi/wPcCLa3vT9I/maxresdefault.jpg,SUPER JUNIOR/Single/SUPER JUNIOR-D&E 'ROSE' MV.mp3
SUPER JUNIOR 슈퍼주니어 '돈 돈! (Don't Don)' MV,SUPER JUNIOR,SMTOWN,Single,kpop-gen2,https://music.youtube.com/watch?v=veEh0RYy9t4,https://i.ytimg.com/vi/veEh0RYy9t4/maxresdefault.jpg,SUPER JUNIOR/Single/SUPER JUNIOR 슈퍼주니어 '돈 돈! (Don't Don)' MV.mp3
성민 (SUNGMIN) - 갓생 (Godsaeng) MV,SUPER JUNIOR,Stone Music Entertainment,Single,kpop-gen2,https://music.youtube.com/watch?v=2i89jTziQnM,https://i.ytimg.com/vi/2i89jTziQnM/maxresdefault.jpg,SUPER JUNIOR/Single/성민 (SUNGMIN) - 갓생 (Godsaeng) MV.mp3
[STATION] SUPER JUNIOR 슈퍼주니어 'Super Duper' MV,SUPER JUNIOR,SMTOWN,Single,kpop-gen2,https://music.youtube.com/watch?v=543BTXonDIw,https://i.ytimg.com/vi/543BTXonDIw/maxresdefault.jpg,SUPER JUNIOR/Single/[STATION] SUPER JUNIOR 슈퍼주니어 'Super Duper' MV.mp3
YESUNG 예성 'Beautiful Night' MV,SUPER JUNIOR,SMTOWN,Single,kpop-gen2,https://music.youtube.com/watch?v=lzTAdIAneKA,https://i.ytimg.com/vi/lzTAdIAneKA/maxresdefault.jpg,SUPER JUNIOR/Single/YESUNG 예성 'Beautiful Night' MV.mp3
SUPER JUNIOR 슈퍼주니어 'Marry U' MV,SUPER JUNIOR,SMTOWN,Single,kpop-gen2,https://music.youtube.com/watch?v=ir-tZS3TaxM,https://i.ytimg.com/vi/ir-tZS3TaxM/maxresdefault.jpg,SUPER JUNIOR/Single/SUPER JUNIOR 슈퍼주니어 'Marry U' MV.mp3
SUPER JUNIOR 슈퍼주니어 'Twins (Knock Out)' MV,SUPER JUNIOR,SMTOWN,Single,kpop-gen2,https://music.youtube.com/watch?v=SrazFGFRnhM,https://i.ytimg.com/vi/SrazFGFRnhM/maxresdefault.jpg,SUPER JUNIOR/Single/SUPER JUNIOR 슈퍼주니어 'Twins (Knock Out)' MV.mp3
미인아 Bonamana,SUPER JUNIOR,SUPER JUNIOR,미인아 Bonamana - The 4th Album Repackage,kpop-gen2,https://music.youtube.com/watch?v=lS4lkj98cjY,https://i.ytimg.com/vi/lS4lkj98cjY/maxresdefault.jpg,SUPER JUNIOR/미인아 Bonamana - The 4th Album Repackage/미인아 Bonamana.mp3
도로시 (Dorothy),SUPER JUNIOR,SUPER JUNIOR,MAGIC - SUPER JUNIOR SPECIAL ALBUM PART.2,kpop-gen2,https://music.youtube.com/watch?v=Q4VLzKLIG7c,https://i.ytimg.com/vi/Q4VLzKLIG7c/maxresdefault.jpg,SUPER JUNIOR/MAGIC - SUPER JUNIOR SPECIAL ALBUM PART.2/도로시 (Dorothy).mp3
White Love 스키장에서,SUPER JUNIOR,SUPER JUNIOR,The Road : Celebration - The 11th Album Vol.2,kpop-gen2,https://music.youtube.com/watch?v=2Agvc0LmfGg,https://i.ytimg.com/vi/2Agvc0LmfGg/maxresdefault.jpg,SUPER JUNIOR/The Road _ Celebration - The 11th Album Vol.2/White Love 스키장에서.mp3
KIM HEECHUL 김희철 ‘옛날 사람 (Old Movie)’ MV,SUPER JUNIOR,SMTOWN,Single,kpop-gen2,https://music.youtube.com/watch?v=4-tH10H6gAk,https://i.ytimg.com/vi/4-tH10H6gAk/maxresdefault.jpg,SUPER JUNIOR/Single/KIM HEECHUL 김희철 ‘옛날 사람 (Old Movie)’ MV.mp3
Lo Siento (Feat. KARD),SUPER JUNIOR,"SUPER JUNIOR, KARD",REPLAY - The 8th Repackage Album,kpop-gen2,https://music.youtube.com/watch?v=sM8IekJcCQ0,https://i.ytimg.com/vi/sM8IekJcCQ0/maxresdefault.jpg,SUPER JUNIOR/REPLAY - The 8th Repackage Album/Lo Siento (Feat. KARD).mp3
SUPER JUNIOR-Happy 슈퍼주니어-해피 '요리왕 (Cooking? Cooking!)' MV,SUPER JUNIOR,SMTOWN,Single,kpop-gen2,https://music.youtube.com/watch?v=OCK5FX0Y-7A,https://i.ytimg.com/vi/OCK5FX0Y-7A/maxresdefault.jpg,SUPER JUNIOR/Single/SUPER JUNIOR-Happy 슈퍼주니어-해피 '요리왕 (Cooking? Cooking!)' MV.mp3
[STATION] 희철X신동X은혁X솔라 '짬에서 나오는 바이브 (Charm of Life)' MV,SUPER JUNIOR,SMTOWN,Single,kpop-gen2,https://music.youtube.com/watch?v=c9fSp5we6w4,https://i.ytimg.com/vi/c9fSp5we6w4/maxresdefault.jpg,SUPER JUNIOR/Single/[STATION] 희철X신동X은혁X솔라 '짬에서 나오는 바이브 (Charm of Life)' MV.mp3
Thanks To You (SUPER JUNIOR-K.R.Y.) (너여서 그래 (슈퍼주니어-K.R.Y.)),SUPER JUNIOR,"KYUHYUN, minGtion, minGtion, JUNNY, minGtion, JUNNY",Restart,kpop-gen2,https://music.youtube.com/watch?v=2gPoqYwaBzQ,https://i.ytimg.com/vi/2gPoqYwaBzQ/maxresdefault.jpg,SUPER JUNIOR/Restart/Thanks To You (SUPER JUNIOR-K.R.Y.) (너여서 그래 (슈퍼주니어-K.R.Y.)).mp3
"SUPER JUNIOR-D&E DIGITAL SINGLE 『约定 (with SIWON, ZHOUMI, RYEOWOOK, KYUHYUN)』 Recording Sketch",SUPER JUNIOR,SUPER JUNIOR-D&E,Single,kpop-gen2,https://music.youtube.com/watch?v=8N_2wiEdKpA,https://i.ytimg.com/vi/8N_2wiEdKpA/maxresdefault.jpg,"SUPER JUNIOR/Single/SUPER JUNIOR-D&E DIGITAL SINGLE 『约定 (with SIWON, ZHOUMI, RYEOWOOK, KYUHYUN)』 Recording Sketch.mp3"
YESUNG 예성 'Scented Things' MV,SUPER JUNIOR,SMTOWN,Single,kpop-gen2,https://music.youtube.com/watch?v=HaKvX3tZDHo,https://i.ytimg.com/vi/HaKvX3tZDHo/maxresdefault.jpg,SUPER JUNIOR/Single/YESUNG 예성 'Scented Things' MV.mp3
RYEOWOOK 려욱 '너에게 (I'm not over you)' MV,SUPER JUNIOR,SMTOWN,Single,kpop-gen2,https://music.youtube.com/watch?v=MJRF88ONbBA,https://i.ytimg.com/vi/MJRF88ONbBA/maxresdefault.jpg,SUPER JUNIOR/Single/RYEOWOOK 려욱 '너에게 (I'm not over you)' MV.mp3
SUPER JUNIOR-L.S.S. 슈퍼주니어-L.S.S. '조크든요 (JOKE)' MV,SUPER JUNIOR,SMTOWN,Single,kpop-gen2,https://music.youtube.com/watch?v=GL3dqYg705I,https://i.ytimg.com/vi/GL3dqYg705I/maxresdefault.jpg,SUPER JUNIOR/Single/SUPER JUNIOR-L.S.S. 슈퍼주니어-L.S.S. '조크든요 (JOKE)' MV.mp3
RYEOWOOK 려욱 '오늘만은 (Hiding Words)' MV,SUPER JUNIOR,SMTOWN,Single,kpop-gen2,https://music.youtube.com/watch?v=KIrh6jRFQh4,https://i.ytimg.com/vi/KIrh6jRFQh4/maxresdefault.jpg,SUPER JUNIOR/Single/RYEOWOOK 려욱 '오늘만은 (Hiding Words)' MV.mp3
행복 (Sung by Super Junior),SUPER JUNIOR,SMTOWN,2007 SUMMER SMTOWN,kpop-gen2,https://music.youtube.com/watch?v=L8Rsxy7Ch2M,https://i.ytimg.com/vi/L8Rsxy7Ch2M/maxresdefault.jpg,SUPER JUNIOR/2007 SUMMER SMTOWN/행복 (Sung by Super Junior).mp3
SUPER JUNIOR 슈퍼주니어 'Miracle' MV,SUPER JUNIOR,SMTOWN,Single,kpop-gen2,https://music.youtube.com/watch?v=JDgtTGcEJtE,https://i.ytimg.com/vi/JDgtTGcEJtE/maxresdefault.jpg,SUPER JUNIOR/Single/SUPER JUNIOR 슈퍼주니어 'Miracle' MV.mp3
[MV] RYEOWOOK(려욱) _ Starry Night(별이 쏟아지는 밤),SUPER JUNIOR,1theK (원더케이),Single,kpop-gen2,https://music.youtube.com/watch?v=rhgfaVjULG4,https://i.ytimg.com/vi/rhgfaVjULG4/maxresdefault.jpg,SUPER JUNIOR/Single/[MV] RYEOWOOK(려욱) _ Starry Night(별이 쏟아지는 밤).mp3
Paradox,SUPER JUNIOR,SUPER JUNIOR,The Renaissance - The 10th Album,kpop-gen2,https://music.youtube.com/watch?v=hnGslGztdzg,https://i.ytimg.com/vi/hnGslGztdzg/maxresdefault.jpg,SUPER JUNIOR/The Renaissance - The 10th Album/Paradox.mp3
[STATION] SUNGMIN 성민 '낮 꿈 (Day Dream)' MV,SUPER JUNIOR,SMTOWN,Single,kpop-gen2,https://music.youtube.com/watch?v=3dArPpIz0rs,https://i.ytimg.com/vi/3dArPpIz0rs/maxresdefault.jpg,SUPER JUNIOR/Single/[STATION] SUNGMIN 성민 '낮 꿈 (Day Dream)' MV.mp3
SUNGMIN 성민 '오르골 (Orgel)' MV,SUPER JUNIOR,SMTOWN,Single,kpop-gen2,https://music.youtube.com/watch?v=GtPe93Ie4U8,https://i.ytimg.com/vi/GtPe93Ie4U8/maxresdefault.jpg,SUPER JUNIOR/Single/SUNGMIN 성민 '오르골 (Orgel)' MV.mp3
TVXQ! & SUPER JUNIOR 동방신기 & 슈퍼주니어 'Show Me Your Love' MV,SUPER JUNIOR,SMTOWN,Single,kpop-gen2,https://music.youtube.com/watch?v=ZgXa7AIqd6A,https://i.ytimg.com/vi/ZgXa7AIqd6A/maxresdefault.jpg,SUPER JUNIOR/Single/TVXQ! & SUPER JUNIOR 동방신기 & 슈퍼주니어 'Show Me Your Love' MV.mp3
SUNGMIN 성민 '요.요.요. (YO.YO.YO.)' MV,SUPER JUNIOR,SMTOWN,Single,kpop-gen2,https://music.youtube.com/watch?v=adT2SwCkG2Y,https://i.ytimg.com/vi/adT2SwCkG2Y/maxresdefault.jpg,SUPER JUNIOR/Single/SUNGMIN 성민 '요.요.요. (YO.YO.YO.)' MV.mp3
악몽 Ticky Tocky,SUPER JUNIOR,SUPER JUNIOR,TIMELESS - The 9th Album Repackage,kpop-gen2,https://music.youtube.com/watch?v=jQEMzQfTHpk,https://i.ytimg.com/vi/jQEMzQfTHpk/maxresdefault.jpg,SUPER JUNIOR/TIMELESS - The 9th Album Repackage/악몽 Ticky Tocky.mp3
Super Junior K.R.Y. - FLY,SUPER JUNIOR,Stone Music Entertainment,Single,kpop-gen2,https://music.youtube.com/watch?v=3E1UjzvsP-U,https://i.ytimg.com/vi/3E1UjzvsP-U/sddefault.jpg?sqp=-oaymwEmCIAFEOAD8quKqQMa8AEB-AGMBYAC4AOKAgwIABABGFMgYyhlMA8=&rs=AOn4CLAE7LqiwZFImoheVg7Dk-6nPbNRfg,SUPER JUNIOR/Single/Super Junior K.R.Y. - FLY.mp3
SUNGMIN 성민 '사랑이 따끔 (Lovesick)' MV,SUPER JUNIOR,SMTOWN,Single,kpop-gen2,https://music.youtube.com/watch?v=0Wn8S14byoY,https://i.ytimg.com/vi/0Wn8S14byoY/maxresdefault.jpg,SUPER JUNIOR/Single/SUNGMIN 성민 '사랑이 따끔 (Lovesick)' MV.mp3
Floral Sense,SUPER JUNIOR,"YESUNG, WINTER",Floral Sense - The 1st Album,kpop-gen2,https://music.youtube.com/watch?v=hPWpZCD8BT8,https://i.ytimg.com/vi/hPWpZCD8BT8/maxresdefault.jpg,SUPER JUNIOR/Floral Sense - The 1st Album/Floral Sense.mp3
[MV] YESUNG(예성) _ MONOLOGUE(어떤날은),SUPER JUNIOR,1theK (원더케이),Single,kpop-gen2,https://music.youtube.com/watch?v=jaT9G0RIgn4,https://i.ytimg.com/vi/jaT9G0RIgn4/maxresdefault.jpg,SUPER JUNIOR/Single/[MV] YESUNG(예성) _ MONOLOGUE(어떤날은).mp3
Heads Up,SUPER JUNIOR,SUPER JUNIOR,Time_Slip - The 9th Album,kpop-gen2,https://music.youtube.com/watch?v=acp48Yrcb50,https://i.ytimg.com/vi/acp48Yrcb50/maxresdefault.jpg,SUPER JUNIOR/Time_Slip - The 9th Album/Heads Up.mp3
SUPER,SUPER JUNIOR,SUPER JUNIOR,The Renaissance - The 10th Album,kpop-gen2,https://music.youtube.com/watch?v=u6dfq2pQYfQ,https://i.ytimg.com/vi/u6dfq2pQYfQ/maxresdefault.jpg,SUPER JUNIOR/The Renaissance - The 10th Album/SUPER.mp3
Need U,SUPER JUNIOR,SUPER JUNIOR-D&E,Need U,kpop-gen2,https://music.youtube.com/watch?v=piEjsvQmZyM,https://i.ytimg.com/vi/piEjsvQmZyM/maxresdefault.jpg,SUPER JUNIOR/Need U/Need U.mp3
Snowman,SUPER JUNIOR,SUPER JUNIOR,The Road : Celebration - The 11th Album Vol.2,kpop-gen2,https://music.youtube.com/watch?v=9GMsC6ca00Q,https://i.ytimg.com/vi/9GMsC6ca00Q/maxresdefault.jpg,SUPER JUNIOR/The Road _ Celebration - The 11th Album Vol.2/Snowman.mp3
Good Day for a Good Day,SUPER JUNIOR,SUPER JUNIOR,PLAY - The 8th Album,kpop-gen2,https://music.youtube.com/watch?v=BxW2HkuUnu0,https://i.ytimg.com/vi/BxW2HkuUnu0/maxresdefault.jpg,SUPER JUNIOR/PLAY - The 8th Album/Good Day for a Good Day.mp3
Rock Your Body,SUPER JUNIOR,SUPER JUNIOR,TIMELESS - The 9th Album Repackage,kpop-gen2,https://music.youtube.com/watch?v=2euycr-bOBA,https://i.ytimg.com/vi/2euycr-bOBA/maxresdefault.jpg,SUPER JUNIOR/TIMELESS - The 9th Album Repackage/Rock Your Body.mp3
Hate Christmas,SUPER JUNIOR,SUPER JUNIOR,The Road : Celebration - The 11th Album Vol.2,kpop-gen2,https://music.youtube.com/watch?v=i2jlslt7RR4,https://i.ytimg.com/vi/i2jlslt7RR4/maxresdefault.jpg,SUPER JUNIOR/The Road _ Celebration - The 11th Album Vol.2/Hate Christmas.mp3
[술꾼도시여자들 OST Part 5] 최시원 (SIWON) - Nobody But you (M/V),SUPER JUNIOR,최시원 Siwon Choi,Single,kpop-gen2,https://music.youtube.com/watch?v=sQQVr8OIXfw,https://i.ytimg.com/vi/sQQVr8OIXfw/maxresdefault.jpg,SUPER JUNIOR/Single/[술꾼도시여자들 OST Part 5] 최시원 (SIWON) - Nobody But you (M_V).mp3
Hands Up,2PM,2PM,Hands Up,kpop-gen2,https://music.youtube.com/watch?v=xwW_7b7Aaa0,https://i.ytimg.com/vi/xwW_7b7Aaa0/maxresdefault.jpg,2PM/Hands Up/Hands Up.mp3
우리집 My House,2PM,2PM,No.5,kpop-gen2,https://music.youtube.com/watch?v=rJxNKKOuiAE,https://i.ytimg.com/vi/rJxNKKOuiAE/maxresdefault.jpg,2PM/No.5/우리집 My House.mp3
Again & Again,2PM,2PM,1:59PM,kpop-gen2,https://music.youtube.com/watch?v=fByZ7AbasQw,https://i.ytimg.com/vi/fByZ7AbasQw/maxresdefault.jpg,2PM/1_59PM/Again & Again.mp3
I'll Be Back,2PM,2PM,Hands Up,kpop-gen2,https://music.youtube.com/watch?v=aN29VWU1DUU,https://i.ytimg.com/vi/aN29VWU1DUU/maxresdefault.jpg,2PM/Hands Up/I'll Be Back.mp3
10 Out of 10,2PM,2PM,1:59PM,kpop-gen2,https://music.youtube.com/watch?v=yuaX4EkKNcc,https://i.ytimg.com/vi/yuaX4EkKNcc/maxresdefault.jpg,2PM/1_59PM/10 Out of 10.mp3
A.D.T.O.Y.,2PM,2PM,Grown,kpop-gen2,https://music.youtube.com/watch?v=cyJLgGRQzWs,https://i.ytimg.com/vi/cyJLgGRQzWs/maxresdefault.jpg,2PM/Grown/A.D.T.O.Y..mp3
해야 해 Make it,2PM,2PM,MUST,kpop-gen2,https://music.youtube.com/watch?v=NoRJiqXO7h4,https://i.ytimg.com/vi/NoRJiqXO7h4/maxresdefault.jpg,2PM/MUST/해야 해 Make it.mp3
미친거 아니야? GO CRAZY!,2PM,2PM,미친거 아니야? GO CRAZY!,kpop-gen2,https://music.youtube.com/watch?v=LW6d7U_zMqw,https://i.ytimg.com/vi/LW6d7U_zMqw/maxresdefault.jpg,2PM/미친거 아니야? GO CRAZY!/미친거 아니야? GO CRAZY!.mp3
Without U,2PM,2PM,Hands Up,kpop-gen2,https://music.youtube.com/watch?v=E_SZVS7c108,https://i.ytimg.com/vi/E_SZVS7c108/maxresdefault.jpg,2PM/Hands Up/Without U.mp3
I'm Your Man,2PM,2PM,REPUBLIC OF 2PM,kpop-gen2,https://music.youtube.com/watch?v=FIby_RLOj-U,https://i.ytimg.com/vi/FIby_RLOj-U/maxresdefault.jpg,2PM/REPUBLIC OF 2PM/I'm Your Man.mp3
Heartbeat,2PM,2PM,1:59PM,kpop-gen2,https://music.youtube.com/watch?v=YhMFInv1Clc,https://i.ytimg.com/vi/YhMFInv1Clc/maxresdefault.jpg,2PM/1_59PM/Heartbeat.mp3
Take Off,2PM,2PM,REPUBLIC OF 2PM,kpop-gen2,https://music.youtube.com/watch?v=2m-o2lAJd6w,https://i.ytimg.com/vi/2m-o2lAJd6w/maxresdefault.jpg,2PM/REPUBLIC OF 2PM/Take Off.mp3
WITH ME AGAIN,2PM,2PM,WITH ME AGAIN,kpop-gen2,https://music.youtube.com/watch?v=6E4LfATuDoY,https://i.ytimg.com/vi/6E4LfATuDoY/maxresdefault.jpg,2PM/WITH ME AGAIN/WITH ME AGAIN.mp3
Only You,2PM,2PM,2PM Member`s Selection,kpop-gen2,https://music.youtube.com/watch?v=JGSpHWx2UuY,https://i.ytimg.com/vi/JGSpHWx2UuY/maxresdefault.jpg,2PM/2PM Member`s Selection/Only You.mp3
Beautiful,2PM,2PM,LEGEND OF 2PM,kpop-gen2,https://music.youtube.com/watch?v=-YT0zyg9MHE,https://i.ytimg.com/vi/-YT0zyg9MHE/maxresdefault.jpg,2PM/LEGEND OF 2PM/Beautiful.mp3
GIVE ME LOVE,2PM,2PM,GENESIS OF 2PM,kpop-gen2,https://music.youtube.com/watch?v=2INpnAXpbZ8,https://i.ytimg.com/vi/2INpnAXpbZ8/maxresdefault.jpg,2PM/GENESIS OF 2PM/GIVE ME LOVE.mp3
I’m your man (Kor ver.),2PM,2PM,미친거 아니야? GO CRAZY!,kpop-gen2,https://music.youtube.com/watch?v=IkapQjRHccs,https://i.ytimg.com/vi/IkapQjRHccs/maxresdefault.jpg,2PM/미친거 아니야? GO CRAZY!/I’m your man (Kor ver.).mp3
Winter Games,2PM,2PM,GENESIS OF 2PM,kpop-gen2,https://music.youtube.com/watch?v=fQou5-60yME,https://i.ytimg.com/vi/fQou5-60yME/maxresdefault.jpg,2PM/GENESIS OF 2PM/Winter Games.mp3
I Hate You (니가밉다),2PM,2PM,2PM Member`s Selection,kpop-gen2,https://music.youtube.com/watch?v=I8I-kFIdPOE,https://i.ytimg.com/vi/I8I-kFIdPOE/maxresdefault.jpg,2PM/2PM Member`s Selection/I Hate You (니가밉다).mp3
HIGHER,2PM,2PM,GALAXY OF 2PM,kpop-gen2,https://music.youtube.com/watch?v=zwA03pdRW5k,https://i.ytimg.com/vi/zwA03pdRW5k/maxresdefault.jpg,2PM/GALAXY OF 2PM/HIGHER.mp3
Ultra Lover,2PM,2PM,REPUBLIC OF 2PM,kpop-gen2,https://music.youtube.com/watch?v=ydKkBV6MNxA,https://i.ytimg.com/vi/ydKkBV6MNxA/maxresdefault.jpg,2PM/REPUBLIC OF 2PM/Ultra Lover.mp3
Promise (I'll be),2PM,2PM,GENTLEMEN'S GAME,kpop-gen2,https://music.youtube.com/watch?v=g0D62Ngml6Q,https://i.ytimg.com/vi/g0D62Ngml6Q/maxresdefault.jpg,2PM/GENTLEMEN'S GAME/Promise (I'll be).mp3
Guilty Love,2PM,2PM,2PM OF 2PM,kpop-gen2,https://music.youtube.com/watch?v=ilB1vdM6UzE,https://i.ytimg.com/vi/ilB1vdM6UzE/maxresdefault.jpg,2PM/2PM OF 2PM/Guilty Love.mp3
Comeback When You Hear This Song (이 노래를 듣고 돌아와),2PM,2PM,Grown,kpop-gen2,https://music.youtube.com/watch?v=lRB9RfuJrxk,https://i.ytimg.com/vi/lRB9RfuJrxk/maxresdefault.jpg,2PM/Grown/Comeback When You Hear This Song (이 노래를 듣고 돌아와).mp3
Masquerade (Legend of 2PM Version),2PM,2PM,LEGEND OF 2PM,kpop-gen2,https://music.youtube.com/watch?v=y1E6VrEvJRU,https://i.ytimg.com/vi/y1E6VrEvJRU/maxresdefault.jpg,2PM/LEGEND OF 2PM/Masquerade (Legend of 2PM Version).mp3
Tired of Waiting,2PM,2PM,1:59PM,kpop-gen2,https://music.youtube.com/watch?v=RbmcTKKMJsQ,https://i.ytimg.com/vi/RbmcTKKMJsQ/maxresdefault.jpg,2PM/1_59PM/Tired of Waiting.mp3
Zero Point,2PM,2PM,Grown,kpop-gen2,https://music.youtube.com/watch?v=Y3kueKyXwEU,https://i.ytimg.com/vi/Y3kueKyXwEU/maxresdefault.jpg,2PM/Grown/Zero Point.mp3
환각 Hallucination,2PM,2PM,No.5,kpop-gen2,https://music.youtube.com/watch?v=4QChY-uQ7Hc,https://i.ytimg.com/vi/4QChY-uQ7Hc/maxresdefault.jpg,2PM/No.5/환각 Hallucination.mp3
365,2PM,2PM,2PM OF 2PM - repackage,kpop-gen2,https://music.youtube.com/watch?v=jSyF3sUX8Ao,https://i.ytimg.com/vi/jSyF3sUX8Ao/maxresdefault.jpg,2PM/2PM OF 2PM - repackage/365.mp3
My House (Japanese Version),2PM,2PM,GALAXY OF 2PM,kpop-gen2,https://music.youtube.com/watch?v=4p6bpWhdH-4,https://i.ytimg.com/vi/4p6bpWhdH-4/maxresdefault.jpg,2PM/GALAXY OF 2PM/My House (Japanese Version).mp3
집 앞 카페 The Cafe,2PM,2PM,MUST,kpop-gen2,https://music.youtube.com/watch?v=BvtCsiDjjg8,https://i.ytimg.com/vi/BvtCsiDjjg8/maxresdefault.jpg,2PM/MUST/집 앞 카페 The Cafe.mp3
I'll Be Back (Japanese Ver.),2PM,2PM,REPUBLIC OF 2PM,kpop-gen2,https://music.youtube.com/watch?v=FG72JwCnlAA,https://i.ytimg.com/vi/FG72JwCnlAA/maxresdefault.jpg,2PM/REPUBLIC OF 2PM/I'll Be Back (Japanese Ver.).mp3
Merry-go-round,2PM,2PM,GENESIS OF 2PM,kpop-gen2,https://music.youtube.com/watch?v=Nj-ULDgLs_A,https://i.ytimg.com/vi/Nj-ULDgLs_A/maxresdefault.jpg,2PM/GENESIS OF 2PM/Merry-go-round.mp3
midaretemina,2PM,2PM,2PM OF 2PM,kpop-gen2,https://music.youtube.com/watch?v=RW0mXEhlkog,https://i.ytimg.com/vi/RW0mXEhlkog/maxresdefault.jpg,2PM/2PM OF 2PM/midaretemina.mp3
Falling In Love,2PM,2PM,GENESIS OF 2PM,kpop-gen2,https://music.youtube.com/watch?v=pG_OFXrbQK4,https://i.ytimg.com/vi/pG_OFXrbQK4/maxresdefault.jpg,2PM/GENESIS OF 2PM/Falling In Love.mp3
Set Me Free,2PM,2PM,GALAXY OF 2PM,kpop-gen2,https://music.youtube.com/watch?v=wNoOQnIQano,https://i.ytimg.com/vi/wNoOQnIQano/maxresdefault.jpg,2PM/GALAXY OF 2PM/Set Me Free.mp3
Fight,2PM,2PM,2PM OF 2PM,kpop-gen2,https://music.youtube.com/watch?v=ZlSNf1OGZhM,https://i.ytimg.com/vi/ZlSNf1OGZhM/maxresdefault.jpg,2PM/2PM OF 2PM/Fight.mp3
Don't Stop Can't Stop,2PM,2PM,Hands Up,kpop-gen2,https://music.youtube.com/watch?v=r1pu64tPUOM,https://i.ytimg.com/vi/r1pu64tPUOM/maxresdefault.jpg,2PM/Hands Up/Don't Stop Can't Stop.mp3
Heartbeat (Red Light Mix),2PM,2PM,1:59PM,kpop-gen2,https://music.youtube.com/watch?v=wXBrXqLFK0o,https://i.ytimg.com/vi/wXBrXqLFK0o/maxresdefault.jpg,2PM/1_59PM/Heartbeat (Red Light Mix).mp3
너만의 남자 Not The Only One,2PM,2PM,No.5,kpop-gen2,https://music.youtube.com/watch?v=TvCzYcSFk2I,https://i.ytimg.com/vi/TvCzYcSFk2I/maxresdefault.jpg,2PM/No.5/너만의 남자 Not The Only One.mp3
Maybe She'll Come Back (돌아올지도 몰라),2PM,2PM,2PM Member`s Selection,kpop-gen2,https://music.youtube.com/watch?v=EjeCBuoo-t4,https://i.ytimg.com/vi/EjeCBuoo-t4/maxresdefault.jpg,2PM/2PM Member`s Selection/Maybe She'll Come Back (돌아올지도 몰라).mp3
"보고싶어, 보러갈게 On My Way",2PM,2PM,MUST,kpop-gen2,https://music.youtube.com/watch?v=2N3enV7ExEU,https://i.ytimg.com/vi/2N3enV7ExEU/maxresdefault.jpg,"2PM/MUST/보고싶어, 보러갈게 On My Way.mp3"
I Can't,2PM,2PM,Hands Up,kpop-gen2,https://music.youtube.com/watch?v=guDxJzpNE_4,https://i.ytimg.com/vi/guDxJzpNE_4/maxresdefault.jpg,2PM/Hands Up/I Can't.mp3
Everybody,2PM,2PM,2PM OF 2PM,kpop-gen2,https://music.youtube.com/watch?v=-_96_wZcfnk,https://i.ytimg.com/vi/-_96_wZcfnk/maxresdefault.jpg,2PM/2PM OF 2PM/Everybody.mp3
Unmei,2PM,2PM,REPUBLIC OF 2PM,kpop-gen2,https://music.youtube.com/watch?v=JtCjxXCAYmI,https://i.ytimg.com/vi/JtCjxXCAYmI/maxresdefault.jpg,2PM/REPUBLIC OF 2PM/Unmei.mp3
At Times (문득),2PM,2PM,Grown,kpop-gen2,https://music.youtube.com/watch?v=peEiNyu6uPE,https://i.ytimg.com/vi/peEiNyu6uPE/maxresdefault.jpg,2PM/Grown/At Times (문득).mp3
괜찮아 안 괜찮아 OK or Not,2PM,2PM,MUST,kpop-gen2,https://music.youtube.com/watch?v=sb8kmH0Ukmo,https://i.ytimg.com/vi/sb8kmH0Ukmo/maxresdefault.jpg,2PM/MUST/괜찮아 안 괜찮아 OK or Not.mp3
Hot,2PM,2PM,Hands Up,kpop-gen2,https://music.youtube.com/watch?v=UgemRoEk6IE,https://i.ytimg.com/vi/UgemRoEk6IE/maxresdefault.jpg,2PM/Hands Up/Hot.mp3
Back 2U,2PM,2PM,1:59PM,kpop-gen2,https://music.youtube.com/watch?v=cb0w4WSQqcA,https://i.ytimg.com/vi/cb0w4WSQqcA/maxresdefault.jpg,2PM/1_59PM/Back 2U.mp3
Give It to Me,2PM,2PM,Hands Up,kpop-gen2,https://music.youtube.com/watch?v=EjgP1NHR0No,https://i.ytimg.com/vi/EjgP1NHR0No/maxresdefault.jpg,2PM/Hands Up/Give It to Me.mp3
Jam Session,2PM,2PM,2PM OF 2PM,kpop-gen2,https://music.youtube.com/watch?v=LXZp-Yu1bOo,https://i.ytimg.com/vi/LXZp-Yu1bOo/maxresdefault.jpg,2PM/2PM OF 2PM/Jam Session.mp3
Souzou site mite,2PM,2PM,GALAXY OF 2PM,kpop-gen2,https://music.youtube.com/watch?v=VnAcYS16bMM,https://i.ytimg.com/vi/VnAcYS16bMM/maxresdefault.jpg,2PM/GALAXY OF 2PM/Souzou site mite.mp3
놓지 않을게 Hold You,2PM,2PM,MUST,kpop-gen2,https://music.youtube.com/watch?v=LejKvROSUpY,https://i.ytimg.com/vi/LejKvROSUpY/maxresdefault.jpg,2PM/MUST/놓지 않을게 Hold You.mp3
Hanareteitemo,2PM,2PM,REPUBLIC OF 2PM,kpop-gen2,https://music.youtube.com/watch?v=1Nyfvkavh_U,https://i.ytimg.com/vi/1Nyfvkavh_U/maxresdefault.jpg,2PM/REPUBLIC OF 2PM/Hanareteitemo.mp3
비가와 Rain,2PM,2PM,미친거 아니야? GO CRAZY!,kpop-gen2,https://music.youtube.com/watch?v=7MrAugzBdmQ,https://i.ytimg.com/vi/7MrAugzBdmQ/maxresdefault.jpg,2PM/미친거 아니야? GO CRAZY!/비가와 Rain.mp3
Moon & Back,2PM,2PM,MUST,kpop-gen2,https://music.youtube.com/watch?v=HlbRV5I0hlQ,https://i.ytimg.com/vi/HlbRV5I0hlQ/maxresdefault.jpg,2PM/MUST/Moon & Back.mp3
Electricity,2PM,2PM,Hands Up,kpop-gen2,https://music.youtube.com/watch?v=ZFDp7zQ_icw,https://i.ytimg.com/vi/ZFDp7zQ_icw/maxresdefault.jpg,2PM/Hands Up/Electricity.mp3
harukaze good bye again,2PM,2PM,2PM OF 2PM,kpop-gen2,https://music.youtube.com/watch?v=rxbk-aylPVo,https://i.ytimg.com/vi/rxbk-aylPVo/maxresdefault.jpg,2PM/2PM OF 2PM/harukaze good bye again.mp3
I Was Crazy About You,2PM,2PM,1:59PM,kpop-gen2,https://music.youtube.com/watch?v=ICFsfpE8Q4U,https://i.ytimg.com/vi/ICFsfpE8Q4U/maxresdefault.jpg,2PM/1_59PM/I Was Crazy About You.mp3
둘이 Two of Us,2PM,2PM,MUST,kpop-gen2,https://music.youtube.com/watch?v=iDY6tj6l6tA,https://i.ytimg.com/vi/iDY6tj6l6tA/maxresdefault.jpg,2PM/MUST/둘이 Two of Us.mp3
Like a Movie,2PM,2PM,Hands Up,kpop-gen2,https://music.youtube.com/watch?v=9fXW9bBBwkw,https://i.ytimg.com/vi/9fXW9bBBwkw/maxresdefault.jpg,2PM/Hands Up/Like a Movie.mp3
issyoni sugoshita jikan,2PM,2PM,GALAXY OF 2PM,kpop-gen2,https://music.youtube.com/watch?v=6PhzjJlnzMg,https://i.ytimg.com/vi/6PhzjJlnzMg/maxresdefault.jpg,2PM/GALAXY OF 2PM/issyoni sugoshita jikan.mp3
Nobody Else,2PM,2PM,No.5,kpop-gen2,https://music.youtube.com/watch?v=bzmdaQNefIo,https://i.ytimg.com/vi/bzmdaQNefIo/maxresdefault.jpg,2PM/No.5/Nobody Else.mp3
Game Over,2PM,2PM,Grown,kpop-gen2,https://music.youtube.com/watch?v=m0J_HuZ57Pc,https://i.ytimg.com/vi/m0J_HuZ57Pc/maxresdefault.jpg,2PM/Grown/Game Over.mp3
Hands Up (East4A Mix),2PM,2PM,Hands Up,kpop-gen2,https://music.youtube.com/watch?v=RNR9K-0eVhA,https://i.ytimg.com/vi/RNR9K-0eVhA/maxresdefault.jpg,2PM/Hands Up/Hands Up (East4A Mix).mp3
Thank You,2PM,2PM,Hands Up,kpop-gen2,https://music.youtube.com/watch?v=VizjQZSA9Oo,https://i.ytimg.com/vi/VizjQZSA9Oo/maxresdefault.jpg,2PM/Hands Up/Thank You.mp3
I'll Be Back (Club Mix),2PM,2PM,Still 2:00pm,kpop-gen2,https://music.youtube.com/watch?v=UkA5mttFTH8,https://i.ytimg.com/vi/UkA5mttFTH8/maxresdefault.jpg,2PM/Still 2_00pm/I'll Be Back (Club Mix).mp3
Love Song,2PM,2PM,Grown,kpop-gen2,https://music.youtube.com/watch?v=NSBpLEa4rX4,https://i.ytimg.com/vi/NSBpLEa4rX4/maxresdefault.jpg,2PM/Grown/Love Song.mp3
Promise (I'll be) (Japanese Version),2PM,2PM,Promise (I'll be) - Japanese Version,kpop-gen2,https://music.youtube.com/watch?v=hcRhgV1tfzU,https://i.ytimg.com/vi/hcRhgV1tfzU/maxresdefault.jpg,2PM/Promise (I'll be) - Japanese Version/Promise (I'll be) (Japanese Version).mp3
Step by Step,2PM,2PM,GENESIS OF 2PM,kpop-gen2,https://music.youtube.com/watch?v=tH_mD1qPrAw,https://i.ytimg.com/vi/tH_mD1qPrAw/maxresdefault.jpg,2PM/GENESIS OF 2PM/Step by Step.mp3
샴페인 Champagne,2PM,2PM,MUST,kpop-gen2,https://music.youtube.com/watch?v=yBrvzHJ3bW4,https://i.ytimg.com/vi/yBrvzHJ3bW4/maxresdefault.jpg,2PM/MUST/샴페인 Champagne.mp3
NEXT Generation,2PM,2PM,GENESIS OF 2PM,kpop-gen2,https://music.youtube.com/watch?v=Fqr20G5q_lU,https://i.ytimg.com/vi/Fqr20G5q_lU/maxresdefault.jpg,2PM/GENESIS OF 2PM/NEXT Generation.mp3
우리집 My House (Acoustic ver.),2PM,2PM,MUST,kpop-gen2,https://music.youtube.com/watch?v=mjUDapWT9so,https://i.ytimg.com/vi/mjUDapWT9so/maxresdefault.jpg,2PM/MUST/우리집 My House (Acoustic ver.).mp3
Stay With Me,2PM,2PM,REPUBLIC OF 2PM,kpop-gen2,https://music.youtube.com/watch?v=kWqLG2uGOJY,https://i.ytimg.com/vi/kWqLG2uGOJY/maxresdefault.jpg,2PM/REPUBLIC OF 2PM/Stay With Me.mp3
One More Day (오늘 하루만),2PM,2PM,Grown,kpop-gen2,https://music.youtube.com/watch?v=-Ohf2FrFNdI,https://i.ytimg.com/vi/-Ohf2FrFNdI/maxresdefault.jpg,2PM/Grown/One More Day (오늘 하루만).mp3
The First Date,2PM,2PM,Grown,kpop-gen2,https://music.youtube.com/watch?v=VmfAPjfA1Ck,https://i.ytimg.com/vi/VmfAPjfA1Ck/maxresdefault.jpg,2PM/Grown/The First Date.mp3
Gimme the Light,2PM,2PM,1:59PM,kpop-gen2,https://music.youtube.com/watch?v=EjS8-N4uWC4,https://i.ytimg.com/vi/EjS8-N4uWC4/maxresdefault.jpg,2PM/1_59PM/Gimme the Light.mp3
I Will Give You My Life,2PM,2PM,Don`t Stop Can`t Stop,kpop-gen2,https://music.youtube.com/watch?v=jf2u3ci_FGI,https://i.ytimg.com/vi/jf2u3ci_FGI/maxresdefault.jpg,2PM/Don`t Stop Can`t Stop/I Will Give You My Life.mp3
콧노래 Humming,2PM,2PM,GENTLEMEN'S GAME,kpop-gen2,https://music.youtube.com/watch?v=9y1846VHU2M,https://i.ytimg.com/vi/9y1846VHU2M/maxresdefault.jpg,2PM/GENTLEMEN'S GAME/콧노래 Humming.mp3
향수 Perfume,2PM,2PM,GENTLEMEN'S GAME,kpop-gen2,https://music.youtube.com/watch?v=VLgWY68lK2w,https://i.ytimg.com/vi/VLgWY68lK2w/maxresdefault.jpg,2PM/GENTLEMEN'S GAME/향수 Perfume.mp3
여름보다 뜨거운 너 Hotter Than July,2PM,2PM,No.5,kpop-gen2,https://music.youtube.com/watch?v=guZGErgcf5k,https://i.ytimg.com/vi/guZGErgcf5k/maxresdefault.jpg,2PM/No.5/여름보다 뜨거운 너 Hotter Than July.mp3
Even If You Leave Me,2PM,2PM,Still 2:00pm,kpop-gen2,https://music.youtube.com/watch?v=-lrqySQClN8,https://i.ytimg.com/vi/-lrqySQClN8/maxresdefault.jpg,2PM/Still 2_00pm/Even If You Leave Me.mp3
Never,2PM,2PM,GENTLEMEN'S GAME,kpop-gen2,https://music.youtube.com/watch?v=a_EH2X0Seyo,https://i.ytimg.com/vi/a_EH2X0Seyo/maxresdefault.jpg,2PM/GENTLEMEN'S GAME/Never.mp3
I'm Sorry,2PM,2PM,Grown,kpop-gen2,https://music.youtube.com/watch?v=SgP9x1035c4,https://i.ytimg.com/vi/SgP9x1035c4/maxresdefault.jpg,2PM/Grown/I'm Sorry.mp3
어때? Shall We?,2PM,2PM,GENTLEMEN'S GAME,kpop-gen2,https://music.youtube.com/watch?v=1wH1U9cPXCg,https://i.ytimg.com/vi/1wH1U9cPXCg/maxresdefault.jpg,2PM/GENTLEMEN'S GAME/어때? Shall We?.mp3
Kimigaireba,2PM,2PM,LEGEND OF 2PM,kpop-gen2,https://music.youtube.com/watch?v=pKWekKJ34Io,https://i.ytimg.com/vi/pKWekKJ34Io/maxresdefault.jpg,2PM/LEGEND OF 2PM/Kimigaireba.mp3
Maza,2PM,2PM,Don`t Stop Can`t Stop,kpop-gen2,https://music.youtube.com/watch?v=-yfXiWEY_Tk,https://i.ytimg.com/vi/-yfXiWEY_Tk/maxresdefault.jpg,2PM/Don`t Stop Can`t Stop/Maza.mp3
Stay Here,2PM,2PM,GENESIS OF 2PM,kpop-gen2,https://music.youtube.com/watch?v=lVhkmbDJWi4,https://i.ytimg.com/vi/lVhkmbDJWi4/maxresdefault.jpg,2PM/GENESIS OF 2PM/Stay Here.mp3
amano gawa GALAXY,2PM,2PM,GALAXY OF 2PMᐸrepackageᐳ,kpop-gen2,https://music.youtube.com/watch?v=jyk2hHAYmwE,https://i.ytimg.com/vi/jyk2hHAYmwE/maxresdefault.jpg,2PM/GALAXY OF 2PMᐸrepackageᐳ/amano gawa GALAXY.mp3
Uneasy,2PM,2PM,GENTLEMEN'S GAME,kpop-gen2,https://music.youtube.com/watch?v=6rm36vAMnfY,https://i.ytimg.com/vi/6rm36vAMnfY/maxresdefault.jpg,2PM/GENTLEMEN'S GAME/Uneasy.mp3
All Night Long,2PM,2PM,1:59PM,kpop-gen2,https://music.youtube.com/watch?v=OdKbqXRV66k,https://i.ytimg.com/vi/OdKbqXRV66k/maxresdefault.jpg,2PM/1_59PM/All Night Long.mp3
Jump,2PM,2PM,No.5,kpop-gen2,https://music.youtube.com/watch?v=RmYirAWDcCo,https://i.ytimg.com/vi/RmYirAWDcCo/maxresdefault.jpg,2PM/No.5/Jump.mp3
Still,2PM,2PM,Still 2:00pm,kpop-gen2,https://music.youtube.com/watch?v=kY3nzBI8F7o,https://i.ytimg.com/vi/kY3nzBI8F7o/maxresdefault.jpg,2PM/Still 2_00pm/Still.mp3
RED,2PM,2PM,No.5,kpop-gen2,https://music.youtube.com/watch?v=E812yZN6A2E,https://i.ytimg.com/vi/E812yZN6A2E/maxresdefault.jpg,2PM/No.5/RED.mp3
Magic,2PM,2PM,No.5,kpop-gen2,https://music.youtube.com/watch?v=szmAQzoguUo,https://i.ytimg.com/vi/szmAQzoguUo/maxresdefault.jpg,2PM/No.5/Magic.mp3
WOW,2PM,2PM,Promise (I'll be) - Japanese Version,kpop-gen2,https://music.youtube.com/watch?v=ooJIqefERlE,https://i.ytimg.com/vi/ooJIqefERlE/maxresdefault.jpg,2PM/Promise (I'll be) - Japanese Version/WOW.mp3
Don't You Know,2PM,2PM,Hands Up,kpop-gen2,https://music.youtube.com/watch?v=A4zGuYQ2cMI,https://i.ytimg.com/vi/A4zGuYQ2cMI/maxresdefault.jpg,2PM/Hands Up/Don't You Know.mp3
시도때도없이 All Night Long,2PM,2PM,GENTLEMEN'S GAME,kpop-gen2,https://music.youtube.com/watch?v=Oe16Nop-SQ8,https://i.ytimg.com/vi/Oe16Nop-SQ8/maxresdefault.jpg,2PM/GENTLEMEN'S GAME/시도때도없이 All Night Long.mp3
Beautiful (Kor ver.),2PM,2PM,미친거 아니야? GO CRAZY!,kpop-gen2,https://music.youtube.com/watch?v=EULdM5C6f4M,https://i.ytimg.com/vi/EULdM5C6f4M/maxresdefault.jpg,2PM/미친거 아니야? GO CRAZY!/Beautiful (Kor ver.).mp3
So Bad,2PM,2PM,LEGEND OF 2PM,kpop-gen2,https://music.youtube.com/watch?v=uVad7m1Offs,https://i.ytimg.com/vi/uVad7m1Offs/maxresdefault.jpg,2PM/LEGEND OF 2PM/So Bad.mp3
Make Love,2PM,2PM,GENTLEMEN'S GAME,kpop-gen2,https://music.youtube.com/watch?v=S_bykPl1abY,https://i.ytimg.com/vi/S_bykPl1abY/maxresdefault.jpg,2PM/GENTLEMEN'S GAME/Make Love.mp3
Dangerous,2PM,2PM,Grown,kpop-gen2,https://music.youtube.com/watch?v=N24kCPZw4bs,https://i.ytimg.com/vi/N24kCPZw4bs/maxresdefault.jpg,2PM/Grown/Dangerous.mp3
Go Back (고백),2PM,2PM,Grown,kpop-gen2,https://music.youtube.com/watch?v=hww4t-yH7BI,https://i.ytimg.com/vi/hww4t-yH7BI/maxresdefault.jpg,2PM/Grown/Go Back (고백).mp3
오늘 같은 밤 Like Tonight,2PM,2PM,미친거 아니야? GO CRAZY!,kpop-gen2,https://music.youtube.com/watch?v=kBQ9_kwMXIA,https://i.ytimg.com/vi/kBQ9_kwMXIA/maxresdefault.jpg,2PM/미친거 아니야? GO CRAZY!/오늘 같은 밤 Like Tonight.mp3
이별여행 Goodbye Trip,2PM,2PM,미친거 아니야? GO CRAZY!,kpop-gen2,https://music.youtube.com/watch?v=edx5R6BsC9U,https://i.ytimg.com/vi/edx5R6BsC9U/maxresdefault.jpg,2PM/미친거 아니야? GO CRAZY!/이별여행 Goodbye Trip.mp3
Giv u Class.,2PM,2PM,GENTLEMEN'S GAME,kpop-gen2,https://music.youtube.com/watch?v=4gwU5BLeLg8,https://i.ytimg.com/vi/4gwU5BLeLg8/maxresdefault.jpg,2PM/GENTLEMEN'S GAME/Giv u Class..mp3
Know Your Mind,2PM,2PM,No.5,kpop-gen2,https://music.youtube.com/watch?v=i-N8bHqLXUM,https://i.ytimg.com/vi/i-N8bHqLXUM/maxresdefault.jpg,2PM/No.5/Know Your Mind.mp3
Slender Man,2PM,2PM,2PM OF 2PM,kpop-gen2,https://music.youtube.com/watch?v=Q_tO8sal0hk,https://i.ytimg.com/vi/Q_tO8sal0hk/maxresdefault.jpg,2PM/2PM OF 2PM/Slender Man.mp3
Please Call My Name (내 이름을 불러줘),2PM,2PM,Grown_Grand Edition,kpop-gen2,https://music.youtube.com/watch?v=O2xowk-Lkpc,https://i.ytimg.com/vi/O2xowk-Lkpc/maxresdefault.jpg,2PM/Grown_Grand Edition/Please Call My Name (내 이름을 불러줘).mp3
미친거 아니야? GO CRAZY! (BOYTOY Crazy Remix),2PM,2PM,미친거 아니야? GO CRAZY! Grand Edition,kpop-gen2,https://music.youtube.com/watch?v=vE1cJdkjZ68,https://i.ytimg.com/vi/vE1cJdkjZ68/maxresdefault.jpg,2PM/미친거 아니야? GO CRAZY! Grand Edition/미친거 아니야? GO CRAZY! (BOYTOY Crazy Remix).mp3
I Know,2PM,2PM,Still 2:00pm,kpop-gen2,https://music.youtube.com/watch?v=1fJgpwDuaCI,https://i.ytimg.com/vi/1fJgpwDuaCI/maxresdefault.jpg,2PM/Still 2_00pm/I Know.mp3
Only You (Acoustic Mix),2PM,2PM,1:59PM,kpop-gen2,https://music.youtube.com/watch?v=5eUYS4aZVH8,https://i.ytimg.com/vi/5eUYS4aZVH8/maxresdefault.jpg,2PM/1_59PM/Only You (Acoustic Mix).mp3
Space MAZA,2PM,2PM,Don`t Stop Can`t Stop,kpop-gen2,https://music.youtube.com/watch?v=-dPJOY9hDng,https://i.ytimg.com/vi/-dPJOY9hDng/maxresdefault.jpg,2PM/Don`t Stop Can`t Stop/Space MAZA.mp3
Make it -Japanese version-,2PM,2PM,WITH ME AGAIN,kpop-gen2,https://music.youtube.com/watch?v=ToyrbWLTP4g,https://i.ytimg.com/vi/ToyrbWLTP4g/maxresdefault.jpg,2PM/WITH ME AGAIN/Make it -Japanese version-.mp3
My Last,2PM,2PM,GENTLEMEN'S GAME,kpop-gen2,https://music.youtube.com/watch?v=snbmG870PVA,https://i.ytimg.com/vi/snbmG870PVA/maxresdefault.jpg,2PM/GENTLEMEN'S GAME/My Last.mp3
Dance2Night,2PM,2PM,Still 2:00pm,kpop-gen2,https://music.youtube.com/watch?v=4Bs7dPzQyb4,https://i.ytimg.com/vi/4Bs7dPzQyb4/maxresdefault.jpg,2PM/Still 2_00pm/Dance2Night.mp3
Beautiful Day,2PM,2PM,GENESIS OF 2PM,kpop-gen2,https://music.youtube.com/watch?v=ySCQt1RsW3k,https://i.ytimg.com/vi/ySCQt1RsW3k/maxresdefault.jpg,2PM/GENESIS OF 2PM/Beautiful Day.mp3
I Hate You (Lounge Mix),2PM,2PM,1:59PM,kpop-gen2,https://music.youtube.com/watch?v=mX_F75-etZ8,https://i.ytimg.com/vi/mX_F75-etZ8/maxresdefault.jpg,2PM/1_59PM/I Hate You (Lounge Mix).mp3
By My Side,2PM,2PM,WITH ME AGAIN,kpop-gen2,https://music.youtube.com/watch?v=HmRSaEEVWCc,https://i.ytimg.com/vi/HmRSaEEVWCc/maxresdefault.jpg,2PM/WITH ME AGAIN/By My Side.mp3
Intro.,2PM,2PM,MUST,kpop-gen2,https://music.youtube.com/watch?v=axvdquBzwkk,https://i.ytimg.com/vi/axvdquBzwkk/maxresdefault.jpg,2PM/MUST/Intro..mp3
Hyakunichikinenbi,2PM,2PM,REPUBLIC OF 2PM,kpop-gen2,https://music.youtube.com/watch?v=vyioCo_es_o,https://i.ytimg.com/vi/vyioCo_es_o/maxresdefault.jpg,2PM/REPUBLIC OF 2PM/Hyakunichikinenbi.mp3
Forever,2PM,2PM,LEGEND OF 2PM,kpop-gen2,https://music.youtube.com/watch?v=D1KbUXHP_uY,https://i.ytimg.com/vi/D1KbUXHP_uY/maxresdefault.jpg,2PM/LEGEND OF 2PM/Forever.mp3
Breakthrough,2PM,2PM,LEGEND OF 2PM,kpop-gen2,https://music.youtube.com/watch?v=jN5KdTvk2P4,https://i.ytimg.com/vi/jN5KdTvk2P4/maxresdefault.jpg,2PM/LEGEND OF 2PM/Breakthrough.mp3
URAHARA,2PM,2PM,WITH ME AGAIN,kpop-gen2,https://music.youtube.com/watch?v=wRrC7KA2quI,https://i.ytimg.com/vi/wRrC7KA2quI/maxresdefault.jpg,2PM/WITH ME AGAIN/URAHARA.mp3
This Is Love,2PM,2PM,LEGEND OF 2PM,kpop-gen2,https://music.youtube.com/watch?v=25BtxIJv2Ms,https://i.ytimg.com/vi/25BtxIJv2Ms/maxresdefault.jpg,2PM/LEGEND OF 2PM/This Is Love.mp3
미칠 것 같아 About To Go Insane,2PM,2PM,No.5,kpop-gen2,https://music.youtube.com/watch?v=8Kn_8_RXfTk,https://i.ytimg.com/vi/8Kn_8_RXfTk/maxresdefault.jpg,2PM/No.5/미칠 것 같아 About To Go Insane.mp3
Coming Down,2PM,2PM,Grown,kpop-gen2,https://music.youtube.com/watch?v=Ozy1Dpasm9o,https://i.ytimg.com/vi/Ozy1Dpasm9o/maxresdefault.jpg,2PM/Grown/Coming Down.mp3
Mine,2PM,2PM,미친거 아니야? GO CRAZY!,kpop-gen2,https://music.youtube.com/watch?v=IIGiogPXFNU,https://i.ytimg.com/vi/IIGiogPXFNU/maxresdefault.jpg,2PM/미친거 아니야? GO CRAZY!/Mine.mp3
She’s ma girl,2PM,2PM,미친거 아니야? GO CRAZY!,kpop-gen2,https://music.youtube.com/watch?v=sQQosYxvCSw,https://i.ytimg.com/vi/sQQosYxvCSw/maxresdefault.jpg,2PM/미친거 아니야? GO CRAZY!/She’s ma girl.mp3
Eien - Lasting heart,2PM,2PM,GENESIS OF 2PM,kpop-gen2,https://music.youtube.com/watch?v=_evm0cFkR6Y,https://i.ytimg.com/vi/_evm0cFkR6Y/maxresdefault.jpg,2PM/GENESIS OF 2PM/Eien - Lasting heart.mp3
Good Man,2PM,2PM,No.5,kpop-gen2,https://music.youtube.com/watch?v=y2lZgYfg0_g,https://i.ytimg.com/vi/y2lZgYfg0_g/maxresdefault.jpg,2PM/No.5/Good Man.mp3
My Heart,2PM,2PM,1:59PM,kpop-gen2,https://music.youtube.com/watch?v=gJxL_FCem68,https://i.ytimg.com/vi/gJxL_FCem68/maxresdefault.jpg,2PM/1_59PM/My Heart.mp3
Without U (Japanese Ver.),2PM,2PM,REPUBLIC OF 2PM,kpop-gen2,https://music.youtube.com/watch?v=PXKrMDX4nvo,https://i.ytimg.com/vi/PXKrMDX4nvo/maxresdefault.jpg,2PM/REPUBLIC OF 2PM/Without U (Japanese Ver.).mp3
Heartbeat (Japanese Ver.),2PM,2PM,REPUBLIC OF 2PM,kpop-gen2,https://music.youtube.com/watch?v=LTwiMFe2qIg,https://i.ytimg.com/vi/LTwiMFe2qIg/maxresdefault.jpg,2PM/REPUBLIC OF 2PM/Heartbeat (Japanese Ver.).mp3
Hands Up (Japanese Ver.),2PM,2PM,REPUBLIC OF 2PM,kpop-gen2,https://music.youtube.com/watch?v=n3JsiHO5qyU,https://i.ytimg.com/vi/n3JsiHO5qyU/maxresdefault.jpg,2PM/REPUBLIC OF 2PM/Hands Up (Japanese Ver.).mp3
This Is Love,2PM,2PM,Legend of 2PM,kpop-gen2,https://music.youtube.com/watch?v=W6HD3_W1oA8,https://i.ytimg.com/vi/W6HD3_W1oA8/maxresdefault.jpg,2PM/Legend of 2PM/This Is Love.mp3
Wanna Love You Again,2PM,2PM,No.5,kpop-gen2,https://music.youtube.com/watch?v=bi-PabuhCGo,https://i.ytimg.com/vi/bi-PabuhCGo/maxresdefault.jpg,2PM/No.5/Wanna Love You Again.mp3
Shining Star,2PM,2PM,GALAXY OF 2PM,kpop-gen2,https://music.youtube.com/watch?v=P3O_QDzhfCI,https://i.ytimg.com/vi/P3O_QDzhfCI/maxresdefault.jpg,2PM/GALAXY OF 2PM/Shining Star.mp3
Missing You,2PM,2PM,LEGEND OF 2PM,kpop-gen2,https://music.youtube.com/watch?v=6wKBsgqzYYQ,https://i.ytimg.com/vi/6wKBsgqzYYQ/maxresdefault.jpg,2PM/LEGEND OF 2PM/Missing You.mp3
Can't Stop Feeling,2PM,2PM,GENTLEMEN'S GAME,kpop-gen2,https://music.youtube.com/watch?v=UxApXyE7hS4,https://i.ytimg.com/vi/UxApXyE7hS4/maxresdefault.jpg,2PM/GENTLEMEN'S GAME/Can't Stop Feeling.mp3
Electricity (220V Mix),2PM,2PM,Hands Up,kpop-gen2,https://music.youtube.com/watch?v=IfeyLhUNZG4,https://i.ytimg.com/vi/IfeyLhUNZG4/maxresdefault.jpg,2PM/Hands Up/Electricity (220V Mix).mp3
SHINee 샤이니 '누난 너무 예뻐 (Replay)' MV,SHINee,SMTOWN,Single,kpop-gen2,https://music.youtube.com/watch?v=VTASffPQGhY,https://i.ytimg.com/vi/VTASffPQGhY/maxresdefault.jpg,SHINee/Single/SHINee 샤이니 '누난 너무 예뻐 (Replay)' MV.mp3
SHINee 샤이니 'Ring Ding Dong' MV,SHINee,SMTOWN,Single,kpop-gen2,https://music.youtube.com/watch?v=roughtzsCDI,https://i.ytimg.com/vi/roughtzsCDI/maxresdefault.jpg,SHINee/Single/SHINee 샤이니 'Ring Ding Dong' MV.mp3
SHINee 샤이니 'Lucifer' MV,SHINee,SMTOWN,Single,kpop-gen2,https://music.youtube.com/watch?v=Dww9UjJ4Dt8,https://i.ytimg.com/vi/Dww9UjJ4Dt8/maxresdefault.jpg,SHINee/Single/SHINee 샤이니 'Lucifer' MV.mp3
SHINee 샤이니 'Sherlock•셜록 (Clue + Note)' MV,SHINee,SMTOWN,Single,kpop-gen2,https://music.youtube.com/watch?v=8kyG5tTZ1iE,https://i.ytimg.com/vi/8kyG5tTZ1iE/maxresdefault.jpg,SHINee/Single/SHINee 샤이니 'Sherlock•셜록 (Clue + Note)' MV.mp3
SHINee 샤이니 'View' MV,SHINee,SMTOWN,Single,kpop-gen2,https://music.youtube.com/watch?v=UF53cptEE5k,https://i.ytimg.com/vi/UF53cptEE5k/maxresdefault.jpg,SHINee/Single/SHINee 샤이니 'View' MV.mp3
SHINee 샤이니 'Don't Call Me' MV,SHINee,SMTOWN,Single,kpop-gen2,https://music.youtube.com/watch?v=p6OoY6xneI0,https://i.ytimg.com/vi/p6OoY6xneI0/maxresdefault.jpg,SHINee/Single/SHINee 샤이니 'Don't Call Me' MV.mp3
SHINee 샤이니 'HARD' MV,SHINee,SMTOWN,Single,kpop-gen2,https://music.youtube.com/watch?v=lrDeQ4sF0zo,https://i.ytimg.com/vi/lrDeQ4sF0zo/maxresdefault.jpg,SHINee/Single/SHINee 샤이니 'HARD' MV.mp3
온유 ONEW 'TOUGH LOVE' M/V,SHINee,온유 ONEW,Single,kpop-gen2,https://music.youtube.com/watch?v=geONm_InNZA,https://i.ytimg.com/vi/geONm_InNZA/maxresdefault.jpg,SHINee/Single/온유 ONEW 'TOUGH LOVE' M_V.mp3
Guilty,SHINee,TAEMIN,Guilty - The 4th Mini Album,kpop-gen2,https://music.youtube.com/watch?v=xrOQ2GhJ2xc,https://i.ytimg.com/vi/xrOQ2GhJ2xc/maxresdefault.jpg,SHINee/Guilty - The 4th Mini Album/Guilty.mp3
PERMISSION,SHINee,TAEMIN,PERMISSION,kpop-gen2,https://music.youtube.com/watch?v=hw0Xm7_Lgk8,https://i.ytimg.com/vi/hw0Xm7_Lgk8/maxresdefault.jpg,SHINee/PERMISSION/PERMISSION.mp3
KEY 키 'HUNTER' MV,SHINee,SMTOWN,Single,kpop-gen2,https://music.youtube.com/watch?v=ktCF5D6ECk0,https://i.ytimg.com/vi/ktCF5D6ECk0/maxresdefault.jpg,SHINee/Single/KEY 키 'HUNTER' MV.mp3
SHINee 샤이니 'Hello' MV,SHINee,SMTOWN,Single,kpop-gen2,https://music.youtube.com/watch?v=skZxb5sBoiU,https://i.ytimg.com/vi/skZxb5sBoiU/maxresdefault.jpg,SHINee/Single/SHINee 샤이니 'Hello' MV.mp3
SHINee 샤이니 'Atlantis' MV,SHINee,SMTOWN,Single,kpop-gen2,https://music.youtube.com/watch?v=PSYRbJjIT6U,https://i.ytimg.com/vi/PSYRbJjIT6U/maxresdefault.jpg,SHINee/Single/SHINee 샤이니 'Atlantis' MV.mp3
KEY 키 'Pleasure Shop' MV,SHINee,SMTOWN,Single,kpop-gen2,https://music.youtube.com/watch?v=LgQRl5qED6c,https://i.ytimg.com/vi/LgQRl5qED6c/maxresdefault.jpg,SHINee/Single/KEY 키 'Pleasure Shop' MV.mp3
SHINee 샤이니 'The Feeling' MV,SHINee,SMTOWN,Single,kpop-gen2,https://music.youtube.com/watch?v=xSwJGduvM_g,https://i.ytimg.com/vi/xSwJGduvM_g/maxresdefault.jpg,SHINee/Single/SHINee 샤이니 'The Feeling' MV.mp3
SHINee 샤이니 '데리러 가 (Good Evening)' MV,SHINee,SMTOWN,Single,kpop-gen2,https://music.youtube.com/watch?v=7dGwk5-QMpc,https://i.ytimg.com/vi/7dGwk5-QMpc/maxresdefault.jpg,SHINee/Single/SHINee 샤이니 '데리러 가 (Good Evening)' MV.mp3
KEY 키 'Good & Great' MV,SHINee,SMTOWN,Single,kpop-gen2,https://music.youtube.com/watch?v=ZYHBKvNUmk0,https://i.ytimg.com/vi/ZYHBKvNUmk0/maxresdefault.jpg,SHINee/Single/KEY 키 'Good & Great' MV.mp3
MINHO 민호 'CALL BACK' MV,SHINee,SMTOWN,Single,kpop-gen2,https://music.youtube.com/watch?v=1TbJHo7BM44,https://i.ytimg.com/vi/1TbJHo7BM44/maxresdefault.jpg,SHINee/Single/MINHO 민호 'CALL BACK' MV.mp3
SHINee 샤이니 'Everybody' MV,SHINee,SMTOWN,Single,kpop-gen2,https://music.youtube.com/watch?v=hKbNV-4b_g8,https://i.ytimg.com/vi/hKbNV-4b_g8/maxresdefault.jpg,SHINee/Single/SHINee 샤이니 'Everybody' MV.mp3
KEY 키 '가솔린 (Gasoline)' MV,SHINee,SMTOWN,Single,kpop-gen2,https://music.youtube.com/watch?v=UNFk6_to5_0,https://i.ytimg.com/vi/UNFk6_to5_0/maxresdefault.jpg,SHINee/Single/KEY 키 '가솔린 (Gasoline)' MV.mp3
SHINee 샤이니 'Poet | Artist' MV,SHINee,SMTOWN,Single,kpop-gen2,https://music.youtube.com/watch?v=QF6P6BSPDRw,https://i.ytimg.com/vi/QF6P6BSPDRw/maxresdefault.jpg,SHINee/Single/SHINee 샤이니 'Poet _ Artist' MV.mp3
Long Way Home,SHINee,TAEMIN,Long Way Home,kpop-gen2,https://music.youtube.com/watch?v=bQtykP25A-g,https://i.ytimg.com/vi/bQtykP25A-g/maxresdefault.jpg,SHINee/Long Way Home/Long Way Home.mp3
SHINee 샤이니 'JUICE' Performance Video,SHINee,SHINee,Single,kpop-gen2,https://music.youtube.com/watch?v=brs6-n87zeo,https://i.ytimg.com/vi/brs6-n87zeo/maxresdefault.jpg,SHINee/Single/SHINee 샤이니 'JUICE' Performance Video.mp3
SHINee 샤이니 'Tell Me What To Do' MV,SHINee,SMTOWN,Single,kpop-gen2,https://music.youtube.com/watch?v=nchkAmc49p4,https://i.ytimg.com/vi/nchkAmc49p4/maxresdefault.jpg,SHINee/Single/SHINee 샤이니 'Tell Me What To Do' MV.mp3
ONEW 온유 'DICE' MV,SHINee,SMTOWN,Single,kpop-gen2,https://music.youtube.com/watch?v=xYth9NVvuPo,https://i.ytimg.com/vi/xYth9NVvuPo/maxresdefault.jpg,SHINee/Single/ONEW 온유 'DICE' MV.mp3
온유 ONEW 'ANIMALS' M/V,SHINee,온유 ONEW,Single,kpop-gen2,https://music.youtube.com/watch?v=Jzg4pmsmkcA,https://i.ytimg.com/vi/Jzg4pmsmkcA/maxresdefault.jpg,SHINee/Single/온유 ONEW 'ANIMALS' M_V.mp3
SHINee 샤이니 '셀 수 없는 (Countless)' MV,SHINee,SMTOWN,Single,kpop-gen2,https://music.youtube.com/watch?v=6lE0AJzOb-I,https://i.ytimg.com/vi/6lE0AJzOb-I/maxresdefault.jpg,SHINee/Single/SHINee 샤이니 '셀 수 없는 (Countless)' MV.mp3
KEY 키 'Killer' MV,SHINee,SMTOWN,Single,kpop-gen2,https://music.youtube.com/watch?v=dUd_9R_qJSg,https://i.ytimg.com/vi/dUd_9R_qJSg/maxresdefault.jpg,SHINee/Single/KEY 키 'Killer' MV.mp3
MINHO 민호 'Heartbreak' MV,SHINee,SMTOWN,Single,kpop-gen2,https://music.youtube.com/watch?v=xRLou1OngWQ,https://i.ytimg.com/vi/xRLou1OngWQ/maxresdefault.jpg,SHINee/Single/MINHO 민호 'Heartbreak' MV.mp3
SHINee 샤이니 'I Want You' MV,SHINee,SMTOWN,Single,kpop-gen2,https://music.youtube.com/watch?v=IDpWeURKkbI,https://i.ytimg.com/vi/IDpWeURKkbI/maxresdefault.jpg,SHINee/Single/SHINee 샤이니 'I Want You' MV.mp3
SHINee 샤이니 '1 of 1' MV,SHINee,SMTOWN,Single,kpop-gen2,https://music.youtube.com/watch?v=WJua7KEP_oE,https://i.ytimg.com/vi/WJua7KEP_oE/maxresdefault.jpg,SHINee/Single/SHINee 샤이니 '1 of 1' MV.mp3
SHINee 샤이니 'Dream Girl' MV,SHINee,SMTOWN,Single,kpop-gen2,https://music.youtube.com/watch?v=vhxjEXDAy6s,https://i.ytimg.com/vi/vhxjEXDAy6s/maxresdefault.jpg,SHINee/Single/SHINee 샤이니 'Dream Girl' MV.mp3
SHINee 샤이니 'Married To The Music' MV,SHINee,SMTOWN,Single,kpop-gen2,https://music.youtube.com/watch?v=bcu7yZBeSKw,https://i.ytimg.com/vi/bcu7yZBeSKw/maxresdefault.jpg,SHINee/Single/SHINee 샤이니 'Married To The Music' MV.mp3
SHINee 샤이니 'Why So Serious?' MV,SHINee,SMTOWN,Single,kpop-gen2,https://music.youtube.com/watch?v=hgeAmF7bgoE,https://i.ytimg.com/vi/hgeAmF7bgoE/maxresdefault.jpg,SHINee/Single/SHINee 샤이니 'Why So Serious?' MV.mp3
MINHO 민호 'Stay for a night' MV,SHINee,SMTOWN,Single,kpop-gen2,https://music.youtube.com/watch?v=yjcJirgKk2Q,https://i.ytimg.com/vi/yjcJirgKk2Q/maxresdefault.jpg,SHINee/Single/MINHO 민호 'Stay for a night' MV.mp3
MINHO 민호 '놓아줘 (Chase)' MV,SHINee,SMTOWN,Single,kpop-gen2,https://music.youtube.com/watch?v=UaWcBFYKTT4,https://i.ytimg.com/vi/UaWcBFYKTT4/maxresdefault.jpg,SHINee/Single/MINHO 민호 '놓아줘 (Chase)' MV.mp3
SHINee 샤이니 '네가 남겨둔 말 (Our Page)' MV,SHINee,SMTOWN,Single,kpop-gen2,https://music.youtube.com/watch?v=Psl-x_nw7TI,https://i.ytimg.com/vi/Psl-x_nw7TI/maxresdefault.jpg,SHINee/Single/SHINee 샤이니 '네가 남겨둔 말 (Our Page)' MV.mp3
온유 ONEW 'Winner' M/V,SHINee,온유 ONEW,Single,kpop-gen2,https://music.youtube.com/watch?v=tS48SnvPFI0,https://i.ytimg.com/vi/tS48SnvPFI0/maxresdefault.jpg,SHINee/Single/온유 ONEW 'Winner' M_V.mp3
온유 ONEW 'Confidence' M/V,SHINee,온유 ONEW,Single,kpop-gen2,https://music.youtube.com/watch?v=oG_obuvhJ0M,https://i.ytimg.com/vi/oG_obuvhJ0M/maxresdefault.jpg,SHINee/Single/온유 ONEW 'Confidence' M_V.mp3
MINHO 민호 'TEMPO' MV,SHINee,SMTOWN,Single,kpop-gen2,https://music.youtube.com/watch?v=CT0_yyYgZo8,https://i.ytimg.com/vi/CT0_yyYgZo8/maxresdefault.jpg,SHINee/Single/MINHO 민호 'TEMPO' MV.mp3
SHINee 샤이니 'Juliette (줄리엣)' MV,SHINee,SMTOWN,Single,kpop-gen2,https://music.youtube.com/watch?v=XwkP3qfwqs8,https://i.ytimg.com/vi/XwkP3qfwqs8/maxresdefault.jpg,SHINee/Single/SHINee 샤이니 'Juliette (줄리엣)' MV.mp3
SHINee 샤이니 'Colorful' MV,SHINee,SMTOWN,Single,kpop-gen2,https://music.youtube.com/watch?v=a3bgxXKimGA,https://i.ytimg.com/vi/a3bgxXKimGA/maxresdefault.jpg,SHINee/Single/SHINee 샤이니 'Colorful' MV.mp3
재연 An Encore,SHINee,SHINee,Odd - The 4th Album,kpop-gen2,https://music.youtube.com/watch?v=yp-zkC2aXv0,https://i.ytimg.com/vi/yp-zkC2aXv0/maxresdefault.jpg,SHINee/Odd - The 4th Album/재연 An Encore.mp3
CØDE,SHINee,SHINee,Don't Call Me - The 7th Album,kpop-gen2,https://music.youtube.com/watch?v=KO3awomKT4c,https://i.ytimg.com/vi/KO3awomKT4c/maxresdefault.jpg,SHINee/Don't Call Me - The 7th Album/CØDE.mp3
"SHINee 샤이니 'Green Rain' (From MBC Drama ""여왕의 교실"") MV",SHINee,SMTOWN,Single,kpop-gen2,https://music.youtube.com/watch?v=Itq5xeOVKK0,https://i.ytimg.com/vi/Itq5xeOVKK0/sddefault.jpg,SHINee/Single/SHINee 샤이니 'Green Rain' (From MBC Drama 여왕의 교실) MV.mp3
투명 우산 Don’t Let Me Go,SHINee,SHINee,1 of 1 - The 5th Album,kpop-gen2,https://music.youtube.com/watch?v=LV3vxkZpUjk,https://i.ytimg.com/vi/LV3vxkZpUjk/maxresdefault.jpg,SHINee/1 of 1 - The 5th Album/투명 우산 Don’t Let Me Go.mp3
태민 (TAEMIN) - 'Veil' Dance Practice,SHINee,태민 (TAEMIN),Single,kpop-gen2,https://music.youtube.com/watch?v=suUYy1lfz0k,https://i.ytimg.com/vi/suUYy1lfz0k/maxresdefault.jpg,SHINee/Single/태민 (TAEMIN) - 'Veil' Dance Practice.mp3
SHINee 샤이니 '산소 같은 너 (Love like Oxygen)' MV,SHINee,SMTOWN,Single,kpop-gen2,https://music.youtube.com/watch?v=7_pyar0I3Rc,https://i.ytimg.com/vi/7_pyar0I3Rc/maxresdefault.jpg,SHINee/Single/SHINee 샤이니 '산소 같은 너 (Love like Oxygen)' MV.mp3
Heart Attack,SHINee,SHINee,Don't Call Me - The 7th Album,kpop-gen2,https://music.youtube.com/watch?v=F6ek_1RXrxk,https://i.ytimg.com/vi/F6ek_1RXrxk/maxresdefault.jpg,SHINee/Don't Call Me - The 7th Album/Heart Attack.mp3
SHINee 샤이니 '아.미.고 (Amigo)' MV,SHINee,SMTOWN,Single,kpop-gen2,https://music.youtube.com/watch?v=GD74n48J9p4,https://i.ytimg.com/vi/GD74n48J9p4/maxresdefault.jpg,SHINee/Single/SHINee 샤이니 '아.미.고 (Amigo)' MV.mp3
같은 자리 Area,SHINee,SHINee,Atlantis - The 7th Album Repackage,kpop-gen2,https://music.youtube.com/watch?v=0rxtCyr1UAE,https://i.ytimg.com/vi/0rxtCyr1UAE/maxresdefault.jpg,SHINee/Atlantis - The 7th Album Repackage/같은 자리 Area.mp3
너와 나의 거리 (Selene 6.23),SHINee,SHINee,SHINee The 3rd Album 'The Misconceptions Of Us',kpop-gen2,https://music.youtube.com/watch?v=nqZi3EaIakY,https://i.ytimg.com/vi/nqZi3EaIakY/maxresdefault.jpg,SHINee/SHINee The 3rd Album 'The Misconceptions Of Us'/너와 나의 거리 (Selene 6.23).mp3
Bones (Prod. Czaer),SHINee,TAEMIN,STAGE FIGHTER(STF) Original Vol.2.5,kpop-gen2,https://music.youtube.com/watch?v=YfAvjrHuZss,https://i.ytimg.com/vi/YfAvjrHuZss/maxresdefault.jpg,SHINee/STAGE FIGHTER(STF) Original Vol.2.5/Bones (Prod. Czaer).mp3
빈칸 Kind,SHINee,SHINee,Don't Call Me - The 7th Album,kpop-gen2,https://music.youtube.com/watch?v=1FOpKQr4DSM,https://i.ytimg.com/vi/1FOpKQr4DSM/maxresdefault.jpg,SHINee/Don't Call Me - The 7th Album/빈칸 Kind.mp3
Love Sick,SHINee,SHINee,Odd - The 4th Album,kpop-gen2,https://music.youtube.com/watch?v=e0nCA6G9CDU,https://i.ytimg.com/vi/e0nCA6G9CDU/maxresdefault.jpg,SHINee/Odd - The 4th Album/Love Sick.mp3
JoJo,SHINee,SHINee,"2009, Year Of Us",kpop-gen2,https://music.youtube.com/watch?v=UsCU-S5s_VI,https://i.ytimg.com/vi/UsCU-S5s_VI/maxresdefault.jpg,"SHINee/2009, Year Of Us/JoJo.mp3"
사.계.한 Love Should Go On,SHINee,SHINee,누난 너무 예뻐 Replay - The First Mini Album,kpop-gen2,https://music.youtube.com/watch?v=-31iO8cekt4,https://i.ytimg.com/vi/-31iO8cekt4/maxresdefault.jpg,SHINee/누난 너무 예뻐 Replay - The First Mini Album/사.계.한 Love Should Go On.mp3
Prism,SHINee,SHINee,1 of 1 - The 5th Album,kpop-gen2,https://music.youtube.com/watch?v=a54hRXA3wag,https://i.ytimg.com/vi/a54hRXA3wag/maxresdefault.jpg,SHINee/1 of 1 - The 5th Album/Prism.mp3
SHINee 샤이니 '방백 (Aside)' Live @13th SHINee DAY (Stage Ver.),SHINee,SHINee,Single,kpop-gen2,https://music.youtube.com/watch?v=edhlwtzKoqw,https://i.ytimg.com/vi/edhlwtzKoqw/maxresdefault.jpg,SHINee/Single/SHINee 샤이니 '방백 (Aside)' Live @13th SHINee DAY (Stage Ver.).mp3
O (Circle),SHINee,ONEW,Circle - The 1st Album,kpop-gen2,https://music.youtube.com/watch?v=7prDVG5z7TM,https://i.ytimg.com/vi/7prDVG5z7TM/maxresdefault.jpg,SHINee/Circle - The 1st Album/O (Circle).mp3
For You (아름다운 너에게),SHINee,ONEW,For You (No Office Romance! X ONEW) (Original Webtoon Soundtrack),kpop-gen2,https://music.youtube.com/watch?v=7CmkNVJJFYg,https://i.ytimg.com/vi/7CmkNVJJFYg/maxresdefault.jpg,SHINee/For You (No Office Romance! X ONEW) (Original Webtoon Soundtrack)/For You (아름다운 너에게).mp3
MAD,SHINee,ONEW,MAD,kpop-gen2,https://music.youtube.com/watch?v=CkV794BYgNs,https://i.ytimg.com/vi/CkV794BYgNs/maxresdefault.jpg,SHINee/MAD/MAD.mp3
December 32 days,SHINee,ONEW,Songstealer - December 32 days,kpop-gen2,https://music.youtube.com/watch?v=JhKh7mUx4x8,https://i.ytimg.com/vi/JhKh7mUx4x8/maxresdefault.jpg,SHINee/Songstealer - December 32 days/December 32 days.mp3
Odd Eye,SHINee,SHINee,Odd - The 4th Album,kpop-gen2,https://music.youtube.com/watch?v=RnfAO1tAsbc,https://i.ytimg.com/vi/RnfAO1tAsbc/maxresdefault.jpg,SHINee/Odd - The 4th Album/Odd Eye.mp3
월화수목금토일 (All Day),SHINee,ONEW,월화수목금토일(All Day),kpop-gen2,https://music.youtube.com/watch?v=CKtmlo22P9E,https://i.ytimg.com/vi/CKtmlo22P9E/maxresdefault.jpg,SHINee/월화수목금토일(All Day)/월화수목금토일 (All Day).mp3
SHIFT,SHINee,SHINee,1 of 1 - The 5th Album,kpop-gen2,https://music.youtube.com/watch?v=6qU6UhPfvbU,https://i.ytimg.com/vi/6qU6UhPfvbU/maxresdefault.jpg,SHINee/1 of 1 - The 5th Album/SHIFT.mp3
사.계.후 Love Still Goes On,SHINee,SHINee,Lucifer - The 2nd Album,kpop-gen2,https://music.youtube.com/watch?v=9ekJoAdzI3Q,https://i.ytimg.com/vi/9ekJoAdzI3Q/maxresdefault.jpg,SHINee/Lucifer - The 2nd Album/사.계.후 Love Still Goes On.mp3
아름다워 Beautiful,SHINee,SHINee,SHINee The 3rd Album Chapter 1. 'Dream Girl - The Misconceptions Of You',kpop-gen2,https://music.youtube.com/watch?v=gYqTzRQKgJk,https://i.ytimg.com/vi/gYqTzRQKgJk/maxresdefault.jpg,SHINee/SHINee The 3rd Album Chapter 1. 'Dream Girl - The Misconceptions Of You'/아름다워 Beautiful.mp3
독감 Who Waits For Love,SHINee,SHINee,'The Story of Light' EP.2 - The 6th Album,kpop-gen2,https://music.youtube.com/watch?v=-RwDny0RHuU,https://i.ytimg.com/vi/-RwDny0RHuU/maxresdefault.jpg,SHINee/'The Story of Light' EP.2 - The 6th Album/독감 Who Waits For Love.mp3
In My Room,SHINee,SHINee,누난 너무 예뻐 Replay - The First Mini Album,kpop-gen2,https://music.youtube.com/watch?v=EN3jIhKcujU,https://i.ytimg.com/vi/EN3jIhKcujU/maxresdefault.jpg,SHINee/누난 너무 예뻐 Replay - The First Mini Album/In My Room.mp3
히치하이킹 Hitchhiking,SHINee,SHINee,SHINee The 3rd Album Chapter 1. 'Dream Girl - The Misconceptions Of You',kpop-gen2,https://music.youtube.com/watch?v=ZYmA0riUzRg,https://i.ytimg.com/vi/ZYmA0riUzRg/maxresdefault.jpg,SHINee/SHINee The 3rd Album Chapter 1. 'Dream Girl - The Misconceptions Of You'/히치하이킹 Hitchhiking.mp3
All Day All Night,SHINee,SHINee,'The Story of Light' EP.1 - The 6th Album,kpop-gen2,https://music.youtube.com/watch?v=nZqI8NXGmRI,https://i.ytimg.com/vi/nZqI8NXGmRI/maxresdefault.jpg,SHINee/'The Story of Light' EP.1 - The 6th Album/All Day All Night.mp3
Excuse Me Miss,SHINee,SHINee,SHINee The 3rd Album Chapter 2. 'Why So Serious? - The Misconceptions Of Me',kpop-gen2,https://music.youtube.com/watch?v=kwQ0wFgcK5g,https://i.ytimg.com/vi/kwQ0wFgcK5g/maxresdefault.jpg,SHINee/SHINee The 3rd Album Chapter 2. 'Why So Serious? - The Misconceptions Of Me'/Excuse Me Miss.mp3
Romance,SHINee,SHINee,Odd - The 4th Album,kpop-gen2,https://music.youtube.com/watch?v=MBz-yaAK4gk,https://i.ytimg.com/vi/MBz-yaAK4gk/maxresdefault.jpg,SHINee/Odd - The 4th Album/Romance.mp3
상사병 Symptoms,SHINee,SHINee,The 5th Mini Album 'Everybody',kpop-gen2,https://music.youtube.com/watch?v=6tn0pvD5Ppk,https://i.ytimg.com/vi/6tn0pvD5Ppk/maxresdefault.jpg,SHINee/The 5th Mini Album 'Everybody'/상사병 Symptoms.mp3
Black Hole,SHINee,SHINee,Odd - The 4th Album,kpop-gen2,https://music.youtube.com/watch?v=_0_iXbd_4-g,https://i.ytimg.com/vi/_0_iXbd_4-g/maxresdefault.jpg,SHINee/Odd - The 4th Album/Black Hole.mp3
낯선자 Stranger (Korean Version),SHINee,SHINee,Sherlock - The 4th Mini Album,kpop-gen2,https://music.youtube.com/watch?v=uky-37rVDpE,https://i.ytimg.com/vi/uky-37rVDpE/maxresdefault.jpg,SHINee/Sherlock - The 4th Mini Album/낯선자 Stranger (Korean Version).mp3
안녕 You & I,SHINee,SHINee,'The Story of Light' EP.1 - The 6th Album,kpop-gen2,https://music.youtube.com/watch?v=54fEro2wfvE,https://i.ytimg.com/vi/54fEro2wfvE/maxresdefault.jpg,SHINee/'The Story of Light' EP.1 - The 6th Album/안녕 You & I.mp3
"잠꼬대 Please, Don't Go",SHINee,SHINee,ROMEO - The Second Mini Album,kpop-gen2,https://music.youtube.com/watch?v=X9kWaz2HPXc,https://i.ytimg.com/vi/X9kWaz2HPXc/maxresdefault.jpg,"SHINee/ROMEO - The Second Mini Album/잠꼬대 Please, Don't Go.mp3"
"소년, 소녀를 만나다 Romeo+Juliette",SHINee,SHINee,ROMEO - The Second Mini Album,kpop-gen2,https://music.youtube.com/watch?v=1RN5b1rhphk,https://i.ytimg.com/vi/1RN5b1rhphk/maxresdefault.jpg,"SHINee/ROMEO - The Second Mini Album/소년, 소녀를 만나다 Romeo+Juliette.mp3"
너의 노래가 되어 An Ode To You,SHINee,SHINee,Odd - The 4th Album,kpop-gen2,https://music.youtube.com/watch?v=5mhDiHyFE3g,https://i.ytimg.com/vi/5mhDiHyFE3g/maxresdefault.jpg,SHINee/Odd - The 4th Album/너의 노래가 되어 An Ode To You.mp3
SAVIOR,SHINee,SHINee,Married To The Music - The 4th Album Repackage,kpop-gen2,https://music.youtube.com/watch?v=KaONWOC-uRQ,https://i.ytimg.com/vi/KaONWOC-uRQ/maxresdefault.jpg,SHINee/Married To The Music - The 4th Album Repackage/SAVIOR.mp3
JUMP,SHINee,SHINee,'The Story of Light' EP.1 - The 6th Album,kpop-gen2,https://music.youtube.com/watch?v=h2YRIdPz-x8,https://i.ytimg.com/vi/h2YRIdPz-x8/maxresdefault.jpg,SHINee/'The Story of Light' EP.1 - The 6th Album/JUMP.mp3
Lock You Down (Special Track),SHINee,SHINee,'The Story of Light' EP.3 - The 6th Album,kpop-gen2,https://music.youtube.com/watch?v=x1zBQynJnyg,https://i.ytimg.com/vi/x1zBQynJnyg/maxresdefault.jpg,SHINee/'The Story of Light' EP.3 - The 6th Album/Lock You Down (Special Track).mp3
Draw (그림),SHINee,TAEMIN,Draw (No Office Romance! X TAEMIN) (Original Webtoon Soundtrack),kpop-gen2,https://music.youtube.com/watch?v=y2B37teFLbk,https://i.ytimg.com/vi/y2B37teFLbk/maxresdefault.jpg,SHINee/Draw (No Office Romance! X TAEMIN) (Original Webtoon Soundtrack)/Draw (그림).mp3
Punch Drunk Love,SHINee,SHINee,SHINee The 3rd Album Chapter 1. 'Dream Girl - The Misconceptions Of You',kpop-gen2,https://music.youtube.com/watch?v=GDZTmZp66M0,https://i.ytimg.com/vi/GDZTmZp66M0/maxresdefault.jpg,SHINee/SHINee The 3rd Album Chapter 1. 'Dream Girl - The Misconceptions Of You'/Punch Drunk Love.mp3
화살 Quasimodo,SHINee,SHINee,Lucifer - The 2nd Album,kpop-gen2,https://music.youtube.com/watch?v=ZyZqn_bRtmo,https://i.ytimg.com/vi/ZyZqn_bRtmo/maxresdefault.jpg,SHINee/Lucifer - The 2nd Album/화살 Quasimodo.mp3
So Amazing (Special Track),SHINee,SHINee,1 of 1 - The 5th Album,kpop-gen2,https://music.youtube.com/watch?v=7kvVpDugNw8,https://i.ytimg.com/vi/7kvVpDugNw8/maxresdefault.jpg,SHINee/1 of 1 - The 5th Album/So Amazing (Special Track).mp3
Tonight,SHINee,SHINee,'The Story of Light' EP.3 - The 6th Album,kpop-gen2,https://music.youtube.com/watch?v=M3kuO0gVsHw,https://i.ytimg.com/vi/M3kuO0gVsHw/maxresdefault.jpg,SHINee/'The Story of Light' EP.3 - The 6th Album/Tonight.mp3
Drive,SHINee,SHINee,'The Story of Light' EP.2 - The 6th Album,kpop-gen2,https://music.youtube.com/watch?v=jmfHZ5ldzBQ,https://i.ytimg.com/vi/jmfHZ5ldzBQ/maxresdefault.jpg,SHINee/'The Story of Light' EP.2 - The 6th Album/Drive.mp3
알람시계 Alarm Clock,SHINee,SHINee,Sherlock - The 4th Mini Album,kpop-gen2,https://music.youtube.com/watch?v=1IUIpE8x6zw,https://i.ytimg.com/vi/1IUIpE8x6zw/maxresdefault.jpg,SHINee/Sherlock - The 4th Mini Album/알람시계 Alarm Clock.mp3
Don’t Stop,SHINee,SHINee,1 of 1 - The 5th Album,kpop-gen2,https://music.youtube.com/watch?v=o_3oHrQ14f4,https://i.ytimg.com/vi/o_3oHrQ14f4/maxresdefault.jpg,SHINee/1 of 1 - The 5th Album/Don’t Stop.mp3
내 곁에만 있어 Best Place,SHINee,SHINee,The SHINee World - The 1st Album,kpop-gen2,https://music.youtube.com/watch?v=cYWPqYBmlCo,https://i.ytimg.com/vi/cYWPqYBmlCo/maxresdefault.jpg,SHINee/The SHINee World - The 1st Album/내 곁에만 있어 Best Place.mp3
Y.O.U (Year Of Us),SHINee,SHINee,"2009, Year Of Us",kpop-gen2,https://music.youtube.com/watch?v=8Bwp7sovGZc,https://i.ytimg.com/vi/8Bwp7sovGZc/maxresdefault.jpg,"SHINee/2009, Year Of Us/Y.O.U (Year Of Us).mp3"
이별의 길 Farewell My Love,SHINee,SHINee,Odd - The 4th Album,kpop-gen2,https://music.youtube.com/watch?v=kfUGY6OiUKU,https://i.ytimg.com/vi/kfUGY6OiUKU/maxresdefault.jpg,SHINee/Odd - The 4th Album/이별의 길 Farewell My Love.mp3
욕 (慾) Obsession,SHINee,SHINee,Lucifer - The 2nd Album,kpop-gen2,https://music.youtube.com/watch?v=FEn8SSaMFSw,https://i.ytimg.com/vi/FEn8SSaMFSw/maxresdefault.jpg,SHINee/Lucifer - The 2nd Album/욕 (慾) Obsession.mp3
빗 속 뉴욕 Queen Of New York,SHINee,SHINee,The 5th Mini Album 'Everybody',kpop-gen2,https://music.youtube.com/watch?v=kZfzaxyRpCk,https://i.ytimg.com/vi/kZfzaxyRpCk/maxresdefault.jpg,SHINee/The 5th Mini Album 'Everybody'/빗 속 뉴욕 Queen Of New York.mp3
Dangerous (Medusa Ⅱ),SHINee,SHINee,SHINee The 3rd Album Chapter 2. 'Why So Serious? - The Misconceptions Of Me',kpop-gen2,https://music.youtube.com/watch?v=acZLZsiY9TQ,https://i.ytimg.com/vi/acZLZsiY9TQ/maxresdefault.jpg,SHINee/SHINee The 3rd Album Chapter 2. 'Why So Serious? - The Misconceptions Of Me'/Dangerous (Medusa Ⅱ).mp3
If You Love Her,SHINee,SHINee,1 and 1 - The 5th Album Repackage,kpop-gen2,https://music.youtube.com/watch?v=-WJiVBgC5mA,https://i.ytimg.com/vi/-WJiVBgC5mA/maxresdefault.jpg,SHINee/1 and 1 - The 5th Album Repackage/If You Love Her.mp3
별빛 바램 Wish Upon a Star,SHINee,SHINee,1 and 1 - The 5th Album Repackage,kpop-gen2,https://music.youtube.com/watch?v=krl1CR17lsI,https://i.ytimg.com/vi/krl1CR17lsI/maxresdefault.jpg,SHINee/1 and 1 - The 5th Album Repackage/별빛 바램 Wish Upon a Star.mp3
혜야 Y Si Fuera Ella,SHINee,SHINee,Amigo - The 1st Album Repackage,kpop-gen2,https://music.youtube.com/watch?v=jGwGlQnFYEs,https://i.ytimg.com/vi/jGwGlQnFYEs/maxresdefault.jpg,SHINee/Amigo - The 1st Album Repackage/혜야 Y Si Fuera Ella.mp3
눈을 감아보면 Four Seasons,SHINee,SHINee,The SHINee World - The 1st Album,kpop-gen2,https://music.youtube.com/watch?v=JkMJQqxLPW0,https://i.ytimg.com/vi/JkMJQqxLPW0/maxresdefault.jpg,SHINee/The SHINee World - The 1st Album/눈을 감아보면 Four Seasons.mp3
Spoiler,SHINee,SHINee,SHINee The 3rd Album 'The Misconceptions Of Us',kpop-gen2,https://music.youtube.com/watch?v=j3gq0d0UmJE,https://i.ytimg.com/vi/j3gq0d0UmJE/maxresdefault.jpg,SHINee/SHINee The 3rd Album 'The Misconceptions Of Us'/Spoiler.mp3
다이너마이트 Dynamite,SHINee,SHINee,SHINee The 3rd Album 'The Misconceptions Of Us',kpop-gen2,https://music.youtube.com/watch?v=bVUxlXvUK10,https://i.ytimg.com/vi/bVUxlXvUK10/maxresdefault.jpg,SHINee/SHINee The 3rd Album 'The Misconceptions Of Us'/다이너마이트 Dynamite.mp3
떠나지 못해 Sleepless Night,SHINee,SHINee,SHINee The 3rd Album 'The Misconceptions Of Us',kpop-gen2,https://music.youtube.com/watch?v=_wmvWw7ogdE,https://i.ytimg.com/vi/_wmvWw7ogdE/maxresdefault.jpg,SHINee/SHINee The 3rd Album 'The Misconceptions Of Us'/떠나지 못해 Sleepless Night.mp3
Like A Fire,SHINee,SHINee,SHINee The 3rd Album 'The Misconceptions Of Us',kpop-gen2,https://music.youtube.com/watch?v=lkC6Y9Z5ahM,https://i.ytimg.com/vi/lkC6Y9Z5ahM/maxresdefault.jpg,SHINee/SHINee The 3rd Album 'The Misconceptions Of Us'/Like A Fire.mp3
"Girls, Girls, Girls",SHINee,SHINee,SHINee The 3rd Album 'The Misconceptions Of Us',kpop-gen2,https://music.youtube.com/watch?v=2YOYRsYEAc4,https://i.ytimg.com/vi/2YOYRsYEAc4/maxresdefault.jpg,"SHINee/SHINee The 3rd Album 'The Misconceptions Of Us'/Girls, Girls, Girls.mp3"
Woof Woof,SHINee,SHINee,Married To The Music - The 4th Album Repackage,kpop-gen2,https://music.youtube.com/watch?v=5TM98ipvTKs,https://i.ytimg.com/vi/5TM98ipvTKs/maxresdefault.jpg,SHINee/Married To The Music - The 4th Album Repackage/Woof Woof.mp3
주문-MIROTIC (Original Version),TVXQ!,TVXQ!,MIROTIC - The 4th Album,kpop-gen2,https://music.youtube.com/watch?v=Z9Lh6WCl5e8,https://i.ytimg.com/vi/Z9Lh6WCl5e8/maxresdefault.jpg,TVXQ!/MIROTIC - The 4th Album/주문-MIROTIC (Original Version).mp3
풍선 Balloons,TVXQ!,TVXQ!,"""O""-正.反.合. - The 3rd Album",kpop-gen2,https://music.youtube.com/watch?v=hF2AKRvSMeE,https://i.ytimg.com/vi/hF2AKRvSMeE/maxresdefault.jpg,TVXQ!/O-正.反.合. - The 3rd Album/풍선 Balloons.mp3
순수 Rising Sun,TVXQ!,TVXQ!,Rising Sun - 2nd Album,kpop-gen2,https://music.youtube.com/watch?v=krNW5K6AjWM,https://i.ytimg.com/vi/krNW5K6AjWM/maxresdefault.jpg,TVXQ!/Rising Sun - 2nd Album/순수 Rising Sun.mp3
Hug 포옹,TVXQ!,TVXQ!,Tri-Angle - The 1st Album,kpop-gen2,https://music.youtube.com/watch?v=6cniFwhVV_U,https://i.ytimg.com/vi/6cniFwhVV_U/maxresdefault.jpg,TVXQ!/Tri-Angle - The 1st Album/Hug 포옹.mp3
왜 Keep Your Head Down,TVXQ!,TVXQ!,왜 Keep Your Head Down,kpop-gen2,https://music.youtube.com/watch?v=GigzT9VGOVs,https://i.ytimg.com/vi/GigzT9VGOVs/maxresdefault.jpg,TVXQ!/왜 Keep Your Head Down/왜 Keep Your Head Down.mp3
Love In The Ice,TVXQ!,TVXQ!,MIROTIC - The 4th Album,kpop-gen2,https://music.youtube.com/watch?v=vspM47RersU,https://i.ytimg.com/vi/vspM47RersU/maxresdefault.jpg,TVXQ!/MIROTIC - The 4th Album/Love In The Ice.mp3
O -正.反.合. (정반합),TVXQ!,TVXQ!,"""O""-正.反.合. - The 3rd Album",kpop-gen2,https://music.youtube.com/watch?v=4zuwkfiTCDw,https://i.ytimg.com/vi/4zuwkfiTCDw/maxresdefault.jpg,TVXQ!/O-正.反.合. - The 3rd Album/O -正.反.合. (정반합).mp3
Catch Me,TVXQ!,TVXQ!,Catch Me - The 6th Album,kpop-gen2,https://music.youtube.com/watch?v=fjt9N162TOo,https://i.ytimg.com/vi/fjt9N162TOo/maxresdefault.jpg,TVXQ!/Catch Me - The 6th Album/Catch Me.mp3
The Way U Are,TVXQ!,TVXQ!,Tri-Angle - The 1st Album,kpop-gen2,https://music.youtube.com/watch?v=uQWgzVXAH70,https://i.ytimg.com/vi/uQWgzVXAH70/maxresdefault.jpg,TVXQ!/Tri-Angle - The 1st Album/The Way U Are.mp3
Hi Ya Ya 여름날,TVXQ!,TVXQ!,2005 Summer Single 'Hi Ya Ya 여름날',kpop-gen2,https://music.youtube.com/watch?v=56wR47e0FW8,https://i.ytimg.com/vi/56wR47e0FW8/maxresdefault.jpg,TVXQ!/2005 Summer Single 'Hi Ya Ya 여름날'/Hi Ya Ya 여름날.mp3
그리고… Holding Back The Tears,TVXQ!,TVXQ!,극장드라마 'Vacation' (Original Sound Track),kpop-gen2,https://music.youtube.com/watch?v=__RVntDYPZw,https://i.ytimg.com/vi/__RVntDYPZw/maxresdefault.jpg,TVXQ!/극장드라마 'Vacation' (Original Sound Track)/그리고… Holding Back The Tears.mp3
믿어요,TVXQ!,TVXQ!,Tri-Angle - The 1st Album,kpop-gen2,https://music.youtube.com/watch?v=uFCNc44NqNs,https://i.ytimg.com/vi/uFCNc44NqNs/maxresdefault.jpg,TVXQ!/Tri-Angle - The 1st Album/믿어요.mp3
LOVE is...,TVXQ!,TVXQ!,Rising Sun - 2nd Album,kpop-gen2,https://music.youtube.com/watch?v=exkC7ql3tgw,https://i.ytimg.com/vi/exkC7ql3tgw/maxresdefault.jpg,TVXQ!/Rising Sun - 2nd Album/LOVE is....mp3
Wrong Number,TVXQ!,TVXQ!,MIROTIC - The 4th Album,kpop-gen2,https://music.youtube.com/watch?v=YdJ88zAmpMw,https://i.ytimg.com/vi/YdJ88zAmpMw/maxresdefault.jpg,TVXQ!/MIROTIC - The 4th Album/Wrong Number.mp3
Show Me Your Love,TVXQ!,"TVXQ!, SUPER JUNIOR",Show Me Your Love,kpop-gen2,https://music.youtube.com/watch?v=o5oNEQ12yuk,https://i.ytimg.com/vi/o5oNEQ12yuk/maxresdefault.jpg,TVXQ!/Show Me Your Love/Show Me Your Love.mp3
운명 The Chance of Love,TVXQ!,TVXQ!,New Chapter #1: The Chance of Love - The 8th Album,kpop-gen2,https://music.youtube.com/watch?v=WezXtenD11Y,https://i.ytimg.com/vi/WezXtenD11Y/maxresdefault.jpg,TVXQ!/New Chapter #1_ The Chance of Love - The 8th Album/운명 The Chance of Love.mp3
Crazy Love,TVXQ!,TVXQ!,MIROTIC - The 4th Album,kpop-gen2,https://music.youtube.com/watch?v=tzK_aV74718,https://i.ytimg.com/vi/tzK_aV74718/maxresdefault.jpg,TVXQ!/MIROTIC - The 4th Album/Crazy Love.mp3
Tonight,TVXQ!,TVXQ!,Rising Sun - 2nd Album,kpop-gen2,https://music.youtube.com/watch?v=xJueQTdibls,https://i.ytimg.com/vi/xJueQTdibls/maxresdefault.jpg,TVXQ!/Rising Sun - 2nd Album/Tonight.mp3
TRI-ANGLE (Extended Version),TVXQ!,"TVXQ!, BoA, TRAX",Tri-Angle - The 1st Album,kpop-gen2,https://music.youtube.com/watch?v=VNqzOzBAYas,https://i.ytimg.com/vi/VNqzOzBAYas/maxresdefault.jpg,TVXQ!/Tri-Angle - The 1st Album/TRI-ANGLE (Extended Version).mp3
One,TVXQ!,TVXQ!,Rising Sun - 2nd Album,kpop-gen2,https://music.youtube.com/watch?v=GmKaIkXokEM,https://i.ytimg.com/vi/GmKaIkXokEM/maxresdefault.jpg,TVXQ!/Rising Sun - 2nd Album/One.mp3
너희들 것이니까 I Wish...,TVXQ!,TVXQ!,2005 Summer Single 'Hi Ya Ya 여름날',kpop-gen2,https://music.youtube.com/watch?v=qfMNj9O7eBo,https://i.ytimg.com/vi/qfMNj9O7eBo/maxresdefault.jpg,TVXQ!/2005 Summer Single 'Hi Ya Ya 여름날'/너희들 것이니까 I Wish....mp3
세상에 단 하나뿐인 마음 You're My Miracle,TVXQ!,TVXQ!,"""O""-正.反.合. - The 3rd Album",kpop-gen2,https://music.youtube.com/watch?v=KCAdgdtLeuU,https://i.ytimg.com/vi/KCAdgdtLeuU/maxresdefault.jpg,TVXQ!/O-正.反.合. - The 3rd Album/세상에 단 하나뿐인 마음 You're My Miracle.mp3
Psycho,TVXQ!,TVXQ!,"2025 SMTOWN : THE CULTURE, THE FUTURE",kpop-gen2,https://music.youtube.com/watch?v=TUkxa05ZsG0,https://i.ytimg.com/vi/TUkxa05ZsG0/maxresdefault.jpg,"TVXQ!/2025 SMTOWN _ THE CULTURE, THE FUTURE/Psycho.mp3"
넌 나의 노래 You're My Melody,TVXQ!,TVXQ!,MIROTIC - The 4th Album,kpop-gen2,https://music.youtube.com/watch?v=tLiXnIs_cDg,https://i.ytimg.com/vi/tLiXnIs_cDg/maxresdefault.jpg,TVXQ!/MIROTIC - The 4th Album/넌 나의 노래 You're My Melody.mp3
Don't Say Goodbye,TVXQ!,TVXQ!,MIROTIC - The 4th Album Special Edition,kpop-gen2,https://music.youtube.com/watch?v=uPsQOT6DM98,https://i.ytimg.com/vi/uPsQOT6DM98/maxresdefault.jpg,TVXQ!/MIROTIC - The 4th Album Special Edition/Don't Say Goodbye.mp3
Rebel,TVXQ!,TVXQ!,20 & 2 - The 9th Album,kpop-gen2,https://music.youtube.com/watch?v=mLjKi5q3mz8,https://i.ytimg.com/vi/mLjKi5q3mz8/maxresdefault.jpg,TVXQ!/20 & 2 - The 9th Album/Rebel.mp3
바보 Unforgettable,TVXQ!,TVXQ!,Rising Sun - 2nd Album,kpop-gen2,https://music.youtube.com/watch?v=HD7DOj1uj6k,https://i.ytimg.com/vi/HD7DOj1uj6k/maxresdefault.jpg,TVXQ!/Rising Sun - 2nd Album/바보 Unforgettable.mp3
이것만은 알고 가 Before U Go,TVXQ!,TVXQ!,이것만은 알고 가 - 왜 Keep Your Head Down Repackage,kpop-gen2,https://music.youtube.com/watch?v=hT6OzkEGPN0,https://i.ytimg.com/vi/hT6OzkEGPN0/maxresdefault.jpg,TVXQ!/이것만은 알고 가 - 왜 Keep Your Head Down Repackage/이것만은 알고 가 Before U Go.mp3
Something,TVXQ!,TVXQ!,TENSE - The 7th Album,kpop-gen2,https://music.youtube.com/watch?v=-5_DIoCoO7o,https://i.ytimg.com/vi/-5_DIoCoO7o/maxresdefault.jpg,TVXQ!/TENSE - The 7th Album/Something.mp3
Humanoids,TVXQ!,TVXQ!,Humanoids - The 6th Album Repackage,kpop-gen2,https://music.youtube.com/watch?v=MZi42nTIPY8,https://i.ytimg.com/vi/MZi42nTIPY8/maxresdefault.jpg,TVXQ!/Humanoids - The 6th Album Repackage/Humanoids.mp3
B.U.T (BE-AU-TY),TVXQ!,TVXQ,TONE,kpop-gen2,https://music.youtube.com/watch?v=TE253rGmiCY,https://i.ytimg.com/vi/TE253rGmiCY/maxresdefault.jpg,TVXQ!/TONE/B.U.T (BE-AU-TY).mp3
주문 MIROTIC (Acoustic Version),TVXQ!,TVXQ!,MIROTIC - The 4th Album Special Edition,kpop-gen2,https://music.youtube.com/watch?v=1E9iNh4QK8I,https://i.ytimg.com/vi/1E9iNh4QK8I/maxresdefault.jpg,TVXQ!/MIROTIC - The 4th Album Special Edition/주문 MIROTIC (Acoustic Version).mp3
노을..바라보다 Picture Of You,TVXQ!,TVXQ!,MIROTIC - The 4th Album,kpop-gen2,https://music.youtube.com/watch?v=VGO1tX8xGN8,https://i.ytimg.com/vi/VGO1tX8xGN8/maxresdefault.jpg,TVXQ!/MIROTIC - The 4th Album/노을..바라보다 Picture Of You.mp3
My Little Princess 있잖아요...,TVXQ!,TVXQ!,Tri-Angle - The 1st Album,kpop-gen2,https://music.youtube.com/watch?v=Xxs6kaggm1Y,https://i.ytimg.com/vi/Xxs6kaggm1Y/maxresdefault.jpg,TVXQ!/Tri-Angle - The 1st Album/My Little Princess 있잖아요....mp3
Hey! (Don't Bring Me Down),TVXQ!,TVXQ!,MIROTIC - The 4th Album,kpop-gen2,https://music.youtube.com/watch?v=l2lDzulaEpA,https://i.ytimg.com/vi/l2lDzulaEpA/maxresdefault.jpg,TVXQ!/MIROTIC - The 4th Album/Hey! (Don't Bring Me Down).mp3
Why? (Keep Your Head Down),TVXQ!,TVXQ,TONE,kpop-gen2,https://music.youtube.com/watch?v=s074TWNeVlk,https://i.ytimg.com/vi/s074TWNeVlk/maxresdefault.jpg,TVXQ!/TONE/Why? (Keep Your Head Down).mp3
Down,TVXQ!,TVXQ!,20 & 2 - The 9th Album,kpop-gen2,https://music.youtube.com/watch?v=GetvNabsHU8,https://i.ytimg.com/vi/GetvNabsHU8/maxresdefault.jpg,TVXQ!/20 & 2 - The 9th Album/Down.mp3
Beautiful Life,TVXQ!,TVXQ!,Rising Sun - 2nd Album,kpop-gen2,https://music.youtube.com/watch?v=p5miQ-vXqLU,https://i.ytimg.com/vi/p5miQ-vXqLU/maxresdefault.jpg,TVXQ!/Rising Sun - 2nd Album/Beautiful Life.mp3
Whatever They Say,TVXQ!,TVXQ!,The way U are,kpop-gen2,https://music.youtube.com/watch?v=JZpjAtKodfo,https://i.ytimg.com/vi/JZpjAtKodfo/maxresdefault.jpg,TVXQ!/The way U are/Whatever They Say.mp3
Epitaph ~for the future~,TVXQ!,TOHOSHINKI,Epitaph,kpop-gen2,https://music.youtube.com/watch?v=kH2AmYIGWMk,https://i.ytimg.com/vi/kH2AmYIGWMk/maxresdefault.jpg,TVXQ!/Epitaph/Epitaph ~for the future~.mp3
지금처럼,TVXQ!,TVXQ!,Tri-Angle - The 1st Album,kpop-gen2,https://music.youtube.com/watch?v=Ql5JeIaCCkU,https://i.ytimg.com/vi/Ql5JeIaCCkU/maxresdefault.jpg,TVXQ!/Tri-Angle - The 1st Album/지금처럼.mp3
Reboot,TVXQ!,TOHOSHINKI,TOMORROW,kpop-gen2,https://music.youtube.com/watch?v=kGI93AfSxKc,https://i.ytimg.com/vi/kGI93AfSxKc/sddefault.jpg,TVXQ!/TOMORROW/Reboot.mp3
DAISUKIDATTA,TVXQ!,"TOHOSHINKI, Jean Yves Ducornet/Benjamin Groff/Calanit Ledani, H.U.B.",Jealous,kpop-gen2,https://music.youtube.com/watch?v=_PAVe-CbzYU,https://i.ytimg.com/vi/_PAVe-CbzYU/sddefault.jpg,TVXQ!/Jealous/DAISUKIDATTA.mp3
I'll Be There,TVXQ!,TVXQ!,"""O""-正.反.合. - The 3rd Album",kpop-gen2,https://music.youtube.com/watch?v=SToPMfmW5wI,https://i.ytimg.com/vi/SToPMfmW5wI/maxresdefault.jpg,TVXQ!/O-正.反.合. - The 3rd Album/I'll Be There.mp3
Asuhakurukara ～TOMORROW Version～,TVXQ!,TOHOSHINKI,TOMORROW,kpop-gen2,https://music.youtube.com/watch?v=TDwOM3HCLSU,https://i.ytimg.com/vi/TDwOM3HCLSU/sddefault.jpg,TVXQ!/TOMORROW/Asuhakurukara ～TOMORROW Version～.mp3
I Never Let Go,TVXQ!,TVXQ!,Tri-Angle - The 1st Album,kpop-gen2,https://music.youtube.com/watch?v=ADJPvVedBkY,https://i.ytimg.com/vi/ADJPvVedBkY/maxresdefault.jpg,TVXQ!/Tri-Angle - The 1st Album/I Never Let Go.mp3
수리수리 Spellbound,TVXQ!,TVXQ!,TVXQ! 7th Album '수리수리 Spellbound' (Repackage),kpop-gen2,https://music.youtube.com/watch?v=-_Rxt2hUeQc,https://i.ytimg.com/vi/-_Rxt2hUeQc/maxresdefault.jpg,TVXQ!/TVXQ! 7th Album '수리수리 Spellbound' (Repackage)/수리수리 Spellbound.mp3
넌 언제나,TVXQ!,TVXQ!,Tri-Angle - The 1st Album,kpop-gen2,https://music.youtube.com/watch?v=wKTNj6EItaM,https://i.ytimg.com/vi/wKTNj6EItaM/maxresdefault.jpg,TVXQ!/Tri-Angle - The 1st Album/넌 언제나.mp3
악녀 Are You A Good Girl?,TVXQ!,TVXQ!,MIROTIC - The 4th Album,kpop-gen2,https://music.youtube.com/watch?v=-x9q7GEVvWU,https://i.ytimg.com/vi/-x9q7GEVvWU/maxresdefault.jpg,TVXQ!/MIROTIC - The 4th Album/악녀 Are You A Good Girl?.mp3
사랑 안녕 사랑 Love Bye Love,TVXQ!,TVXQ!,MIROTIC - The 4th Album Special Edition,kpop-gen2,https://music.youtube.com/watch?v=NbR4wKBB7mY,https://i.ytimg.com/vi/NbR4wKBB7mY/maxresdefault.jpg,TVXQ!/MIROTIC - The 4th Album Special Edition/사랑 안녕 사랑 Love Bye Love.mp3
사랑아 울지마 Don't Cry My Lover,TVXQ!,TVXQ!,MIROTIC - The 4th Album Special Edition,kpop-gen2,https://music.youtube.com/watch?v=1PDmOqraVEE,https://i.ytimg.com/vi/1PDmOqraVEE/maxresdefault.jpg,TVXQ!/MIROTIC - The 4th Album Special Edition/사랑아 울지마 Don't Cry My Lover.mp3
Truth,TVXQ!,TVXQ!,New Chapter #2 : The Truth of Love - 15th Anniversary Special Album,kpop-gen2,https://music.youtube.com/watch?v=DMcPJO51iBo,https://i.ytimg.com/vi/DMcPJO51iBo/maxresdefault.jpg,TVXQ!/New Chapter #2 _ The Truth of Love - 15th Anniversary Special Album/Truth.mp3
Flower Lady,TVXQ!,TVXQ!,MIROTIC - The 4th Album,kpop-gen2,https://music.youtube.com/watch?v=M2KfKlQawlU,https://i.ytimg.com/vi/M2KfKlQawlU/maxresdefault.jpg,TVXQ!/MIROTIC - The 4th Album/Flower Lady.mp3
Sakuramichi,TVXQ!,TVXQ,サクラミチ,kpop-gen2,https://music.youtube.com/watch?v=pEOtUauxF2Q,https://i.ytimg.com/vi/pEOtUauxF2Q/maxresdefault.jpg,TVXQ!/サクラミチ/Sakuramichi.mp3
작은 고백 Love Is All I Need,TVXQ!,TVXQ!,Rising Sun - 2nd Album,kpop-gen2,https://music.youtube.com/watch?v=kqxeeig47pA,https://i.ytimg.com/vi/kqxeeig47pA/maxresdefault.jpg,TVXQ!/Rising Sun - 2nd Album/작은 고백 Love Is All I Need.mp3
Duet,TVXQ!,TVXQ,TONE,kpop-gen2,https://music.youtube.com/watch?v=rN60H5rbAH8,https://i.ytimg.com/vi/rN60H5rbAH8/maxresdefault.jpg,TVXQ!/TONE/Duet.mp3
Beautiful Thing,TVXQ!,TVXQ!,극장드라마 'Vacation' (Original Sound Track),kpop-gen2,https://music.youtube.com/watch?v=81USVEvzdXE,https://i.ytimg.com/vi/81USVEvzdXE/maxresdefault.jpg,TVXQ!/극장드라마 'Vacation' (Original Sound Track)/Beautiful Thing.mp3
SHE,TVXQ!,TVXQ!,왜 Keep Your Head Down,kpop-gen2,https://music.youtube.com/watch?v=p9_NxxH3qIE,https://i.ytimg.com/vi/p9_NxxH3qIE/maxresdefault.jpg,TVXQ!/왜 Keep Your Head Down/SHE.mp3
약속했던 그때에 Always There...,TVXQ!,TVXQ!,Rising Sun - 2nd Album,kpop-gen2,https://music.youtube.com/watch?v=03wNnaqblVE,https://i.ytimg.com/vi/03wNnaqblVE/maxresdefault.jpg,TVXQ!/Rising Sun - 2nd Album/약속했던 그때에 Always There....mp3
평행선 Love Line,TVXQ!,TVXQ!,New Chapter #1: The Chance of Love - The 8th Album,kpop-gen2,https://music.youtube.com/watch?v=PoqjdBfYwq8,https://i.ytimg.com/vi/PoqjdBfYwq8/maxresdefault.jpg,TVXQ!/New Chapter #1_ The Chance of Love - The 8th Album/평행선 Love Line.mp3
ANDROID,TVXQ!,TVXQ,TIME,kpop-gen2,https://music.youtube.com/watch?v=QaPSpqvOufA,https://i.ytimg.com/vi/QaPSpqvOufA/maxresdefault.jpg,TVXQ!/TIME/ANDROID.mp3
Small Talk,TVXQ!,TOHOSHINKI,Epitaph,kpop-gen2,https://music.youtube.com/watch?v=6OyLsz8f2k4,https://i.ytimg.com/vi/6OyLsz8f2k4/maxresdefault.jpg,TVXQ!/Epitaph/Small Talk.mp3
STILL,TVXQ!,TVXQ,TIME,kpop-gen2,https://music.youtube.com/watch?v=_456F0-IWkY,https://i.ytimg.com/vi/_456F0-IWkY/maxresdefault.jpg,TVXQ!/TIME/STILL.mp3
내 여자친구가 되어줄래?,TVXQ!,TVXQ!,Tri-Angle - The 1st Album,kpop-gen2,https://music.youtube.com/watch?v=D5zxuKKlkOM,https://i.ytimg.com/vi/D5zxuKKlkOM/maxresdefault.jpg,TVXQ!/Tri-Angle - The 1st Album/내 여자친구가 되어줄래?.mp3
BeginAgainVersion,TVXQ!,TOHOSHINKI,TOMORROW,kpop-gen2,https://music.youtube.com/watch?v=wxZDzUKDY38,https://i.ytimg.com/vi/wxZDzUKDY38/sddefault.jpg,TVXQ!/TOMORROW/BeginAgainVersion.mp3
마법의 성 Magic Castle,TVXQ!,TVXQ!,Christmas gift from TVXQ!,kpop-gen2,https://music.youtube.com/watch?v=Z64R88fptfA,https://i.ytimg.com/vi/Z64R88fptfA/maxresdefault.jpg,TVXQ!/Christmas gift from TVXQ!/마법의 성 Magic Castle.mp3
Spinning,TVXQ!,TVXQ,WITH,kpop-gen2,https://music.youtube.com/watch?v=avKAhJde3i0,https://i.ytimg.com/vi/avKAhJde3i0/maxresdefault.jpg,TVXQ!/WITH/Spinning.mp3
ON & ON,TVXQ!,TVXQ!,"""O""-正.反.合. - The 3rd Album",kpop-gen2,https://music.youtube.com/watch?v=TVAF8R2TbtQ,https://i.ytimg.com/vi/TVAF8R2TbtQ/maxresdefault.jpg,TVXQ!/O-正.反.合. - The 3rd Album/ON & ON.mp3
夜話 City Lights (feat. TAEYONG),TVXQ!,"TVXQ!, TAEYONG",New Chapter #2 : The Truth of Love - 15th Anniversary Special Album,kpop-gen2,https://music.youtube.com/watch?v=JezJA9wDCPU,https://i.ytimg.com/vi/JezJA9wDCPU/maxresdefault.jpg,TVXQ!/New Chapter #2 _ The Truth of Love - 15th Anniversary Special Album/夜話 City Lights (feat. TAEYONG).mp3
Hey! Girl,TVXQ!,TVXQ!,"""O""-正.反.合. - The 3rd Album",kpop-gen2,https://music.youtube.com/watch?v=I-EhIDYoGwg,https://i.ytimg.com/vi/I-EhIDYoGwg/maxresdefault.jpg,TVXQ!/O-正.反.合. - The 3rd Album/Hey! Girl.mp3
MAXIMUM,TVXQ!,TVXQ!,왜 Keep Your Head Down,kpop-gen2,https://music.youtube.com/watch?v=QWKkc3JwRAE,https://i.ytimg.com/vi/QWKkc3JwRAE/maxresdefault.jpg,TVXQ!/왜 Keep Your Head Down/MAXIMUM.mp3
Free Your Mind,TVXQ!,TVXQ!,Rising Sun - 2nd Album,kpop-gen2,https://music.youtube.com/watch?v=XkyS9osvl-E,https://i.ytimg.com/vi/XkyS9osvl-E/maxresdefault.jpg,TVXQ!/Rising Sun - 2nd Album/Free Your Mind.mp3
꼬마야,TVXQ!,TVXQ!,Tri-Angle - The 1st Album,kpop-gen2,https://music.youtube.com/watch?v=n2oGhv-mxjs,https://i.ytimg.com/vi/n2oGhv-mxjs/maxresdefault.jpg,TVXQ!/Tri-Angle - The 1st Album/꼬마야.mp3
My Little Princess (Acappella Version),TVXQ!,TVXQ!,Hug 포옹,kpop-gen2,https://music.youtube.com/watch?v=0VVFD0KOlT4,https://i.ytimg.com/vi/0VVFD0KOlT4/maxresdefault.jpg,TVXQ!/Hug 포옹/My Little Princess (Acappella Version).mp3
Champion,TVXQ!,TVXQ,TREE,kpop-gen2,https://music.youtube.com/watch?v=MPuv_jopPCg,https://i.ytimg.com/vi/MPuv_jopPCg/maxresdefault.jpg,TVXQ!/TREE/Champion.mp3
OCEAN,TVXQ!,TVXQ,TREE,kpop-gen2,https://music.youtube.com/watch?v=7bkXGhZpfGQ,https://i.ytimg.com/vi/7bkXGhZpfGQ/maxresdefault.jpg,TVXQ!/TREE/OCEAN.mp3
Thanks to,TVXQ!,TVXQ!,Tri-Angle - The 1st Album,kpop-gen2,https://music.youtube.com/watch?v=Qb5KAsw7Dq0,https://i.ytimg.com/vi/Qb5KAsw7Dq0/maxresdefault.jpg,TVXQ!/Tri-Angle - The 1st Album/Thanks to.mp3
You Only Love,TVXQ!,TVXQ!,"""O""-正.反.合. - The 3rd Album",kpop-gen2,https://music.youtube.com/watch?v=u6AQHTrF158,https://i.ytimg.com/vi/u6AQHTrF158/maxresdefault.jpg,TVXQ!/O-正.反.合. - The 3rd Album/You Only Love.mp3
내가 허락할 테니 Love Is Never Gone,TVXQ!,TVXQ!,Rising Sun - 2nd Album,kpop-gen2,https://music.youtube.com/watch?v=Gd5JGBcOzQk,https://i.ytimg.com/vi/Gd5JGBcOzQk/maxresdefault.jpg,TVXQ!/Rising Sun - 2nd Album/내가 허락할 테니 Love Is Never Gone.mp3
The Way U Are (Unplugged Version),TVXQ!,TVXQ!,20 & 2 - The 9th Album,kpop-gen2,https://music.youtube.com/watch?v=tJ3UibrK4_s,https://i.ytimg.com/vi/tJ3UibrK4_s/maxresdefault.jpg,TVXQ!/20 & 2 - The 9th Album/The Way U Are (Unplugged Version).mp3
Chandelier,TVXQ!,TVXQ,WITH,kpop-gen2,https://music.youtube.com/watch?v=qLKb77RpmkU,https://i.ytimg.com/vi/qLKb77RpmkU/maxresdefault.jpg,TVXQ!/WITH/Chandelier.mp3
샴페인 Champagne (U-Know Solo),TVXQ!,TVXQ!,Rise As God - TVXQ! Special Album,kpop-gen2,https://music.youtube.com/watch?v=IiSjQPcmWJY,https://i.ytimg.com/vi/IiSjQPcmWJY/maxresdefault.jpg,TVXQ!/Rise As God - TVXQ! Special Album/샴페인 Champagne (U-Know Solo).mp3
How Are You,TVXQ!,TVXQ!,Catch Me - The 6th Album,kpop-gen2,https://music.youtube.com/watch?v=b2lCRiZFU88,https://i.ytimg.com/vi/b2lCRiZFU88/maxresdefault.jpg,TVXQ!/Catch Me - The 6th Album/How Are You.mp3
Jealous,TVXQ!,"TOHOSHINKI, Chris Wahle/Didrik Thott/Chris Meyer, H.U.B.",Jealous,kpop-gen2,https://music.youtube.com/watch?v=SRmxv9jieb0,https://i.ytimg.com/vi/SRmxv9jieb0/sddefault.jpg,TVXQ!/Jealous/Jealous.mp3
TREE OF LIFE,TVXQ!,TVXQ,TREE,kpop-gen2,https://music.youtube.com/watch?v=c0kJU0v2wGM,https://i.ytimg.com/vi/c0kJU0v2wGM/maxresdefault.jpg,TVXQ!/TREE/TREE OF LIFE.mp3
Hot Hot Hot,TVXQ!,TVXQ!,Hot Hot Hot / ミラーズ,kpop-gen2,https://music.youtube.com/watch?v=Fqr3wH495X8,https://i.ytimg.com/vi/Fqr3wH495X8/maxresdefault.jpg,TVXQ!/Hot Hot Hot _ ミラーズ/Hot Hot Hot.mp3
잊혀진 계절 Forgotten Season,TVXQ!,TVXQ!,MIROTIC - The 4th Album,kpop-gen2,https://music.youtube.com/watch?v=oi9tq_sO3Bs,https://i.ytimg.com/vi/oi9tq_sO3Bs/maxresdefault.jpg,TVXQ!/MIROTIC - The 4th Album/잊혀진 계절 Forgotten Season.mp3
Dangerous Mind,TVXQ!,TVXQ!,Rising Sun - 2nd Album,kpop-gen2,https://music.youtube.com/watch?v=_H5GxGprfFk,https://i.ytimg.com/vi/_H5GxGprfFk/maxresdefault.jpg,TVXQ!/Rising Sun - 2nd Album/Dangerous Mind.mp3
Jungle,TVXQ!,TVXQ!,20 & 2 - The 9th Album,kpop-gen2,https://music.youtube.com/watch?v=URxGXEk21eg,https://i.ytimg.com/vi/URxGXEk21eg/maxresdefault.jpg,TVXQ!/20 & 2 - The 9th Album/Jungle.mp3
소원 Wish,TVXQ!,TVXQ!,MIROTIC - The 4th Album Special Edition,kpop-gen2,https://music.youtube.com/watch?v=iUOa162i_uw,https://i.ytimg.com/vi/iUOa162i_uw/maxresdefault.jpg,TVXQ!/MIROTIC - The 4th Album Special Edition/소원 Wish.mp3
Guilty,TVXQ!,TOHOSHINKI,XV,kpop-gen2,https://music.youtube.com/watch?v=Fn1M0_8rFBU,https://i.ytimg.com/vi/Fn1M0_8rFBU/maxresdefault.jpg,TVXQ!/XV/Guilty.mp3
여우비 Like weather ((TVXQ Version) [Bonus Track]),TVXQ!,TVXQ!,Rising Sun - The 1st Live Concert,kpop-gen2,https://music.youtube.com/watch?v=GxnSCwzO-dk,https://i.ytimg.com/vi/GxnSCwzO-dk/maxresdefault.jpg,TVXQ!/Rising Sun - The 1st Live Concert/여우비 Like weather ((TVXQ Version) [Bonus Track]).mp3
Sweat,TVXQ!,TVXQ,WITH,kpop-gen2,https://music.youtube.com/watch?v=7NmA4Q01xaw,https://i.ytimg.com/vi/7NmA4Q01xaw/maxresdefault.jpg,TVXQ!/WITH/Sweat.mp3
I Don't Know,TVXQ!,TVXQ,TONE,kpop-gen2,https://music.youtube.com/watch?v=C1TtOlnSOMc,https://i.ytimg.com/vi/C1TtOlnSOMc/maxresdefault.jpg,TVXQ!/TONE/I Don't Know.mp3
Purple Line (Live),TVXQ!,TVXQ!,MIROTIC -The 3rd Asia Tour Concert,kpop-gen2,https://music.youtube.com/watch?v=vEAQm6OCchM,https://i.ytimg.com/vi/vEAQm6OCchM/maxresdefault.jpg,TVXQ!/MIROTIC -The 3rd Asia Tour Concert/Purple Line (Live).mp3
信じるまま,TVXQ!,東方神起,TREE,kpop-gen2,https://music.youtube.com/watch?v=2VRZA4gNWLs,https://i.ytimg.com/vi/2VRZA4gNWLs/maxresdefault.jpg,TVXQ!/TREE/信じるまま.mp3
Jungle,TVXQ!,TOHOSHINKI,TOMORROW,kpop-gen2,https://music.youtube.com/watch?v=zANRPdtwpPE,https://i.ytimg.com/vi/zANRPdtwpPE/sddefault.jpg,TVXQ!/TOMORROW/Jungle.mp3
믿기 싫은 이야기 How Can I,TVXQ!,TVXQ!,왜 Keep Your Head Down,kpop-gen2,https://music.youtube.com/watch?v=1ssKhkApM6I,https://i.ytimg.com/vi/1ssKhkApM6I/maxresdefault.jpg,TVXQ!/왜 Keep Your Head Down/믿기 싫은 이야기 How Can I.mp3
LOVE after LOVE,TVXQ!,TVXQ!,Rising Sun - 2nd Album,kpop-gen2,https://music.youtube.com/watch?v=TeM63FOALq4,https://i.ytimg.com/vi/TeM63FOALq4/maxresdefault.jpg,TVXQ!/Rising Sun - 2nd Album/LOVE after LOVE.mp3
Lime ＆ Lemon,TVXQ!,TOHOSHINKI,Lime ＆ Lemon,kpop-gen2,https://music.youtube.com/watch?v=Z3JqxT3fzqo,https://i.ytimg.com/vi/Z3JqxT3fzqo/maxresdefault.jpg,TVXQ!/Lime ＆ Lemon/Lime ＆ Lemon.mp3
Rodeo,TVXQ!,TVXQ!,20 & 2 - The 9th Album,kpop-gen2,https://music.youtube.com/watch?v=fNfkkPP0vdQ,https://i.ytimg.com/vi/fNfkkPP0vdQ/maxresdefault.jpg,TVXQ!/20 & 2 - The 9th Album/Rodeo.mp3
낙원 Paradise,TVXQ!,TVXQ!,MIROTIC - The 4th Album,kpop-gen2,https://music.youtube.com/watch?v=T_kmG4897Jw,https://i.ytimg.com/vi/T_kmG4897Jw/maxresdefault.jpg,TVXQ!/MIROTIC - The 4th Album/낙원 Paradise.mp3
Phantom 환영 幻影,TVXQ!,TVXQ!,"""O""-正.反.合. - The 3rd Album",kpop-gen2,https://music.youtube.com/watch?v=IN6GGYxxqSc,https://i.ytimg.com/vi/IN6GGYxxqSc/maxresdefault.jpg,TVXQ!/O-正.反.合. - The 3rd Album/Phantom 환영 幻影.mp3
무지개 Rainbow,TVXQ!,TVXQ!,MIROTIC - The 4th Album,kpop-gen2,https://music.youtube.com/watch?v=-Y4jB8vPhug,https://i.ytimg.com/vi/-Y4jB8vPhug/maxresdefault.jpg,TVXQ!/MIROTIC - The 4th Album/무지개 Rainbow.mp3
Million Men,TVXQ!,TVXQ!,Tri-Angle - The 1st Album,kpop-gen2,https://music.youtube.com/watch?v=gyyYVPepakU,https://i.ytimg.com/vi/gyyYVPepakU/maxresdefault.jpg,TVXQ!/Tri-Angle - The 1st Album/Million Men.mp3
SCREAM,TVXQ!,東方神起,TREE,kpop-gen2,https://music.youtube.com/watch?v=jCMLSB3ePek,https://i.ytimg.com/vi/jCMLSB3ePek/maxresdefault.jpg,TVXQ!/TREE/SCREAM.mp3
I Know,TVXQ!,TVXQ,TIME,kpop-gen2,https://music.youtube.com/watch?v=1mG5uipV4ig,https://i.ytimg.com/vi/1mG5uipV4ig/maxresdefault.jpg,TVXQ!/TIME/I Know.mp3
UTSUROI,TVXQ!,TOHOSHINKI,UTSUROI,kpop-gen2,https://music.youtube.com/watch?v=U7j6J7lmmwM,https://i.ytimg.com/vi/U7j6J7lmmwM/maxresdefault.jpg,TVXQ!/UTSUROI/UTSUROI.mp3
White,TVXQ!,TVXQ,Very Merry Xmas,kpop-gen2,https://music.youtube.com/watch?v=OcmSjLRJn08,https://i.ytimg.com/vi/OcmSjLRJn08/maxresdefault.jpg,TVXQ!/Very Merry Xmas/White.mp3
Get Me Some,TVXQ!,TVXQ!,"""O""-正.反.合. - The 3rd Album",kpop-gen2,https://music.youtube.com/watch?v=YKlLUqZW1_Q,https://i.ytimg.com/vi/YKlLUqZW1_Q/maxresdefault.jpg,TVXQ!/O-正.反.合. - The 3rd Album/Get Me Some.mp3
주문 MIROTIC (Live),TVXQ!,TVXQ!,MIROTIC -The 3rd Asia Tour Concert,kpop-gen2,https://music.youtube.com/watch?v=k529QOioVus,https://i.ytimg.com/vi/k529QOioVus/maxresdefault.jpg,TVXQ!/MIROTIC -The 3rd Asia Tour Concert/주문 MIROTIC (Live).mp3
아테나 ATHENA,TVXQ!,TVXQ!,왜 Keep Your Head Down,kpop-gen2,https://music.youtube.com/watch?v=3QbUsUUNMwg,https://i.ytimg.com/vi/3QbUsUUNMwg/maxresdefault.jpg,TVXQ!/왜 Keep Your Head Down/아테나 ATHENA.mp3
Back to Tomorrow,TVXQ!,TVXQ,TONE,kpop-gen2,https://music.youtube.com/watch?v=bBwkPWQR2CA,https://i.ytimg.com/vi/bBwkPWQR2CA/maxresdefault.jpg,TVXQ!/TONE/Back to Tomorrow.mp3
Superstar,TVXQ!,TVXQ,TONE,kpop-gen2,https://music.youtube.com/watch?v=b9IeW2ZE2GM,https://i.ytimg.com/vi/b9IeW2ZE2GM/maxresdefault.jpg,TVXQ!/TONE/Superstar.mp3
Time Works Wonders,TVXQ!,TVXQ,WITH,kpop-gen2,https://music.youtube.com/watch?v=zq7zexDU_z8,https://i.ytimg.com/vi/zq7zexDU_z8/maxresdefault.jpg,TVXQ!/WITH/Time Works Wonders.mp3
Hello,TVXQ!,TOHOSHINKI,XV,kpop-gen2,https://music.youtube.com/watch?v=FLkD2Hi0oWY,https://i.ytimg.com/vi/FLkD2Hi0oWY/maxresdefault.jpg,TVXQ!/XV/Hello.mp3
With Love,TVXQ!,東方神起,WITH,kpop-gen2,https://music.youtube.com/watch?v=_RYqeJ3kQCo,https://i.ytimg.com/vi/_RYqeJ3kQCo/maxresdefault.jpg,TVXQ!/WITH/With Love.mp3
One and Only One,TVXQ!,東方神起,TIME,kpop-gen2,https://music.youtube.com/watch?v=otti2JjJzEI,https://i.ytimg.com/vi/otti2JjJzEI/maxresdefault.jpg,TVXQ!/TIME/One and Only One.mp3
순수 Rising Sun (Live),TVXQ!,TVXQ!,"""O"" - THE 2ND ASIA TOUR CONCERT",kpop-gen2,https://music.youtube.com/watch?v=J12zg5AJx6o,https://i.ytimg.com/vi/J12zg5AJx6o/maxresdefault.jpg,TVXQ!/O - THE 2ND ASIA TOUR CONCERT/순수 Rising Sun (Live).mp3
주문 Mirotic (Live),TVXQ!,TVXQ!,"TVXQ! The 4th World Tour ""Catch Me""",kpop-gen2,https://music.youtube.com/watch?v=YdZx-f7wjZ8,https://i.ytimg.com/vi/YdZx-f7wjZ8/maxresdefault.jpg,TVXQ!/TVXQ! The 4th World Tour Catch Me/주문 Mirotic (Live).mp3
Off-Road,TVXQ!,TVXQ!,TENSE - The 7th Album,kpop-gen2,https://music.youtube.com/watch?v=XXdpjvf_PIo,https://i.ytimg.com/vi/XXdpjvf_PIo/maxresdefault.jpg,TVXQ!/TENSE - The 7th Album/Off-Road.mp3
Shiawase Iro No Hana,TVXQ!,TVXQ,TONE,kpop-gen2,https://music.youtube.com/watch?v=78XwrgUzoLw,https://i.ytimg.com/vi/78XwrgUzoLw/maxresdefault.jpg,TVXQ!/TONE/Shiawase Iro No Hana.mp3
Crimson Saga,TVXQ!,TOHOSHINKI,XV,kpop-gen2,https://music.youtube.com/watch?v=VaIIKkdAdU0,https://i.ytimg.com/vi/VaIIKkdAdU0/maxresdefault.jpg,TVXQ!/XV/Crimson Saga.mp3
Special One,TVXQ!,TVXQ,WITH,kpop-gen2,https://music.youtube.com/watch?v=B0VjRa7Kd0g,https://i.ytimg.com/vi/B0VjRa7Kd0g/maxresdefault.jpg,TVXQ!/WITH/Special One.mp3
Remember,TVXQ!,TVXQ!,"""O""-正.反.合. - The 3rd Album",kpop-gen2,https://music.youtube.com/watch?v=XXmUAb9kF5c,https://i.ytimg.com/vi/XXmUAb9kF5c/maxresdefault.jpg,TVXQ!/O-正.反.合. - The 3rd Album/Remember.mp3
Magical,TVXQ!,"TVXQ!, SUPER JUNIOR",2021 Winter SMTOWN : SMCU EXPRESS,kpop-gen2,https://music.youtube.com/watch?v=qlKDBM8I63w,https://i.ytimg.com/vi/qlKDBM8I63w/maxresdefault.jpg,TVXQ!/2021 Winter SMTOWN _ SMCU EXPRESS/Magical.mp3
Whatever They Say (Accapella Version),TVXQ!,TVXQ!,Tri-Angle - The 1st Album,kpop-gen2,https://music.youtube.com/watch?v=yDVfiA146Ms,https://i.ytimg.com/vi/yDVfiA146Ms/maxresdefault.jpg,TVXQ!/Tri-Angle - The 1st Album/Whatever They Say (Accapella Version).mp3
In Our Time,TVXQ!,TVXQ,TIME,kpop-gen2,https://music.youtube.com/watch?v=-U_33b9jNrM,https://i.ytimg.com/vi/-U_33b9jNrM/maxresdefault.jpg,TVXQ!/TIME/In Our Time.mp3
Road,TVXQ!,TOHOSHINKI,Road,kpop-gen2,https://music.youtube.com/watch?v=63r8gpFoU5U,https://i.ytimg.com/vi/63r8gpFoU5U/sddefault.jpg,TVXQ!/Road/Road.mp3
게으름뱅이 Lazybones,TVXQ!,TVXQ!,New Chapter #1: The Chance of Love - The 8th Album,kpop-gen2,https://music.youtube.com/watch?v=M4hugOGIeGg,https://i.ytimg.com/vi/M4hugOGIeGg/maxresdefault.jpg,TVXQ!/New Chapter #1_ The Chance of Love - The 8th Album/게으름뱅이 Lazybones.mp3
Winter Rose,TVXQ!,TVXQ,Winter ～Winter Rose / Duet - winter ver. - ～,kpop-gen2,https://music.youtube.com/watch?v=JEfC7nG_QQA,https://i.ytimg.com/vi/JEfC7nG_QQA/maxresdefault.jpg,TVXQ!/Winter ～Winter Rose _ Duet - winter ver. - ～/Winter Rose.mp3
Hot Sauce,TVXQ!,TOHOSHINKI,XV,kpop-gen2,https://music.youtube.com/watch?v=El0vtbVHwN4,https://i.ytimg.com/vi/El0vtbVHwN4/maxresdefault.jpg,TVXQ!/XV/Hot Sauce.mp3
Take My Breath Away (Sung by MAX CHANGMIN),TVXQ!,TVXQ!,20 & 2 - The 9th Album,kpop-gen2,https://music.youtube.com/watch?v=Z2rPBsAadS0,https://i.ytimg.com/vi/Z2rPBsAadS0/maxresdefault.jpg,TVXQ!/20 & 2 - The 9th Album/Take My Breath Away (Sung by MAX CHANGMIN).mp3
Life’s A Dance,TVXQ!,TVXQ!,20 & 2 - The 9th Album,kpop-gen2,https://music.youtube.com/watch?v=3T5dNLitNVw,https://i.ytimg.com/vi/3T5dNLitNVw/maxresdefault.jpg,TVXQ!/20 & 2 - The 9th Album/Life’s A Dance.mp3
Promise,TVXQ!,TVXQ!,20 & 2 - The 9th Album,kpop-gen2,https://music.youtube.com/watch?v=ZGW6U0zZjA8,https://i.ytimg.com/vi/ZGW6U0zZjA8/maxresdefault.jpg,TVXQ!/20 & 2 - The 9th Album/Promise.mp3
I wanna hold you,TVXQ!,TVXQ!,Show Me Your Love,kpop-gen2,https://music.youtube.com/watch?v=hFYbAnajGUM,https://i.ytimg.com/vi/hFYbAnajGUM/maxresdefault.jpg,TVXQ!/Show Me Your Love/I wanna hold you.mp3
이제 막 시작된 이야기 The story has just begun,TVXQ!,TVXQ!,"""O""-正.反.合. - The 3rd Album",kpop-gen2,https://music.youtube.com/watch?v=qnZtB_J37zE,https://i.ytimg.com/vi/qnZtB_J37zE/maxresdefault.jpg,TVXQ!/O-正.反.合. - The 3rd Album/이제 막 시작된 이야기 The story has just begun.mp3
꽃 (FLOWER),JISOO,JISOO,ME,kpop-gen3,https://music.youtube.com/watch?v=cJ-KtgbuId0,https://i.ytimg.com/vi/cJ-KtgbuId0/maxresdefault.jpg,JISOO/ME/꽃 (FLOWER).mp3
EYES CLOSED,JISOO,"JISOO, ZAYN",EYES CLOSED,kpop-gen3,https://music.youtube.com/watch?v=aTqchg0BUG4,https://i.ytimg.com/vi/aTqchg0BUG4/maxresdefault.jpg,JISOO/EYES CLOSED/EYES CLOSED.mp3
earthquake,JISOO,JISOO,AMORTAGE,kpop-gen3,https://music.youtube.com/watch?v=S25S9kK41aU,https://i.ytimg.com/vi/S25S9kK41aU/maxresdefault.jpg,JISOO/AMORTAGE/earthquake.mp3
Your Love,JISOO,JISOO,AMORTAGE,kpop-gen3,https://music.youtube.com/watch?v=AAAH4kUU09g,https://i.ytimg.com/vi/AAAH4kUU09g/maxresdefault.jpg,JISOO/AMORTAGE/Your Love.mp3
Hugs & Kisses,JISOO,JISOO,AMORTAGE,kpop-gen3,https://music.youtube.com/watch?v=RC7Zcwm-EzY,https://i.ytimg.com/vi/RC7Zcwm-EzY/maxresdefault.jpg,JISOO/AMORTAGE/Hugs & Kisses.mp3
All Eyes On Me,JISOO,JISOO,ME,kpop-gen3,https://music.youtube.com/watch?v=NuxAOC6RU9c,https://i.ytimg.com/vi/NuxAOC6RU9c/maxresdefault.jpg,JISOO/ME/All Eyes On Me.mp3
TEARS,JISOO,JISOO,AMORTAGE,kpop-gen3,https://music.youtube.com/watch?v=Ni1GDPtYVYo,https://i.ytimg.com/vi/Ni1GDPtYVYo/maxresdefault.jpg,JISOO/AMORTAGE/TEARS.mp3
earthquake (Sam Feldt Remix),JISOO,JISOO,earthquake,kpop-gen3,https://music.youtube.com/watch?v=KTdpE45DzBQ,https://i.ytimg.com/vi/KTdpE45DzBQ/maxresdefault.jpg,JISOO/earthquake/earthquake (Sam Feldt Remix).mp3
BLACKPINK - ‘뛰어(JUMP)’ M/V,BLACKPINK,BLACKPINK,Single,kpop-gen3,https://music.youtube.com/watch?v=CgCVZdcKcqY,https://i.ytimg.com/vi/CgCVZdcKcqY/maxresdefault.jpg,BLACKPINK/Single/BLACKPINK - ‘뛰어(JUMP)’ M_V.mp3
BLACKPINK - 'How You Like That' M/V,BLACKPINK,BLACKPINK,Single,kpop-gen3,https://music.youtube.com/watch?v=ioNng23DkIM,https://i.ytimg.com/vi/ioNng23DkIM/maxresdefault.jpg,BLACKPINK/Single/BLACKPINK - 'How You Like That' M_V.mp3
BLACKPINK - ‘Pink Venom’ M/V,BLACKPINK,BLACKPINK,Single,kpop-gen3,https://music.youtube.com/watch?v=gQlMMD8auMs,https://i.ytimg.com/vi/gQlMMD8auMs/maxresdefault.jpg,BLACKPINK/Single/BLACKPINK - ‘Pink Venom’ M_V.mp3
BLACKPINK - 'Kill This Love' M/V,BLACKPINK,BLACKPINK,Single,kpop-gen3,https://music.youtube.com/watch?v=2S24-y0Ij3Y,https://i.ytimg.com/vi/2S24-y0Ij3Y/maxresdefault.jpg,BLACKPINK/Single/BLACKPINK - 'Kill This Love' M_V.mp3
BLACKPINK - ‘GO’ M/V,BLACKPINK,BLACKPINK,Single,kpop-gen3,https://music.youtube.com/watch?v=2GJfWMYCWY0,https://i.ytimg.com/vi/2GJfWMYCWY0/maxresdefault.jpg,BLACKPINK/Single/BLACKPINK - ‘GO’ M_V.mp3
ROSÉ & Bruno Mars - APT. (Official Music Video),BLACKPINK,ROSÉ,Single,kpop-gen3,https://music.youtube.com/watch?v=ekr2nIex040,https://i.ytimg.com/vi/ekr2nIex040/maxresdefault.jpg,BLACKPINK/Single/ROSÉ & Bruno Mars - APT. (Official Music Video).mp3
BLACKPINK - ‘뚜두뚜두 (DDU-DU DDU-DU)’ M/V,BLACKPINK,BLACKPINK,Single,kpop-gen3,https://music.youtube.com/watch?v=IHNzOHi8sJs,https://i.ytimg.com/vi/IHNzOHi8sJs/maxresdefault.jpg,BLACKPINK/Single/BLACKPINK - ‘뚜두뚜두 (DDU-DU DDU-DU)’ M_V.mp3
BLACKPINK - ‘Shut Down’ M/V,BLACKPINK,BLACKPINK,Single,kpop-gen3,https://music.youtube.com/watch?v=POe9SOEKotk,https://i.ytimg.com/vi/POe9SOEKotk/maxresdefault.jpg,BLACKPINK/Single/BLACKPINK - ‘Shut Down’ M_V.mp3
JENNIE - like JENNIE (Official Video),BLACKPINK,JENNIE,Single,kpop-gen3,https://music.youtube.com/watch?v=JSFG-IE8n_c,https://i.ytimg.com/vi/JSFG-IE8n_c/maxresdefault.jpg,BLACKPINK/Single/JENNIE - like JENNIE (Official Video).mp3
JISOO - ‘꽃(FLOWER)’ M/V,BLACKPINK,BLACKPINK,Single,kpop-gen3,https://music.youtube.com/watch?v=YudHcBIxlYw,https://i.ytimg.com/vi/YudHcBIxlYw/maxresdefault.jpg,BLACKPINK/Single/JISOO - ‘꽃(FLOWER)’ M_V.mp3
LISA - ROCKSTAR (Official Music Video),BLACKPINK,LLOUD Official,Single,kpop-gen3,https://music.youtube.com/watch?v=hbcGx4MGUMg,https://i.ytimg.com/vi/hbcGx4MGUMg/maxresdefault.jpg,BLACKPINK/Single/LISA - ROCKSTAR (Official Music Video).mp3
BLACKPINK - '붐바야 (BOOMBAYAH)' M/V,BLACKPINK,BLACKPINK,Single,kpop-gen3,https://music.youtube.com/watch?v=bwmSjveL3Lc,https://i.ytimg.com/vi/bwmSjveL3Lc/sddefault.jpg,BLACKPINK/Single/BLACKPINK - '붐바야 (BOOMBAYAH)' M_V.mp3
BLACKPINK - 'Ice Cream (with Selena Gomez)' M/V,BLACKPINK,BLACKPINK,Single,kpop-gen3,https://music.youtube.com/watch?v=vRXZj0DzXIA,https://i.ytimg.com/vi/vRXZj0DzXIA/maxresdefault.jpg,BLACKPINK/Single/BLACKPINK - 'Ice Cream (with Selena Gomez)' M_V.mp3
BLACKPINK - '마지막처럼 (AS IF IT'S YOUR LAST)' M/V,BLACKPINK,BLACKPINK,Single,kpop-gen3,https://music.youtube.com/watch?v=Amq-qlqbjYA,https://i.ytimg.com/vi/Amq-qlqbjYA/maxresdefault.jpg,BLACKPINK/Single/BLACKPINK - '마지막처럼 (AS IF IT'S YOUR LAST)' M_V.mp3
LISA - 'LALISA' M/V,BLACKPINK,BLACKPINK,Single,kpop-gen3,https://music.youtube.com/watch?v=awkkyBH2zEo,https://i.ytimg.com/vi/awkkyBH2zEo/maxresdefault.jpg,BLACKPINK/Single/LISA - 'LALISA' M_V.mp3
JISOO X ZAYN - EYES CLOSED (OFFICIAL MV),BLACKPINK,JISOO,Single,kpop-gen3,https://music.youtube.com/watch?v=EN1tMeXQii0,https://i.ytimg.com/vi/EN1tMeXQii0/maxresdefault.jpg,BLACKPINK/Single/JISOO X ZAYN - EYES CLOSED (OFFICIAL MV).mp3
BLACKPINK - 'Lovesick Girls' M/V,BLACKPINK,BLACKPINK,Single,kpop-gen3,https://music.youtube.com/watch?v=dyRsYk0LyA8,https://i.ytimg.com/vi/dyRsYk0LyA8/maxresdefault.jpg,BLACKPINK/Single/BLACKPINK - 'Lovesick Girls' M_V.mp3
JENNIE - Mantra (Official Video),BLACKPINK,JENNIE,Single,kpop-gen3,https://music.youtube.com/watch?v=bB3-CUMERIU,https://i.ytimg.com/vi/bB3-CUMERIU/maxresdefault.jpg,BLACKPINK/Single/JENNIE - Mantra (Official Video).mp3
LISA - BORN AGAIN feat. Doja Cat & RAYE (Official Music Video),BLACKPINK,LLOUD Official,Single,kpop-gen3,https://music.youtube.com/watch?v=kbEC-AGr9n0,https://i.ytimg.com/vi/kbEC-AGr9n0/maxresdefault.jpg,BLACKPINK/Single/LISA - BORN AGAIN feat. Doja Cat & RAYE (Official Music Video).mp3
LISA - NEW WOMAN feat. Rosalía (Official Music Video),BLACKPINK,LLOUD Official,Single,kpop-gen3,https://music.youtube.com/watch?v=UxXY_hR_wzo,https://i.ytimg.com/vi/UxXY_hR_wzo/maxresdefault.jpg,BLACKPINK/Single/LISA - NEW WOMAN feat. Rosalía (Official Music Video).mp3
BLACKPINK - '불장난 (PLAYING WITH FIRE)' M/V,BLACKPINK,BLACKPINK,Single,kpop-gen3,https://music.youtube.com/watch?v=9pdj4iJD08s,https://i.ytimg.com/vi/9pdj4iJD08s/maxresdefault.jpg,BLACKPINK/Single/BLACKPINK - '불장난 (PLAYING WITH FIRE)' M_V.mp3
"JENNIE, Doechii - ExtraL (Official Video)",BLACKPINK,JENNIE,Single,kpop-gen3,https://music.youtube.com/watch?v=eWAdpUyzCkI,https://i.ytimg.com/vi/eWAdpUyzCkI/maxresdefault.jpg,"BLACKPINK/Single/JENNIE, Doechii - ExtraL (Official Video).mp3"
ROSÉ - number one girl (official music video),BLACKPINK,ROSÉ,Single,kpop-gen3,https://music.youtube.com/watch?v=pZ1NdE69VTs,https://i.ytimg.com/vi/pZ1NdE69VTs/maxresdefault.jpg,BLACKPINK/Single/ROSÉ - number one girl (official music video).mp3
BLACKPINK - '휘파람 (WHISTLE)' M/V,BLACKPINK,BLACKPINK,Single,kpop-gen3,https://music.youtube.com/watch?v=dISNgvVpWlo,https://i.ytimg.com/vi/dISNgvVpWlo/maxresdefault.jpg,BLACKPINK/Single/BLACKPINK - '휘파람 (WHISTLE)' M_V.mp3
ROSÉ - toxic till the end (OFFICIAL MUSIC VIDEO),BLACKPINK,ROSÉ,Single,kpop-gen3,https://music.youtube.com/watch?v=eA0lHNZ1KCA,https://i.ytimg.com/vi/eA0lHNZ1KCA/maxresdefault.jpg,BLACKPINK/Single/ROSÉ - toxic till the end (OFFICIAL MUSIC VIDEO).mp3
JISOO - earthquake (Official Music Video),BLACKPINK,JISOO,Single,kpop-gen3,https://music.youtube.com/watch?v=2V6lvCUPT8I,https://i.ytimg.com/vi/2V6lvCUPT8I/maxresdefault.jpg,BLACKPINK/Single/JISOO - earthquake (Official Music Video).mp3
Pretty Savage,BLACKPINK,BLACKPINK,THE ALBUM,kpop-gen3,https://music.youtube.com/watch?v=F8c8f2nK82w,https://i.ytimg.com/vi/F8c8f2nK82w/maxresdefault.jpg,BLACKPINK/THE ALBUM/Pretty Savage.mp3
MONEY,BLACKPINK,LISA,LALISA,kpop-gen3,https://music.youtube.com/watch?v=4YSHPGn9-LM,https://i.ytimg.com/vi/4YSHPGn9-LM/maxresdefault.jpg,BLACKPINK/LALISA/MONEY.mp3
BLACKPINK - 'Don't Know What To Do' DANCE PRACTICE VIDEO (MOVING VER.),BLACKPINK,BLACKPINK,Single,kpop-gen3,https://music.youtube.com/watch?v=bqzDuRz_P7g,https://i.ytimg.com/vi/bqzDuRz_P7g/maxresdefault.jpg,BLACKPINK/Single/BLACKPINK - 'Don't Know What To Do' DANCE PRACTICE VIDEO (MOVING VER.).mp3
LISA - FUTW (Vixi Solo Version) (Official Music Video),BLACKPINK,LLOUD Official,Single,kpop-gen3,https://music.youtube.com/watch?v=r5VRqWkFpEQ,https://i.ytimg.com/vi/r5VRqWkFpEQ/maxresdefault.jpg,BLACKPINK/Single/LISA - FUTW (Vixi Solo Version) (Official Music Video).mp3
BLACKPINK X PUBG MOBILE - ‘Ready For Love’ M/V,BLACKPINK,BLACKPINK,Single,kpop-gen3,https://music.youtube.com/watch?v=7WyHtSlvHD4,https://i.ytimg.com/vi/7WyHtSlvHD4/maxresdefault.jpg,BLACKPINK/Single/BLACKPINK X PUBG MOBILE - ‘Ready For Love’ M_V.mp3
BLACKPINK THE GAME - ‘THE GIRLS’ MV,BLACKPINK,BLACKPINK,Single,kpop-gen3,https://music.youtube.com/watch?v=cSqOY5nktfg,https://i.ytimg.com/vi/cSqOY5nktfg/maxresdefault.jpg,BLACKPINK/Single/BLACKPINK THE GAME - ‘THE GIRLS’ MV.mp3
JENNIE & Dominic Fike - Love Hangover (Official Video),BLACKPINK,JENNIE,Single,kpop-gen3,https://music.youtube.com/watch?v=23urWKmHS6o,https://i.ytimg.com/vi/23urWKmHS6o/maxresdefault.jpg,BLACKPINK/Single/JENNIE & Dominic Fike - Love Hangover (Official Video).mp3
BLACKPINK - ‘Typa Girl’ (Official Audio),BLACKPINK,BLACKPINK,Single,kpop-gen3,https://music.youtube.com/watch?v=UhxW9Njqqu0,https://i.ytimg.com/vi/UhxW9Njqqu0/maxresdefault.jpg,BLACKPINK/Single/BLACKPINK - ‘Typa Girl’ (Official Audio).mp3
BLACKPINK - ‘Champion’ (Official Audio),BLACKPINK,BLACKPINK,Single,kpop-gen3,https://music.youtube.com/watch?v=PgOGYHPoPsE,https://i.ytimg.com/vi/PgOGYHPoPsE/maxresdefault.jpg,BLACKPINK/Single/BLACKPINK - ‘Champion’ (Official Audio).mp3
BLACKPINK - ‘Tally’ (Official Audio),BLACKPINK,BLACKPINK,Single,kpop-gen3,https://music.youtube.com/watch?v=VQo4hyWfBQ4,https://i.ytimg.com/vi/VQo4hyWfBQ4/maxresdefault.jpg,BLACKPINK/Single/BLACKPINK - ‘Tally’ (Official Audio).mp3
You & Me (Coachella ver.),BLACKPINK,JENNIE,JENNIE Special Single (You & Me),kpop-gen3,https://music.youtube.com/watch?v=WPgu-vkVAe0,https://i.ytimg.com/vi/WPgu-vkVAe0/maxresdefault.jpg,BLACKPINK/JENNIE Special Single (You & Me)/You & Me (Coachella ver.).mp3
Love To Hate Me,BLACKPINK,BLACKPINK,THE ALBUM,kpop-gen3,https://music.youtube.com/watch?v=wlzGXcTzdzU,https://i.ytimg.com/vi/wlzGXcTzdzU/maxresdefault.jpg,BLACKPINK/THE ALBUM/Love To Hate Me.mp3
Crazy Over You,BLACKPINK,BLACKPINK,THE ALBUM,kpop-gen3,https://music.youtube.com/watch?v=u7rKGj13pAs,https://i.ytimg.com/vi/u7rKGj13pAs/maxresdefault.jpg,BLACKPINK/THE ALBUM/Crazy Over You.mp3
Forever Young,BLACKPINK,BLACKPINK,Square Up,kpop-gen3,https://music.youtube.com/watch?v=-gibBYpzZbI,https://i.ytimg.com/vi/-gibBYpzZbI/maxresdefault.jpg,BLACKPINK/Square Up/Forever Young.mp3
"Lady Gaga, BLACKPINK - Sour Candy (Audio)",BLACKPINK,Lady Gaga,Single,kpop-gen3,https://music.youtube.com/watch?v=fnPn6At3v28,https://i.ytimg.com/vi/fnPn6At3v28/maxresdefault.jpg,"BLACKPINK/Single/Lady Gaga, BLACKPINK - Sour Candy (Audio).mp3"
BLACKPINK - ‘Me and my’ (Official Audio),BLACKPINK,BLACKPINK,Single,kpop-gen3,https://music.youtube.com/watch?v=AJ2QxtR0dJc,https://i.ytimg.com/vi/AJ2QxtR0dJc/maxresdefault.jpg,BLACKPINK/Single/BLACKPINK - ‘Me and my’ (Official Audio).mp3
Gone,BLACKPINK,ROSE,R,kpop-gen3,https://music.youtube.com/watch?v=egvkZiONRwE,https://i.ytimg.com/vi/egvkZiONRwE/maxresdefault.jpg,BLACKPINK/R/Gone.mp3
You Never Know,BLACKPINK,BLACKPINK,THE ALBUM,kpop-gen3,https://music.youtube.com/watch?v=4Kk_iaaHd_Y,https://i.ytimg.com/vi/4Kk_iaaHd_Y/maxresdefault.jpg,BLACKPINK/THE ALBUM/You Never Know.mp3
On The Ground,BLACKPINK,ROSE,R,kpop-gen3,https://music.youtube.com/watch?v=jNYwgodbyNc,https://i.ytimg.com/vi/jNYwgodbyNc/maxresdefault.jpg,BLACKPINK/R/On The Ground.mp3
Bet You Wanna ft. Cardi B,BLACKPINK,BLACKPINK,THE ALBUM,kpop-gen3,https://music.youtube.com/watch?v=gXBdvSj9F2I,https://i.ytimg.com/vi/gXBdvSj9F2I/maxresdefault.jpg,BLACKPINK/THE ALBUM/Bet You Wanna ft. Cardi B.mp3
BLACKPINK - ‘Hard to Love’ (Official Audio),BLACKPINK,BLACKPINK,Single,kpop-gen3,https://music.youtube.com/watch?v=7Hr3p1BHC_E,https://i.ytimg.com/vi/7Hr3p1BHC_E/maxresdefault.jpg,BLACKPINK/Single/BLACKPINK - ‘Hard to Love’ (Official Audio).mp3
BLACKPINK - ‘Fxxxboy’ (Official Audio),BLACKPINK,BLACKPINK,Single,kpop-gen3,https://music.youtube.com/watch?v=bgKZC7BgG-M,https://i.ytimg.com/vi/bgKZC7BgG-M/maxresdefault.jpg,BLACKPINK/Single/BLACKPINK - ‘Fxxxboy’ (Official Audio).mp3
SOLO,BLACKPINK,JENNIE,SOLO,kpop-gen3,https://music.youtube.com/watch?v=4-4COoO5Qdg,https://i.ytimg.com/vi/4-4COoO5Qdg/maxresdefault.jpg,BLACKPINK/SOLO/SOLO.mp3
BLACKPINK - ‘The Happiest Girl’ (Official Audio),BLACKPINK,BLACKPINK,Single,kpop-gen3,https://music.youtube.com/watch?v=kVXazE8wR1Q,https://i.ytimg.com/vi/kVXazE8wR1Q/maxresdefault.jpg,BLACKPINK/Single/BLACKPINK - ‘The Happiest Girl’ (Official Audio).mp3
Kick It,BLACKPINK,BLACKPINK,Kill This Love,kpop-gen3,https://music.youtube.com/watch?v=-gZC9hC1PDQ,https://i.ytimg.com/vi/-gZC9hC1PDQ/maxresdefault.jpg,BLACKPINK/Kill This Love/Kick It.mp3
Really,BLACKPINK,BLACKPINK,Square Up,kpop-gen3,https://music.youtube.com/watch?v=He322O1JWgU,https://i.ytimg.com/vi/He322O1JWgU/maxresdefault.jpg,BLACKPINK/Square Up/Really.mp3
See U Later,BLACKPINK,BLACKPINK,Square Up,kpop-gen3,https://music.youtube.com/watch?v=fpimnj4SNjQ,https://i.ytimg.com/vi/fpimnj4SNjQ/maxresdefault.jpg,BLACKPINK/Square Up/See U Later.mp3
BLACKPINK - ‘Yeah Yeah Yeah’ (Official Audio),BLACKPINK,BLACKPINK,Single,kpop-gen3,https://music.youtube.com/watch?v=wQTjv-Xo1gY,https://i.ytimg.com/vi/wQTjv-Xo1gY/maxresdefault.jpg,BLACKPINK/Single/BLACKPINK - ‘Yeah Yeah Yeah’ (Official Audio).mp3
Hope Not,BLACKPINK,BLACKPINK,Kill This Love,kpop-gen3,https://music.youtube.com/watch?v=l6zMnMMzsss,https://i.ytimg.com/vi/l6zMnMMzsss/maxresdefault.jpg,BLACKPINK/Kill This Love/Hope Not.mp3
LISA - MOONLIT FLOOR (Official Lyric Video),BLACKPINK,LLOUD Official,Single,kpop-gen3,https://music.youtube.com/watch?v=8poMQD3HND4,https://i.ytimg.com/vi/8poMQD3HND4/sddefault.jpg,BLACKPINK/Single/LISA - MOONLIT FLOOR (Official Lyric Video).mp3
APT.,ROSÉ,"ROSÉ, Bruno Mars",rosie,kpop-gen3,https://music.youtube.com/watch?v=DiTd771WumE,https://i.ytimg.com/vi/DiTd771WumE/maxresdefault.jpg,ROSÉ/rosie/APT..mp3
toxic till the end,ROSÉ,ROSÉ,rosie,kpop-gen3,https://music.youtube.com/watch?v=f73laCUMUW0,https://i.ytimg.com/vi/f73laCUMUW0/maxresdefault.jpg,ROSÉ/rosie/toxic till the end.mp3
number one girl,ROSÉ,ROSÉ,rosie,kpop-gen3,https://music.youtube.com/watch?v=u1iBReO1T9k,https://i.ytimg.com/vi/u1iBReO1T9k/maxresdefault.jpg,ROSÉ/rosie/number one girl.mp3
Messy (From F1® The Movie),ROSÉ,ROSÉ,Messy,kpop-gen3,https://music.youtube.com/watch?v=QVTIWWNhaYE,https://i.ytimg.com/vi/QVTIWWNhaYE/maxresdefault.jpg,ROSÉ/Messy/Messy (From F1® The Movie).mp3
Gone,ROSÉ,ROSE,R,kpop-gen3,https://music.youtube.com/watch?v=egvkZiONRwE,https://i.ytimg.com/vi/egvkZiONRwE/maxresdefault.jpg,ROSÉ/R/Gone.mp3
On The Ground,ROSÉ,ROSE,R,kpop-gen3,https://music.youtube.com/watch?v=jNYwgodbyNc,https://i.ytimg.com/vi/jNYwgodbyNc/maxresdefault.jpg,ROSÉ/R/On The Ground.mp3
stay a little longer,ROSÉ,ROSÉ,rosie,kpop-gen3,https://music.youtube.com/watch?v=HxWjDvFn5zc,https://i.ytimg.com/vi/HxWjDvFn5zc/maxresdefault.jpg,ROSÉ/rosie/stay a little longer.mp3
drinks or coffee,ROSÉ,ROSÉ,rosie,kpop-gen3,https://music.youtube.com/watch?v=24ngiApesiM,https://i.ytimg.com/vi/24ngiApesiM/maxresdefault.jpg,ROSÉ/rosie/drinks or coffee.mp3
On My Mind,ROSÉ,"Alex Warren, ROSÉ","You'll Be Alright, Kid",kpop-gen3,https://music.youtube.com/watch?v=uniEqrMXQU4,https://i.ytimg.com/vi/uniEqrMXQU4/maxresdefault.jpg,"ROSÉ/You'll Be Alright, Kid/On My Mind.mp3"
3am,ROSÉ,ROSÉ,rosie,kpop-gen3,https://music.youtube.com/watch?v=xEtk-2nAqDQ,https://i.ytimg.com/vi/xEtk-2nAqDQ/maxresdefault.jpg,ROSÉ/rosie/3am.mp3
two years,ROSÉ,ROSÉ,rosie,kpop-gen3,https://music.youtube.com/watch?v=W7wn8Xh2tKs,https://i.ytimg.com/vi/W7wn8Xh2tKs/maxresdefault.jpg,ROSÉ/rosie/two years.mp3
gameboy,ROSÉ,ROSÉ,rosie,kpop-gen3,https://music.youtube.com/watch?v=VSyL6RSiJbs,https://i.ytimg.com/vi/VSyL6RSiJbs/maxresdefault.jpg,ROSÉ/rosie/gameboy.mp3
dance all night,ROSÉ,ROSÉ,rosie,kpop-gen3,https://music.youtube.com/watch?v=Fr5FphKF3xU,https://i.ytimg.com/vi/Fr5FphKF3xU/maxresdefault.jpg,ROSÉ/rosie/dance all night.mp3
too bad for us,ROSÉ,ROSÉ,rosie,kpop-gen3,https://music.youtube.com/watch?v=q9VgD3zr5_8,https://i.ytimg.com/vi/q9VgD3zr5_8/maxresdefault.jpg,ROSÉ/rosie/too bad for us.mp3
call it the end,ROSÉ,ROSÉ,rosie,kpop-gen3,https://music.youtube.com/watch?v=-Hr1r-72-xU,https://i.ytimg.com/vi/-Hr1r-72-xU/maxresdefault.jpg,ROSÉ/rosie/call it the end.mp3
not the same,ROSÉ,ROSÉ,rosie,kpop-gen3,https://music.youtube.com/watch?v=PSnICa0dZRM,https://i.ytimg.com/vi/PSnICa0dZRM/maxresdefault.jpg,ROSÉ/rosie/not the same.mp3
Gone,ROSÉ,ROSE,BLACKPINK 2021 'THE SHOW' LIVE,kpop-gen3,https://music.youtube.com/watch?v=Hti1yRyOcQA,https://i.ytimg.com/vi/Hti1yRyOcQA/maxresdefault.jpg,ROSÉ/BLACKPINK 2021 'THE SHOW' LIVE/Gone.mp3
Dracula (JENNIE Remix),JENNIE,"Tame Impala, JENNIE",Dracula (Remix),kpop-gen3,https://music.youtube.com/watch?v=6KjVYeQ9SRw,https://i.ytimg.com/vi/6KjVYeQ9SRw/maxresdefault.jpg,JENNIE/Dracula (Remix)/Dracula (JENNIE Remix).mp3
like JENNIE,JENNIE,JENNIE,Ruby,kpop-gen3,https://music.youtube.com/watch?v=HMQlkbXjSTM,https://i.ytimg.com/vi/HMQlkbXjSTM/maxresdefault.jpg,JENNIE/Ruby/like JENNIE.mp3
One Of The Girls,JENNIE,"The Weeknd, JENNIE, Lily Rose Depp",The Idol Episode 4,kpop-gen3,https://music.youtube.com/watch?v=HgLfYfJtc8M,https://i.ytimg.com/vi/HgLfYfJtc8M/maxresdefault.jpg,JENNIE/The Idol Episode 4/One Of The Girls.mp3
Mantra,JENNIE,JENNIE,Ruby,kpop-gen3,https://music.youtube.com/watch?v=ojhuTz2uMwU,https://i.ytimg.com/vi/ojhuTz2uMwU/maxresdefault.jpg,JENNIE/Ruby/Mantra.mp3
ExtraL,JENNIE,"JENNIE, Doechii",Ruby,kpop-gen3,https://music.youtube.com/watch?v=knz9JqYfX4w,https://i.ytimg.com/vi/knz9JqYfX4w/maxresdefault.jpg,JENNIE/Ruby/ExtraL.mp3
Seoul City,JENNIE,JENNIE,Ruby,kpop-gen3,https://music.youtube.com/watch?v=CJawGe7JolI,https://i.ytimg.com/vi/CJawGe7JolI/maxresdefault.jpg,JENNIE/Ruby/Seoul City.mp3
You & Me,JENNIE,JENNIE,JENNIE Special Single (You & Me),kpop-gen3,https://music.youtube.com/watch?v=VsJHVonN3T0,https://i.ytimg.com/vi/VsJHVonN3T0/maxresdefault.jpg,JENNIE/JENNIE Special Single (You & Me)/You & Me.mp3
SOLO,JENNIE,JENNIE,SOLO,kpop-gen3,https://music.youtube.com/watch?v=4-4COoO5Qdg,https://i.ytimg.com/vi/4-4COoO5Qdg/maxresdefault.jpg,JENNIE/SOLO/SOLO.mp3
SPOT! (feat. JENNIE),JENNIE,"ZICO, JENNIE",SPOT! (feat. JENNIE),kpop-gen3,https://music.youtube.com/watch?v=33hE0Z0iNys,https://i.ytimg.com/vi/33hE0Z0iNys/maxresdefault.jpg,JENNIE/SPOT! (feat. JENNIE)/SPOT! (feat. JENNIE).mp3
ZEN,JENNIE,JENNIE,Ruby,kpop-gen3,https://music.youtube.com/watch?v=Laf5egr03VY,https://i.ytimg.com/vi/Laf5egr03VY/maxresdefault.jpg,JENNIE/Ruby/ZEN.mp3
Handlebars,JENNIE,"JENNIE, Dua Lipa",Ruby,kpop-gen3,https://music.youtube.com/watch?v=qMmnoCjflmc,https://i.ytimg.com/vi/qMmnoCjflmc/maxresdefault.jpg,JENNIE/Ruby/Handlebars.mp3
like JENNIE (Extended Remix),JENNIE,JENNIE,Ruby (The Complete Collection),kpop-gen3,https://music.youtube.com/watch?v=Kh0IYZS9nXU,https://i.ytimg.com/vi/Kh0IYZS9nXU/maxresdefault.jpg,JENNIE/Ruby (The Complete Collection)/like JENNIE (Extended Remix).mp3
Love Hangover,JENNIE,"JENNIE, Dominic Fike",Ruby,kpop-gen3,https://music.youtube.com/watch?v=jaTPb7JJUt8,https://i.ytimg.com/vi/jaTPb7JJUt8/maxresdefault.jpg,JENNIE/Ruby/Love Hangover.mp3
with the IE (way up),JENNIE,JENNIE,Ruby,kpop-gen3,https://music.youtube.com/watch?v=HKkfw0BGl8Y,https://i.ytimg.com/vi/HKkfw0BGl8Y/maxresdefault.jpg,JENNIE/Ruby/with the IE (way up).mp3
Damn Right,JENNIE,"JENNIE, Childish Gambino, Kali Uchis",Ruby,kpop-gen3,https://music.youtube.com/watch?v=R_1bsequmEU,https://i.ytimg.com/vi/R_1bsequmEU/maxresdefault.jpg,JENNIE/Ruby/Damn Right.mp3
like JENNIE (EDM Remix),JENNIE,JENNIE,Ruby (The Complete Collection),kpop-gen3,https://music.youtube.com/watch?v=z5rrvcvPoMg,https://i.ytimg.com/vi/z5rrvcvPoMg/maxresdefault.jpg,JENNIE/Ruby (The Complete Collection)/like JENNIE (EDM Remix).mp3
start a war,JENNIE,JENNIE,Ruby,kpop-gen3,https://music.youtube.com/watch?v=J2uG77Rm5Rs,https://i.ytimg.com/vi/J2uG77Rm5Rs/maxresdefault.jpg,JENNIE/Ruby/start a war.mp3
Dracula (JENNIE Remix - Boys Noize Disko Version),JENNIE,"Tame Impala, JENNIE, Boys Noize",Dracula,kpop-gen3,https://music.youtube.com/watch?v=JRoPx1TwaCI,https://i.ytimg.com/vi/JRoPx1TwaCI/maxresdefault.jpg,JENNIE/Dracula/Dracula (JENNIE Remix - Boys Noize Disko Version).mp3
Filter,JENNIE,JENNIE,Ruby,kpop-gen3,https://music.youtube.com/watch?v=UjsAI5LMNak,https://i.ytimg.com/vi/UjsAI5LMNak/maxresdefault.jpg,JENNIE/Ruby/Filter.mp3
ExtraL (Just JENNIE),JENNIE,JENNIE,Ruby (The Complete Collection),kpop-gen3,https://music.youtube.com/watch?v=t-GIYW4LtkU,https://i.ytimg.com/vi/t-GIYW4LtkU/maxresdefault.jpg,JENNIE/Ruby (The Complete Collection)/ExtraL (Just JENNIE).mp3
Damn Right (Just JENNIE),JENNIE,JENNIE,Ruby (The Complete Collection),kpop-gen3,https://music.youtube.com/watch?v=LRW-Ki6_i7o,https://i.ytimg.com/vi/LRW-Ki6_i7o/maxresdefault.jpg,JENNIE/Ruby (The Complete Collection)/Damn Right (Just JENNIE).mp3
One Of The Girls (Sped Up),JENNIE,"The Weeknd, JENNIE, Lily Rose Depp",One of the Girls,kpop-gen3,https://music.youtube.com/watch?v=O5u4imeFtgk,https://i.ytimg.com/vi/O5u4imeFtgk/maxresdefault.jpg,JENNIE/One of the Girls/One Of The Girls (Sped Up).mp3
Starlight,JENNIE,JENNIE,Ruby,kpop-gen3,https://music.youtube.com/watch?v=EI6qQecoUk8,https://i.ytimg.com/vi/EI6qQecoUk8/maxresdefault.jpg,JENNIE/Ruby/Starlight.mp3
twin,JENNIE,JENNIE,Ruby,kpop-gen3,https://music.youtube.com/watch?v=MQ_YuEc4-ys,https://i.ytimg.com/vi/MQ_YuEc4-ys/maxresdefault.jpg,JENNIE/Ruby/twin.mp3
Love Hangover (Just JENNIE),JENNIE,JENNIE,Ruby (The Complete Collection),kpop-gen3,https://music.youtube.com/watch?v=asWeUpeSZGY,https://i.ytimg.com/vi/asWeUpeSZGY/maxresdefault.jpg,JENNIE/Ruby (The Complete Collection)/Love Hangover (Just JENNIE).mp3
Handlebars (Just JENNIE),JENNIE,JENNIE,Ruby (The Complete Collection),kpop-gen3,https://music.youtube.com/watch?v=uMBWEFlz5m0,https://i.ytimg.com/vi/uMBWEFlz5m0/maxresdefault.jpg,JENNIE/Ruby (The Complete Collection)/Handlebars (Just JENNIE).mp3
Intro : JANE with FKJ,JENNIE,"JENNIE, FKJ",Ruby,kpop-gen3,https://music.youtube.com/watch?v=GkJWdCGR85w,https://i.ytimg.com/vi/GkJWdCGR85w/maxresdefault.jpg,JENNIE/Ruby/Intro _ JANE with FKJ.mp3
F.T.S.,JENNIE,JENNIE,Ruby,kpop-gen3,https://music.youtube.com/watch?v=OwZWimqa7B4,https://i.ytimg.com/vi/OwZWimqa7B4/maxresdefault.jpg,JENNIE/Ruby/F.T.S..mp3
like JENNIE (Peggy Gou Remix),JENNIE,"JENNIE, Peggy Gou",like JENNIE,kpop-gen3,https://music.youtube.com/watch?v=rq8-G7RGkac,https://i.ytimg.com/vi/rq8-G7RGkac/maxresdefault.jpg,JENNIE/like JENNIE/like JENNIE (Peggy Gou Remix).mp3
Dracula (JENNIE Remix Instrumental),JENNIE,"Tame Impala, JENNIE",Dracula (Remix + Instrumental),kpop-gen3,https://music.youtube.com/watch?v=RN2gfdBhPUg,https://i.ytimg.com/vi/RN2gfdBhPUg/maxresdefault.jpg,JENNIE/Dracula (Remix + Instrumental)/Dracula (JENNIE Remix Instrumental).mp3
One Of The Girls (Slowed),JENNIE,"The Weeknd, JENNIE, Lily Rose Depp",One of the Girls,kpop-gen3,https://music.youtube.com/watch?v=lJLmtAkyxTo,https://i.ytimg.com/vi/lJLmtAkyxTo/maxresdefault.jpg,JENNIE/One of the Girls/One Of The Girls (Slowed).mp3
One Of The Girls (Instrumental),JENNIE,"The Weeknd, JENNIE, Lily Rose Depp",One of the Girls,kpop-gen3,https://music.youtube.com/watch?v=KXzVOtWAOqs,https://i.ytimg.com/vi/KXzVOtWAOqs/maxresdefault.jpg,JENNIE/One of the Girls/One Of The Girls (Instrumental).mp3
Slow Motion,JENNIE,"Matt Champion, JENNIE",Mika's Laundry,kpop-gen3,https://music.youtube.com/watch?v=nIgwqTTKqfU,https://i.ytimg.com/vi/nIgwqTTKqfU/maxresdefault.jpg,JENNIE/Mika's Laundry/Slow Motion.mp3
SOLO,JENNIE,JENNIE,BLACKPINK 2021 'THE SHOW' LIVE,kpop-gen3,https://music.youtube.com/watch?v=6hGuwKQPsHw,https://i.ytimg.com/vi/6hGuwKQPsHw/maxresdefault.jpg,JENNIE/BLACKPINK 2021 'THE SHOW' LIVE/SOLO.mp3
"SOLO (BLACKPINK ARENA TOUR 2018 ""SPECIAL FINAL IN KYOCERA DOME OSAKA"")",JENNIE,JENNIE (from BLACKPINK),"BLACKPINK ARENA TOUR 2018 ""SPECIAL FINAL IN KYOCERA DOME OSAKA""",kpop-gen3,https://music.youtube.com/watch?v=9xhuA7ssdns,https://i.ytimg.com/vi/9xhuA7ssdns/maxresdefault.jpg,JENNIE/BLACKPINK ARENA TOUR 2018 SPECIAL FINAL IN KYOCERA DOME OSAKA/SOLO (BLACKPINK ARENA TOUR 2018 SPECIAL FINAL IN KYOCERA DOME OSAKA).mp3
like JENNIE (Peggy Gou Remix - EXTENDED MIX),JENNIE,"JENNIE, Peggy Gou",like JENNIE,kpop-gen3,https://music.youtube.com/watch?v=kOQKqbSd2v0,https://i.ytimg.com/vi/kOQKqbSd2v0/maxresdefault.jpg,JENNIE/like JENNIE/like JENNIE (Peggy Gou Remix - EXTENDED MIX).mp3
One Of The Girls (A Cappella),JENNIE,"The Weeknd, JENNIE, Lily Rose Depp",One of the Girls,kpop-gen3,https://music.youtube.com/watch?v=efISGbGXmhQ,https://i.ytimg.com/vi/efISGbGXmhQ/maxresdefault.jpg,JENNIE/One of the Girls/One Of The Girls (A Cappella).mp3
Goals,LISA,"LISA, Anitta, Rema, FIFA Sound",Goals (FIFA World Cup 2026™),kpop-gen3,https://music.youtube.com/watch?v=_iLT5Mdbk0U,https://i.ytimg.com/vi/_iLT5Mdbk0U/maxresdefault.jpg,LISA/Goals (FIFA World Cup 2026™)/Goals.mp3
MONEY,LISA,LISA,LALISA,kpop-gen3,https://music.youtube.com/watch?v=4YSHPGn9-LM,https://i.ytimg.com/vi/4YSHPGn9-LM/maxresdefault.jpg,LISA/LALISA/MONEY.mp3
Rockstar,LISA,LISA,Alter Ego,kpop-gen3,https://music.youtube.com/watch?v=PlAsr_EEcoQ,https://i.ytimg.com/vi/PlAsr_EEcoQ/maxresdefault.jpg,LISA/Alter Ego/Rockstar.mp3
Bad Angel,LISA,"Anyma, LISA",Bad Angel,kpop-gen3,https://music.youtube.com/watch?v=r9tmxCmUuGE,https://i.ytimg.com/vi/r9tmxCmUuGE/maxresdefault.jpg,LISA/Bad Angel/Bad Angel.mp3
Born Again,LISA,"LISA, Doja Cat, RAYE",Alter Ego,kpop-gen3,https://music.youtube.com/watch?v=lc24lSxY334,https://i.ytimg.com/vi/lc24lSxY334/maxresdefault.jpg,LISA/Alter Ego/Born Again.mp3
Dream,LISA,LISA,Alter Ego,kpop-gen3,https://music.youtube.com/watch?v=R5ytk9aJ1Fw,https://i.ytimg.com/vi/R5ytk9aJ1Fw/maxresdefault.jpg,LISA/Alter Ego/Dream.mp3
New Woman,LISA,"LISA, ROSALÍA",Alter Ego,kpop-gen3,https://music.youtube.com/watch?v=YxbbkM7YY-U,https://i.ytimg.com/vi/YxbbkM7YY-U/maxresdefault.jpg,LISA/Alter Ego/New Woman.mp3
LALISA,LISA,LISA,LALISA,kpop-gen3,https://music.youtube.com/watch?v=_E6gDU0m_hk,https://i.ytimg.com/vi/_E6gDU0m_hk/maxresdefault.jpg,LISA/LALISA/LALISA.mp3
FXCK UP THE WORLD (Vixi Solo Version),LISA,LISA,Alter Ego,kpop-gen3,https://music.youtube.com/watch?v=h5qyzAn45-s,https://i.ytimg.com/vi/h5qyzAn45-s/maxresdefault.jpg,LISA/Alter Ego/FXCK UP THE WORLD (Vixi Solo Version).mp3
Moonlit Floor (Kiss Me) (Live Performance Version),LISA,LISA,Moonlit Floor (Kiss Me),kpop-gen3,https://music.youtube.com/watch?v=zRXvDLLfrYE,https://i.ytimg.com/vi/zRXvDLLfrYE/maxresdefault.jpg,LISA/Moonlit Floor (Kiss Me)/Moonlit Floor (Kiss Me) (Live Performance Version).mp3
SG,LISA,"DJ Snake, Ozuna, Megan Thee Stallion, LISA",SG,kpop-gen3,https://music.youtube.com/watch?v=DOvrlBQ7QQQ,https://i.ytimg.com/vi/DOvrlBQ7QQQ/maxresdefault.jpg,LISA/SG/SG.mp3
Priceless,LISA,"Maroon 5, LISA",Love Is Like,kpop-gen3,https://music.youtube.com/watch?v=zktfGU6W5UI,https://i.ytimg.com/vi/zktfGU6W5UI/maxresdefault.jpg,LISA/Love Is Like/Priceless.mp3
Moonlit Floor (Kiss Me),LISA,LISA,Alter Ego,kpop-gen3,https://music.youtube.com/watch?v=bUJDs5eN5lc,https://i.ytimg.com/vi/bUJDs5eN5lc/maxresdefault.jpg,LISA/Alter Ego/Moonlit Floor (Kiss Me).mp3
When I'm With You,LISA,"LISA, Tyla",Alter Ego,kpop-gen3,https://music.youtube.com/watch?v=roGEn4TqEdA,https://i.ytimg.com/vi/roGEn4TqEdA/maxresdefault.jpg,LISA/Alter Ego/When I'm With You.mp3
Lifestyle,LISA,LISA,Alter Ego,kpop-gen3,https://music.youtube.com/watch?v=-KVkzfBjgm4,https://i.ytimg.com/vi/-KVkzfBjgm4/maxresdefault.jpg,LISA/Alter Ego/Lifestyle.mp3
Chill,LISA,LISA,Alter Ego,kpop-gen3,https://music.youtube.com/watch?v=0c8E2nKtKS4,https://i.ytimg.com/vi/0c8E2nKtKS4/maxresdefault.jpg,LISA/Alter Ego/Chill.mp3
Thunder,LISA,LISA,Alter Ego,kpop-gen3,https://music.youtube.com/watch?v=ox7IUp5UpSU,https://i.ytimg.com/vi/ox7IUp5UpSU/maxresdefault.jpg,LISA/Alter Ego/Thunder.mp3
Elastigirl,LISA,LISA,Alter Ego,kpop-gen3,https://music.youtube.com/watch?v=Xt6Tc4MPrGg,https://i.ytimg.com/vi/Xt6Tc4MPrGg/maxresdefault.jpg,LISA/Alter Ego/Elastigirl.mp3
Rapunzel (Kiki Solo Version),LISA,LISA,Alter Ego,kpop-gen3,https://music.youtube.com/watch?v=1lNwYNnRAC8,https://i.ytimg.com/vi/1lNwYNnRAC8/maxresdefault.jpg,LISA/Alter Ego/Rapunzel (Kiki Solo Version).mp3
BADGRRRL,LISA,LISA,Alter Ego,kpop-gen3,https://music.youtube.com/watch?v=uugQ__gsPCk,https://i.ytimg.com/vi/uugQ__gsPCk/maxresdefault.jpg,LISA/Alter Ego/BADGRRRL.mp3
Rapunzel,LISA,"LISA, Megan Thee Stallion",Alter Ego,kpop-gen3,https://music.youtube.com/watch?v=025tLD9FTcY,https://i.ytimg.com/vi/025tLD9FTcY/maxresdefault.jpg,LISA/Alter Ego/Rapunzel.mp3
Moonlit Floor (Kiss Me) (Santa Baby Remix),LISA,LISA,Moonlit Floor (Kiss Me),kpop-gen3,https://music.youtube.com/watch?v=5fXlvE0vCrs,https://i.ytimg.com/vi/5fXlvE0vCrs/maxresdefault.jpg,LISA/Moonlit Floor (Kiss Me)/Moonlit Floor (Kiss Me) (Santa Baby Remix).mp3
Born Again (Purple Disco Machine Remix),LISA,"LISA, Doja Cat, RAYE, Purple Disco Machine",Born Again (Purple Disco Machine Remix),kpop-gen3,https://music.youtube.com/watch?v=uN6_UB6qmVA,https://i.ytimg.com/vi/uN6_UB6qmVA/maxresdefault.jpg,LISA/Born Again (Purple Disco Machine Remix)/Born Again (Purple Disco Machine Remix).mp3
Rockstar (Slowed Down),LISA,LISA,Rockstar,kpop-gen3,https://music.youtube.com/watch?v=QTFJxor4MTA,https://i.ytimg.com/vi/QTFJxor4MTA/maxresdefault.jpg,LISA/Rockstar/Rockstar (Slowed Down).mp3
Rockstar (Sped Up),LISA,LISA,Rockstar,kpop-gen3,https://music.youtube.com/watch?v=ImZJW2FGZjA,https://i.ytimg.com/vi/ImZJW2FGZjA/maxresdefault.jpg,LISA/Rockstar/Rockstar (Sped Up).mp3
Rockstar (Instrumental),LISA,LISA,Rockstar,kpop-gen3,https://music.youtube.com/watch?v=9RB4BuMwFQs,https://i.ytimg.com/vi/9RB4BuMwFQs/maxresdefault.jpg,LISA/Rockstar/Rockstar (Instrumental).mp3
Born Again (Purple Disco Machine Extended Mix),LISA,"LISA, Doja Cat, RAYE, Purple Disco Machine",Born Again (Purple Disco Machine Remix),kpop-gen3,https://music.youtube.com/watch?v=nybPc88iMpc,https://i.ytimg.com/vi/nybPc88iMpc/maxresdefault.jpg,LISA/Born Again (Purple Disco Machine Remix)/Born Again (Purple Disco Machine Extended Mix).mp3
Moonlit Floor (Kiss Me) (Instrumental),LISA,LISA,Moonlit Floor (Kiss Me),kpop-gen3,https://music.youtube.com/watch?v=UOBwiJ7YMEA,https://i.ytimg.com/vi/UOBwiJ7YMEA/maxresdefault.jpg,LISA/Moonlit Floor (Kiss Me)/Moonlit Floor (Kiss Me) (Instrumental).mp3
Strategy,TWICE,TWICE,STRATEGY,kpop-gen3,https://music.youtube.com/watch?v=nmbiBVPe5bY,https://i.ytimg.com/vi/nmbiBVPe5bY/maxresdefault.jpg,TWICE/STRATEGY/Strategy.mp3
"TWICE ""THIS IS FOR"" M/V",TWICE,JYP Entertainment,Single,kpop-gen3,https://music.youtube.com/watch?v=eHHQaoEW30Q,https://i.ytimg.com/vi/eHHQaoEW30Q/maxresdefault.jpg,TWICE/Single/TWICE THIS IS FOR M_V.mp3
"TWICE ""What is Love?"" M/V",TWICE,JYP Entertainment,Single,kpop-gen3,https://music.youtube.com/watch?v=i0p1bmr0EmE,https://i.ytimg.com/vi/i0p1bmr0EmE/sddefault.jpg,TWICE/Single/TWICE What is Love? M_V.mp3
"TAKEDOWN (JEONGYEON, JIHYO, CHAEYOUNG)",TWICE,TWICE,THIS IS FOR DELUXE,kpop-gen3,https://music.youtube.com/watch?v=g2d1QmEz8wo,https://i.ytimg.com/vi/g2d1QmEz8wo/maxresdefault.jpg,"TWICE/THIS IS FOR DELUXE/TAKEDOWN (JEONGYEON, JIHYO, CHAEYOUNG).mp3"
"TWICE ""The Feels"" M/V",TWICE,JYP Entertainment,Single,kpop-gen3,https://music.youtube.com/watch?v=f5_wn8mexmM,https://i.ytimg.com/vi/f5_wn8mexmM/maxresdefault.jpg,TWICE/Single/TWICE The Feels M_V.mp3
"TWICE ""I CAN'T STOP ME"" M/V",TWICE,JYP Entertainment,Single,kpop-gen3,https://music.youtube.com/watch?v=CM4CkVFmTds,https://i.ytimg.com/vi/CM4CkVFmTds/maxresdefault.jpg,TWICE/Single/TWICE I CAN'T STOP ME M_V.mp3
"TWICE ""FANCY"" M/V",TWICE,JYP Entertainment,Single,kpop-gen3,https://music.youtube.com/watch?v=kOHB85vDuow,https://i.ytimg.com/vi/kOHB85vDuow/maxresdefault.jpg,TWICE/Single/TWICE FANCY M_V.mp3
"TWICE ""Feel Special"" M/V",TWICE,JYP Entertainment,Single,kpop-gen3,https://music.youtube.com/watch?v=3ymwOvzhwHs,https://i.ytimg.com/vi/3ymwOvzhwHs/maxresdefault.jpg,TWICE/Single/TWICE Feel Special M_V.mp3
"TWICE ""LIKEY"" M/V",TWICE,JYP Entertainment,Single,kpop-gen3,https://music.youtube.com/watch?v=V2hlQkVJZhE,https://i.ytimg.com/vi/V2hlQkVJZhE/sddefault.jpg,TWICE/Single/TWICE LIKEY M_V.mp3
"TWICE ""TT"" M/V",TWICE,JYP Entertainment,Single,kpop-gen3,https://music.youtube.com/watch?v=ePpPVE-GGJw,https://i.ytimg.com/vi/ePpPVE-GGJw/sddefault.jpg,TWICE/Single/TWICE TT M_V.mp3
"TWICE ""Alcohol-Free"" M/V",TWICE,JYP Entertainment,Single,kpop-gen3,https://music.youtube.com/watch?v=XA2YEHn-A8Q,https://i.ytimg.com/vi/XA2YEHn-A8Q/maxresdefault.jpg,TWICE/Single/TWICE Alcohol-Free M_V.mp3
"NAYEON ""POP!"" M/V",TWICE,JYP Entertainment,Single,kpop-gen3,https://music.youtube.com/watch?v=f6YDKF0LVWw,https://i.ytimg.com/vi/f6YDKF0LVWw/maxresdefault.jpg,TWICE/Single/NAYEON POP! M_V.mp3
"TWICE ""MORE & MORE"" M/V",TWICE,JYP Entertainment,Single,kpop-gen3,https://music.youtube.com/watch?v=mH0_XpSHkZo,https://i.ytimg.com/vi/mH0_XpSHkZo/maxresdefault.jpg,TWICE/Single/TWICE MORE & MORE M_V.mp3
"TWICE ""CHEER UP"" M/V",TWICE,JYP Entertainment,Single,kpop-gen3,https://music.youtube.com/watch?v=c7rCyll5AeY,https://i.ytimg.com/vi/c7rCyll5AeY/sddefault.jpg,TWICE/Single/TWICE CHEER UP M_V.mp3
"TWICE ""YES or YES"" M/V",TWICE,JYP Entertainment,Single,kpop-gen3,https://music.youtube.com/watch?v=mAKsZ26SabQ,https://i.ytimg.com/vi/mAKsZ26SabQ/maxresdefault.jpg,TWICE/Single/TWICE YES or YES M_V.mp3
"TWICE ""Heart Shaker"" M/V",TWICE,JYP Entertainment,Single,kpop-gen3,https://music.youtube.com/watch?v=rRzxEiBLQCA,https://i.ytimg.com/vi/rRzxEiBLQCA/sddefault.jpg,TWICE/Single/TWICE Heart Shaker M_V.mp3
"TWICE ""Talk that Talk"" M/V",TWICE,JYP Entertainment,Single,kpop-gen3,https://music.youtube.com/watch?v=k6jqx9kZgPM,https://i.ytimg.com/vi/k6jqx9kZgPM/maxresdefault.jpg,TWICE/Single/TWICE Talk that Talk M_V.mp3
"TWICE ""Dance The Night Away"" M/V",TWICE,JYP Entertainment,Single,kpop-gen3,https://music.youtube.com/watch?v=Fm5iP0S1z9w,https://i.ytimg.com/vi/Fm5iP0S1z9w/maxresdefault.jpg,TWICE/Single/TWICE Dance The Night Away M_V.mp3
"TWICE ""Like OOH-AHH(OOH-AHH하게)"" M/V",TWICE,JYP Entertainment,Single,kpop-gen3,https://music.youtube.com/watch?v=0rtV5esQT6I,https://i.ytimg.com/vi/0rtV5esQT6I/sddefault.jpg,TWICE/Single/TWICE Like OOH-AHH(OOH-AHH하게) M_V.mp3
MISAMO “Do not touch” M/V,TWICE,JYP Entertainment,Single,kpop-gen3,https://music.youtube.com/watch?v=woKq2sD8xho,https://i.ytimg.com/vi/woKq2sD8xho/sddefault.jpg,TWICE/Single/MISAMO “Do not touch” M_V.mp3
"TWICE Pre-release english track ""MOONLIGHT SUNRISE"" M/V",TWICE,JYP Entertainment,Single,kpop-gen3,https://music.youtube.com/watch?v=cKlEE_EYuNM,https://i.ytimg.com/vi/cKlEE_EYuNM/maxresdefault.jpg,TWICE/Single/TWICE Pre-release english track MOONLIGHT SUNRISE M_V.mp3
"NAYEON ""ABCD"" M/V",TWICE,JYP Entertainment,Single,kpop-gen3,https://music.youtube.com/watch?v=oUZttxRcPZw,https://i.ytimg.com/vi/oUZttxRcPZw/maxresdefault.jpg,TWICE/Single/NAYEON ABCD M_V.mp3
"TWICE ""SET ME FREE"" M/V",TWICE,JYP Entertainment,Single,kpop-gen3,https://music.youtube.com/watch?v=w4cTYnOPdNk,https://i.ytimg.com/vi/w4cTYnOPdNk/maxresdefault.jpg,TWICE/Single/TWICE SET ME FREE M_V.mp3
TWICE “SCIENTIST” M/V,TWICE,JYP Entertainment,Single,kpop-gen3,https://music.youtube.com/watch?v=vPwaXytZcgI,https://i.ytimg.com/vi/vPwaXytZcgI/maxresdefault.jpg,TWICE/Single/TWICE “SCIENTIST” M_V.mp3
"TWICE ""ONE SPARK"" M/V",TWICE,JYP Entertainment,Single,kpop-gen3,https://music.youtube.com/watch?v=jCzez_q8si0,https://i.ytimg.com/vi/jCzez_q8si0/maxresdefault.jpg,TWICE/Single/TWICE ONE SPARK M_V.mp3
TWICE 'CRY FOR ME' Choreography - 2,TWICE,TWICE,Single,kpop-gen3,https://music.youtube.com/watch?v=bkQw-F1QTq4,https://i.ytimg.com/vi/bkQw-F1QTq4/maxresdefault.jpg,TWICE/Single/TWICE 'CRY FOR ME' Choreography - 2.mp3
TWICE「Candy Pop」Music Video,TWICE,TWICE JAPAN OFFICIAL YouTube Channel,Single,kpop-gen3,https://music.youtube.com/watch?v=wQ_POfToaVY,https://i.ytimg.com/vi/wQ_POfToaVY/maxresdefault.jpg,TWICE/Single/TWICE「Candy Pop」Music Video.mp3
TWICE 「Perfect World」 Music Video,TWICE,TWICE JAPAN OFFICIAL YouTube Channel,Single,kpop-gen3,https://music.youtube.com/watch?v=fmOEKOjyDxU,https://i.ytimg.com/vi/fmOEKOjyDxU/sddefault.jpg?v=60d9348b,TWICE/Single/TWICE 「Perfect World」 Music Video.mp3
"TWICE ""I GOT YOU"" M/V",TWICE,JYP Entertainment,Single,kpop-gen3,https://music.youtube.com/watch?v=haf67eKF0uo,https://i.ytimg.com/vi/haf67eKF0uo/maxresdefault.jpg,TWICE/Single/TWICE I GOT YOU M_V.mp3
TWICE “ME+YOU” M/V,TWICE,JYP Entertainment,Single,kpop-gen3,https://music.youtube.com/watch?v=zqorlX_5oHQ,https://i.ytimg.com/vi/zqorlX_5oHQ/maxresdefault.jpg,TWICE/Single/TWICE “ME+YOU” M_V.mp3
TWICE 「Fanfare」Music Video,TWICE,TWICE JAPAN OFFICIAL YouTube Channel,Single,kpop-gen3,https://music.youtube.com/watch?v=kRT174IdxuM,https://i.ytimg.com/vi/kRT174IdxuM/maxresdefault.jpg,TWICE/Single/TWICE 「Fanfare」Music Video.mp3
TWICE『DIVE』Music Video,TWICE,TWICE JAPAN OFFICIAL YouTube Channel,Single,kpop-gen3,https://music.youtube.com/watch?v=QGCkDOkpWf8,https://i.ytimg.com/vi/QGCkDOkpWf8/maxresdefault.jpg,TWICE/Single/TWICE『DIVE』Music Video.mp3
"TZUYU ""Run Away"" M/V",TWICE,JYP Entertainment,Single,kpop-gen3,https://music.youtube.com/watch?v=IIrCrGAX03Y,https://i.ytimg.com/vi/IIrCrGAX03Y/maxresdefault.jpg,TWICE/Single/TZUYU Run Away M_V.mp3
"JIHYO ""Killin' Me Good"" M/V",TWICE,JYP Entertainment,Single,kpop-gen3,https://music.youtube.com/watch?v=jyw_vrI4ySg,https://i.ytimg.com/vi/jyw_vrI4ySg/maxresdefault.jpg,TWICE/Single/JIHYO Killin' Me Good M_V.mp3
TWICE 「Kura Kura」 Music Video,TWICE,TWICE JAPAN OFFICIAL YouTube Channel,Single,kpop-gen3,https://music.youtube.com/watch?v=BSS8Y-0hOlY,https://i.ytimg.com/vi/BSS8Y-0hOlY/maxresdefault.jpg,TWICE/Single/TWICE 「Kura Kura」 Music Video.mp3
TWICE 「Fake & True」 Music Video,TWICE,TWICE JAPAN OFFICIAL YouTube Channel,Single,kpop-gen3,https://music.youtube.com/watch?v=zQELp93xxfo,https://i.ytimg.com/vi/zQELp93xxfo/maxresdefault.jpg,TWICE/Single/TWICE 「Fake & True」 Music Video.mp3
TWICE 「BETTER」 Music Video,TWICE,TWICE JAPAN OFFICIAL YouTube Channel,Single,kpop-gen3,https://music.youtube.com/watch?v=sLmLwgxnPUE,https://i.ytimg.com/vi/sLmLwgxnPUE/maxresdefault.jpg,TWICE/Single/TWICE 「BETTER」 Music Video.mp3
TWICE「ENEMY」Music Video,TWICE,TWICE JAPAN OFFICIAL YouTube Channel,Single,kpop-gen3,https://music.youtube.com/watch?v=xWldBK4d2Ps,https://i.ytimg.com/vi/xWldBK4d2Ps/maxresdefault.jpg,TWICE/Single/TWICE「ENEMY」Music Video.mp3
TWICE「Wake Me Up」Music Video,TWICE,TWICE JAPAN OFFICIAL YouTube Channel,Single,kpop-gen3,https://music.youtube.com/watch?v=DdLYSziSXII,https://i.ytimg.com/vi/DdLYSziSXII/maxresdefault.jpg,TWICE/Single/TWICE「Wake Me Up」Music Video.mp3
CHAEYOUNG “SHOOT (Firecracker)” M/V,TWICE,JYP Entertainment,Single,kpop-gen3,https://music.youtube.com/watch?v=tl2luF-JRlU,https://i.ytimg.com/vi/tl2luF-JRlU/maxresdefault.jpg,TWICE/Single/CHAEYOUNG “SHOOT (Firecracker)” M_V.mp3
"TWICE ""Queen of Hearts"" Live Clip",TWICE,TWICE,Single,kpop-gen3,https://music.youtube.com/watch?v=Q4Rb5_kjS2M,https://i.ytimg.com/vi/Q4Rb5_kjS2M/sddefault.jpg,TWICE/Single/TWICE Queen of Hearts Live Clip.mp3
TWICE「I WANT YOU BACK」Music Video,TWICE,TWICE JAPAN OFFICIAL YouTube Channel,Single,kpop-gen3,https://music.youtube.com/watch?v=X3H-4crGD6k,https://i.ytimg.com/vi/X3H-4crGD6k/sddefault.jpg,TWICE/Single/TWICE「I WANT YOU BACK」Music Video.mp3
MEEEEEE (NAYEON),TWICE,TWICE,TEN: The Story Goes On,kpop-gen3,https://music.youtube.com/watch?v=vnA8--MCU_A,https://i.ytimg.com/vi/vnA8--MCU_A/maxresdefault.jpg,TWICE/TEN_ The Story Goes On/MEEEEEE (NAYEON).mp3
ATM (JIHYO),TWICE,TWICE,TEN: The Story Goes On,kpop-gen3,https://music.youtube.com/watch?v=WYMyJmm4IMc,https://i.ytimg.com/vi/WYMyJmm4IMc/maxresdefault.jpg,TWICE/TEN_ The Story Goes On/ATM (JIHYO).mp3
"TWICE ""The Best Thing I Ever Did(올해 제일 잘한 일)"" M/V",TWICE,JYP Entertainment,Single,kpop-gen3,https://music.youtube.com/watch?v=CfUGjK6gGgs,https://i.ytimg.com/vi/CfUGjK6gGgs/sddefault.jpg,TWICE/Single/TWICE The Best Thing I Ever Did(올해 제일 잘한 일) M_V.mp3
"TWICE ""Merry & Happy"" M/V",TWICE,JYP Entertainment,Single,kpop-gen3,https://music.youtube.com/watch?v=zi_6oaQyckM,https://i.ytimg.com/vi/zi_6oaQyckM/sddefault.jpg,TWICE/Single/TWICE Merry & Happy M_V.mp3
MARS,TWICE,TWICE,THIS IS FOR,kpop-gen3,https://music.youtube.com/watch?v=N1ExjhcpLso,https://i.ytimg.com/vi/N1ExjhcpLso/maxresdefault.jpg,TWICE/THIS IS FOR/MARS.mp3
OPTIONS,TWICE,TWICE,THIS IS FOR,kpop-gen3,https://music.youtube.com/watch?v=0sFFvghflng,https://i.ytimg.com/vi/0sFFvghflng/maxresdefault.jpg,TWICE/THIS IS FOR/OPTIONS.mp3
RIGHT HAND GIRL,TWICE,TWICE,THIS IS FOR,kpop-gen3,https://music.youtube.com/watch?v=dtKQfCr7N7I,https://i.ytimg.com/vi/dtKQfCr7N7I/maxresdefault.jpg,TWICE/THIS IS FOR/RIGHT HAND GIRL.mp3
Love Is Enough,TWICE,NAYEON,Love Is Enough (from Sold Out On You (Original Soundtrack) Part 7),kpop-gen3,https://music.youtube.com/watch?v=cfHN6WxkYKg,https://i.ytimg.com/vi/cfHN6WxkYKg/maxresdefault.jpg,TWICE/Love Is Enough (from Sold Out On You (Original Soundtrack) Part 7)/Love Is Enough.mp3
FOUR,TWICE,TWICE,THIS IS FOR,kpop-gen3,https://music.youtube.com/watch?v=fhxq4s36-I4,https://i.ytimg.com/vi/fhxq4s36-I4/maxresdefault.jpg,TWICE/THIS IS FOR/FOUR.mp3
날 바라바라봐 LOOK AT ME,TWICE,TWICE,twicetagram,kpop-gen3,https://music.youtube.com/watch?v=Q97pvL6GsIA,https://i.ytimg.com/vi/Q97pvL6GsIA/maxresdefault.jpg,TWICE/twicetagram/날 바라바라봐 LOOK AT ME.mp3
"BATTITUDE (NAYEON, JEONGYEON, MOMO, MINA)",TWICE,TWICE,THIS IS FOR,kpop-gen3,https://music.youtube.com/watch?v=TOic7n-CDd4,https://i.ytimg.com/vi/TOic7n-CDd4/maxresdefault.jpg,"TWICE/THIS IS FOR/BATTITUDE (NAYEON, JEONGYEON, MOMO, MINA).mp3"
HEARTBREAK AVENUE,TWICE,TWICE,THIS IS FOR,kpop-gen3,https://music.youtube.com/watch?v=gd5q41kCtHE,https://i.ytimg.com/vi/gd5q41kCtHE/maxresdefault.jpg,TWICE/THIS IS FOR/HEARTBREAK AVENUE.mp3
"DAT AHH DAT OOH (SANA, JIHYO, DAHYUN, CHAEYOUNG, TZUYU)",TWICE,TWICE,THIS IS FOR,kpop-gen3,https://music.youtube.com/watch?v=POxNm2NNyps,https://i.ytimg.com/vi/POxNm2NNyps/maxresdefault.jpg,"TWICE/THIS IS FOR/DAT AHH DAT OOH (SANA, JIHYO, DAHYUN, CHAEYOUNG, TZUYU).mp3"
"TALK (NAYEON, JIHYO)",TWICE,TWICE,THIS IS FOR,kpop-gen3,https://music.youtube.com/watch?v=DvflMF6SSJE,https://i.ytimg.com/vi/DvflMF6SSJE/maxresdefault.jpg,"TWICE/THIS IS FOR/TALK (NAYEON, JIHYO).mp3"
MOVE LIKE THAT (MOMO),TWICE,"TWICE, Shift K3Y, GRANT KNOCHE",TEN: The Story Goes On,kpop-gen3,https://music.youtube.com/watch?v=LkF528yaz9A,https://i.ytimg.com/vi/LkF528yaz9A/maxresdefault.jpg,TWICE/TEN_ The Story Goes On/MOVE LIKE THAT (MOMO).mp3
Like It Like It,TWICE,TWICE,STRATEGY,kpop-gen3,https://music.youtube.com/watch?v=Z-hpRjpFmmU,https://i.ytimg.com/vi/Z-hpRjpFmmU/maxresdefault.jpg,TWICE/STRATEGY/Like It Like It.mp3
SEESAW,TWICE,TWICE,THIS IS FOR,kpop-gen3,https://music.youtube.com/watch?v=V-cGPvu1zQE,https://i.ytimg.com/vi/V-cGPvu1zQE/maxresdefault.jpg,TWICE/THIS IS FOR/SEESAW.mp3
TWICE「STAY BY MY SIDE」Making Music Video,TWICE,TWICE JAPAN OFFICIAL YouTube Channel,Single,kpop-gen3,https://music.youtube.com/watch?v=96K5RxgTfW4,https://i.ytimg.com/vi/96K5RxgTfW4/maxresdefault.jpg,TWICE/Single/TWICE「STAY BY MY SIDE」Making Music Video.mp3
"LET LOVE GO (JEONGYEON, MOMO, SANA, TZUYU)",TWICE,TWICE,THIS IS FOR,kpop-gen3,https://music.youtube.com/watch?v=dTsP-nmggyc,https://i.ytimg.com/vi/dTsP-nmggyc/maxresdefault.jpg,"TWICE/THIS IS FOR/LET LOVE GO (JEONGYEON, MOMO, SANA, TZUYU).mp3"
알고 싶지 않아 (REWIND),TWICE,TWICE,Formula of Love: O+T=ᐸ3,kpop-gen3,https://music.youtube.com/watch?v=kcl1OpkDGHU,https://i.ytimg.com/vi/kcl1OpkDGHU/maxresdefault.jpg,TWICE/Formula of Love_ O+T=ᐸ3/알고 싶지 않아 (REWIND).mp3
FIX A DRINK (JEONGYEON),TWICE,TWICE,TEN: The Story Goes On,kpop-gen3,https://music.youtube.com/watch?v=1kFNJEIYSaY,https://i.ytimg.com/vi/1kFNJEIYSaY/maxresdefault.jpg,TWICE/TEN_ The Story Goes On/FIX A DRINK (JEONGYEON).mp3
IN MY ROOM (CHAEYOUNG),TWICE,"TWICE, Tim Randolph, Oscar Scheller",TEN: The Story Goes On,kpop-gen3,https://music.youtube.com/watch?v=5zrfR0-qwog,https://i.ytimg.com/vi/5zrfR0-qwog/maxresdefault.jpg,TWICE/TEN_ The Story Goes On/IN MY ROOM (CHAEYOUNG).mp3
DECAFFEINATED (SANA),TWICE,TWICE,TEN: The Story Goes On,kpop-gen3,https://music.youtube.com/watch?v=um6VLQEm500,https://i.ytimg.com/vi/um6VLQEm500/maxresdefault.jpg,TWICE/TEN_ The Story Goes On/DECAFFEINATED (SANA).mp3
LAST WALTZ,TWICE,TWICE,Formula of Love: O+T=ᐸ3,kpop-gen3,https://music.youtube.com/watch?v=sb27EfioKKw,https://i.ytimg.com/vi/sb27EfioKKw/maxresdefault.jpg,TWICE/Formula of Love_ O+T=ᐸ3/LAST WALTZ.mp3
Kiss My Troubles Away,TWICE,TWICE,STRATEGY,kpop-gen3,https://music.youtube.com/watch?v=mDQqhGH58P0,https://i.ytimg.com/vi/mDQqhGH58P0/maxresdefault.jpg,TWICE/STRATEGY/Kiss My Troubles Away.mp3
HELL IN HEAVEN,TWICE,TWICE,Eyes wide open,kpop-gen3,https://music.youtube.com/watch?v=0O18GnTW1CU,https://i.ytimg.com/vi/0O18GnTW1CU/maxresdefault.jpg,TWICE/Eyes wide open/HELL IN HEAVEN.mp3
LOVE FOOLISH,TWICE,TWICE,Feel Special,kpop-gen3,https://music.youtube.com/watch?v=PeFXRIJXYZo,https://i.ytimg.com/vi/PeFXRIJXYZo/maxresdefault.jpg,TWICE/Feel Special/LOVE FOOLISH.mp3
TWICE「Dance Again」Special Video,TWICE,TWICE JAPAN OFFICIAL YouTube Channel,Single,kpop-gen3,https://music.youtube.com/watch?v=OzmnjIca8LU,https://i.ytimg.com/vi/OzmnjIca8LU/sddefault.jpg,TWICE/Single/TWICE「Dance Again」Special Video.mp3
PEACH GELATO,TWICE,TWICE,THIS IS FOR,kpop-gen3,https://music.youtube.com/watch?v=JkEeQK3yNv8,https://i.ytimg.com/vi/JkEeQK3yNv8/maxresdefault.jpg,TWICE/THIS IS FOR/PEACH GELATO.mp3
NEW NEW,TWICE,TWICE,With YOU-th,kpop-gen3,https://music.youtube.com/watch?v=JqEEOtVtBO4,https://i.ytimg.com/vi/JqEEOtVtBO4/maxresdefault.jpg,TWICE/With YOU-th/NEW NEW.mp3
HI HELLO,TWICE,TWICE,THIS IS FOR,kpop-gen3,https://music.youtube.com/watch?v=bLfU4eeqOCo,https://i.ytimg.com/vi/bLfU4eeqOCo/maxresdefault.jpg,TWICE/THIS IS FOR/HI HELLO.mp3
DIVE IN (TZUYU),TWICE,TWICE,TEN: The Story Goes On,kpop-gen3,https://music.youtube.com/watch?v=TPHLwBBN00o,https://i.ytimg.com/vi/TPHLwBBN00o/maxresdefault.jpg,TWICE/TEN_ The Story Goes On/DIVE IN (TZUYU).mp3
Sweetest Obsession,TWICE,TWICE,STRATEGY,kpop-gen3,https://music.youtube.com/watch?v=lcOz_NEUO0E,https://i.ytimg.com/vi/lcOz_NEUO0E/maxresdefault.jpg,TWICE/STRATEGY/Sweetest Obsession.mp3
Here I am,TWICE,TWICE,DIVE,kpop-gen3,https://music.youtube.com/watch?v=AbHYouK42oc,https://i.ytimg.com/vi/AbHYouK42oc/maxresdefault.jpg,TWICE/DIVE/Here I am.mp3
STONE COLD (MINA),TWICE,TWICE,TEN: The Story Goes On,kpop-gen3,https://music.youtube.com/watch?v=kOt4ekUkNvs,https://i.ytimg.com/vi/kOt4ekUkNvs/maxresdefault.jpg,TWICE/TEN_ The Story Goes On/STONE COLD (MINA).mp3
CHESS (DAHYUN),TWICE,TWICE,TEN: The Story Goes On,kpop-gen3,https://music.youtube.com/watch?v=7wlDQRd5lGU,https://i.ytimg.com/vi/7wlDQRd5lGU/maxresdefault.jpg,TWICE/TEN_ The Story Goes On/CHESS (DAHYUN).mp3
RUSH,TWICE,TWICE,With YOU-th,kpop-gen3,https://music.youtube.com/watch?v=gw5uSSsHm6c,https://i.ytimg.com/vi/gw5uSSsHm6c/maxresdefault.jpg,TWICE/With YOU-th/RUSH.mp3
"G.O.A.T. (MINA, DAHYUN, CHAEYOUNG)",TWICE,TWICE,THIS IS FOR,kpop-gen3,https://music.youtube.com/watch?v=nJRj6-jeSNE,https://i.ytimg.com/vi/nJRj6-jeSNE/maxresdefault.jpg,"TWICE/THIS IS FOR/G.O.A.T. (MINA, DAHYUN, CHAEYOUNG).mp3"
YOU GET ME,TWICE,TWICE,With YOU-th,kpop-gen3,https://music.youtube.com/watch?v=GzmFNfvKSTY,https://i.ytimg.com/vi/GzmFNfvKSTY/maxresdefault.jpg,TWICE/With YOU-th/YOU GET ME.mp3
BLOOM,TWICE,TWICE,With YOU-th,kpop-gen3,https://music.youtube.com/watch?v=paEyc77z3B4,https://i.ytimg.com/vi/paEyc77z3B4/maxresdefault.jpg,TWICE/With YOU-th/BLOOM.mp3
[4K] “DEPEND ON YOU” TIME100 Talks Performance,TWICE,TWICE,Single,kpop-gen3,https://music.youtube.com/watch?v=Jj9vsP4HWwg,https://i.ytimg.com/vi/Jj9vsP4HWwg/maxresdefault.jpg,TWICE/Single/[4K] “DEPEND ON YOU” TIME100 Talks Performance.mp3
Keeper,TWICE,TWICE,STRATEGY,kpop-gen3,https://music.youtube.com/watch?v=K8oVsiuDlLA,https://i.ytimg.com/vi/K8oVsiuDlLA/maxresdefault.jpg,TWICE/STRATEGY/Keeper.mp3
When We Were Kids,TWICE,TWICE,BETWEEN 1 & 2,kpop-gen3,https://music.youtube.com/watch?v=K8vqtOzTd7w,https://i.ytimg.com/vi/K8vqtOzTd7w/maxresdefault.jpg,TWICE/BETWEEN 1 & 2/When We Were Kids.mp3
선인장 (CACTUS),TWICE,TWICE,Formula of Love: O+T=ᐸ3,kpop-gen3,https://music.youtube.com/watch?v=OTHG8RqPSKE,https://i.ytimg.com/vi/OTHG8RqPSKE/maxresdefault.jpg,TWICE/Formula of Love_ O+T=ᐸ3/선인장 (CACTUS).mp3
OXYGEN,TWICE,TWICE,MORE & MORE,kpop-gen3,https://music.youtube.com/watch?v=ssAa1Vf3KTQ,https://i.ytimg.com/vi/ssAa1Vf3KTQ/maxresdefault.jpg,TWICE/MORE & MORE/OXYGEN.mp3
Trouble,TWICE,TWICE,BETWEEN 1 & 2,kpop-gen3,https://music.youtube.com/watch?v=vm9Lkyp4l9Q,https://i.ytimg.com/vi/vm9Lkyp4l9Q/maxresdefault.jpg,TWICE/BETWEEN 1 & 2/Trouble.mp3
I love you more than anyone,TWICE,TWICE,"HOSPITAL PLAYLIST Season2, Pt. 4 (Original Television Soundtrack)",kpop-gen3,https://music.youtube.com/watch?v=N-FgB3M8bm8,https://i.ytimg.com/vi/N-FgB3M8bm8/maxresdefault.jpg,"TWICE/HOSPITAL PLAYLIST Season2, Pt. 4 (Original Television Soundtrack)/I love you more than anyone.mp3"
Behind The Curtain,TWICE,MISAMO,Masterpiece,kpop-gen3,https://music.youtube.com/watch?v=G3ykY-X_W1M,https://i.ytimg.com/vi/G3ykY-X_W1M/maxresdefault.jpg,TWICE/Masterpiece/Behind The Curtain.mp3
거북이 TURTLE,TWICE,TWICE,twicetagram,kpop-gen3,https://music.youtube.com/watch?v=tVv_C2fYStU,https://i.ytimg.com/vi/tVv_C2fYStU/maxresdefault.jpg,TWICE/twicetagram/거북이 TURTLE.mp3
TWICE “Magical” Happy Holidays! Video,TWICE,TWICE,Single,kpop-gen3,https://music.youtube.com/watch?v=nKlCkB_Iicc,https://i.ytimg.com/vi/nKlCkB_Iicc/maxresdefault.jpg,TWICE/Single/TWICE “Magical” Happy Holidays! Video.mp3
BELIEVER,TWICE,TWICE,Eyes wide open,kpop-gen3,https://music.youtube.com/watch?v=UD-NryVdDts,https://i.ytimg.com/vi/UD-NryVdDts/maxresdefault.jpg,TWICE/Eyes wide open/BELIEVER.mp3
소중한 사랑 / Precious Love,TWICE,TWICE,PAGE TWO,kpop-gen3,https://music.youtube.com/watch?v=IZIUrPNfTH0,https://i.ytimg.com/vi/IZIUrPNfTH0/maxresdefault.jpg,TWICE/PAGE TWO/소중한 사랑 _ Precious Love.mp3
TURN IT UP,TWICE,TWICE,FANCY YOU,kpop-gen3,https://music.youtube.com/watch?v=Ssro0ddHe1Y,https://i.ytimg.com/vi/Ssro0ddHe1Y/maxresdefault.jpg,TWICE/FANCY YOU/TURN IT UP.mp3
[MV] 지효 (JIHYO) (TWICE) - Stardust love song / Official Music Video,TWICE,SEOUL MUSIC / 서울뮤직,Single,kpop-gen3,https://music.youtube.com/watch?v=oVN5jiwby1A,https://i.ytimg.com/vi/oVN5jiwby1A/maxresdefault.jpg,TWICE/Single/[MV] 지효 (JIHYO) (TWICE) - Stardust love song _ Official Music Video.mp3
SAY YOU LOVE ME,TWICE,TWICE,YES or YES,kpop-gen3,https://music.youtube.com/watch?v=x2cUrOnaCDg,https://i.ytimg.com/vi/x2cUrOnaCDg/maxresdefault.jpg,TWICE/YES or YES/SAY YOU LOVE ME.mp3
ONE IN A MILLION,TWICE,TWICE,TWICEcoaster: LANE1,kpop-gen3,https://music.youtube.com/watch?v=OA41_pkBL50,https://i.ytimg.com/vi/OA41_pkBL50/maxresdefault.jpg,TWICE/TWICEcoaster_ LANE1/ONE IN A MILLION.mp3
RAINBOW,TWICE,TWICE,Feel Special,kpop-gen3,https://music.youtube.com/watch?v=uU8ib9OLrnE,https://i.ytimg.com/vi/uU8ib9OLrnE/maxresdefault.jpg,TWICE/Feel Special/RAINBOW.mp3
BDZ (Korean Ver.),TWICE,TWICE,YES or YES,kpop-gen3,https://music.youtube.com/watch?v=-tsddqSTkOw,https://i.ytimg.com/vi/-tsddqSTkOw/maxresdefault.jpg,TWICE/YES or YES/BDZ (Korean Ver.).mp3
SWEET SUMMER DAY,TWICE,TWICE,MORE & MORE,kpop-gen3,https://music.youtube.com/watch?v=qYNnBg2VQWg,https://i.ytimg.com/vi/qYNnBg2VQWg/maxresdefault.jpg,TWICE/MORE & MORE/SWEET SUMMER DAY.mp3
CHILLAX,TWICE,TWICE,Summer Nights,kpop-gen3,https://music.youtube.com/watch?v=EbudCUkXUrM,https://i.ytimg.com/vi/EbudCUkXUrM/maxresdefault.jpg,TWICE/Summer Nights/CHILLAX.mp3
SWING,TWICE,TWICE,& TWICE,kpop-gen3,https://music.youtube.com/watch?v=mhutS2dVjNs,https://i.ytimg.com/vi/mhutS2dVjNs/maxresdefault.jpg,TWICE/& TWICE/SWING.mp3
GIRLS LIKE US,TWICE,TWICE,FANCY YOU,kpop-gen3,https://music.youtube.com/watch?v=S7TlMUs9ptk,https://i.ytimg.com/vi/S7TlMUs9ptk/maxresdefault.jpg,TWICE/FANCY YOU/GIRLS LIKE US.mp3
1 TO 10,TWICE,TWICE,TWICEcoaster: LANE1,kpop-gen3,https://music.youtube.com/watch?v=wXlrZpTWKgM,https://i.ytimg.com/vi/wXlrZpTWKgM/maxresdefault.jpg,TWICE/TWICEcoaster_ LANE1/1 TO 10.mp3
LALALA,TWICE,TWICE,YES or YES,kpop-gen3,https://music.youtube.com/watch?v=6D1LR9F5j8g,https://i.ytimg.com/vi/6D1LR9F5j8g/maxresdefault.jpg,TWICE/YES or YES/LALALA.mp3
잘자요 굿나잇 JALJAYO GOOD NIGHT,TWICE,TWICE,twicetagram,kpop-gen3,https://music.youtube.com/watch?v=WMs-SzOSfzs,https://i.ytimg.com/vi/WMs-SzOSfzs/maxresdefault.jpg,TWICE/twicetagram/잘자요 굿나잇 JALJAYO GOOD NIGHT.mp3
미쳤나봐 Going Crazy,TWICE,TWICE,THE STORY BEGINS,kpop-gen3,https://music.youtube.com/watch?v=KNHRIqklQDQ,https://i.ytimg.com/vi/KNHRIqklQDQ/maxresdefault.jpg,TWICE/THE STORY BEGINS/미쳤나봐 Going Crazy.mp3
24/7,TWICE,TWICE,twicetagram,kpop-gen3,https://music.youtube.com/watch?v=2Z1C9rJtUHA,https://i.ytimg.com/vi/2Z1C9rJtUHA/maxresdefault.jpg,TWICE/twicetagram/24_7.mp3
Truth,TWICE,TWICE,THE STORY BEGINS,kpop-gen3,https://music.youtube.com/watch?v=ChHrGbAueHc,https://i.ytimg.com/vi/ChHrGbAueHc/maxresdefault.jpg,TWICE/THE STORY BEGINS/Truth.mp3
지효 JIHYO - 이상한 하루 A Strange Day Official M/V,TWICE,GENIE MUSIC,Single,kpop-gen3,https://music.youtube.com/watch?v=eREbRbw2MJc,https://i.ytimg.com/vi/eREbRbw2MJc/maxresdefault.jpg,TWICE/Single/지효 JIHYO - 이상한 하루 A Strange Day Official M_V.mp3
Candy Boy,TWICE,TWICE,THE STORY BEGINS,kpop-gen3,https://music.youtube.com/watch?v=Oae27Y1AlCE,https://i.ytimg.com/vi/Oae27Y1AlCE/maxresdefault.jpg,TWICE/THE STORY BEGINS/Candy Boy.mp3
FFW,TWICE,TWICE,twicetagram,kpop-gen3,https://music.youtube.com/watch?v=NGrmg1vBYCU,https://i.ytimg.com/vi/NGrmg1vBYCU/maxresdefault.jpg,TWICE/twicetagram/FFW.mp3
SET ME FREE (Carneyval Remix),TWICE,"TWICE, Carneyval",THE REMIXES,kpop-gen3,https://music.youtube.com/watch?v=8oZH2bEXLoM,https://i.ytimg.com/vi/8oZH2bEXLoM/maxresdefault.jpg,TWICE/THE REMIXES/SET ME FREE (Carneyval Remix).mp3
MORE & MORE (LEE HAE SOL Sped Up Remix),TWICE,"TWICE, LEE HAE SOL",THE REMIXES,kpop-gen3,https://music.youtube.com/watch?v=udRwRija168,https://i.ytimg.com/vi/udRwRija168/maxresdefault.jpg,TWICE/THE REMIXES/MORE & MORE (LEE HAE SOL Sped Up Remix).mp3
힘내! DON’T GIVE UP,TWICE,TWICE,twicetagram,kpop-gen3,https://music.youtube.com/watch?v=97PCZFThkVM,https://i.ytimg.com/vi/97PCZFThkVM/maxresdefault.jpg,TWICE/twicetagram/힘내! DON’T GIVE UP.mp3
The Feels (Ian Asher Remix),TWICE,"TWICE, Ian Asher",THE REMIXES,kpop-gen3,https://music.youtube.com/watch?v=hb7CdOgCtA0,https://i.ytimg.com/vi/hb7CdOgCtA0/maxresdefault.jpg,TWICE/THE REMIXES/The Feels (Ian Asher Remix).mp3
MOONLIGHT SUNRISE (Jonas Blue Remix),TWICE,"TWICE, Jonas Blue",MOONLIGHT SUNRISE (Jonas Blue Remix),kpop-gen3,https://music.youtube.com/watch?v=vLJOkMoq_Q0,https://i.ytimg.com/vi/vLJOkMoq_Q0/maxresdefault.jpg,TWICE/MOONLIGHT SUNRISE (Jonas Blue Remix)/MOONLIGHT SUNRISE (Jonas Blue Remix).mp3
Red Velvet 레드벨벳 'Psycho' MV,Red Velvet,SMTOWN,Single,kpop-gen3,https://music.youtube.com/watch?v=uR8Mrt1IpXg,https://i.ytimg.com/vi/uR8Mrt1IpXg/maxresdefault.jpg,Red Velvet/Single/Red Velvet 레드벨벳 'Psycho' MV.mp3
Red Velvet 레드벨벳 '러시안 룰렛 (Russian Roulette)' MV,Red Velvet,SMTOWN,Single,kpop-gen3,https://music.youtube.com/watch?v=QslJYDX3o8s,https://i.ytimg.com/vi/QslJYDX3o8s/maxresdefault.jpg,Red Velvet/Single/Red Velvet 레드벨벳 '러시안 룰렛 (Russian Roulette)' MV.mp3
Red Velvet 레드벨벳 'Cosmic' MV,Red Velvet,SMTOWN,Single,kpop-gen3,https://music.youtube.com/watch?v=FyG21rXCxlY,https://i.ytimg.com/vi/FyG21rXCxlY/maxresdefault.jpg,Red Velvet/Single/Red Velvet 레드벨벳 'Cosmic' MV.mp3
Red Velvet 레드벨벳 'Bad Boy' MV,Red Velvet,SMTOWN,Single,kpop-gen3,https://music.youtube.com/watch?v=J_CFBjAyPWE,https://i.ytimg.com/vi/J_CFBjAyPWE/maxresdefault.jpg,Red Velvet/Single/Red Velvet 레드벨벳 'Bad Boy' MV.mp3
Red Velvet 레드벨벳 'Feel My Rhythm' MV,Red Velvet,SMTOWN,Single,kpop-gen3,https://music.youtube.com/watch?v=R9At2ICm4LQ,https://i.ytimg.com/vi/R9At2ICm4LQ/maxresdefault.jpg,Red Velvet/Single/Red Velvet 레드벨벳 'Feel My Rhythm' MV.mp3
Red Velvet 레드벨벳 '피카부 (Peek-A-Boo)' MV,Red Velvet,SMTOWN,Single,kpop-gen3,https://music.youtube.com/watch?v=6uJf2IT2Zh8,https://i.ytimg.com/vi/6uJf2IT2Zh8/maxresdefault.jpg,Red Velvet/Single/Red Velvet 레드벨벳 '피카부 (Peek-A-Boo)' MV.mp3
Red Velvet 레드벨벳 'Queendom' MV,Red Velvet,SMTOWN,Single,kpop-gen3,https://music.youtube.com/watch?v=c9RzZpV460k,https://i.ytimg.com/vi/c9RzZpV460k/maxresdefault.jpg,Red Velvet/Single/Red Velvet 레드벨벳 'Queendom' MV.mp3
Red Velvet - IRENE & SEULGI 'Monster' MV,Red Velvet,SMTOWN,Single,kpop-gen3,https://music.youtube.com/watch?v=Ujb-gvqsoi0,https://i.ytimg.com/vi/Ujb-gvqsoi0/maxresdefault.jpg,Red Velvet/Single/Red Velvet - IRENE & SEULGI 'Monster' MV.mp3
Red Velvet 레드벨벳 '빨간 맛 (Red Flavor)' MV,Red Velvet,SMTOWN,Single,kpop-gen3,https://music.youtube.com/watch?v=WyiIGEHQP8o,https://i.ytimg.com/vi/WyiIGEHQP8o/maxresdefault.jpg,Red Velvet/Single/Red Velvet 레드벨벳 '빨간 맛 (Red Flavor)' MV.mp3
Red Velvet 레드벨벳 'Power Up' MV,Red Velvet,SMTOWN,Single,kpop-gen3,https://music.youtube.com/watch?v=aiHSVQy9xN8,https://i.ytimg.com/vi/aiHSVQy9xN8/maxresdefault.jpg,Red Velvet/Single/Red Velvet 레드벨벳 'Power Up' MV.mp3
Red Velvet 레드벨벳 '짐살라빔 (Zimzalabim)' MV,Red Velvet,SMTOWN,Single,kpop-gen3,https://music.youtube.com/watch?v=YBnGBb1wg98,https://i.ytimg.com/vi/YBnGBb1wg98/maxresdefault.jpg,Red Velvet/Single/Red Velvet 레드벨벳 '짐살라빔 (Zimzalabim)' MV.mp3
Red Velvet 레드벨벳 'Dumb Dumb' MV,Red Velvet,SMTOWN,Single,kpop-gen3,https://music.youtube.com/watch?v=XGdbaEDVWp0,https://i.ytimg.com/vi/XGdbaEDVWp0/maxresdefault.jpg,Red Velvet/Single/Red Velvet 레드벨벳 'Dumb Dumb' MV.mp3
IRENE 아이린 'Biggest Fan' MV,Red Velvet,SMTOWN,Single,kpop-gen3,https://music.youtube.com/watch?v=x7wLlK9MMN4,https://i.ytimg.com/vi/x7wLlK9MMN4/maxresdefault.jpg,Red Velvet/Single/IRENE 아이린 'Biggest Fan' MV.mp3
Red Velvet 레드벨벳 'Ice Cream Cake' MV,Red Velvet,SMTOWN,Single,kpop-gen3,https://music.youtube.com/watch?v=glXgSSOKlls,https://i.ytimg.com/vi/glXgSSOKlls/maxresdefault.jpg,Red Velvet/Single/Red Velvet 레드벨벳 'Ice Cream Cake' MV.mp3
Red Velvet 레드벨벳 'Chill Kill' MV,Red Velvet,SMTOWN,Single,kpop-gen3,https://music.youtube.com/watch?v=xlyrt5eAtKI,https://i.ytimg.com/vi/xlyrt5eAtKI/maxresdefault.jpg,Red Velvet/Single/Red Velvet 레드벨벳 'Chill Kill' MV.mp3
WENDY (웬디) 'Sunkiss' MV,Red Velvet,웬디 WENDY,Single,kpop-gen3,https://music.youtube.com/watch?v=5PS2cJsSJrI,https://i.ytimg.com/vi/5PS2cJsSJrI/maxresdefault.jpg,Red Velvet/Single/WENDY (웬디) 'Sunkiss' MV.mp3
Red Velvet 레드벨벳 'RBB (Really Bad Boy)' MV,Red Velvet,SMTOWN,Single,kpop-gen3,https://music.youtube.com/watch?v=IWJUPY-2EIM,https://i.ytimg.com/vi/IWJUPY-2EIM/maxresdefault.jpg,Red Velvet/Single/Red Velvet 레드벨벳 'RBB (Really Bad Boy)' MV.mp3
Red Velvet 레드벨벳 'Birthday' MV,Red Velvet,SMTOWN,Single,kpop-gen3,https://music.youtube.com/watch?v=Ut1OzEVUiM4,https://i.ytimg.com/vi/Ut1OzEVUiM4/maxresdefault.jpg,Red Velvet/Single/Red Velvet 레드벨벳 'Birthday' MV.mp3
Red Velvet 레드벨벳 '행복 (Happiness)' MV,Red Velvet,SMTOWN,Single,kpop-gen3,https://music.youtube.com/watch?v=JFgv8bKfxEs,https://i.ytimg.com/vi/JFgv8bKfxEs/maxresdefault.jpg,Red Velvet/Single/Red Velvet 레드벨벳 '행복 (Happiness)' MV.mp3
SEULGI 슬기 '28 Reasons' MV,Red Velvet,SMTOWN,Single,kpop-gen3,https://music.youtube.com/watch?v=G_BYjnopO6U,https://i.ytimg.com/vi/G_BYjnopO6U/maxresdefault.jpg,Red Velvet/Single/SEULGI 슬기 '28 Reasons' MV.mp3
Red Velvet 레드벨벳 'Rookie' MV,Red Velvet,SMTOWN,Single,kpop-gen3,https://music.youtube.com/watch?v=J0h8-OTC38I,https://i.ytimg.com/vi/J0h8-OTC38I/maxresdefault.jpg,Red Velvet/Single/Red Velvet 레드벨벳 'Rookie' MV.mp3
Red Velvet 레드벨벳 '음파음파 (Umpah Umpah)' MV,Red Velvet,SMTOWN,Single,kpop-gen3,https://music.youtube.com/watch?v=vHS9E6JFja8,https://i.ytimg.com/vi/vHS9E6JFja8/maxresdefault.jpg,Red Velvet/Single/Red Velvet 레드벨벳 '음파음파 (Umpah Umpah)' MV.mp3
JOY 조이 '안녕 (Hello)' MV,Red Velvet,SMTOWN,Single,kpop-gen3,https://music.youtube.com/watch?v=lNvBbh5jDcA,https://i.ytimg.com/vi/lNvBbh5jDcA/maxresdefault.jpg,Red Velvet/Single/JOY 조이 '안녕 (Hello)' MV.mp3
Wish You Hell,Red Velvet,WENDY,Wish You Hell - The 2nd Mini Album,kpop-gen3,https://music.youtube.com/watch?v=t8f2yaxXYmA,https://i.ytimg.com/vi/t8f2yaxXYmA/maxresdefault.jpg,Red Velvet/Wish You Hell - The 2nd Mini Album/Wish You Hell.mp3
Red Velvet - IRENE & SEULGI 'TILT' MV,Red Velvet,SMTOWN,Single,kpop-gen3,https://music.youtube.com/watch?v=wlTvVgI5FEI,https://i.ytimg.com/vi/wlTvVgI5FEI/maxresdefault.jpg,Red Velvet/Single/Red Velvet - IRENE & SEULGI 'TILT' MV.mp3
"SEULGI 슬기 'Baby, Not Baby' MV",Red Velvet,SMTOWN,Single,kpop-gen3,https://music.youtube.com/watch?v=S-VLzICd2FE,https://i.ytimg.com/vi/S-VLzICd2FE/maxresdefault.jpg,"Red Velvet/Single/SEULGI 슬기 'Baby, Not Baby' MV.mp3"
Red Velvet X aespa 'Beautiful Christmas' MV,Red Velvet,SMTOWN,Single,kpop-gen3,https://music.youtube.com/watch?v=iTgcp1oDk2M,https://i.ytimg.com/vi/iTgcp1oDk2M/maxresdefault.jpg,Red Velvet/Single/Red Velvet X aespa 'Beautiful Christmas' MV.mp3
Red Velvet レッドベルベット 'WILDSIDE' MV,Red Velvet,SMTOWN,Single,kpop-gen3,https://music.youtube.com/watch?v=xGr53sCo62c,https://i.ytimg.com/vi/xGr53sCo62c/maxresdefault.jpg,Red Velvet/Single/Red Velvet レッドベルベット 'WILDSIDE' MV.mp3
Like A Flower,Red Velvet,IRENE,Like A Flower - The 1st Mini Album,kpop-gen3,https://music.youtube.com/watch?v=dX1UY2Xu0ig,https://i.ytimg.com/vi/dX1UY2Xu0ig/maxresdefault.jpg,Red Velvet/Like A Flower - The 1st Mini Album/Like A Flower.mp3
[슬기로운 의사생활 OST Part 2] 조이 (JOY) (레드벨벳) - 좋은 사람 있으면 소개시켜줘 (Introduce me a good person) MV,Red Velvet,Stone Music Entertainment,Single,kpop-gen3,https://music.youtube.com/watch?v=hoLzH1revMg,https://i.ytimg.com/vi/hoLzH1revMg/maxresdefault.jpg,Red Velvet/Single/[슬기로운 의사생활 OST Part 2] 조이 (JOY) (레드벨벳) - 좋은 사람 있으면 소개시켜줘 (Introduce me a good person) MV.mp3
Red Velvet 레드벨벳 '7월 7일 (One Of These Nights)' MV,Red Velvet,SMTOWN,Single,kpop-gen3,https://music.youtube.com/watch?v=9xWiro_tS1k,https://i.ytimg.com/vi/9xWiro_tS1k/maxresdefault.jpg,Red Velvet/Single/Red Velvet 레드벨벳 '7월 7일 (One Of These Nights)' MV.mp3
Red Velvet レッドベルベット ‘SAPPY’ MV,Red Velvet,SMTOWN,Single,kpop-gen3,https://music.youtube.com/watch?v=JUJ3Pq74H4c,https://i.ytimg.com/vi/JUJ3Pq74H4c/maxresdefault.jpg,Red Velvet/Single/Red Velvet レッドベルベット ‘SAPPY’ MV.mp3
Red Velvet 레드벨벳 'Be Natural (feat. SR14B TAEYONG (태용)) MV,Red Velvet,SMTOWN,Single,kpop-gen3,https://music.youtube.com/watch?v=QpAn9ryoB4Y,https://i.ytimg.com/vi/QpAn9ryoB4Y/maxresdefault.jpg,Red Velvet/Single/Red Velvet 레드벨벳 'Be Natural (feat. SR14B TAEYONG (태용)) MV.mp3
[그녀는 거짓말을 너무 사랑해 OST Part 1] 조이 (JOY) - 여우야 (Yeowooya) MV,Red Velvet,Stone Music Entertainment,Single,kpop-gen3,https://music.youtube.com/watch?v=De5Lz3QzzWI,https://i.ytimg.com/vi/De5Lz3QzzWI/maxresdefault.jpg,Red Velvet/Single/[그녀는 거짓말을 너무 사랑해 OST Part 1] 조이 (JOY) - 여우야 (Yeowooya) MV.mp3
한마디면 돼요,Red Velvet,웬디(WENDY),키스는 괜히 해서! OST Part.2,kpop-gen3,https://music.youtube.com/watch?v=iPKS24wRFnQ,https://i.ytimg.com/vi/iPKS24wRFnQ/maxresdefault.jpg,Red Velvet/키스는 괜히 해서! OST Part.2/한마디면 돼요.mp3
Red Velvet 레드벨벳 'Automatic' MV,Red Velvet,SMTOWN,Single,kpop-gen3,https://music.youtube.com/watch?v=px2Q47O0_eE,https://i.ytimg.com/vi/px2Q47O0_eE/maxresdefault.jpg,Red Velvet/Single/Red Velvet 레드벨벳 'Automatic' MV.mp3
Like Water,Red Velvet,WENDY,Like Water - The 1st Mini Album,kpop-gen3,https://music.youtube.com/watch?v=vyuQAgDBKM4,https://i.ytimg.com/vi/vyuQAgDBKM4/maxresdefault.jpg,Red Velvet/Like Water - The 1st Mini Album/Like Water.mp3
Red Velvet 레드벨벳 'Pose' Performance Stage @inteRView vol.7 : Queendom,Red Velvet,Red Velvet,Single,kpop-gen3,https://music.youtube.com/watch?v=Xryh6KT9Cpg,https://i.ytimg.com/vi/Xryh6KT9Cpg/maxresdefault.jpg,Red Velvet/Single/Red Velvet 레드벨벳 'Pose' Performance Stage @inteRView vol.7 _ Queendom.mp3
When This Rain Stops,Red Velvet,WENDY,Like Water - The 1st Mini Album,kpop-gen3,https://music.youtube.com/watch?v=R8ja8lDIBt8,https://i.ytimg.com/vi/R8ja8lDIBt8/maxresdefault.jpg,Red Velvet/Like Water - The 1st Mini Album/When This Rain Stops.mp3
Day 1,Red Velvet,Red Velvet,The Red - The 1st Album,kpop-gen3,https://music.youtube.com/watch?v=KTaa3Pbv9c0,https://i.ytimg.com/vi/KTaa3Pbv9c0/maxresdefault.jpg,Red Velvet/The Red - The 1st Album/Day 1.mp3
[STATION X 0] John Legend X 웬디 (WENDY) 'Written In The Stars' MV,Red Velvet,SMTOWN,Single,kpop-gen3,https://music.youtube.com/watch?v=H4a-5BdZ5ck,https://i.ytimg.com/vi/H4a-5BdZ5ck/maxresdefault.jpg,Red Velvet/Single/[STATION X 0] John Legend X 웬디 (WENDY) 'Written In The Stars' MV.mp3
ZOOM,Red Velvet,Red Velvet,‘The ReVe Festival 2022 - Birthday’,kpop-gen3,https://music.youtube.com/watch?v=6WCiPEH6Cak,https://i.ytimg.com/vi/6WCiPEH6Cak/maxresdefault.jpg,Red Velvet/‘The ReVe Festival 2022 - Birthday’/ZOOM.mp3
JOY 조이 'Love Splash!' MV,Red Velvet,SMTOWN,Single,kpop-gen3,https://music.youtube.com/watch?v=-2fAmkQS854,https://i.ytimg.com/vi/-2fAmkQS854/maxresdefault.jpg,Red Velvet/Single/JOY 조이 'Love Splash!' MV.mp3
BYE BYE,Red Velvet,Red Velvet,‘The ReVe Festival 2022 - Birthday’,kpop-gen3,https://music.youtube.com/watch?v=TPNUscDJvew,https://i.ytimg.com/vi/TPNUscDJvew/maxresdefault.jpg,Red Velvet/‘The ReVe Festival 2022 - Birthday’/BYE BYE.mp3
My Everything (No tail to tell : Original Television Soundtrack),Red Velvet,WENDY,"No tail to tell, Pt. 5 (Original Soundtrack)",kpop-gen3,https://music.youtube.com/watch?v=0CSY4uM7GU8,https://i.ytimg.com/vi/0CSY4uM7GU8/maxresdefault.jpg,"Red Velvet/No tail to tell, Pt. 5 (Original Soundtrack)/My Everything (No tail to tell _ Original Television Soundtrack).mp3"
In & Out,Red Velvet,Red Velvet,‘The ReVe Festival’ Finale,kpop-gen3,https://music.youtube.com/watch?v=fh0yHa1Waxk,https://i.ytimg.com/vi/fh0yHa1Waxk/maxresdefault.jpg,Red Velvet/‘The ReVe Festival’ Finale/In & Out.mp3
Oh Boy,Red Velvet,Red Velvet,The Red - The 1st Album,kpop-gen3,https://music.youtube.com/watch?v=3PgGuUP8_jI,https://i.ytimg.com/vi/3PgGuUP8_jI/maxresdefault.jpg,Red Velvet/The Red - The 1st Album/Oh Boy.mp3
BAMBOLEO,Red Velvet,Red Velvet,‘The ReVe Festival 2022 - Feel My Rhythm’,kpop-gen3,https://music.youtube.com/watch?v=pnZXbDZEaK4,https://i.ytimg.com/vi/pnZXbDZEaK4/maxresdefault.jpg,Red Velvet/‘The ReVe Festival 2022 - Feel My Rhythm’/BAMBOLEO.mp3
EMOTIONS,Red Velvet,"웬디 (WENDY), Alec Benjamin",EMOTIONS,kpop-gen3,https://music.youtube.com/watch?v=iYSE2JOK7Hc,https://i.ytimg.com/vi/iYSE2JOK7Hc/maxresdefault.jpg,Red Velvet/EMOTIONS/EMOTIONS.mp3
[STATION] Red Velvet 레드벨벳 'Would U' MV,Red Velvet,SMTOWN,Single,kpop-gen3,https://music.youtube.com/watch?v=Nu7OmSqHVng,https://i.ytimg.com/vi/Nu7OmSqHVng/maxresdefault.jpg,Red Velvet/Single/[STATION] Red Velvet 레드벨벳 'Would U' MV.mp3
롤러코스터 On A Ride,Red Velvet,Red Velvet,‘The ReVe Festival 2022 - Birthday’,kpop-gen3,https://music.youtube.com/watch?v=bpi4tmDfbFw,https://i.ytimg.com/vi/bpi4tmDfbFw/maxresdefault.jpg,Red Velvet/‘The ReVe Festival 2022 - Birthday’/롤러코스터 On A Ride.mp3
Knock Knock (Who's There?),Red Velvet,Red Velvet,Chill Kill - The 3rd Album,kpop-gen3,https://music.youtube.com/watch?v=0yk7AWzFZUI,https://i.ytimg.com/vi/0yk7AWzFZUI/maxresdefault.jpg,Red Velvet/Chill Kill - The 3rd Album/Knock Knock (Who's There?).mp3
Goodbye,Red Velvet,WENDY,The Beauty Inside Pt. 6 (Original Television Soundtrack),kpop-gen3,https://music.youtube.com/watch?v=z7fCiIAVydQ,https://i.ytimg.com/vi/z7fCiIAVydQ/maxresdefault.jpg,Red Velvet/The Beauty Inside Pt. 6 (Original Television Soundtrack)/Goodbye.mp3
Love Condition,Red Velvet,JOY,Love Condition (Original Soundtrack from Even If This Love Disappears Tonight),kpop-gen3,https://music.youtube.com/watch?v=EDsPdz_qvhI,https://i.ytimg.com/vi/EDsPdz_qvhI/maxresdefault.jpg,Red Velvet/Love Condition (Original Soundtrack from Even If This Love Disappears Tonight)/Love Condition.mp3
Sunny Side Up!,Red Velvet,Red Velvet,‘The ReVe Festival’ Day 1,kpop-gen3,https://music.youtube.com/watch?v=2QbenuWsG8o,https://i.ytimg.com/vi/2QbenuWsG8o/maxresdefault.jpg,Red Velvet/‘The ReVe Festival’ Day 1/Sunny Side Up!.mp3
"[그녀는 거짓말을 너무 사랑해 OST Part 2] 조이 (JOY) - 괜찮아, 난 (I'm OK) (Feat. 이현우 (Lee Hyun Woo)) MV",Red Velvet,Stone Music Entertainment,Single,kpop-gen3,https://music.youtube.com/watch?v=5kjglHVyqc0,https://i.ytimg.com/vi/5kjglHVyqc0/maxresdefault.jpg,"Red Velvet/Single/[그녀는 거짓말을 너무 사랑해 OST Part 2] 조이 (JOY) - 괜찮아, 난 (I'm OK) (Feat. 이현우 (Lee Hyun Woo)) MV.mp3"
You Better Know,Red Velvet,Red Velvet,The Red Summer - Summer Mini Album,kpop-gen3,https://music.youtube.com/watch?v=86suvlS1pGM,https://i.ytimg.com/vi/86suvlS1pGM/maxresdefault.jpg,Red Velvet/The Red Summer - Summer Mini Album/You Better Know.mp3
Blue Lemonade,Red Velvet,Red Velvet,Summer Magic - Summer Mini Album,kpop-gen3,https://music.youtube.com/watch?v=bH5rlpk70Ro,https://i.ytimg.com/vi/bH5rlpk70Ro/maxresdefault.jpg,Red Velvet/Summer Magic - Summer Mini Album/Blue Lemonade.mp3
Beg For Me,Red Velvet,Red Velvet,‘The ReVe Festival 2022 - Feel My Rhythm’,kpop-gen3,https://music.youtube.com/watch?v=3ErVPtN-oas,https://i.ytimg.com/vi/3ErVPtN-oas/maxresdefault.jpg,Red Velvet/‘The ReVe Festival 2022 - Feel My Rhythm’/Beg For Me.mp3
Underwater,Red Velvet,Red Velvet,Chill Kill - The 3rd Album,kpop-gen3,https://music.youtube.com/watch?v=5cBe1LZGPs4,https://i.ytimg.com/vi/5cBe1LZGPs4/maxresdefault.jpg,Red Velvet/Chill Kill - The 3rd Album/Underwater.mp3
[STATION] Red Velvet 레드벨벳 '환생 (Rebirth)' MV,Red Velvet,SMTOWN,Single,kpop-gen3,https://music.youtube.com/watch?v=bLtRsfnTnlU,https://i.ytimg.com/vi/bLtRsfnTnlU/maxresdefault.jpg,Red Velvet/Single/[STATION] Red Velvet 레드벨벳 '환생 (Rebirth)' MV.mp3
One Kiss,Red Velvet,Red Velvet,Chill Kill - The 3rd Album,kpop-gen3,https://music.youtube.com/watch?v=vIXE2aTNbMY,https://i.ytimg.com/vi/vIXE2aTNbMY/maxresdefault.jpg,Red Velvet/Chill Kill - The 3rd Album/One Kiss.mp3
JOY 조이 'Je T’aime' Live Video,Red Velvet,Red Velvet,Single,kpop-gen3,https://music.youtube.com/watch?v=ZYBY490Undc,https://i.ytimg.com/vi/ZYBY490Undc/maxresdefault.jpg,Red Velvet/Single/JOY 조이 'Je T’aime' Live Video.mp3
[그녀는 거짓말을 너무 사랑해 OST Part 4] 조이 (JOY) - 요즘 너 말야 (Your Days) MV,Red Velvet,Stone Music Entertainment,Single,kpop-gen3,https://music.youtube.com/watch?v=Ccj5BnY2EqE,https://i.ytimg.com/vi/Ccj5BnY2EqE/maxresdefault.jpg,Red Velvet/Single/[그녀는 거짓말을 너무 사랑해 OST Part 4] 조이 (JOY) - 요즘 너 말야 (Your Days) MV.mp3
Knock On Wood,Red Velvet,Red Velvet,Queendom - The 6th Mini Album,kpop-gen3,https://music.youtube.com/watch?v=PHINkx2So0s,https://i.ytimg.com/vi/PHINkx2So0s/maxresdefault.jpg,Red Velvet/Queendom - The 6th Mini Album/Knock On Wood.mp3
Milky Way,Red Velvet,Red Velvet,Our Beloved BoA #4 - SM STATION,kpop-gen3,https://music.youtube.com/watch?v=N_rbL9AwJIM,https://i.ytimg.com/vi/N_rbL9AwJIM/maxresdefault.jpg,Red Velvet/Our Beloved BoA #4 - SM STATION/Milky Way.mp3
Red Velvet 레드벨벳 'I Just' MV,Red Velvet,SMTOWN,Single,kpop-gen3,https://music.youtube.com/watch?v=oCvw4ot1-k8,https://i.ytimg.com/vi/oCvw4ot1-k8/maxresdefault.jpg,Red Velvet/Single/Red Velvet 레드벨벳 'I Just' MV.mp3
Nightmare,Red Velvet,Red Velvet,Chill Kill - The 3rd Album,kpop-gen3,https://music.youtube.com/watch?v=JUX_AZ7MPwI,https://i.ytimg.com/vi/JUX_AZ7MPwI/maxresdefault.jpg,Red Velvet/Chill Kill - The 3rd Album/Nightmare.mp3
Iced Coffee,Red Velvet,Red Velvet,Chill Kill - The 3rd Album,kpop-gen3,https://music.youtube.com/watch?v=k76Rlq59zM0,https://i.ytimg.com/vi/k76Rlq59zM0/maxresdefault.jpg,Red Velvet/Chill Kill - The 3rd Album/Iced Coffee.mp3
Will I Ever See You Again?,Red Velvet,Red Velvet,Chill Kill - The 3rd Album,kpop-gen3,https://music.youtube.com/watch?v=rXxa-L9pmdM,https://i.ytimg.com/vi/rXxa-L9pmdM/maxresdefault.jpg,Red Velvet/Chill Kill - The 3rd Album/Will I Ever See You Again?.mp3
Red Velvet 레드벨벳 'Sweet Dreams' Special Video,Red Velvet,Red Velvet,Single,kpop-gen3,https://music.youtube.com/watch?v=jv-UAioFOW0,https://i.ytimg.com/vi/jv-UAioFOW0/maxresdefault.jpg,Red Velvet/Single/Red Velvet 레드벨벳 'Sweet Dreams' Special Video.mp3
What If Love,Red Velvet,WENDY(웬디),Touch your heart (진심이 닿다) OST Part.3,kpop-gen3,https://music.youtube.com/watch?v=28_TFKC7e5Y,https://i.ytimg.com/vi/28_TFKC7e5Y/maxresdefault.jpg,Red Velvet/Touch your heart (진심이 닿다) OST Part.3/What If Love.mp3
Zoo,Red Velvet,Red Velvet,The Red Summer - Summer Mini Album,kpop-gen3,https://music.youtube.com/watch?v=i5cHkhGoL5U,https://i.ytimg.com/vi/i5cHkhGoL5U/maxresdefault.jpg,Red Velvet/The Red Summer - Summer Mini Album/Zoo.mp3
Pushin' N Pullin',Red Velvet,Red Velvet,Queendom - The 6th Mini Album,kpop-gen3,https://music.youtube.com/watch?v=dL_GbAFIknI,https://i.ytimg.com/vi/dL_GbAFIknI/maxresdefault.jpg,Red Velvet/Queendom - The 6th Mini Album/Pushin' N Pullin'.mp3
[그녀는 거짓말을 너무 사랑해 OST Part 8] 조이 (JOY) - 너를 기다리는 법 (Waiting for You) MV,Red Velvet,Stone Music Entertainment,Single,kpop-gen3,https://music.youtube.com/watch?v=8QKi4e8PFuE,https://i.ytimg.com/vi/8QKi4e8PFuE/maxresdefault.jpg,Red Velvet/Single/[그녀는 거짓말을 너무 사랑해 OST Part 8] 조이 (JOY) - 너를 기다리는 법 (Waiting for You) MV.mp3
Queens Archive - Red Velvet 레드벨벳 'Perfect 10' #IRENE,Red Velvet,Red Velvet,Single,kpop-gen3,https://music.youtube.com/watch?v=9_GNzyAFMEk,https://i.ytimg.com/vi/9_GNzyAFMEk/maxresdefault.jpg,Red Velvet/Single/Queens Archive - Red Velvet 레드벨벳 'Perfect 10' #IRENE.mp3
Best Friend (with SEULGI),Red Velvet,WENDY,Like Water - The 1st Mini Album,kpop-gen3,https://music.youtube.com/watch?v=baPCoKbXyXM,https://i.ytimg.com/vi/baPCoKbXyXM/maxresdefault.jpg,Red Velvet/Like Water - The 1st Mini Album/Best Friend (with SEULGI).mp3
[STATION 3] YERI 예리 '스물에게 (Dear Diary)' MV,Red Velvet,SMTOWN,Single,kpop-gen3,https://music.youtube.com/watch?v=-mE4hSQ7j0M,https://i.ytimg.com/vi/-mE4hSQ7j0M/maxresdefault.jpg,Red Velvet/Single/[STATION 3] YERI 예리 '스물에게 (Dear Diary)' MV.mp3
"Wendy 웬디 of SMROOKIES '슬픔 속에 그댈 지워야만 해 (From Mnet Drama ""미미"")' MV",Red Velvet,SMTOWN,Single,kpop-gen3,https://music.youtube.com/watch?v=xDMLANstgGI,https://i.ytimg.com/vi/xDMLANstgGI/maxresdefault.jpg,Red Velvet/Single/Wendy 웬디 of SMROOKIES '슬픔 속에 그댈 지워야만 해 (From Mnet Drama 미미)' MV.mp3
Talk To Me,Red Velvet,Red Velvet,Rookie - The 4th Mini Album,kpop-gen3,https://music.youtube.com/watch?v=Ds-Hb1y7MYw,https://i.ytimg.com/vi/Ds-Hb1y7MYw/maxresdefault.jpg,Red Velvet/Rookie - The 4th Mini Album/Talk To Me.mp3
Bulldozer,Red Velvet,Red Velvet,Chill Kill - The 3rd Album,kpop-gen3,https://music.youtube.com/watch?v=yBwvu3yhpPs,https://i.ytimg.com/vi/yBwvu3yhpPs/maxresdefault.jpg,Red Velvet/Chill Kill - The 3rd Album/Bulldozer.mp3
If I Could Read Your Mind,Red Velvet,WENDY,"YUMI's Cells (Original Television Soundtrack), Pt. 1",kpop-gen3,https://music.youtube.com/watch?v=BGVzkL0XJSA,https://i.ytimg.com/vi/BGVzkL0XJSA/sddefault.jpg,"Red Velvet/YUMI's Cells (Original Television Soundtrack), Pt. 1/If I Could Read Your Mind.mp3"
Kingdom Come,Red Velvet,Red Velvet,The Perfect Red Velvet - The 2nd Album Repackage,kpop-gen3,https://music.youtube.com/watch?v=qyuLudmE9lQ,https://i.ytimg.com/vi/qyuLudmE9lQ/maxresdefault.jpg,Red Velvet/The Perfect Red Velvet - The 2nd Album Repackage/Kingdom Come.mp3
Wings,Red Velvet,Red Velvet,Chill Kill - The 3rd Album,kpop-gen3,https://music.youtube.com/watch?v=w4IbZtBjBII,https://i.ytimg.com/vi/w4IbZtBjBII/maxresdefault.jpg,Red Velvet/Chill Kill - The 3rd Album/Wings.mp3
[그녀는 거짓말을 너무 사랑해 OST Part 5] 조이 (JOY) - Shiny Boy (Official Audio),Red Velvet,Stone Music Entertainment,Single,kpop-gen3,https://music.youtube.com/watch?v=6T0LNOppbSc,https://i.ytimg.com/vi/6T0LNOppbSc/maxresdefault.jpg,Red Velvet/Single/[그녀는 거짓말을 너무 사랑해 OST Part 5] 조이 (JOY) - Shiny Boy (Official Audio).mp3
풍경화 Scenery,Red Velvet,Red Velvet,Chill Kill - The 3rd Album,kpop-gen3,https://music.youtube.com/watch?v=yVI9Q0pEYek,https://i.ytimg.com/vi/yVI9Q0pEYek/maxresdefault.jpg,Red Velvet/Chill Kill - The 3rd Album/풍경화 Scenery.mp3
My Dear,Red Velvet,Red Velvet,Russian Roulette - The 3rd Mini Album,kpop-gen3,https://music.youtube.com/watch?v=wnN8eho8WAg,https://i.ytimg.com/vi/wnN8eho8WAg/maxresdefault.jpg,Red Velvet/Russian Roulette - The 3rd Mini Album/My Dear.mp3
공항로 (Prod. 검정치마),Red Velvet,웬디,공항로,kpop-gen3,https://music.youtube.com/watch?v=_K-8NVLG6Sk,https://i.ytimg.com/vi/_K-8NVLG6Sk/maxresdefault.jpg,Red Velvet/공항로/공항로 (Prod. 검정치마).mp3
멋있게 (Sassy Me),Red Velvet,Red Velvet,RBB - The 5th Mini Album,kpop-gen3,https://music.youtube.com/watch?v=RYk75DQOPkY,https://i.ytimg.com/vi/RYk75DQOPkY/maxresdefault.jpg,Red Velvet/RBB - The 5th Mini Album/멋있게 (Sassy Me).mp3
Somethin Kinda Crazy,Red Velvet,Red Velvet,The 1st Mini Album 'Ice Cream Cake',kpop-gen3,https://music.youtube.com/watch?v=gsoUmmaCM3w,https://i.ytimg.com/vi/gsoUmmaCM3w/maxresdefault.jpg,Red Velvet/The 1st Mini Album 'Ice Cream Cake'/Somethin Kinda Crazy.mp3
Red Velvet 레드벨벳 'Celebrate' @'Birthday' PARTY in KWANGYA,Red Velvet,Red Velvet,Single,kpop-gen3,https://music.youtube.com/watch?v=0mTXRDh3rGU,https://i.ytimg.com/vi/0mTXRDh3rGU/maxresdefault.jpg,Red Velvet/Single/Red Velvet 레드벨벳 'Celebrate' @'Birthday' PARTY in KWANGYA.mp3
Red Velvet 레드벨벳 'Sunflower' (Official Audio),Red Velvet,Red Velvet,Single,kpop-gen3,https://music.youtube.com/watch?v=Npk2MnIhnXg,https://i.ytimg.com/vi/Npk2MnIhnXg/maxresdefault.jpg,Red Velvet/Single/Red Velvet 레드벨벳 'Sunflower' (Official Audio).mp3
Unexpected Business Season 3: Polaroid (Original Television Soundtrack),Red Velvet,SEULGI,Unexpected Business Season 3: Polaroid (Original Television Soundtrack),kpop-gen3,https://music.youtube.com/watch?v=FDx81casmUM,https://i.ytimg.com/vi/FDx81casmUM/maxresdefault.jpg,Red Velvet/Unexpected Business Season 3_ Polaroid (Original Television Soundtrack)/Unexpected Business Season 3_ Polaroid (Original Television Soundtrack).mp3
Hit That Drum,Red Velvet,Red Velvet,Summer Magic - Summer Mini Album,kpop-gen3,https://music.youtube.com/watch?v=9w02c8tgLMI,https://i.ytimg.com/vi/9w02c8tgLMI/maxresdefault.jpg,Red Velvet/Summer Magic - Summer Mini Album/Hit That Drum.mp3
봐 Look,Red Velvet,Red Velvet,The Perfect Red Velvet - The 2nd Album Repackage,kpop-gen3,https://music.youtube.com/watch?v=_ySMeIbXnVo,https://i.ytimg.com/vi/_ySMeIbXnVo/maxresdefault.jpg,Red Velvet/The Perfect Red Velvet - The 2nd Album Repackage/봐 Look.mp3
Red Velvet 레드벨벳 'Last Drop' (Official Audio),Red Velvet,Red Velvet,Single,kpop-gen3,https://music.youtube.com/watch?v=pCsyyQoyEDU,https://i.ytimg.com/vi/pCsyyQoyEDU/maxresdefault.jpg,Red Velvet/Single/Red Velvet 레드벨벳 'Last Drop' (Official Audio).mp3
[그녀는 거짓말을 너무 사랑해 OST Part 9] 조이 (JOY) - 내게 오는 길 (The Way To Me) (Official Audio),Red Velvet,Stone Music Entertainment,Single,kpop-gen3,https://music.youtube.com/watch?v=ris4kRtumXA,https://i.ytimg.com/vi/ris4kRtumXA/maxresdefault.jpg,Red Velvet/Single/[그녀는 거짓말을 너무 사랑해 OST Part 9] 조이 (JOY) - 내게 오는 길 (The Way To Me) (Official Audio).mp3
Red Velvet 레드벨벳 'Bubble' (Official Audio),Red Velvet,Red Velvet,Single,kpop-gen3,https://music.youtube.com/watch?v=A_f7nEpxH6s,https://i.ytimg.com/vi/A_f7nEpxH6s/maxresdefault.jpg,Red Velvet/Single/Red Velvet 레드벨벳 'Bubble' (Official Audio).mp3
두 번째 데이트 My Second Date,Red Velvet,Red Velvet,Perfect Velvet - The 2nd Album,kpop-gen3,https://music.youtube.com/watch?v=j5WVvwZJIDo,https://i.ytimg.com/vi/j5WVvwZJIDo/maxresdefault.jpg,Red Velvet/Perfect Velvet - The 2nd Album/두 번째 데이트 My Second Date.mp3
Red Velvet 레드벨벳 'Night Drive' (Official Audio),Red Velvet,Red Velvet,Single,kpop-gen3,https://music.youtube.com/watch?v=Bo_dgP7bilM,https://i.ytimg.com/vi/Bo_dgP7bilM/maxresdefault.jpg,Red Velvet/Single/Red Velvet 레드벨벳 'Night Drive' (Official Audio).mp3
All Right,Red Velvet,Red Velvet,The Perfect Red Velvet - The 2nd Album Repackage,kpop-gen3,https://music.youtube.com/watch?v=hU411ONfzPI,https://i.ytimg.com/vi/hU411ONfzPI/maxresdefault.jpg,Red Velvet/The Perfect Red Velvet - The 2nd Album Repackage/All Right.mp3
FLY (Prod. TJcrew),Red Velvet,WENDY,"Two Lights - ""believe"" (Original Motion Picture Soundtrack)",kpop-gen3,https://music.youtube.com/watch?v=jcFwNOnJa8A,https://i.ytimg.com/vi/jcFwNOnJa8A/maxresdefault.jpg,Red Velvet/Two Lights - believe (Original Motion Picture Soundtrack)/FLY (Prod. TJcrew).mp3
Don’t Push Me (밀지마) (Original Ver.),Red Velvet,Wendy(웬디)， Seulgi(슬기),Uncontrollably Fond (함부로 애틋하게) OST Part.7,kpop-gen3,https://music.youtube.com/watch?v=sisrAsCOLk4,https://i.ytimg.com/vi/sisrAsCOLk4/maxresdefault.jpg,Red Velvet/Uncontrollably Fond (함부로 애틋하게) OST Part.7/Don’t Push Me (밀지마) (Original Ver.).mp3
여름빛 Mojito,Red Velvet,Red Velvet,The Red Summer - Summer Mini Album,kpop-gen3,https://music.youtube.com/watch?v=6rub7UTAwz0,https://i.ytimg.com/vi/6rub7UTAwz0/maxresdefault.jpg,Red Velvet/The Red Summer - Summer Mini Album/여름빛 Mojito.mp3
Happily Ever After,Red Velvet,Red Velvet,Rookie - The 4th Mini Album,kpop-gen3,https://music.youtube.com/watch?v=qD6ZprxtdVE,https://i.ytimg.com/vi/qD6ZprxtdVE/maxresdefault.jpg,Red Velvet/Rookie - The 4th Mini Album/Happily Ever After.mp3
달빛 소리 Moonlight Melody,Red Velvet,Red Velvet,Perfect Velvet - The 2nd Album,kpop-gen3,https://music.youtube.com/watch?v=C0Kj0AisxGU,https://i.ytimg.com/vi/C0Kj0AisxGU/maxresdefault.jpg,Red Velvet/Perfect Velvet - The 2nd Album/달빛 소리 Moonlight Melody.mp3
Mr. E,Red Velvet,Red Velvet,Summer Magic - Summer Mini Album,kpop-gen3,https://music.youtube.com/watch?v=X5s2e9cX_TI,https://i.ytimg.com/vi/X5s2e9cX_TI/maxresdefault.jpg,Red Velvet/Summer Magic - Summer Mini Album/Mr. E.mp3
[MV] JOY(조이) _ OMG!(말도 안돼) (Tempted(위대한 유혹자) OST Part.2),Red Velvet,1theK (원더케이),Single,kpop-gen3,https://music.youtube.com/watch?v=i1rdIJrEEmk,https://i.ytimg.com/vi/i1rdIJrEEmk/maxresdefault.jpg,Red Velvet/Single/[MV] JOY(조이) _ OMG!(말도 안돼) (Tempted(위대한 유혹자) OST Part.2).mp3
Girls,Red Velvet,웬디,서울체크인 OST Part 1,kpop-gen3,https://music.youtube.com/watch?v=56OYbbwFui4,https://i.ytimg.com/vi/56OYbbwFui4/maxresdefault.jpg,Red Velvet/서울체크인 OST Part 1/Girls.mp3
Cool World,Red Velvet,Red Velvet,The Red - The 1st Album,kpop-gen3,https://music.youtube.com/watch?v=EqGz3TowPe4,https://i.ytimg.com/vi/EqGz3TowPe4/maxresdefault.jpg,Red Velvet/The Red - The 1st Album/Cool World.mp3
Cool Hot Sweet Love,Red Velvet,Red Velvet,The Velvet - The 2nd Mini Album,kpop-gen3,https://music.youtube.com/watch?v=GUqfSvBv7Og,https://i.ytimg.com/vi/GUqfSvBv7Og/maxresdefault.jpg,Red Velvet/The Velvet - The 2nd Mini Album/Cool Hot Sweet Love.mp3
[Winter Garden League 수상작] Red Velvet 레드벨벳 '세가지 소원 (Wish Tree)' MV,Red Velvet,SMTOWN,Single,kpop-gen3,https://music.youtube.com/watch?v=nTYYYor2Zfw,https://i.ytimg.com/vi/nTYYYor2Zfw/maxresdefault.jpg,Red Velvet/Single/[Winter Garden League 수상작] Red Velvet 레드벨벳 '세가지 소원 (Wish Tree)' MV.mp3
Red Velvet 레드벨벳 'Love Arcade' (Official Audio),Red Velvet,Red Velvet,Single,kpop-gen3,https://music.youtube.com/watch?v=dzkh80VtKzQ,https://i.ytimg.com/vi/dzkh80VtKzQ/maxresdefault.jpg,Red Velvet/Single/Red Velvet 레드벨벳 'Love Arcade' (Official Audio).mp3
A White Night,Red Velvet,IRENE,Double Patty (Original Motion Picture Soundtrack),kpop-gen3,https://music.youtube.com/watch?v=njJSPXB6Jxs,https://i.ytimg.com/vi/njJSPXB6Jxs/sddefault.jpg,Red Velvet/Double Patty (Original Motion Picture Soundtrack)/A White Night.mp3
Time Slip,Red Velvet,Red Velvet,The Red - The 1st Album,kpop-gen3,https://music.youtube.com/watch?v=-wcUyjmgYWY,https://i.ytimg.com/vi/-wcUyjmgYWY/maxresdefault.jpg,Red Velvet/The Red - The 1st Album/Time Slip.mp3
Campfire,Red Velvet,Red Velvet,The Red - The 1st Album,kpop-gen3,https://music.youtube.com/watch?v=z8ves7pW-xA,https://i.ytimg.com/vi/z8ves7pW-xA/maxresdefault.jpg,Red Velvet/The Red - The 1st Album/Campfire.mp3
Body Talk,Red Velvet,Red Velvet,Rookie - The 4th Mini Album,kpop-gen3,https://music.youtube.com/watch?v=Oo_NIdBUzMU,https://i.ytimg.com/vi/Oo_NIdBUzMU/maxresdefault.jpg,Red Velvet/Rookie - The 4th Mini Album/Body Talk.mp3
Some Love,Red Velvet,Red Velvet,Russian Roulette - The 3rd Mini Album,kpop-gen3,https://music.youtube.com/watch?v=F9JhUiEKtz8,https://i.ytimg.com/vi/F9JhUiEKtz8/maxresdefault.jpg,Red Velvet/Russian Roulette - The 3rd Mini Album/Some Love.mp3
Lady's Room,Red Velvet,Red Velvet,The Red - The 1st Album,kpop-gen3,https://music.youtube.com/watch?v=fqVGBEf7jDY,https://i.ytimg.com/vi/fqVGBEf7jDY/maxresdefault.jpg,Red Velvet/The Red - The 1st Album/Lady's Room.mp3
Stupid Cupid,Red Velvet,Red Velvet,The 1st Mini Album 'Ice Cream Cake',kpop-gen3,https://music.youtube.com/watch?v=hBM6kyJBjAM,https://i.ytimg.com/vi/hBM6kyJBjAM/maxresdefault.jpg,Red Velvet/The 1st Mini Album 'Ice Cream Cake'/Stupid Cupid.mp3
Fool,Red Velvet,Red Velvet,Russian Roulette - The 3rd Mini Album,kpop-gen3,https://music.youtube.com/watch?v=nicenIS8RPM,https://i.ytimg.com/vi/nicenIS8RPM/maxresdefault.jpg,Red Velvet/Russian Roulette - The 3rd Mini Album/Fool.mp3
Red Velvet 레드벨벳 '빨간 맛 (Red Flavor) (Mar Vista Remix)' MV,Red Velvet,SMTOWN,Single,kpop-gen3,https://music.youtube.com/watch?v=8kNIMwclEl4,https://i.ytimg.com/vi/8kNIMwclEl4/maxresdefault.jpg,Red Velvet/Single/Red Velvet 레드벨벳 '빨간 맛 (Red Flavor) (Mar Vista Remix)' MV.mp3
Light Me Up,Red Velvet,Red Velvet,The Velvet - The 2nd Mini Album,kpop-gen3,https://music.youtube.com/watch?v=rRctWJReQFQ,https://i.ytimg.com/vi/rRctWJReQFQ/maxresdefault.jpg,Red Velvet/The Velvet - The 2nd Mini Album/Light Me Up.mp3
It′s You (YERI of Red Velvet Ver.),Red Velvet,YERI,It's You (YERI of Red Velvet),kpop-gen3,https://music.youtube.com/watch?v=AUZsY7T6tnA,https://i.ytimg.com/vi/AUZsY7T6tnA/sddefault.jpg,Red Velvet/It's You (YERI of Red Velvet)/It′s You (YERI of Red Velvet Ver.).mp3
[푸바오와 할부지 OST Part.2] 슬기 (SEULGI) - 넌 기쁨이자 행운이야 (You′re My Joy and Luck) (Piano by 임인건) MV,Red Velvet,Stone Music Entertainment,Single,kpop-gen3,https://music.youtube.com/watch?v=wkB5Cm6yenE,https://i.ytimg.com/vi/wkB5Cm6yenE/maxresdefault.jpg,Red Velvet/Single/[푸바오와 할부지 OST Part.2] 슬기 (SEULGI) - 넌 기쁨이자 행운이야 (You′re My Joy and Luck) (Piano by 임인건) MV.mp3
That Place in Between (그 사이),Red Velvet,WENDY,Morning Dew 50th Anniversary Tribute to Kim Min-Gi Vol.3,kpop-gen3,https://music.youtube.com/watch?v=tijmbqjwm8g,https://i.ytimg.com/vi/tijmbqjwm8g/maxresdefault.jpg,Red Velvet/Morning Dew 50th Anniversary Tribute to Kim Min-Gi Vol.3/That Place in Between (그 사이).mp3
아나요 Let You Know,Red Velvet,WENDY,아나요 Let You Know (From 'D-DAY'),kpop-gen3,https://music.youtube.com/watch?v=nLaHd1ceON0,https://i.ytimg.com/vi/nLaHd1ceON0/maxresdefault.jpg,Red Velvet/아나요 Let You Know (From 'D-DAY')/아나요 Let You Know.mp3
레드벨벳 Red Velvet - 여시주의 Yossism Official M/V,Red Velvet,GENIE MUSIC,Single,kpop-gen3,https://music.youtube.com/watch?v=x4cAb3h3HNw,https://i.ytimg.com/vi/x4cAb3h3HNw/maxresdefault.jpg,Red Velvet/Single/레드벨벳 Red Velvet - 여시주의 Yossism Official M_V.mp3
[MV] 마마무(MAMAMOO) - HIP,MAMAMOO,MAMAMOO,Single,kpop-gen3,https://music.youtube.com/watch?v=KhTeiaCezwM,https://i.ytimg.com/vi/KhTeiaCezwM/maxresdefault.jpg,MAMAMOO/Single/[MV] 마마무(MAMAMOO) - HIP.mp3
[MV] 마마무(MAMAMOO) - 별이 빛나는 밤(Starry night),MAMAMOO,MAMAMOO,Single,kpop-gen3,https://music.youtube.com/watch?v=LjUXm0Zy_dk,https://i.ytimg.com/vi/LjUXm0Zy_dk/maxresdefault.jpg,MAMAMOO/Single/[MV] 마마무(MAMAMOO) - 별이 빛나는 밤(Starry night).mp3
[MV] 마마무(MAMAMOO) - 너나 해(Egotistic),MAMAMOO,MAMAMOO,Single,kpop-gen3,https://music.youtube.com/watch?v=G5UM2rOyqr4,https://i.ytimg.com/vi/G5UM2rOyqr4/maxresdefault.jpg,MAMAMOO/Single/[MV] 마마무(MAMAMOO) - 너나 해(Egotistic).mp3
마마무 (MAMAMOO) - Décalcomanie (데칼코마니) MV,MAMAMOO,Stone Music Entertainment,Single,kpop-gen3,https://music.youtube.com/watch?v=y2OFPvYxZuY,https://i.ytimg.com/vi/y2OFPvYxZuY/maxresdefault.jpg,MAMAMOO/Single/마마무 (MAMAMOO) - Décalcomanie (데칼코마니) MV.mp3
[MV] 마마무 (MAMAMOO) - AYA,MAMAMOO,MAMAMOO,Single,kpop-gen3,https://music.youtube.com/watch?v=UoI9riNffEU,https://i.ytimg.com/vi/UoI9riNffEU/maxresdefault.jpg,MAMAMOO/Single/[MV] 마마무 (MAMAMOO) - AYA.mp3
[MV] 문별 (Moon Byul) 'Hertz',MAMAMOO,MAMAMOO,Single,kpop-gen3,https://music.youtube.com/watch?v=pLKOEfMc09E,https://i.ytimg.com/vi/pLKOEfMc09E/maxresdefault.jpg,MAMAMOO/Single/[MV] 문별 (Moon Byul) 'Hertz'.mp3
[MV] 마마무 (MAMAMOO) - 딩가딩가 (Dingga),MAMAMOO,MAMAMOO,Single,kpop-gen3,https://music.youtube.com/watch?v=dfl9KIX1WpU,https://i.ytimg.com/vi/dfl9KIX1WpU/maxresdefault.jpg,MAMAMOO/Single/[MV] 마마무 (MAMAMOO) - 딩가딩가 (Dingga).mp3
[MV] 마마무(MAMAMOO) - 고고베베(gogobebe),MAMAMOO,MAMAMOO,Single,kpop-gen3,https://music.youtube.com/watch?v=Oao3j2hUVvE,https://i.ytimg.com/vi/Oao3j2hUVvE/maxresdefault.jpg,MAMAMOO/Single/[MV] 마마무(MAMAMOO) - 고고베베(gogobebe).mp3
[MV] 마마무 (MAMAMOO) - ILLELLA (일낼라),MAMAMOO,MAMAMOO,Single,kpop-gen3,https://music.youtube.com/watch?v=Vz508O9NNTg,https://i.ytimg.com/vi/Vz508O9NNTg/maxresdefault.jpg,MAMAMOO/Single/[MV] 마마무 (MAMAMOO) - ILLELLA (일낼라).mp3
화사(HWASA) X SWF2 - Chili MV,MAMAMOO,The CHOOM (더 춤),Single,kpop-gen3,https://music.youtube.com/watch?v=_cWIJ9FoqMk,https://i.ytimg.com/vi/_cWIJ9FoqMk/maxresdefault.jpg,MAMAMOO/Single/화사(HWASA) X SWF2 - Chili MV.mp3
[MV] 마마무(MAMAMOO) - Wind flower,MAMAMOO,MAMAMOO,Single,kpop-gen3,https://music.youtube.com/watch?v=uOZ2r_UAfdc,https://i.ytimg.com/vi/uOZ2r_UAfdc/maxresdefault.jpg,MAMAMOO/Single/[MV] 마마무(MAMAMOO) - Wind flower.mp3
[MV] 문별 (Moon Byul) 'Goodbyes and Sad Eyes',MAMAMOO,MAMAMOO,Single,kpop-gen3,https://music.youtube.com/watch?v=zCRuumQc3V8,https://i.ytimg.com/vi/zCRuumQc3V8/maxresdefault.jpg,MAMAMOO/Single/[MV] 문별 (Moon Byul) 'Goodbyes and Sad Eyes'.mp3
[MV] 문별 (Moon Byul) 'TOUCHIN&MOVIN',MAMAMOO,MAMAMOO,Single,kpop-gen3,https://music.youtube.com/watch?v=_EWKB1lVsyI,https://i.ytimg.com/vi/_EWKB1lVsyI/maxresdefault.jpg,MAMAMOO/Single/[MV] 문별 (Moon Byul) 'TOUCHIN&MOVIN'.mp3
[MV] 솔라 (Solar) - 꿀 (HONEY),MAMAMOO,MAMAMOO,Single,kpop-gen3,https://music.youtube.com/watch?v=UHiSc_M0xQU,https://i.ytimg.com/vi/UHiSc_M0xQU/maxresdefault.jpg,MAMAMOO/Single/[MV] 솔라 (Solar) - 꿀 (HONEY).mp3
주지마 Don’t,MAMAMOO,로꼬 Loco， 화사 Hwa Sa,건반 위의 하이에나 The Hyena on the Keyboard Part.4,kpop-gen3,https://music.youtube.com/watch?v=cO2oYWesWoI,https://i.ytimg.com/vi/cO2oYWesWoI/maxresdefault.jpg,MAMAMOO/건반 위의 하이에나 The Hyena on the Keyboard Part.4/주지마 Don’t.mp3
[MV] 마마무 (MAMAMOO) - WANNA BE MYSELF (나는 안다르다),MAMAMOO,MAMAMOO,Single,kpop-gen3,https://music.youtube.com/watch?v=sk-qyR224fU,https://i.ytimg.com/vi/sk-qyR224fU/maxresdefault.jpg,MAMAMOO/Single/[MV] 마마무 (MAMAMOO) - WANNA BE MYSELF (나는 안다르다).mp3
마마무 (MAMAMOO) - 넌 is 뭔들 (You're the best) MV,MAMAMOO,Stone Music Entertainment,Single,kpop-gen3,https://music.youtube.com/watch?v=QbhmTM1cRro,https://i.ytimg.com/vi/QbhmTM1cRro/maxresdefault.jpg,MAMAMOO/Single/마마무 (MAMAMOO) - 넌 is 뭔들 (You're the best) MV.mp3
[MV] 마마무 (MAMAMOO) - 하늘 땅 바다만큼 (mumumumuch),MAMAMOO,MAMAMOO,Single,kpop-gen3,https://music.youtube.com/watch?v=ajxfoVrXdKw,https://i.ytimg.com/vi/ajxfoVrXdKw/maxresdefault.jpg,MAMAMOO/Single/[MV] 마마무 (MAMAMOO) - 하늘 땅 바다만큼 (mumumumuch).mp3
마마무 (MAMAMOO) - 음오아예 (Um Oh Ah Yeh) MV,MAMAMOO,Stone Music Entertainment,Single,kpop-gen3,https://music.youtube.com/watch?v=pFuJAIMQjHk,https://i.ytimg.com/vi/pFuJAIMQjHk/maxresdefault.jpg,MAMAMOO/Single/마마무 (MAMAMOO) - 음오아예 (Um Oh Ah Yeh) MV.mp3
휘인(Whee In) - In The Mood MV,MAMAMOO,THEL1VE,Single,kpop-gen3,https://music.youtube.com/watch?v=_znHIJ8rY24,https://i.ytimg.com/vi/_znHIJ8rY24/maxresdefault.jpg,MAMAMOO/Single/휘인(Whee In) - In The Mood MV.mp3
[MV] 마마무 (MAMAMOO) - Where Are We Now,MAMAMOO,MAMAMOO,Single,kpop-gen3,https://music.youtube.com/watch?v=zzk09ESX7e0,https://i.ytimg.com/vi/zzk09ESX7e0/maxresdefault.jpg,MAMAMOO/Single/[MV] 마마무 (MAMAMOO) - Where Are We Now.mp3
마마무 (MAMAMOO) - 1cm의 자존심 (Taller than You) MV,MAMAMOO,Stone Music Entertainment,Single,kpop-gen3,https://music.youtube.com/watch?v=h41Rrk_6rzs,https://i.ytimg.com/vi/h41Rrk_6rzs/maxresdefault.jpg,MAMAMOO/Single/마마무 (MAMAMOO) - 1cm의 자존심 (Taller than You) MV.mp3
[MV] 문별 (Moon Byul) - C.I.T.T (Cheese in the Trap),MAMAMOO,MAMAMOO,Single,kpop-gen3,https://music.youtube.com/watch?v=xf3OzncHmfE,https://i.ytimg.com/vi/xf3OzncHmfE/maxresdefault.jpg,MAMAMOO/Single/[MV] 문별 (Moon Byul) - C.I.T.T (Cheese in the Trap).mp3
마마무 (MAMAMOO) - 아재개그 (AZE GAG) MV,MAMAMOO,Stone Music Entertainment,Single,kpop-gen3,https://music.youtube.com/watch?v=4Les0OrRuZ0,https://i.ytimg.com/vi/4Les0OrRuZ0/maxresdefault.jpg,MAMAMOO/Single/마마무 (MAMAMOO) - 아재개그 (AZE GAG) MV.mp3
휘인 (Whee In) - The Symphony of Fxxkboys MV,MAMAMOO,Stone Music Entertainment,Single,kpop-gen3,https://music.youtube.com/watch?v=SEfaaN6Io5Y,https://i.ytimg.com/vi/SEfaaN6Io5Y/maxresdefault.jpg,MAMAMOO/Single/휘인 (Whee In) - The Symphony of Fxxkboys MV.mp3
마마무 (Mamamoo) - Piano Man MV,MAMAMOO,Stone Music Entertainment,Single,kpop-gen3,https://music.youtube.com/watch?v=3IIBVnn4eTM,https://i.ytimg.com/vi/3IIBVnn4eTM/maxresdefault.jpg,MAMAMOO/Single/마마무 (Mamamoo) - Piano Man MV.mp3
[MV] 마마무(MAMAMOO) - '나로 말할 것 같으면(Yes I am)',MAMAMOO,MAMAMOO,Single,kpop-gen3,https://music.youtube.com/watch?v=hTMlLDAclTI,https://i.ytimg.com/vi/hTMlLDAclTI/maxresdefault.jpg,MAMAMOO/Single/[MV] 마마무(MAMAMOO) - '나로 말할 것 같으면(Yes I am)'.mp3
[MV] 솔라 (Solar) 'WANT',MAMAMOO,MAMAMOO,Single,kpop-gen3,https://music.youtube.com/watch?v=e-FVN-RQOGo,https://i.ytimg.com/vi/e-FVN-RQOGo/maxresdefault.jpg,MAMAMOO/Single/[MV] 솔라 (Solar) 'WANT'.mp3
[지금 거신 전화는 (When The Phone Rings) OST Part 5] 휘인 (Whee In) - I Feel It Now MV,MAMAMOO,Stone Music Entertainment,Single,kpop-gen3,https://music.youtube.com/watch?v=q8eupRpyUDI,https://i.ytimg.com/vi/q8eupRpyUDI/maxresdefault.jpg,MAMAMOO/Single/[지금 거신 전화는 (When The Phone Rings) OST Part 5] 휘인 (Whee In) - I Feel It Now MV.mp3
마마무 (MAMAMOO) -  Mr.애매모호 (Mr.Ambiguous) MV,MAMAMOO,Stone Music Entertainment,Single,kpop-gen3,https://music.youtube.com/watch?v=D15-XYRubsc,https://i.ytimg.com/vi/D15-XYRubsc/maxresdefault.jpg,MAMAMOO/Single/마마무 (MAMAMOO) -  Mr.애매모호 (Mr.Ambiguous) MV.mp3
[MV] 문별 (Moon Byul) 'ICY BBY',MAMAMOO,MAMAMOO,Single,kpop-gen3,https://music.youtube.com/watch?v=yKC7JkWl6ig,https://i.ytimg.com/vi/yKC7JkWl6ig/maxresdefault.jpg,MAMAMOO/Single/[MV] 문별 (Moon Byul) 'ICY BBY'.mp3
"[MV] 마마무 - 하나,둘,셋 어이! (1,2,3 Eoi!)",MAMAMOO,MAMAMOO,Single,kpop-gen3,https://music.youtube.com/watch?v=jpZF2zW38TE,https://i.ytimg.com/vi/jpZF2zW38TE/maxresdefault.jpg,"MAMAMOO/Single/[MV] 마마무 - 하나,둘,셋 어이! (1,2,3 Eoi!).mp3"
"[MIC&] [4K] 휘인 (Whee In) - 세 번의 날갯짓을 약속해｜마이크앤드, Stone LIVE",MAMAMOO,Stone Music Entertainment,Single,kpop-gen3,https://music.youtube.com/watch?v=GAwhTfqB0RI,https://i.ytimg.com/vi/GAwhTfqB0RI/maxresdefault.jpg,"MAMAMOO/Single/[MIC&] [4K] 휘인 (Whee In) - 세 번의 날갯짓을 약속해｜마이크앤드, Stone LIVE.mp3"
"마마무, 에스나 (MAMAMOO, eSNa) - AHH OOP! (아훕!) MV",MAMAMOO,Stone Music Entertainment,Single,kpop-gen3,https://music.youtube.com/watch?v=JoqLnkcjZmQ,https://i.ytimg.com/vi/JoqLnkcjZmQ/maxresdefault.jpg,"MAMAMOO/Single/마마무, 에스나 (MAMAMOO, eSNa) - AHH OOP! (아훕!) MV.mp3"
L.I.E.C (L.I.E.C),MAMAMOO,"MAMAMOO, Kang Ji Won, Seo Yong Bae(RBW), Kim Do Hoon(RBW), Kang Ji Won, Seo Yong Bae(RBW), Kim Do Hoon(RBW), Kang Ji Won, Seo Yong Bae(RBW)",MIC ON,kpop-gen3,https://music.youtube.com/watch?v=LVZ02Fu43eQ,https://i.ytimg.com/vi/LVZ02Fu43eQ/maxresdefault.jpg,MAMAMOO/MIC ON/L.I.E.C (L.I.E.C).mp3
[MV] 마마무+ - Better (Feat. BIG Naughty),MAMAMOO,MAMAMOO,Single,kpop-gen3,https://music.youtube.com/watch?v=eH8jn4W8Bqc,https://i.ytimg.com/vi/eH8jn4W8Bqc/maxresdefault.jpg,MAMAMOO/Single/[MV] 마마무+ - Better (Feat. BIG Naughty).mp3
[MV] 마마무(MAMAMOO) - 별 바람 꽃 태양(Star Wind Flower Sun),MAMAMOO,MAMAMOO,Single,kpop-gen3,https://music.youtube.com/watch?v=kLeBQWw11yw,https://i.ytimg.com/vi/kLeBQWw11yw/maxresdefault.jpg,MAMAMOO/Single/[MV] 마마무(MAMAMOO) - 별 바람 꽃 태양(Star Wind Flower Sun).mp3
이별의 맛,MAMAMOO,휘인,이별의 맛,kpop-gen3,https://music.youtube.com/watch?v=3d0H_Vr8rVM,https://i.ytimg.com/vi/3d0H_Vr8rVM/maxresdefault.jpg,MAMAMOO/이별의 맛/이별의 맛.mp3
마마무 (MAMAMOO) - NEW YORK MV,MAMAMOO,Stone Music Entertainment,Single,kpop-gen3,https://music.youtube.com/watch?v=OucgyzOKLWM,https://i.ytimg.com/vi/OucgyzOKLWM/maxresdefault.jpg,MAMAMOO/Single/마마무 (MAMAMOO) - NEW YORK MV.mp3
[검색어를 입력하세요 WWW OST Part 5] 마마무 (MAMAMOO) - WOW MV,MAMAMOO,Stone Music Entertainment,Single,kpop-gen3,https://music.youtube.com/watch?v=gO0r10FMMCA,https://i.ytimg.com/vi/gO0r10FMMCA/maxresdefault.jpg,MAMAMOO/Single/[검색어를 입력하세요 WWW OST Part 5] 마마무 (MAMAMOO) - WOW MV.mp3
Blossom Flower,MAMAMOO,Whee In,다 핀 꽃 (괜찮아 괜찮아 괜찮아! X 휘인 (Whee In)),kpop-gen3,https://music.youtube.com/watch?v=jhlSHq8b3uY,https://i.ytimg.com/vi/jhlSHq8b3uY/maxresdefault.jpg,MAMAMOO/다 핀 꽃 (괜찮아 괜찮아 괜찮아! X 휘인 (Whee In))/Blossom Flower.mp3
[MV] MAMAMOO+ '지구에 혼자 남게 된다면 (Save Me)',MAMAMOO,MAMAMOO,Single,kpop-gen3,https://music.youtube.com/watch?v=RxPFyXjWBGU,https://i.ytimg.com/vi/RxPFyXjWBGU/maxresdefault.jpg,MAMAMOO/Single/[MV] MAMAMOO+ '지구에 혼자 남게 된다면 (Save Me)'.mp3
No more drama (No more drama),MAMAMOO,"MAMAMOO, 김도훈(RBW), 김도훈(RBW), 솔라, 문별, 김도훈(RBW), 솔라, 문별",BLUE;S,kpop-gen3,https://music.youtube.com/watch?v=EI4MqHPsmhs,https://i.ytimg.com/vi/EI4MqHPsmhs/maxresdefault.jpg,MAMAMOO/BLUE;S/No more drama (No more drama).mp3
Rainy Season (The Last 10 Years X Whee In) (장마 (남은 인생 10년 X 휘인 (Whee In))),MAMAMOO,Whee In,Rainy Season (The Last 10 Years X Whee In),kpop-gen3,https://music.youtube.com/watch?v=b-TF_z3Gyto,https://i.ytimg.com/vi/b-TF_z3Gyto/maxresdefault.jpg,MAMAMOO/Rainy Season (The Last 10 Years X Whee In)/Rainy Season (The Last 10 Years X Whee In) (장마 (남은 인생 10년 X 휘인 (Whee In))).mp3
Chico malo (나쁜놈 (Chico malo)),MAMAMOO,"MAMAMOO+, Seo Yongbae(RBW), Lee Husang(RBW), Kim Dohoon(RBW), Seo Yongbae(RBW), Solar, Moon Byul, Kim Dohoon(RBW), Seo Yongbae(RBW), Solar, Moon Byul",Chico malo,kpop-gen3,https://music.youtube.com/watch?v=mZ4o-mo8C9k,https://i.ytimg.com/vi/mZ4o-mo8C9k/maxresdefault.jpg,MAMAMOO/Chico malo/Chico malo (나쁜놈 (Chico malo)).mp3
I Miss You,MAMAMOO,??? MAMAMOO,I Miss You,kpop-gen3,https://music.youtube.com/watch?v=2DngPY6sdyU,https://i.ytimg.com/vi/2DngPY6sdyU/maxresdefault.jpg,MAMAMOO/I Miss You/I Miss You.mp3
Better than I thought (생각보단 괜찮아 (Better than I thought)),MAMAMOO,"MAMAMOO, 이후상(RBW), 이후상(RBW), 이후상(RBW), 문별",BLUE;S,kpop-gen3,https://music.youtube.com/watch?v=Sd51Tfz9Z8c,https://i.ytimg.com/vi/Sd51Tfz9Z8c/maxresdefault.jpg,MAMAMOO/BLUE;S/Better than I thought (생각보단 괜찮아 (Better than I thought)).mp3
Bada Boom (With MISMOLLY & TURNS),MAMAMOO,"Solar (MAMAMOO), Moon Byul (MAMAMOO)",Street Dance Girls Fighter (SGF) Special,kpop-gen3,https://music.youtube.com/watch?v=tPdOqGikEQM,https://i.ytimg.com/vi/tPdOqGikEQM/sddefault.jpg,MAMAMOO/Street Dance Girls Fighter (SGF) Special/Bada Boom (With MISMOLLY & TURNS).mp3
"마마무 (MAMAMOO), 범키 (Bumkey) - 행복하지마 (Don't Be Happy) MV",MAMAMOO,Stone Music Entertainment,Single,kpop-gen3,https://music.youtube.com/watch?v=mMYDxR26970,https://i.ytimg.com/vi/mMYDxR26970/maxresdefault.jpg,"MAMAMOO/Single/마마무 (MAMAMOO), 범키 (Bumkey) - 행복하지마 (Don't Be Happy) MV.mp3"
휘인(Whee In) - coco water MV,MAMAMOO,THEL1VE,Single,kpop-gen3,https://music.youtube.com/watch?v=IKISOlTAYLY,https://i.ytimg.com/vi/IKISOlTAYLY/maxresdefault.jpg,MAMAMOO/Single/휘인(Whee In) - coco water MV.mp3
Melody,MAMAMOO,Whee In,Melody (Gongzza X Whee In) (Original Soundtrack),kpop-gen3,https://music.youtube.com/watch?v=nvDAo1oZ-os,https://i.ytimg.com/vi/nvDAo1oZ-os/maxresdefault.jpg,MAMAMOO/Melody (Gongzza X Whee In) (Original Soundtrack)/Melody.mp3
"Another Day (내일의 너, 오늘의 나 (Another Day))",MAMAMOO,Mamamoo,WAW,kpop-gen3,https://music.youtube.com/watch?v=T9saRJXOMhw,https://i.ytimg.com/vi/T9saRJXOMhw/maxresdefault.jpg,"MAMAMOO/WAW/Another Day (내일의 너, 오늘의 나 (Another Day)).mp3"
Is This Love? (내 친구의 친구 얘기인데 (Is This Love?)),MAMAMOO,"Moon Byul, Kim Min Ki, Kim Min Ki, Park Hyun Kyu, Kim Min Ki, Park Hyun Kyu",Starlit of Twinkle : REPACKAGE,kpop-gen3,https://music.youtube.com/watch?v=V_tSulUdE4Y,https://i.ytimg.com/vi/V_tSulUdE4Y/maxresdefault.jpg,MAMAMOO/Starlit of Twinkle _ REPACKAGE/Is This Love? (내 친구의 친구 얘기인데 (Is This Love?)).mp3
마마무+(MAMAMOO+)  - 댕댕(dangdang) | 수트댄스 | Suit Dance | Performance | 4K,MAMAMOO,1theK Originals - 원더케이 오리지널,Single,kpop-gen3,https://music.youtube.com/watch?v=x3KX5cVCHTU,https://i.ytimg.com/vi/x3KX5cVCHTU/maxresdefault.jpg,MAMAMOO/Single/마마무+(MAMAMOO+)  - 댕댕(dangdang) _ 수트댄스 _ Suit Dance _ Performance _ 4K.mp3
Trying to say good-bye (서툰 이별을 하려해),MAMAMOO,Moon Byul,Trying to say good-bye,kpop-gen3,https://music.youtube.com/watch?v=Cp3DieMyR2Q,https://i.ytimg.com/vi/Cp3DieMyR2Q/maxresdefault.jpg,MAMAMOO/Trying to say good-bye/Trying to say good-bye (서툰 이별을 하려해).mp3
But I (But I),MAMAMOO,"Solar, Kim Do Hoon(RBW), Lee Hu Sang(RBW), Kim Do Hoon(RBW), Lee Hu Sang(RBW), Jenabi, Solar, Kim Do Hoon(RBW), Lee Hu Sang(RBW)",COLOURS,kpop-gen3,https://music.youtube.com/watch?v=kVVhoqcJEvQ,https://i.ytimg.com/vi/kVVhoqcJEvQ/maxresdefault.jpg,MAMAMOO/COLOURS/But I (But I).mp3
Destiny Part.2 (우린 결국 다시 만날 운명이었지 Part.2 (Destiny Part.2)),MAMAMOO,Mamamoo,WAW,kpop-gen3,https://music.youtube.com/watch?v=p_MaZR1NNtM,https://i.ytimg.com/vi/p_MaZR1NNtM/maxresdefault.jpg,MAMAMOO/WAW/Destiny Part.2 (우린 결국 다시 만날 운명이었지 Part.2 (Destiny Part.2)).mp3
[MV] 마마무(MAMAMOO) - 매일봐요(MAEIL BIO),MAMAMOO,MAMAMOO,Single,kpop-gen3,https://music.youtube.com/watch?v=LKVw4pTc1Hs,https://i.ytimg.com/vi/LKVw4pTc1Hs/maxresdefault.jpg,MAMAMOO/Single/[MV] 마마무(MAMAMOO) - 매일봐요(MAEIL BIO).mp3
휘인(Whee In) - SPECIAL CLIP [D-DAY],MAMAMOO,THEL1VE,Single,kpop-gen3,https://music.youtube.com/watch?v=BIp3aHQKjwk,https://i.ytimg.com/vi/BIp3aHQKjwk/maxresdefault.jpg,MAMAMOO/Single/휘인(Whee In) - SPECIAL CLIP [D-DAY].mp3
[MV] 문별 (Moon Byul) 'S.O.S',MAMAMOO,MAMAMOO,Single,kpop-gen3,https://music.youtube.com/watch?v=5FK_pELRrSk,https://i.ytimg.com/vi/5FK_pELRrSk/maxresdefault.jpg,MAMAMOO/Single/[MV] 문별 (Moon Byul) 'S.O.S'.mp3
[MV] Solar(솔라) _ Floating Free (Korean Ver.),MAMAMOO,1theK (원더케이),Single,kpop-gen3,https://music.youtube.com/watch?v=daB0_N6zVcE,https://i.ytimg.com/vi/daB0_N6zVcE/maxresdefault.jpg,MAMAMOO/Single/[MV] Solar(솔라) _ Floating Free (Korean Ver.).mp3
LOVE,MAMAMOO,마마무 MAMAMOO,도깨비 OST Part 13 Guardian (Original Television Soundtrack) Pt 13,kpop-gen3,https://music.youtube.com/watch?v=F3R3DuxwJGM,https://i.ytimg.com/vi/F3R3DuxwJGM/maxresdefault.jpg,MAMAMOO/도깨비 OST Part 13 Guardian (Original Television Soundtrack) Pt 13/LOVE.mp3
[MV] 솔라감성(Solar Gamsung) Part.7 ‘사랑했지만(Love Has Gone)’,MAMAMOO,MAMAMOO,Single,kpop-gen3,https://music.youtube.com/watch?v=dfmzGDx4aKw,https://i.ytimg.com/vi/dfmzGDx4aKw/maxresdefault.jpg,MAMAMOO/Single/[MV] 솔라감성(Solar Gamsung) Part.7 ‘사랑했지만(Love Has Gone)’.mp3
아이키(HOOK) 안무 참여!💪 문별(마마무) 루나틱 퍼포먼스🌙⭐ | MOONBYUL_LUNATIC | 스페셜클립 | Special Clip | Performance | 4K,MAMAMOO,1theK Originals - 원더케이 오리지널,Single,kpop-gen3,https://music.youtube.com/watch?v=Bcnp0dzX3AM,https://i.ytimg.com/vi/Bcnp0dzX3AM/maxresdefault.jpg,MAMAMOO/Single/아이키(HOOK) 안무 참여!💪 문별(마마무) 루나틱 퍼포먼스🌙⭐ _ MOONBYUL_LUNATIC _ 스페셜클립 _ Special Clip _ Performance _ 4K.mp3
마마무+ _ GGBB  | 스페셜클립 | Special Clip | 퍼포먼스 | Performance | 4Kㅣ솔라 문별 마마무+ MAMAMOO,MAMAMOO,1theK Originals - 원더케이 오리지널,Single,kpop-gen3,https://music.youtube.com/watch?v=EO4u7SCtfcQ,https://i.ytimg.com/vi/EO4u7SCtfcQ/maxresdefault.jpg,MAMAMOO/Single/마마무+ _ GGBB  _ 스페셜클립 _ Special Clip _ 퍼포먼스 _ Performance _ 4Kㅣ솔라 문별 마마무+ MAMAMOO.mp3
Sky! Sky! (하늘하늘 (청순) (Sky! Sky!)),MAMAMOO,"MAMAMOO, 밍키(RBW), 이기(오레오), 용배(RBW), 이기(오레오), 용배(RBW), 문별",RED MOON,kpop-gen3,https://music.youtube.com/watch?v=H_kGZUL8N1o,https://i.ytimg.com/vi/H_kGZUL8N1o/maxresdefault.jpg,MAMAMOO/RED MOON/Sky! Sky! (하늘하늘 (청순) (Sky! Sky!)).mp3
[MV] Solar(솔라) (MAMAMOO(마마무)) _ EXIT (The Escape of the Seven(7인의 탈출) OST Part. 1),MAMAMOO,1theK (원더케이),Single,kpop-gen3,https://music.youtube.com/watch?v=QL8md3uEcYo,https://i.ytimg.com/vi/QL8md3uEcYo/maxresdefault.jpg,MAMAMOO/Single/[MV] Solar(솔라) (MAMAMOO(마마무)) _ EXIT (The Escape of the Seven(7인의 탈출) OST Part. 1).mp3
Peppermint Chocolate (feat.Whee sung) (썸남썸녀 (FEAT.휘성)),MAMAMOO,"K.will, Mamamoo, Whee Sung",Peppermint Chocolate,kpop-gen3,https://music.youtube.com/watch?v=t66dyl9ZBk4,https://i.ytimg.com/vi/t66dyl9ZBk4/maxresdefault.jpg,MAMAMOO/Peppermint Chocolate/Peppermint Chocolate (feat.Whee sung) (썸남썸녀 (FEAT.휘성)).mp3
Midnight Summer Dream (여름밤의 꿈 (Midnight Summer Dream)),MAMAMOO,"MAMAMOO, 코스믹 사운드(RBW), 코스믹 걸, 코스믹 사운드(RBW), 코스믹 걸, 코스믹 사운드(RBW), 코스믹 걸, 문별",RED MOON,kpop-gen3,https://music.youtube.com/watch?v=mt__KQa-gJ4,https://i.ytimg.com/vi/mt__KQa-gJ4/maxresdefault.jpg,MAMAMOO/RED MOON/Midnight Summer Dream (여름밤의 꿈 (Midnight Summer Dream)).mp3
CHU EOG SOG EUI GEU DAI (추억 속의 그대),MAMAMOO,Whee In,[Vol.132] You Hee yul's Sketchbook With you : 85th Voice 'Sketchbook X Whee In',kpop-gen3,https://music.youtube.com/watch?v=G1jK_FJVpQk,https://i.ytimg.com/vi/G1jK_FJVpQk/maxresdefault.jpg,MAMAMOO/[Vol.132] You Hee yul's Sketchbook With you _ 85th Voice 'Sketchbook X Whee In'/CHU EOG SOG EUI GEU DAI (추억 속의 그대).mp3
Sleep In The Car (잠이라도 자지 (Sleep In The Car)),MAMAMOO,"MAMAMOO, 이후상(RBW), 김도훈(RBW), 솔라, 김도훈(RBW), 솔라, 문별, 화사",RED MOON,kpop-gen3,https://music.youtube.com/watch?v=KB3oHWZm7-A,https://i.ytimg.com/vi/KB3oHWZm7-A/maxresdefault.jpg,MAMAMOO/RED MOON/Sleep In The Car (잠이라도 자지 (Sleep In The Car)).mp3
Love Blooms,MAMAMOO,문별,힘쎈여자 강남순 OST Part.4,kpop-gen3,https://music.youtube.com/watch?v=h5Dv1mHV6fE,https://i.ytimg.com/vi/h5Dv1mHV6fE/maxresdefault.jpg,MAMAMOO/힘쎈여자 강남순 OST Part.4/Love Blooms.mp3
DA RA DA (Feat. Whee In & Jeff Bernat & B.O.),MAMAMOO,MAMAMOO,Purple,kpop-gen3,https://music.youtube.com/watch?v=Fs6n799NukI,https://i.ytimg.com/vi/Fs6n799NukI/maxresdefault.jpg,MAMAMOO/Purple/DA RA DA (Feat. Whee In & Jeff Bernat & B.O.).mp3
Dun Dun Dun,MAMAMOO,Solar (MAMAMOO),"Kill Heel, Pt. 4 (Original Television Soundtrack)",kpop-gen3,https://music.youtube.com/watch?v=0EGRlGg2Wa0,https://i.ytimg.com/vi/0EGRlGg2Wa0/maxresdefault.jpg,"MAMAMOO/Kill Heel, Pt. 4 (Original Television Soundtrack)/Dun Dun Dun.mp3"
Funky Boy,MAMAMOO,마마무 MAMAMOO,Melting,kpop-gen3,https://music.youtube.com/watch?v=TxlM9w_U-ss,https://i.ytimg.com/vi/TxlM9w_U-ss/maxresdefault.jpg,MAMAMOO/Melting/Funky Boy.mp3
Love & Hate (Solo Moon Byul),MAMAMOO,MAMAMOO,Purple,kpop-gen3,https://music.youtube.com/watch?v=nSTEc_9Y7Lc,https://i.ytimg.com/vi/nSTEc_9Y7Lc/maxresdefault.jpg,MAMAMOO/Purple/Love & Hate (Solo Moon Byul).mp3
Frankly Speaking,MAMAMOO,"Moon Byul, Whee In","Frankly Speaking (Original Television Soundtrack), Pt. 3",kpop-gen3,https://music.youtube.com/watch?v=NYPGVlwqRqw,https://i.ytimg.com/vi/NYPGVlwqRqw/maxresdefault.jpg,"MAMAMOO/Frankly Speaking (Original Television Soundtrack), Pt. 3/Frankly Speaking.mp3"
Freakin Shoes,MAMAMOO,마마무 MAMAMOO,Pink Funky,kpop-gen3,https://music.youtube.com/watch?v=KbMfGRbXtgM,https://i.ytimg.com/vi/KbMfGRbXtgM/maxresdefault.jpg,MAMAMOO/Pink Funky/Freakin Shoes.mp3
고양이,MAMAMOO,마마무 MAMAMOO,Melting,kpop-gen3,https://music.youtube.com/watch?v=qrU0ECOBJn0,https://i.ytimg.com/vi/qrU0ECOBJn0/maxresdefault.jpg,MAMAMOO/Melting/고양이.mp3
[MV] 마마무(MAMAMOO) - 내 눈 속엔 너 (KBS2 드라마 '스파이' OST),MAMAMOO,MAMAMOO,Single,kpop-gen3,https://music.youtube.com/watch?v=JprirXon4yo,https://i.ytimg.com/vi/JprirXon4yo/maxresdefault.jpg,MAMAMOO/Single/[MV] 마마무(MAMAMOO) - 내 눈 속엔 너 (KBS2 드라마 '스파이' OST).mp3
MMM Simile (Live ver.),MAMAMOO,MAMAMOO,[Hwa Sa Show Vol.3] MMM Simile,kpop-gen3,https://music.youtube.com/watch?v=iUezmmxUHgA,https://i.ytimg.com/vi/iUezmmxUHgA/maxresdefault.jpg,MAMAMOO/[Hwa Sa Show Vol.3] MMM Simile/MMM Simile (Live ver.).mp3
You in My Dreams,MAMAMOO,MAMAMOO,"Suits, Pt. 3 (Original Television Soundtrack)",kpop-gen3,https://music.youtube.com/watch?v=9g08Y3gitv8,https://i.ytimg.com/vi/9g08Y3gitv8/maxresdefault.jpg,"MAMAMOO/Suits, Pt. 3 (Original Television Soundtrack)/You in My Dreams.mp3"
갑과 을 No no no,MAMAMOO,마마무 MAMAMOO,Pink Funky,kpop-gen3,https://music.youtube.com/watch?v=uKY4DFru-Q0,https://i.ytimg.com/vi/uKY4DFru-Q0/maxresdefault.jpg,MAMAMOO/Pink Funky/갑과 을 No no no.mp3
섹시한 남자,MAMAMOO,MAMAMOO,투유 프로젝트 - 슈가맨 Pt.30,kpop-gen3,https://music.youtube.com/watch?v=aN38ah2Xcck,https://i.ytimg.com/vi/aN38ah2Xcck/maxresdefault.jpg,MAMAMOO/투유 프로젝트 - 슈가맨 Pt.30/섹시한 남자.mp3
This song,MAMAMOO,"Loco, MAMAMOO","My Lovely Girl (Original Television Soundtrack), Pt. 1",kpop-gen3,https://music.youtube.com/watch?v=VYYpZZCLxDQ,https://i.ytimg.com/vi/VYYpZZCLxDQ/maxresdefault.jpg,"MAMAMOO/My Lovely Girl (Original Television Soundtrack), Pt. 1/This song.mp3"
Baton Touch,MAMAMOO,MAMAMOO,HELLO,kpop-gen3,https://music.youtube.com/watch?v=Ouc0cqEipII,https://i.ytimg.com/vi/Ouc0cqEipII/maxresdefault.jpg,MAMAMOO/HELLO/Baton Touch.mp3
"휘인(Whee In) - SPECIAL CLIP [휘이 (Prod. Young K (DAY6), 나상현)]",MAMAMOO,THEL1VE,Single,kpop-gen3,https://music.youtube.com/watch?v=lWzc3sqO3rI,https://i.ytimg.com/vi/lWzc3sqO3rI/maxresdefault.jpg,"MAMAMOO/Single/휘인(Whee In) - SPECIAL CLIP [휘이 (Prod. Young K (DAY6), 나상현)].mp3"
I do me (HWASA Solo),MAMAMOO,MAMAMOO,HELLO,kpop-gen3,https://music.youtube.com/watch?v=6QzE29z7IJM,https://i.ytimg.com/vi/6QzE29z7IJM/maxresdefault.jpg,MAMAMOO/HELLO/I do me (HWASA Solo).mp3
DAB DAB,MAMAMOO,MAMAMOO,MEMORY,kpop-gen3,https://music.youtube.com/watch?v=pLd0N7rcQdU,https://i.ytimg.com/vi/pLd0N7rcQdU/maxresdefault.jpg,MAMAMOO/MEMORY/DAB DAB.mp3
Decalcomanie (Veiled Musician X Solar (MAMAMOO) with Jangwi-dong) (데칼코마니 (베일드뮤지션 X 솔라 (마마무) with 장위동)),MAMAMOO,Solar (MAMAMOO),Decalcomanie (Veiled Musician X Solar (MAMAMOO) with Jangwi-dong),kpop-gen3,https://music.youtube.com/watch?v=jRkbkHkT3UE,https://i.ytimg.com/vi/jRkbkHkT3UE/maxresdefault.jpg,MAMAMOO/Decalcomanie (Veiled Musician X Solar (MAMAMOO) with Jangwi-dong)/Decalcomanie (Veiled Musician X Solar (MAMAMOO) with Jangwi-dong) (데칼코마니 (베일드뮤지션 X 솔라 (마마무) with 장위동)).mp3
Heeheehaheho,MAMAMOO,"MAMAMOO, Geeks",Heeheehaheho,kpop-gen3,https://music.youtube.com/watch?v=3KFhNc7BNOI,https://i.ytimg.com/vi/3KFhNc7BNOI/maxresdefault.jpg,MAMAMOO/Heeheehaheho/Heeheehaheho.mp3
Rainy Season (장마 (Rainy Season)),MAMAMOO,"MAMAMOO, 박우상(RBW), 김도훈(RBW), 박우상(RBW), 박우상(RBW)",RED MOON,kpop-gen3,https://music.youtube.com/watch?v=oOuZI9lTPEs,https://i.ytimg.com/vi/oOuZI9lTPEs/maxresdefault.jpg,MAMAMOO/RED MOON/Rainy Season (장마 (Rainy Season)).mp3
[Official Drama Set Lyric Video] #판도라 솔라(마마무) - Eternal | Pandora : Beneath the Paradise,MAMAMOO,Stone Music Entertainment,Single,kpop-gen3,https://music.youtube.com/watch?v=bJOPMDpYDU0,https://i.ytimg.com/vi/bJOPMDpYDU0/maxresdefault.jpg,MAMAMOO/Single/[Official Drama Set Lyric Video] #판도라 솔라(마마무) - Eternal _ Pandora _ Beneath the Paradise.mp3
[MV] 여자친구(GFRIEND) _ 시간을 달려서(Rough),GFRIEND,1theK (원더케이),Single,kpop-gen3,https://music.youtube.com/watch?v=0VKcLPdY9lI,https://i.ytimg.com/vi/0VKcLPdY9lI/maxresdefault.jpg,GFRIEND/Single/[MV] 여자친구(GFRIEND) _ 시간을 달려서(Rough).mp3
여자친구 GFRIEND - 오늘부터 우리는 Me gustas tu M/V,GFRIEND,여자친구 GFRIEND OFFICIAL,Single,kpop-gen3,https://music.youtube.com/watch?v=YYHyAIFG3iI,https://i.ytimg.com/vi/YYHyAIFG3iI/maxresdefault.jpg,GFRIEND/Single/여자친구 GFRIEND - 오늘부터 우리는 Me gustas tu M_V.mp3
GFRIEND (여자친구) 'MAGO' Official M/V,GFRIEND,HYBE LABELS,Single,kpop-gen3,https://music.youtube.com/watch?v=LmBYPXGqtss,https://i.ytimg.com/vi/LmBYPXGqtss/maxresdefault.jpg,GFRIEND/Single/GFRIEND (여자친구) 'MAGO' Official M_V.mp3
[MV] GFRIEND(여자친구) _ Time for the moon night(밤),GFRIEND,1theK (원더케이),Single,kpop-gen3,https://music.youtube.com/watch?v=_XyBa8QsVQU,https://i.ytimg.com/vi/_XyBa8QsVQU/maxresdefault.jpg,GFRIEND/Single/[MV] GFRIEND(여자친구) _ Time for the moon night(밤).mp3
[MV] 여자친구(GFRIEND) _ 너 그리고 나 (NAVILLERA),GFRIEND,1theK (원더케이),Single,kpop-gen3,https://music.youtube.com/watch?v=Se8bbsUFjC8,https://i.ytimg.com/vi/Se8bbsUFjC8/maxresdefault.jpg,GFRIEND/Single/[MV] 여자친구(GFRIEND) _ 너 그리고 나 (NAVILLERA).mp3
GFRIEND (여자친구) 'Apple' Official M/V,GFRIEND,HYBE LABELS,Single,kpop-gen3,https://music.youtube.com/watch?v=XQSse3b2ge4,https://i.ytimg.com/vi/XQSse3b2ge4/maxresdefault.jpg,GFRIEND/Single/GFRIEND (여자친구) 'Apple' Official M_V.mp3
GFRIEND (여자친구) '우리의 다정한 계절 속에' OFFICIAL MV,GFRIEND,HYBE LABELS,Single,kpop-gen3,https://music.youtube.com/watch?v=DxMu1pv8b9Y,https://i.ytimg.com/vi/DxMu1pv8b9Y/maxresdefault.jpg,GFRIEND/Single/GFRIEND (여자친구) '우리의 다정한 계절 속에' OFFICIAL MV.mp3
[MV] GFRIEND(여자친구) _ Sunrise(해야),GFRIEND,1theK (원더케이),Single,kpop-gen3,https://music.youtube.com/watch?v=iciFwCnsyY4,https://i.ytimg.com/vi/iciFwCnsyY4/maxresdefault.jpg,GFRIEND/Single/[MV] GFRIEND(여자친구) _ Sunrise(해야).mp3
[MV] GFRIEND(여자친구) _ LOVE WHISPER(귀를 기울이면),GFRIEND,1theK (원더케이),Single,kpop-gen3,https://music.youtube.com/watch?v=lnXXfYA91Y8,https://i.ytimg.com/vi/lnXXfYA91Y8/maxresdefault.jpg,GFRIEND/Single/[MV] GFRIEND(여자친구) _ LOVE WHISPER(귀를 기울이면).mp3
[MV] GFRIEND(여자친구) _ Fever(열대야),GFRIEND,1theK (원더케이),Single,kpop-gen3,https://music.youtube.com/watch?v=Zll7O1v63aY,https://i.ytimg.com/vi/Zll7O1v63aY/maxresdefault.jpg,GFRIEND/Single/[MV] GFRIEND(여자친구) _ Fever(열대야).mp3
GFRIEND (여자친구) '교차로 (Crossroads)' Official M/V,GFRIEND,HYBE LABELS,Single,kpop-gen3,https://music.youtube.com/watch?v=kx5TWKPE5sU,https://i.ytimg.com/vi/kx5TWKPE5sU/maxresdefault.jpg,GFRIEND/Single/GFRIEND (여자친구) '교차로 (Crossroads)' Official M_V.mp3
[MV] GFRIEND(여자친구) _ Sunny Summer(여름여름해),GFRIEND,1theK (원더케이),Single,kpop-gen3,https://music.youtube.com/watch?v=9iPLjmz3_U4,https://i.ytimg.com/vi/9iPLjmz3_U4/maxresdefault.jpg,GFRIEND/Single/[MV] GFRIEND(여자친구) _ Sunny Summer(여름여름해).mp3
[MV] GFRIEND(여자친구) _ FINGERTIP,GFRIEND,1theK (원더케이),Single,kpop-gen3,https://music.youtube.com/watch?v=i1n_1jrUEjU,https://i.ytimg.com/vi/i1n_1jrUEjU/maxresdefault.jpg,GFRIEND/Single/[MV] GFRIEND(여자친구) _ FINGERTIP.mp3
[MV] GFRIEND(여자친구) _ Summer Rain(여름비),GFRIEND,1theK (원더케이),Single,kpop-gen3,https://music.youtube.com/watch?v=ZsYwEV_ge4Y,https://i.ytimg.com/vi/ZsYwEV_ge4Y/sddefault.jpg,GFRIEND/Single/[MV] GFRIEND(여자친구) _ Summer Rain(여름비).mp3
유주 (YUJU) - REPLY (Official Video),GFRIEND,유주 YUJU,Single,kpop-gen3,https://music.youtube.com/watch?v=rr8OHwCDirY,https://i.ytimg.com/vi/rr8OHwCDirY/maxresdefault.jpg,GFRIEND/Single/유주 (YUJU) - REPLY (Official Video).mp3
[MV] GFRIEND(여자친구) _ Glass Bead(유리구슬),GFRIEND,1theK (원더케이),Single,kpop-gen3,https://music.youtube.com/watch?v=GU7icQFVzHo,https://i.ytimg.com/vi/GU7icQFVzHo/sddefault.jpg,GFRIEND/Single/[MV] GFRIEND(여자친구) _ Glass Bead(유리구슬).mp3
RAINBOW,GFRIEND,GFRIEND,여자친구 The 5th Mini Album Repackage 'RAINBOW',kpop-gen3,https://music.youtube.com/watch?v=weeXxM72sdo,https://i.ytimg.com/vi/weeXxM72sdo/maxresdefault.jpg,GFRIEND/여자친구 The 5th Mini Album Repackage 'RAINBOW'/RAINBOW.mp3
바람에 날려 (Gone with the wind),GFRIEND,GFRIEND,여자친구 The 1st Album 'LOL',kpop-gen3,https://music.youtube.com/watch?v=-NOnDyCvcXA,https://i.ytimg.com/vi/-NOnDyCvcXA/maxresdefault.jpg,GFRIEND/여자친구 The 1st Album 'LOL'/바람에 날려 (Gone with the wind).mp3
이분의 일 1/2 (ONE-HALF),GFRIEND,GFRIEND,여자친구 The 5th Mini Album Repackage 'RAINBOW',kpop-gen3,https://music.youtube.com/watch?v=38u2TfWtQf0,https://i.ytimg.com/vi/38u2TfWtQf0/maxresdefault.jpg,GFRIEND/여자친구 The 5th Mini Album Repackage 'RAINBOW'/이분의 일 1_2 (ONE-HALF).mp3
지금 만나러 갑니다 (Eclipse),GFRIEND,여자친구 (GFRIEND),回:LABYRINTH,kpop-gen3,https://music.youtube.com/watch?v=QyH4pyRsBiQ,https://i.ytimg.com/vi/QyH4pyRsBiQ/maxresdefault.jpg,GFRIEND/回_LABYRINTH/지금 만나러 갑니다 (Eclipse).mp3
거울의 방,GFRIEND,여자친구 (GFRIEND),回:Song of the Sirens,kpop-gen3,https://music.youtube.com/watch?v=rFoqjKv6goU,https://i.ytimg.com/vi/rFoqjKv6goU/maxresdefault.jpg,GFRIEND/回_Song of the Sirens/거울의 방.mp3
You are not alone,GFRIEND,GFRIEND,여자친구 The 2nd Album 'Time for us',kpop-gen3,https://music.youtube.com/watch?v=EfahKom5uic,https://i.ytimg.com/vi/EfahKom5uic/maxresdefault.jpg,GFRIEND/여자친구 The 2nd Album 'Time for us'/You are not alone.mp3
White (하얀마음),GFRIEND,GFRIEND,여자친구 1st Mini Album 'Season Of Glass',kpop-gen3,https://music.youtube.com/watch?v=J3VtpXrRDqc,https://i.ytimg.com/vi/J3VtpXrRDqc/maxresdefault.jpg,GFRIEND/여자친구 1st Mini Album 'Season Of Glass'/White (하얀마음).mp3
[MV] GFRIEND(여자친구) _ Wanna Be (Whats wrong with secretary kim(김비서가 왜 그럴까) OST Part.3),GFRIEND,1theK (원더케이),Single,kpop-gen3,https://music.youtube.com/watch?v=mUpdma_t3Po,https://i.ytimg.com/vi/mUpdma_t3Po/maxresdefault.jpg,GFRIEND/Single/[MV] GFRIEND(여자친구) _ Wanna Be (Whats wrong with secretary kim(김비서가 왜 그럴까) OST Part.3).mp3
눈의 시간,GFRIEND,여자친구 (GFRIEND),回:Song of the Sirens,kpop-gen3,https://music.youtube.com/watch?v=gpBe_EIH8pg,https://i.ytimg.com/vi/gpBe_EIH8pg/maxresdefault.jpg,GFRIEND/回_Song of the Sirens/눈의 시간.mp3
Vacation,GFRIEND,GFRIEND,여자친구 Summer Mini Album 'Sunny Summer',kpop-gen3,https://music.youtube.com/watch?v=qCDmhZFarO8,https://i.ytimg.com/vi/qCDmhZFarO8/maxresdefault.jpg,GFRIEND/여자친구 Summer Mini Album 'Sunny Summer'/Vacation.mp3
Better Me,GFRIEND,여자친구 (GFRIEND),回:Walpurgis Night,kpop-gen3,https://music.youtube.com/watch?v=s2TktuIA9-s,https://i.ytimg.com/vi/s2TktuIA9-s/maxresdefault.jpg,GFRIEND/回_Walpurgis Night/Better Me.mp3
바람 바람 바람 (Windy Windy),GFRIEND,GFRIEND,여자친구 Summer Mini Album 'Sunny Summer',kpop-gen3,https://music.youtube.com/watch?v=nQ9AhtHM3dk,https://i.ytimg.com/vi/nQ9AhtHM3dk/maxresdefault.jpg,GFRIEND/여자친구 Summer Mini Album 'Sunny Summer'/바람 바람 바람 (Windy Windy).mp3
FLOWER (Korean Ver.),GFRIEND,GFRIEND,여자친구 The 7th Mini Album 'FEVER SEASON',kpop-gen3,https://music.youtube.com/watch?v=gdVeWHO3xUo,https://i.ytimg.com/vi/gdVeWHO3xUo/maxresdefault.jpg,GFRIEND/여자친구 The 7th Mini Album 'FEVER SEASON'/FLOWER (Korean Ver.).mp3
Three Of Cups,GFRIEND,여자친구 (GFRIEND),回:Walpurgis Night,kpop-gen3,https://music.youtube.com/watch?v=sEaH-WtdkxQ,https://i.ytimg.com/vi/sEaH-WtdkxQ/maxresdefault.jpg,GFRIEND/回_Walpurgis Night/Three Of Cups.mp3
사랑별 (Luv Star),GFRIEND,GFRIEND,여자친구 3rd Mini Album 'SNOWFLAKE',kpop-gen3,https://music.youtube.com/watch?v=oEaVjX0HApM,https://i.ytimg.com/vi/oEaVjX0HApM/maxresdefault.jpg,GFRIEND/여자친구 3rd Mini Album 'SNOWFLAKE'/사랑별 (Luv Star).mp3
Memoria (Korean Ver.),GFRIEND,GFRIEND,여자친구 The 2nd Album 'Time for us',kpop-gen3,https://music.youtube.com/watch?v=Xb0J9M0vIC8,https://i.ytimg.com/vi/Xb0J9M0vIC8/maxresdefault.jpg,GFRIEND/여자친구 The 2nd Album 'Time for us'/Memoria (Korean Ver.).mp3
Awake,GFRIEND,YERIN,Awake,kpop-gen3,https://music.youtube.com/watch?v=mVKPURmYBKc,https://i.ytimg.com/vi/mVKPURmYBKc/maxresdefault.jpg,GFRIEND/Awake/Awake.mp3
Love Bug,GFRIEND,GFRIEND,여자친구 The 6th Mini Album 'Time for the moon night',kpop-gen3,https://music.youtube.com/watch?v=wUQEmNft1iQ,https://i.ytimg.com/vi/wUQEmNft1iQ/maxresdefault.jpg,GFRIEND/여자친구 The 6th Mini Album 'Time for the moon night'/Love Bug.mp3
휘리휘리 (Flower Garden),GFRIEND,GFRIEND,여자친구 The 6th Mini Album 'Time for the moon night',kpop-gen3,https://music.youtube.com/watch?v=Az_OX3aD4Bc,https://i.ytimg.com/vi/Az_OX3aD4Bc/maxresdefault.jpg,GFRIEND/여자친구 The 6th Mini Album 'Time for the moon night'/휘리휘리 (Flower Garden).mp3
Night Drive,GFRIEND,여자친구 (GFRIEND),回:Walpurgis Night,kpop-gen3,https://music.youtube.com/watch?v=O3tBYGXdPgk,https://i.ytimg.com/vi/O3tBYGXdPgk/maxresdefault.jpg,GFRIEND/回_Walpurgis Night/Night Drive.mp3
Mermaid,GFRIEND,GFRIEND,여자친구 The 1st Album 'LOL',kpop-gen3,https://music.youtube.com/watch?v=0fZs5ry89aU,https://i.ytimg.com/vi/0fZs5ry89aU/maxresdefault.jpg,GFRIEND/여자친구 The 1st Album 'LOL'/Mermaid.mp3
봄비 (Rain In The Spring Time),GFRIEND,GFRIEND,여자친구 The 4th Mini Album 'THE AWAKENING',kpop-gen3,https://music.youtube.com/watch?v=nB8b2UvL2PM,https://i.ytimg.com/vi/nB8b2UvL2PM/maxresdefault.jpg,GFRIEND/여자친구 The 4th Mini Album 'THE AWAKENING'/봄비 (Rain In The Spring Time).mp3
GRWM,GFRIEND,여자친구 (GFRIEND),回:Walpurgis Night,kpop-gen3,https://music.youtube.com/watch?v=Dqnp7bi21LA,https://i.ytimg.com/vi/Dqnp7bi21LA/maxresdefault.jpg,GFRIEND/回_Walpurgis Night/GRWM.mp3
물꽃놀이 (Water Flower),GFRIEND,GFRIEND,여자친구 The 1st Album 'LOL',kpop-gen3,https://music.youtube.com/watch?v=eqs_yPoWpaM,https://i.ytimg.com/vi/eqs_yPoWpaM/maxresdefault.jpg,GFRIEND/여자친구 The 1st Album 'LOL'/물꽃놀이 (Water Flower).mp3
Love Spell,GFRIEND,여자친구 (GFRIEND),回:Walpurgis Night,kpop-gen3,https://music.youtube.com/watch?v=tmN-PvkkSuc,https://i.ytimg.com/vi/tmN-PvkkSuc/maxresdefault.jpg,GFRIEND/回_Walpurgis Night/Love Spell.mp3
Secret Diary,GFRIEND,여자친구 (GFRIEND),回:Walpurgis Night,kpop-gen3,https://music.youtube.com/watch?v=h8x47yMQcfE,https://i.ytimg.com/vi/h8x47yMQcfE/maxresdefault.jpg,GFRIEND/回_Walpurgis Night/Secret Diary.mp3
두 손을 모아 (AVE MARIA),GFRIEND,GFRIEND,여자친구 The 5th Mini Album Repackage 'RAINBOW',kpop-gen3,https://music.youtube.com/watch?v=4u3WvHuiMZs,https://i.ytimg.com/vi/4u3WvHuiMZs/maxresdefault.jpg,GFRIEND/여자친구 The 5th Mini Album Repackage 'RAINBOW'/두 손을 모아 (AVE MARIA).mp3
Neverland,GFRIEND,GFRIEND,여자친구 1st Mini Album 'Season Of Glass',kpop-gen3,https://music.youtube.com/watch?v=NbDwWBdE4GE,https://i.ytimg.com/vi/NbDwWBdE4GE/maxresdefault.jpg,GFRIEND/여자친구 1st Mini Album 'Season Of Glass'/Neverland.mp3
TRUST,GFRIEND,GFRIEND,여자친구 3rd Mini Album 'SNOWFLAKE',kpop-gen3,https://music.youtube.com/watch?v=2gnKTbLgOCA,https://i.ytimg.com/vi/2gnKTbLgOCA/maxresdefault.jpg,GFRIEND/여자친구 3rd Mini Album 'SNOWFLAKE'/TRUST.mp3
물들어요 (Fall in Love),GFRIEND,GFRIEND,여자친구 The 1st Album 'LOL',kpop-gen3,https://music.youtube.com/watch?v=Zp8DVqaO06A,https://i.ytimg.com/vi/Zp8DVqaO06A/maxresdefault.jpg,GFRIEND/여자친구 The 1st Album 'LOL'/물들어요 (Fall in Love).mp3
핑 (Crush),GFRIEND,GFRIEND,여자친구 The 4th Mini Album 'THE AWAKENING',kpop-gen3,https://music.youtube.com/watch?v=Z1O9aCf4k_0,https://i.ytimg.com/vi/Z1O9aCf4k_0/maxresdefault.jpg,GFRIEND/여자친구 The 4th Mini Album 'THE AWAKENING'/핑 (Crush).mp3
Bye,GFRIEND,GFRIEND,여자친구 The 6th Mini Album 'Time for the moon night',kpop-gen3,https://music.youtube.com/watch?v=DzBpYkzAcEo,https://i.ytimg.com/vi/DzBpYkzAcEo/maxresdefault.jpg,GFRIEND/여자친구 The 6th Mini Album 'Time for the moon night'/Bye.mp3
LOL,GFRIEND,GFRIEND,여자친구 The 1st Album 'LOL',kpop-gen3,https://music.youtube.com/watch?v=tgobpk80jNo,https://i.ytimg.com/vi/tgobpk80jNo/maxresdefault.jpg,GFRIEND/여자친구 The 1st Album 'LOL'/LOL.mp3
나침반 (Compas),GFRIEND,GFRIEND,여자친구 The 1st Album 'LOL',kpop-gen3,https://music.youtube.com/watch?v=0N3iR72BdaA,https://i.ytimg.com/vi/0N3iR72BdaA/maxresdefault.jpg,GFRIEND/여자친구 The 1st Album 'LOL'/나침반 (Compas).mp3
내 이름을 불러줘 (Say my name),GFRIEND,GFRIEND,여자친구 3rd Mini Album 'SNOWFLAKE',kpop-gen3,https://music.youtube.com/watch?v=B00xPgeOjwQ,https://i.ytimg.com/vi/B00xPgeOjwQ/maxresdefault.jpg,GFRIEND/여자친구 3rd Mini Album 'SNOWFLAKE'/내 이름을 불러줘 (Say my name).mp3
Mr. Blue,GFRIEND,GFRIEND,여자친구 The 7th Mini Album 'FEVER SEASON',kpop-gen3,https://music.youtube.com/watch?v=f10QskYsxOU,https://i.ytimg.com/vi/f10QskYsxOU/maxresdefault.jpg,GFRIEND/여자친구 The 7th Mini Album 'FEVER SEASON'/Mr. Blue.mp3
나의 지구를 지켜줘 (Please Save My Earth),GFRIEND,GFRIEND,여자친구 The 4th Mini Album 'THE AWAKENING',kpop-gen3,https://music.youtube.com/watch?v=xAAwB3msPco,https://i.ytimg.com/vi/xAAwB3msPco/maxresdefault.jpg,GFRIEND/여자친구 The 4th Mini Album 'THE AWAKENING'/나의 지구를 지켜줘 (Please Save My Earth).mp3
나의 일기장 (Sunshine),GFRIEND,GFRIEND,여자친구 The 1st Album 'LOL',kpop-gen3,https://music.youtube.com/watch?v=f_Nmm_DFu-Q,https://i.ytimg.com/vi/f_Nmm_DFu-Q/maxresdefault.jpg,GFRIEND/여자친구 The 1st Album 'LOL'/나의 일기장 (Sunshine).mp3
그루잠 (FALLING ASLEEP AGAIN),GFRIEND,GFRIEND,여자친구 The 5th Mini Album Repackage 'RAINBOW',kpop-gen3,https://music.youtube.com/watch?v=NIJBZVSN0Ig,https://i.ytimg.com/vi/NIJBZVSN0Ig/maxresdefault.jpg,GFRIEND/여자친구 The 5th Mini Album Repackage 'RAINBOW'/그루잠 (FALLING ASLEEP AGAIN).mp3
GFRIEND 10th Anniversary 'Season of Memories' Highlight - GFRIEND (여자친구),GFRIEND,여자친구 GFRIEND OFFICIAL,Single,kpop-gen3,https://music.youtube.com/watch?v=gUkgZBfxV9E,https://i.ytimg.com/vi/gUkgZBfxV9E/maxresdefault.jpg,GFRIEND/Single/GFRIEND 10th Anniversary 'Season of Memories' Highlight - GFRIEND (여자친구).mp3
[Dance Practice] 유주(YUJU) - 따라랏 (DALALA),GFRIEND,유주 YUJU,Single,kpop-gen3,https://music.youtube.com/watch?v=04ANHsEDfo8,https://i.ytimg.com/vi/04ANHsEDfo8/maxresdefault.jpg,GFRIEND/Single/[Dance Practice] 유주(YUJU) - 따라랏 (DALALA).mp3
BTS (방탄소년단) '2.0' Official MV,BTS,HYBE LABELS,Single,kpop-gen3,https://music.youtube.com/watch?v=_gyultVTesk,https://i.ytimg.com/vi/_gyultVTesk/maxresdefault.jpg,BTS/Single/BTS (방탄소년단) '2.0' Official MV.mp3
BTS (방탄소년단) ‘SWIM’ Official MV,BTS,HYBE LABELS,Single,kpop-gen3,https://music.youtube.com/watch?v=b4iVv91Z6lY,https://i.ytimg.com/vi/b4iVv91Z6lY/maxresdefault.jpg,BTS/Single/BTS (방탄소년단) ‘SWIM’ Official MV.mp3
BTS (방탄소년단) 'Hooligan' Official MV,BTS,HYBE LABELS,Single,kpop-gen3,https://music.youtube.com/watch?v=diBO0gMuTXo,https://i.ytimg.com/vi/diBO0gMuTXo/maxresdefault.jpg,BTS/Single/BTS (방탄소년단) 'Hooligan' Official MV.mp3
Body to Body,BTS,BTS,ARIRANG,kpop-gen3,https://music.youtube.com/watch?v=RBaSiVjtKR4,https://i.ytimg.com/vi/RBaSiVjtKR4/maxresdefault.jpg,BTS/ARIRANG/Body to Body.mp3
BTS (방탄소년단) 'Dynamite' Official MV,BTS,HYBE LABELS,Single,kpop-gen3,https://music.youtube.com/watch?v=gdZLi9oWNZg,https://i.ytimg.com/vi/gdZLi9oWNZg/maxresdefault.jpg,BTS/Single/BTS (방탄소년단) 'Dynamite' Official MV.mp3
BTS (방탄소년단) '작은 것들을 위한 시 (Boy With Luv) (feat. Halsey)' Official MV,BTS,HYBE LABELS,Single,kpop-gen3,https://music.youtube.com/watch?v=XsX3ATc3FbA,https://i.ytimg.com/vi/XsX3ATc3FbA/maxresdefault.jpg,BTS/Single/BTS (방탄소년단) '작은 것들을 위한 시 (Boy With Luv) (feat. Halsey)' Official MV.mp3
FYA,BTS,BTS,ARIRANG,kpop-gen3,https://music.youtube.com/watch?v=QWDayFgPDjQ,https://i.ytimg.com/vi/QWDayFgPDjQ/maxresdefault.jpg,BTS/ARIRANG/FYA.mp3
BTS (방탄소년단) 'Butter' Official MV,BTS,HYBE LABELS,Single,kpop-gen3,https://music.youtube.com/watch?v=WMweEpGlu_U,https://i.ytimg.com/vi/WMweEpGlu_U/maxresdefault.jpg,BTS/Single/BTS (방탄소년단) 'Butter' Official MV.mp3
Like Animals,BTS,BTS,ARIRANG,kpop-gen3,https://music.youtube.com/watch?v=1BiWkZDiY7s,https://i.ytimg.com/vi/1BiWkZDiY7s/maxresdefault.jpg,BTS/ARIRANG/Like Animals.mp3
BTS (방탄소년단) 'DNA' Official MV,BTS,HYBE LABELS,Single,kpop-gen3,https://music.youtube.com/watch?v=MBdVXkSdhwU,https://i.ytimg.com/vi/MBdVXkSdhwU/maxresdefault.jpg,BTS/Single/BTS (방탄소년단) 'DNA' Official MV.mp3
BTS (방탄소년단) 'IDOL' Official MV,BTS,HYBE LABELS,Single,kpop-gen3,https://music.youtube.com/watch?v=pBuZEGYXA6E,https://i.ytimg.com/vi/pBuZEGYXA6E/maxresdefault.jpg,BTS/Single/BTS (방탄소년단) 'IDOL' Official MV.mp3
they don't know 'bout us,BTS,BTS,ARIRANG,kpop-gen3,https://music.youtube.com/watch?v=TfzU9XOEnkk,https://i.ytimg.com/vi/TfzU9XOEnkk/maxresdefault.jpg,BTS/ARIRANG/they don't know 'bout us.mp3
BTS (방탄소년단) 'FAKE LOVE' Official MV,BTS,HYBE LABELS,Single,kpop-gen3,https://music.youtube.com/watch?v=7C2z4GqqS5E,https://i.ytimg.com/vi/7C2z4GqqS5E/maxresdefault.jpg,BTS/Single/BTS (방탄소년단) 'FAKE LOVE' Official MV.mp3
Aliens,BTS,BTS,ARIRANG,kpop-gen3,https://music.youtube.com/watch?v=EC9_h_elSAY,https://i.ytimg.com/vi/EC9_h_elSAY/maxresdefault.jpg,BTS/ARIRANG/Aliens.mp3
NORMAL (Explicit Ver.),BTS,BTS,ARIRANG,kpop-gen3,https://music.youtube.com/watch?v=Qye9VHIv6qM,https://i.ytimg.com/vi/Qye9VHIv6qM/maxresdefault.jpg,BTS/ARIRANG/NORMAL (Explicit Ver.).mp3
BTS (방탄소년단) 'Permission to Dance' Official MV,BTS,HYBE LABELS,Single,kpop-gen3,https://music.youtube.com/watch?v=CuklIb9d3fI,https://i.ytimg.com/vi/CuklIb9d3fI/maxresdefault.jpg,BTS/Single/BTS (방탄소년단) 'Permission to Dance' Official MV.mp3
Merry Go Round,BTS,BTS,ARIRANG,kpop-gen3,https://music.youtube.com/watch?v=Iy0SpSLW8wo,https://i.ytimg.com/vi/Iy0SpSLW8wo/maxresdefault.jpg,BTS/ARIRANG/Merry Go Round.mp3
Please,BTS,BTS,ARIRANG,kpop-gen3,https://music.youtube.com/watch?v=3N1k6ir55-Y,https://i.ytimg.com/vi/3N1k6ir55-Y/maxresdefault.jpg,BTS/ARIRANG/Please.mp3
Charlie Puth - Left And Right (feat. Jung Kook of BTS) [Official Video],BTS,Charlie Puth,Single,kpop-gen3,https://music.youtube.com/watch?v=a7GITgqwDVg,https://i.ytimg.com/vi/a7GITgqwDVg/maxresdefault.jpg,BTS/Single/Charlie Puth - Left And Right (feat. Jung Kook of BTS) [Official Video].mp3
Into the Sun,BTS,BTS,ARIRANG,kpop-gen3,https://music.youtube.com/watch?v=N_Id6KNQtLw,https://i.ytimg.com/vi/N_Id6KNQtLw/maxresdefault.jpg,BTS/ARIRANG/Into the Sun.mp3
One More Night,BTS,BTS,ARIRANG,kpop-gen3,https://music.youtube.com/watch?v=471JvbFq1Mw,https://i.ytimg.com/vi/471JvbFq1Mw/maxresdefault.jpg,BTS/ARIRANG/One More Night.mp3
No. 29,BTS,BTS,ARIRANG,kpop-gen3,https://music.youtube.com/watch?v=8wZNqBR8MOw,https://i.ytimg.com/vi/8wZNqBR8MOw/maxresdefault.jpg,BTS/ARIRANG/No. 29.mp3
BTS (방탄소년단) 'Life Goes On' Official MV,BTS,HYBE LABELS,Single,kpop-gen3,https://music.youtube.com/watch?v=-5q5mZbe3V8,https://i.ytimg.com/vi/-5q5mZbe3V8/maxresdefault.jpg,BTS/Single/BTS (방탄소년단) 'Life Goes On' Official MV.mp3
BTS (방탄소년단) '피 땀 눈물 (Blood Sweat & Tears)' Official MV,BTS,HYBE LABELS,Single,kpop-gen3,https://music.youtube.com/watch?v=hmE9f-TEutc,https://i.ytimg.com/vi/hmE9f-TEutc/maxresdefault.jpg,BTS/Single/BTS (방탄소년단) '피 땀 눈물 (Blood Sweat & Tears)' Official MV.mp3
정국 (Jung Kook) '3D (feat. Jack Harlow)' Official MV,BTS,HYBE LABELS,Single,kpop-gen3,https://music.youtube.com/watch?v=mHNCM-YALSA,https://i.ytimg.com/vi/mHNCM-YALSA/maxresdefault.jpg,BTS/Single/정국 (Jung Kook) '3D (feat. Jack Harlow)' Official MV.mp3
BTS (방탄소년단) 'Black Swan' Official MV,BTS,HYBE LABELS,Single,kpop-gen3,https://music.youtube.com/watch?v=0lapF4DQPKQ,https://i.ytimg.com/vi/0lapF4DQPKQ/maxresdefault.jpg,BTS/Single/BTS (방탄소년단) 'Black Swan' Official MV.mp3
정국 (Jung Kook) 'Standing Next to You' Official MV,BTS,HYBE LABELS,Single,kpop-gen3,https://music.youtube.com/watch?v=UNo0TG9LwwI,https://i.ytimg.com/vi/UNo0TG9LwwI/maxresdefault.jpg,BTS/Single/정국 (Jung Kook) 'Standing Next to You' Official MV.mp3
지민 (Jimin) 'Who' Official MV,BTS,HYBE LABELS,Single,kpop-gen3,https://music.youtube.com/watch?v=Av9DvtlJ9_M,https://i.ytimg.com/vi/Av9DvtlJ9_M/maxresdefault.jpg,BTS/Single/지민 (Jimin) 'Who' Official MV.mp3
Agust D '대취타' MV,BTS,HYBE LABELS,Single,kpop-gen3,https://music.youtube.com/watch?v=qGjAWJ2zWWI,https://i.ytimg.com/vi/qGjAWJ2zWWI/maxresdefault.jpg,BTS/Single/Agust D '대취타' MV.mp3
BTS (방탄소년단) 'Save ME' Official MV,BTS,HYBE LABELS,Single,kpop-gen3,https://music.youtube.com/watch?v=GZjt_sA2eso,https://i.ytimg.com/vi/GZjt_sA2eso/sddefault.jpg,BTS/Single/BTS (방탄소년단) 'Save ME' Official MV.mp3
[MV] BTS(방탄소년단) _ DOPE(쩔어),BTS,1theK (원더케이),Single,kpop-gen3,https://music.youtube.com/watch?v=BVwAVbKYYeM,https://i.ytimg.com/vi/BVwAVbKYYeM/maxresdefault.jpg,BTS/Single/[MV] BTS(방탄소년단) _ DOPE(쩔어).mp3
[MV] BTS(방탄소년단) _ FIRE (불타오르네),BTS,1theK (원더케이),Single,kpop-gen3,https://music.youtube.com/watch?v=ALj5MKjy2BU,https://i.ytimg.com/vi/ALj5MKjy2BU/maxresdefault.jpg,BTS/Single/[MV] BTS(방탄소년단) _ FIRE (불타오르네).mp3
Coldplay X BTS - My Universe (Official Video),BTS,Coldplay,Single,kpop-gen3,https://music.youtube.com/watch?v=3YqPKLZF_WU,https://i.ytimg.com/vi/3YqPKLZF_WU/maxresdefault.jpg,BTS/Single/Coldplay X BTS - My Universe (Official Video).mp3
j-hope ‘MONA LISA’ Official MV,BTS,HYBE LABELS,Single,kpop-gen3,https://music.youtube.com/watch?v=ECqGCH1TfLY,https://i.ytimg.com/vi/ECqGCH1TfLY/maxresdefault.jpg,BTS/Single/j-hope ‘MONA LISA’ Official MV.mp3
BTS (방탄소년단) 'Not Today' Official MV,BTS,HYBE LABELS,Single,kpop-gen3,https://music.youtube.com/watch?v=9DwzBICPhdM,https://i.ytimg.com/vi/9DwzBICPhdM/maxresdefault.jpg,BTS/Single/BTS (방탄소년단) 'Not Today' Official MV.mp3
j-hope 'Chicken Noodle Soup (feat. Becky G)' MV,BTS,HYBE LABELS,Single,kpop-gen3,https://music.youtube.com/watch?v=i23NEQEFpgQ,https://i.ytimg.com/vi/i23NEQEFpgQ/maxresdefault.jpg,BTS/Single/j-hope 'Chicken Noodle Soup (feat. Becky G)' MV.mp3
BTS (방탄소년단) '봄날 (Spring Day)' Official MV,BTS,HYBE LABELS,Single,kpop-gen3,https://music.youtube.com/watch?v=xEeFrLSkMm8,https://i.ytimg.com/vi/xEeFrLSkMm8/maxresdefault.jpg,BTS/Single/BTS (방탄소년단) '봄날 (Spring Day)' Official MV.mp3
지민 (Jimin) 'Set Me Free Pt.2' Official MV,BTS,HYBE LABELS,Single,kpop-gen3,https://music.youtube.com/watch?v=UaywgAqcLxI,https://i.ytimg.com/vi/UaywgAqcLxI/maxresdefault.jpg,BTS/Single/지민 (Jimin) 'Set Me Free Pt.2' Official MV.mp3
지민 (Jimin) 'Like Crazy' Official MV,BTS,HYBE LABELS,Single,kpop-gen3,https://music.youtube.com/watch?v=nOI67IDlNMQ,https://i.ytimg.com/vi/nOI67IDlNMQ/maxresdefault.jpg,BTS/Single/지민 (Jimin) 'Like Crazy' Official MV.mp3
BTS (방탄소년단) 'Yet To Come (The Most Beautiful Moment)' Official MV,BTS,HYBE LABELS,Single,kpop-gen3,https://music.youtube.com/watch?v=kXpOEzNZ8hQ,https://i.ytimg.com/vi/kXpOEzNZ8hQ/maxresdefault.jpg,BTS/Single/BTS (방탄소년단) 'Yet To Come (The Most Beautiful Moment)' Official MV.mp3
BTS (방탄소년단) 'ON' Official MV,BTS,HYBE LABELS,Single,kpop-gen3,https://music.youtube.com/watch?v=mPVDGOVjRQ0,https://i.ytimg.com/vi/mPVDGOVjRQ0/maxresdefault.jpg,BTS/Single/BTS (방탄소년단) 'ON' Official MV.mp3
Still With You,BTS,정국 (Jung Kook),Still With You,kpop-gen3,https://music.youtube.com/watch?v=BksBNbTIoPE,https://i.ytimg.com/vi/BksBNbTIoPE/maxresdefault.jpg,BTS/Still With You/Still With You.mp3
정국 (Jung Kook) 'Seven (feat. Latto)' Official Performance Video,BTS,BANGTANTV,Single,kpop-gen3,https://music.youtube.com/watch?v=1QYBiNRu1ok,https://i.ytimg.com/vi/1QYBiNRu1ok/maxresdefault.jpg,BTS/Single/정국 (Jung Kook) 'Seven (feat. Latto)' Official Performance Video.mp3
달려라 방탄,BTS,BTS (방탄소년단),Proof,kpop-gen3,https://music.youtube.com/watch?v=a4YwJCZRh5M,https://i.ytimg.com/vi/a4YwJCZRh5M/maxresdefault.jpg,BTS/Proof/달려라 방탄.mp3
진 (Jin) 'Don't Say You Love Me' Official MV,BTS,HYBE LABELS,Single,kpop-gen3,https://music.youtube.com/watch?v=o7BcyAd6rqg,https://i.ytimg.com/vi/o7BcyAd6rqg/maxresdefault.jpg,BTS/Single/진 (Jin) 'Don't Say You Love Me' Official MV.mp3
BTS (방탄소년단) 'Film out' Official MV,BTS,HYBE LABELS,Single,kpop-gen3,https://music.youtube.com/watch?v=zFT3f9biz68,https://i.ytimg.com/vi/zFT3f9biz68/maxresdefault.jpg,BTS/Single/BTS (방탄소년단) 'Film out' Official MV.mp3
BTS (防弾少年団) 'Airplane pt.2 -Japanese ver.-' Official MV,BTS,UNIVERSAL MUSIC JAPAN,Single,kpop-gen3,https://music.youtube.com/watch?v=CxnJf0tWu48,https://i.ytimg.com/vi/CxnJf0tWu48/maxresdefault.jpg,BTS/Single/BTS (防弾少年団) 'Airplane pt.2 -Japanese ver.-' Official MV.mp3
j-hope ‘Sweet Dreams (feat. Miguel)’ Official MV,BTS,HYBE LABELS,Single,kpop-gen3,https://music.youtube.com/watch?v=kW1e8NtdW90,https://i.ytimg.com/vi/kW1e8NtdW90/maxresdefault.jpg,BTS/Single/j-hope ‘Sweet Dreams (feat. Miguel)’ Official MV.mp3
BTS (방탄소년단) 'Make It Right (feat. Lauv)' Official MV,BTS,HYBE LABELS,Single,kpop-gen3,https://music.youtube.com/watch?v=eXBu09fwe3I,https://i.ytimg.com/vi/eXBu09fwe3I/sddefault.jpg,BTS/Single/BTS (방탄소년단) 'Make It Right (feat. Lauv)' Official MV.mp3
RM '들꽃놀이 (with 조유진)' Official MV,BTS,HYBE LABELS,Single,kpop-gen3,https://music.youtube.com/watch?v=u18be_kRmC0,https://i.ytimg.com/vi/u18be_kRmC0/maxresdefault.jpg,BTS/Single/RM '들꽃놀이 (with 조유진)' Official MV.mp3
진 (Jin) 'The Astronaut' Official MV,BTS,HYBE LABELS,Single,kpop-gen3,https://music.youtube.com/watch?v=c6ASQOwKkhk,https://i.ytimg.com/vi/c6ASQOwKkhk/maxresdefault.jpg,BTS/Single/진 (Jin) 'The Astronaut' Official MV.mp3
V ‘FRI(END)S’ Official MV,BTS,HYBE LABELS,Single,kpop-gen3,https://music.youtube.com/watch?v=62peQdQv4uo,https://i.ytimg.com/vi/62peQdQv4uo/maxresdefault.jpg,BTS/Single/V ‘FRI(END)S’ Official MV.mp3
Agust D '해금' Official MV,BTS,HYBE LABELS,Single,kpop-gen3,https://music.youtube.com/watch?v=iy9qZR_OGa0,https://i.ytimg.com/vi/iy9qZR_OGa0/maxresdefault.jpg,BTS/Single/Agust D '해금' Official MV.mp3
[MV] BTS(방탄소년단) _ War of Hormone(호르몬 전쟁),BTS,1theK (원더케이),Single,kpop-gen3,https://music.youtube.com/watch?v=XQmpVHUi-0A,https://i.ytimg.com/vi/XQmpVHUi-0A/sddefault.jpg,BTS/Single/[MV] BTS(방탄소년단) _ War of Hormone(호르몬 전쟁).mp3
V 'Slow Dancing' Official MV,BTS,HYBE LABELS,Single,kpop-gen3,https://music.youtube.com/watch?v=eI0iTRS0Ha8,https://i.ytimg.com/vi/eI0iTRS0Ha8/maxresdefault.jpg,BTS/Single/V 'Slow Dancing' Official MV.mp3
BTS (방탄소년단) 'No More Dream' Official MV,BTS,HYBE LABELS,Single,kpop-gen3,https://music.youtube.com/watch?v=rBG5L7UsUxA,https://i.ytimg.com/vi/rBG5L7UsUxA/maxresdefault.jpg,BTS/Single/BTS (방탄소년단) 'No More Dream' Official MV.mp3
j-hope 'MORE' Official MV,BTS,HYBE LABELS,Single,kpop-gen3,https://music.youtube.com/watch?v=pKdBFeewZYE,https://i.ytimg.com/vi/pKdBFeewZYE/maxresdefault.jpg,BTS/Single/j-hope 'MORE' Official MV.mp3
[M/V] V - Christmas Tree :: 그 해 우리는(Our Beloved Summer) OST Part.5,BTS,모스트콘텐츠 MOSTCONTENTS,Single,kpop-gen3,https://music.youtube.com/watch?v=lj8TV9q59P4,https://i.ytimg.com/vi/lj8TV9q59P4/maxresdefault.jpg,BTS/Single/[M_V] V - Christmas Tree __ 그 해 우리는(Our Beloved Summer) OST Part.5.mp3
[MV] BTS(방탄소년단) _ Just One Day(하루만),BTS,1theK (원더케이),Single,kpop-gen3,https://music.youtube.com/watch?v=DTcKkcyS410,https://i.ytimg.com/vi/DTcKkcyS410/sddefault.jpg,BTS/Single/[MV] BTS(방탄소년단) _ Just One Day(하루만).mp3
j-hope 'on the street (with J. Cole)' Official MV,BTS,HYBE LABELS,Single,kpop-gen3,https://music.youtube.com/watch?v=r6WbbU_lLCA,https://i.ytimg.com/vi/r6WbbU_lLCA/maxresdefault.jpg,BTS/Single/j-hope 'on the street (with J. Cole)' Official MV.mp3
[2020 FESTA] BTS (방탄소년단) 'We are Bulletproof : the Eternal' MV #2020BTSFESTA,BTS,BANGTANTV,Single,kpop-gen3,https://music.youtube.com/watch?v=7UWBYJjuIL0,https://i.ytimg.com/vi/7UWBYJjuIL0/maxresdefault.jpg,BTS/Single/[2020 FESTA] BTS (방탄소년단) 'We are Bulletproof _ the Eternal' MV #2020BTSFESTA.mp3
진 (Jin) 'Running Wild' Official MV,BTS,HYBE LABELS,Single,kpop-gen3,https://music.youtube.com/watch?v=uoHol5Dr_go,https://i.ytimg.com/vi/uoHol5Dr_go/maxresdefault.jpg,BTS/Single/진 (Jin) 'Running Wild' Official MV.mp3
지민 (Jimin) 'Smeraldo Garden Marching Band (feat. Loco)' Official Track Video,BTS,HYBE LABELS,Single,kpop-gen3,https://music.youtube.com/watch?v=LIER2z3DBe8,https://i.ytimg.com/vi/LIER2z3DBe8/maxresdefault.jpg,BTS/Single/지민 (Jimin) 'Smeraldo Garden Marching Band (feat. Loco)' Official Track Video.mp3
Agust D 'Agust D' MV,BTS,HYBE LABELS,Single,kpop-gen3,https://music.youtube.com/watch?v=3Y_Eiyg4bfk,https://i.ytimg.com/vi/3Y_Eiyg4bfk/maxresdefault.jpg,BTS/Single/Agust D 'Agust D' MV.mp3
Take Two,BTS,BTS (방탄소년단),Take Two,kpop-gen3,https://music.youtube.com/watch?v=lwAHfOhOONw,https://i.ytimg.com/vi/lwAHfOhOONw/maxresdefault.jpg,BTS/Take Two/Take Two.mp3
소우주 (Mikrokosmos),BTS,ko - BTS (방탄소년단) / en - BTS,MAP OF THE SOUL : PERSONA,kpop-gen3,https://music.youtube.com/watch?v=Fw7C6IsDYgI,https://i.ytimg.com/vi/Fw7C6IsDYgI/maxresdefault.jpg,BTS/MAP OF THE SOUL _ PERSONA/소우주 (Mikrokosmos).mp3
j-hope '방화 (Arson)' Official MV,BTS,HYBE LABELS,Single,kpop-gen3,https://music.youtube.com/watch?v=QmpTkkaKYSU,https://i.ytimg.com/vi/QmpTkkaKYSU/maxresdefault.jpg,BTS/Single/j-hope '방화 (Arson)' Official MV.mp3
V 'Winter Ahead (with PARK HYO SHIN)' Official MV,BTS,HYBE LABELS,Single,kpop-gen3,https://music.youtube.com/watch?v=HAWYOuMGkK0,https://i.ytimg.com/vi/HAWYOuMGkK0/maxresdefault.jpg,BTS/Single/V 'Winter Ahead (with PARK HYO SHIN)' Official MV.mp3
[MV] BTS(방탄소년단) _ Danger,BTS,1theK (원더케이),Single,kpop-gen3,https://music.youtube.com/watch?v=bagj78IQ3l0,https://i.ytimg.com/vi/bagj78IQ3l0/sddefault.jpg,BTS/Single/[MV] BTS(방탄소년단) _ Danger.mp3
지민 (Jimin) 'Closer Than This' Official MV,BTS,HYBE LABELS,Single,kpop-gen3,https://music.youtube.com/watch?v=zzKV_T9ybe8,https://i.ytimg.com/vi/zzKV_T9ybe8/maxresdefault.jpg,BTS/Single/지민 (Jimin) 'Closer Than This' Official MV.mp3
[MV] BTS(방탄소년단)_ We Are Bulletproof Pt2(위 아 불렛프루프 Pt.2),BTS,1theK (원더케이),Single,kpop-gen3,https://music.youtube.com/watch?v=gqhWHy0rrtM,https://i.ytimg.com/vi/gqhWHy0rrtM/sddefault.jpg,BTS/Single/[MV] BTS(방탄소년단)_ We Are Bulletproof Pt2(위 아 불렛프루프 Pt.2).mp3
Blue & Grey,BTS,BTS (방탄소년단),BE,kpop-gen3,https://music.youtube.com/watch?v=amnspvOH-EE,https://i.ytimg.com/vi/amnspvOH-EE/maxresdefault.jpg,BTS/BE/Blue & Grey.mp3
RM 'Come back to me' Official MV,BTS,HYBE LABELS,Single,kpop-gen3,https://music.youtube.com/watch?v=NrfikKxF4Ps,https://i.ytimg.com/vi/NrfikKxF4Ps/maxresdefault.jpg,BTS/Single/RM 'Come back to me' Official MV.mp3
For Youth,BTS,BTS (방탄소년단),Proof,kpop-gen3,https://music.youtube.com/watch?v=PCupTKYKpmE,https://i.ytimg.com/vi/PCupTKYKpmE/maxresdefault.jpg,BTS/Proof/For Youth.mp3
Jung Kook (정국) ‘Stay Alive (Prod. SUGA of BTS)’ Official MV  | 7FATES: CHAKHO Soundtrack,BTS,7FATES: CHAKHO by HYBE,Single,kpop-gen3,https://music.youtube.com/watch?v=yzjTpCgfIII,https://i.ytimg.com/vi/yzjTpCgfIII/maxresdefault.jpg,BTS/Single/Jung Kook (정국) ‘Stay Alive (Prod. SUGA of BTS)’ Official MV  _ 7FATES_ CHAKHO Soundtrack.mp3
Anpanman,BTS,BTS,LOVE YOURSELF 轉 'Tear',kpop-gen3,https://music.youtube.com/watch?v=EBf6lwkChnQ,https://i.ytimg.com/vi/EBf6lwkChnQ/maxresdefault.jpg,BTS/LOVE YOURSELF 轉 'Tear'/Anpanman.mp3
Friends,BTS,BTS,MAP OF THE SOUL : 7,kpop-gen3,https://music.youtube.com/watch?v=h7mZX8INIYI,https://i.ytimg.com/vi/h7mZX8INIYI/maxresdefault.jpg,BTS/MAP OF THE SOUL _ 7/Friends.mp3
RM 'LOST!' Official MV,BTS,HYBE LABELS,Single,kpop-gen3,https://music.youtube.com/watch?v=kq6UVL3H6SI,https://i.ytimg.com/vi/kq6UVL3H6SI/maxresdefault.jpg,BTS/Single/RM 'LOST!' Official MV.mp3
Go Go,BTS,BTS,LOVE YOURSELF 승 'Her',kpop-gen3,https://music.youtube.com/watch?v=AEm5O3VnKi8,https://i.ytimg.com/vi/AEm5O3VnKi8/maxresdefault.jpg,BTS/LOVE YOURSELF 승 'Her'/Go Go.mp3
"j-hope 'NEURON (with 개코, 윤미래)' Official Motion Picture",BTS,HYBE LABELS,Single,kpop-gen3,https://music.youtube.com/watch?v=z4Rg_VgOlJU,https://i.ytimg.com/vi/z4Rg_VgOlJU/maxresdefault.jpg,"BTS/Single/j-hope 'NEURON (with 개코, 윤미래)' Official Motion Picture.mp3"
V 'Blue' Official MV,BTS,HYBE LABELS,Single,kpop-gen3,https://music.youtube.com/watch?v=sIh9_cNCwPc,https://i.ytimg.com/vi/sIh9_cNCwPc/maxresdefault.jpg,BTS/Single/V 'Blue' Official MV.mp3
j-hope 'Airplane' MV,BTS,HYBE LABELS,Single,kpop-gen3,https://music.youtube.com/watch?v=8O_MwlZ2dEg,https://i.ytimg.com/vi/8O_MwlZ2dEg/maxresdefault.jpg,BTS/Single/j-hope 'Airplane' MV.mp3
병,BTS,BTS (방탄소년단),BE,kpop-gen3,https://music.youtube.com/watch?v=rSi4UIWbtM0,https://i.ytimg.com/vi/rSi4UIWbtM0/maxresdefault.jpg,BTS/BE/병.mp3
내 방을 여행하는 법,BTS,BTS (방탄소년단),BE,kpop-gen3,https://music.youtube.com/watch?v=YSuOwf24psk,https://i.ytimg.com/vi/YSuOwf24psk/maxresdefault.jpg,BTS/BE/내 방을 여행하는 법.mp3
정국 (Jung Kook) 'Never Let Go' Lyric Video,BTS,BANGTANTV,Single,kpop-gen3,https://music.youtube.com/watch?v=J_n4Ysi5iUM,https://i.ytimg.com/vi/J_n4Ysi5iUM/maxresdefault.jpg,BTS/Single/정국 (Jung Kook) 'Never Let Go' Lyric Video.mp3
Savage Love (Laxed - Siren Beat) (BTS Remix),BTS,"Jawsh 685, Jason Derulo, BTS",Savage Love (Laxed - Siren Beat),kpop-gen3,https://music.youtube.com/watch?v=fCiGS2eJ6wQ,https://i.ytimg.com/vi/fCiGS2eJ6wQ/maxresdefault.jpg,BTS/Savage Love (Laxed - Siren Beat)/Savage Love (Laxed - Siren Beat) (BTS Remix).mp3
Stay,BTS,BTS (방탄소년단),BE,kpop-gen3,https://music.youtube.com/watch?v=evBAiaYal1o,https://i.ytimg.com/vi/evBAiaYal1o/maxresdefault.jpg,BTS/BE/Stay.mp3
House Of Cards (full length edition),BTS,BTS,화양연화 Young Forever,kpop-gen3,https://music.youtube.com/watch?v=SCB3ZlRJSIs,https://i.ytimg.com/vi/SCB3ZlRJSIs/maxresdefault.jpg,BTS/화양연화 Young Forever/House Of Cards (full length edition).mp3
Agust D ‘give it to me’ MV,BTS,HYBE LABELS,Single,kpop-gen3,https://music.youtube.com/watch?v=_Zgc12yL5ss,https://i.ytimg.com/vi/_Zgc12yL5ss/maxresdefault.jpg,BTS/Single/Agust D ‘give it to me’ MV.mp3
[CHOREOGRAPHY] BTS (방탄소년단) 2019 MMA 'Dionysus' Dance Practice,BTS,BANGTANTV,Single,kpop-gen3,https://music.youtube.com/watch?v=bccr1BwNI0Y,https://i.ytimg.com/vi/bccr1BwNI0Y/maxresdefault.jpg,BTS/Single/[CHOREOGRAPHY] BTS (방탄소년단) 2019 MMA 'Dionysus' Dance Practice.mp3
Born Singer,BTS,BTS (방탄소년단),Proof,kpop-gen3,https://music.youtube.com/watch?v=TbjUXK2M5n8,https://i.ytimg.com/vi/TbjUXK2M5n8/maxresdefault.jpg,BTS/Proof/Born Singer.mp3
The Planet,BTS,BTS (방탄소년단),The Planet,kpop-gen3,https://music.youtube.com/watch?v=3Rh57WwV8H0,https://i.ytimg.com/vi/3Rh57WwV8H0/maxresdefault.jpg,BTS/The Planet/The Planet.mp3
134340,BTS,BTS,LOVE YOURSELF 轉 'Tear',kpop-gen3,https://music.youtube.com/watch?v=lu0XVRP_Bfc,https://i.ytimg.com/vi/lu0XVRP_Bfc/maxresdefault.jpg,BTS/LOVE YOURSELF 轉 'Tear'/134340.mp3
Heartbeat (BTS World Original Soundtrack),BTS,BTS (방탄소년단),BTS WORLD (Original Soundtrack),kpop-gen3,https://music.youtube.com/watch?v=MGOzWCGT97o,https://i.ytimg.com/vi/MGOzWCGT97o/maxresdefault.jpg,BTS/BTS WORLD (Original Soundtrack)/Heartbeat (BTS World Original Soundtrack).mp3
Lie,BTS,BTS,WINGS,kpop-gen3,https://music.youtube.com/watch?v=-ThId6ZWqsE,https://i.ytimg.com/vi/-ThId6ZWqsE/maxresdefault.jpg,BTS/WINGS/Lie.mp3
21st Century Girl,BTS,BTS,WINGS,kpop-gen3,https://music.youtube.com/watch?v=JKlFuOpPhrk,https://i.ytimg.com/vi/JKlFuOpPhrk/maxresdefault.jpg,BTS/WINGS/21st Century Girl.mp3
Jamais Vu,BTS,ko - BTS (방탄소년단) / en - BTS,MAP OF THE SOUL : PERSONA,kpop-gen3,https://music.youtube.com/watch?v=G3x17KyNJtg,https://i.ytimg.com/vi/G3x17KyNJtg/maxresdefault.jpg,BTS/MAP OF THE SOUL _ PERSONA/Jamais Vu.mp3
[PRACTICE RECORD] BTS (방탄소년단) ‘Butterfly’ #2022BTSFESTA,BTS,BANGTANTV,Single,kpop-gen3,https://music.youtube.com/watch?v=jucstn9Uonk,https://i.ytimg.com/vi/jucstn9Uonk/maxresdefault.jpg,BTS/Single/[PRACTICE RECORD] BTS (방탄소년단) ‘Butterfly’ #2022BTSFESTA.mp3
Best Of Me,BTS,BTS,LOVE YOURSELF 승 'Her',kpop-gen3,https://music.youtube.com/watch?v=iefN_3a0Rqk,https://i.ytimg.com/vi/iefN_3a0Rqk/maxresdefault.jpg,BTS/LOVE YOURSELF 승 'Her'/Best Of Me.mp3
2! 3!,BTS,BTS,WINGS,kpop-gen3,https://music.youtube.com/watch?v=E30APZxHh4c,https://i.ytimg.com/vi/E30APZxHh4c/maxresdefault.jpg,BTS/WINGS/2! 3!.mp3
[PRACTICE RECORD] BTS (방탄소년단) ‘Am I Wrong’ #2022BTSFESTA,BTS,BANGTANTV,Single,kpop-gen3,https://music.youtube.com/watch?v=L3gFuQqJew8,https://i.ytimg.com/vi/L3gFuQqJew8/maxresdefault.jpg,BTS/Single/[PRACTICE RECORD] BTS (방탄소년단) ‘Am I Wrong’ #2022BTSFESTA.mp3
Skit,BTS,BTS (방탄소년단),BE,kpop-gen3,https://music.youtube.com/watch?v=YkGEbnNj48k,https://i.ytimg.com/vi/YkGEbnNj48k/maxresdefault.jpg,BTS/BE/Skit.mp3
Ma City,BTS,BTS,The most beautiful moment in life pt.2,kpop-gen3,https://music.youtube.com/watch?v=MlM1fbaHZTQ,https://i.ytimg.com/vi/MlM1fbaHZTQ/sddefault.jpg,BTS/The most beautiful moment in life pt.2/Ma City.mp3
BTS (방탄소년단) 'I NEED U' Official MV,BTS,HYBE LABELS,Single,kpop-gen3,https://music.youtube.com/watch?v=DOuhvBJqKVY,https://i.ytimg.com/vi/DOuhvBJqKVY/maxresdefault.jpg,BTS/Single/BTS (방탄소년단) 'I NEED U' Official MV.mp3
A Brand New Day (BTS World Original Soundtrack) (Pt. 2),BTS,BTS (방탄소년단),BTS WORLD (Original Soundtrack),kpop-gen3,https://music.youtube.com/watch?v=FQ24AlLkzCc,https://i.ytimg.com/vi/FQ24AlLkzCc/maxresdefault.jpg,BTS/BTS WORLD (Original Soundtrack)/A Brand New Day (BTS World Original Soundtrack) (Pt. 2).mp3
Dream Glow (BTS World Original Soundtrack) (Pt. 1),BTS,BTS (방탄소년단),BTS WORLD (Original Soundtrack),kpop-gen3,https://music.youtube.com/watch?v=ygPDo-aFW_k,https://i.ytimg.com/vi/ygPDo-aFW_k/maxresdefault.jpg,BTS/BTS WORLD (Original Soundtrack)/Dream Glow (BTS World Original Soundtrack) (Pt. 1).mp3
EXO 엑소 '으르렁 (Growl)' MV (Korean Ver.),EXO,SMTOWN,Single,kpop-gen3,https://music.youtube.com/watch?v=I3dezFzsNss,https://i.ytimg.com/vi/I3dezFzsNss/maxresdefault.jpg,EXO/Single/EXO 엑소 '으르렁 (Growl)' MV (Korean Ver.).mp3
EXO 엑소 'Monster' MV,EXO,SMTOWN,Single,kpop-gen3,https://music.youtube.com/watch?v=KSH-FVVtTf0,https://i.ytimg.com/vi/KSH-FVVtTf0/maxresdefault.jpg,EXO/Single/EXO 엑소 'Monster' MV.mp3
EXO 엑소 'LOVE ME RIGHT' MV,EXO,SMTOWN,Single,kpop-gen3,https://music.youtube.com/watch?v=RuqaVryDRd0,https://i.ytimg.com/vi/RuqaVryDRd0/maxresdefault.jpg,EXO/Single/EXO 엑소 'LOVE ME RIGHT' MV.mp3
EXO 엑소 'CALL ME BABY' MV,EXO,SMTOWN,Single,kpop-gen3,https://music.youtube.com/watch?v=yWfsla_Uh80,https://i.ytimg.com/vi/yWfsla_Uh80/maxresdefault.jpg,EXO/Single/EXO 엑소 'CALL ME BABY' MV.mp3
EXO 엑소 'Tempo' MV,EXO,SMTOWN,Single,kpop-gen3,https://music.youtube.com/watch?v=iwd8N6K-sLk,https://i.ytimg.com/vi/iwd8N6K-sLk/maxresdefault.jpg,EXO/Single/EXO 엑소 'Tempo' MV.mp3
EXO 엑소 'Crown' MV,EXO,SMTOWN,Single,kpop-gen3,https://music.youtube.com/watch?v=BWfKkqo1Mk8,https://i.ytimg.com/vi/BWfKkqo1Mk8/maxresdefault.jpg,EXO/Single/EXO 엑소 'Crown' MV.mp3
EXO 엑소 'Ko Ko Bop' MV,EXO,SMTOWN,Single,kpop-gen3,https://music.youtube.com/watch?v=IdssuxDdqKk,https://i.ytimg.com/vi/IdssuxDdqKk/maxresdefault.jpg,EXO/Single/EXO 엑소 'Ko Ko Bop' MV.mp3
백현 (BAEKHYUN) 'Elevator' MV,EXO,INB100,Single,kpop-gen3,https://music.youtube.com/watch?v=lg3r8-4yfDI,https://i.ytimg.com/vi/lg3r8-4yfDI/maxresdefault.jpg,EXO/Single/백현 (BAEKHYUN) 'Elevator' MV.mp3
KAI 카이 'Rover' MV,EXO,SMTOWN,Single,kpop-gen3,https://music.youtube.com/watch?v=zlTIextYnyQ,https://i.ytimg.com/vi/zlTIextYnyQ/maxresdefault.jpg,EXO/Single/KAI 카이 'Rover' MV.mp3
KAI 카이 '음 (Mmmh)' MV,EXO,SMTOWN,Single,kpop-gen3,https://music.youtube.com/watch?v=Fc-fa6cAe2c,https://i.ytimg.com/vi/Fc-fa6cAe2c/maxresdefault.jpg,EXO/Single/KAI 카이 '음 (Mmmh)' MV.mp3
EXO 엑소 'Obsession' MV,EXO,SMTOWN,Single,kpop-gen3,https://music.youtube.com/watch?v=uxmP4b2a0uY,https://i.ytimg.com/vi/uxmP4b2a0uY/maxresdefault.jpg,EXO/Single/EXO 엑소 'Obsession' MV.mp3
EXO 엑소 'I'm Home' MV,EXO,SMTOWN,Single,kpop-gen3,https://music.youtube.com/watch?v=7hTbNeHqGD8,https://i.ytimg.com/vi/7hTbNeHqGD8/maxresdefault.jpg,EXO/Single/EXO 엑소 'I'm Home' MV.mp3
EXO 엑소 'Don't fight the feeling' MV,EXO,SMTOWN,Single,kpop-gen3,https://music.youtube.com/watch?v=2IkoKhr6Tss,https://i.ytimg.com/vi/2IkoKhr6Tss/maxresdefault.jpg,EXO/Single/EXO 엑소 'Don't fight the feeling' MV.mp3
백현 (BAEKHYUN) 'Pineapple Slice' MV,EXO,INB100,Single,kpop-gen3,https://music.youtube.com/watch?v=begBX38vbjI,https://i.ytimg.com/vi/begBX38vbjI/maxresdefault.jpg,EXO/Single/백현 (BAEKHYUN) 'Pineapple Slice' MV.mp3
"Raiden X 찬열 CHANYEOL 'Yours (Feat. 이하이, 창모)' MV",EXO,SMTOWN,Single,kpop-gen3,https://music.youtube.com/watch?v=N2dsnGc7TFk,https://i.ytimg.com/vi/N2dsnGc7TFk/maxresdefault.jpg,"EXO/Single/Raiden X 찬열 CHANYEOL 'Yours (Feat. 이하이, 창모)' MV.mp3"
EXO 엑소 'Crazy' Stage Video @EXO PLANET #6 - EXhOrizon in SEOUL,EXO,EXO,Single,kpop-gen3,https://music.youtube.com/watch?v=SIAzBwljv6g,https://i.ytimg.com/vi/SIAzBwljv6g/maxresdefault.jpg,EXO/Single/EXO 엑소 'Crazy' Stage Video @EXO PLANET #6 - EXhOrizon in SEOUL.mp3
BAEKHYUN 백현 'Candy' MV,EXO,SMTOWN,Single,kpop-gen3,https://music.youtube.com/watch?v=gmgcRWxhmqY,https://i.ytimg.com/vi/gmgcRWxhmqY/maxresdefault.jpg,EXO/Single/BAEKHYUN 백현 'Candy' MV.mp3
KAI 카이 'Wait On Me' MV,EXO,SMTOWN,Single,kpop-gen3,https://music.youtube.com/watch?v=JLqXeMabsEQ,https://i.ytimg.com/vi/JLqXeMabsEQ/maxresdefault.jpg,EXO/Single/KAI 카이 'Wait On Me' MV.mp3
EXO 엑소 '늑대와 미녀 (Wolf)' MV (Korean Ver.),EXO,SMTOWN,Single,kpop-gen3,https://music.youtube.com/watch?v=gAal8xHfV0c,https://i.ytimg.com/vi/gAal8xHfV0c/maxresdefault.jpg,EXO/Single/EXO 엑소 '늑대와 미녀 (Wolf)' MV (Korean Ver.).mp3
별 떨어진다 I Do,EXO,D.O.,별 떨어진다 I Do,kpop-gen3,https://music.youtube.com/watch?v=hmlIigzYYgk,https://i.ytimg.com/vi/hmlIigzYYgk/maxresdefault.jpg,EXO/별 떨어진다 I Do/별 떨어진다 I Do.mp3
"[달의 연인 - 보보경심 려 OST Part 1] 첸, 백현, 시우민 (EXO) - 너를 위해 MV",EXO,Stone Music Entertainment,Single,kpop-gen3,https://music.youtube.com/watch?v=JvjWy4saR08,https://i.ytimg.com/vi/JvjWy4saR08/maxresdefault.jpg,"EXO/Single/[달의 연인 - 보보경심 려 OST Part 1] 첸, 백현, 시우민 (EXO) - 너를 위해 MV.mp3"
EXO 엑소 'Power' MV,EXO,SMTOWN,Single,kpop-gen3,https://music.youtube.com/watch?v=sGRv8ZBLuW0,https://i.ytimg.com/vi/sGRv8ZBLuW0/maxresdefault.jpg,EXO/Single/EXO 엑소 'Power' MV.mp3
KAI 카이 'Peaches' MV,EXO,SMTOWN,Single,kpop-gen3,https://music.youtube.com/watch?v=GUdnTGnm6Yk,https://i.ytimg.com/vi/GUdnTGnm6Yk/maxresdefault.jpg,EXO/Single/KAI 카이 'Peaches' MV.mp3
EXO 엑소 'Cream Soda' MV,EXO,SMTOWN,Single,kpop-gen3,https://music.youtube.com/watch?v=i5nUufn_FmE,https://i.ytimg.com/vi/i5nUufn_FmE/maxresdefault.jpg,EXO/Single/EXO 엑소 'Cream Soda' MV.mp3
Back It Up,EXO,EXO,REVERXE - The 8th Album,kpop-gen3,https://music.youtube.com/watch?v=nGG42t7pm5Y,https://i.ytimg.com/vi/nGG42t7pm5Y/maxresdefault.jpg,EXO/REVERXE - The 8th Album/Back It Up.mp3
시우민 (XIUMIN) 'WHEE!' MV,EXO,INB100,Single,kpop-gen3,https://music.youtube.com/watch?v=vHOhyiEShUM,https://i.ytimg.com/vi/vHOhyiEShUM/maxresdefault.jpg,EXO/Single/시우민 (XIUMIN) 'WHEE!' MV.mp3
EXO 엑소 'Lucky One' MV,EXO,SMTOWN,Single,kpop-gen3,https://music.youtube.com/watch?v=73QzQYN8FtE,https://i.ytimg.com/vi/73QzQYN8FtE/maxresdefault.jpg,EXO/Single/EXO 엑소 'Lucky One' MV.mp3
EXO-K 엑소케이 'MAMA' MV (Korean ver.),EXO,SMTOWN,Single,kpop-gen3,https://music.youtube.com/watch?v=KH6ZwnqZ7Wo,https://i.ytimg.com/vi/KH6ZwnqZ7Wo/maxresdefault.jpg,EXO/Single/EXO-K 엑소케이 'MAMA' MV (Korean ver.).mp3
EXO-CBX (첸백시) 'Hey Mama!' MV,EXO,SMTOWN,Single,kpop-gen3,https://music.youtube.com/watch?v=AOzVyVv1HtQ,https://i.ytimg.com/vi/AOzVyVv1HtQ/maxresdefault.jpg,EXO/Single/EXO-CBX (첸백시) 'Hey Mama!' MV.mp3
괜찮아도 괜찮아 That's okay,EXO,D.O.,괜찮아도 괜찮아 That's okay,kpop-gen3,https://music.youtube.com/watch?v=fl80JQQv0pU,https://i.ytimg.com/vi/fl80JQQv0pU/maxresdefault.jpg,EXO/괜찮아도 괜찮아 That's okay/괜찮아도 괜찮아 That's okay.mp3
EXO 엑소 'Let Me In' MV,EXO,SMTOWN,Single,kpop-gen3,https://music.youtube.com/watch?v=91VhCIQNjIc,https://i.ytimg.com/vi/91VhCIQNjIc/maxresdefault.jpg,EXO/Single/EXO 엑소 'Let Me In' MV.mp3
[괜찮아 사랑이야 OST Part 1] 첸 (CHEN) (EXO) - 최고의 행운 (Best Luck) MV,EXO,Stone Music Entertainment,Single,kpop-gen3,https://music.youtube.com/watch?v=FC7p9v-xtm4,https://i.ytimg.com/vi/FC7p9v-xtm4/maxresdefault.jpg,EXO/Single/[괜찮아 사랑이야 OST Part 1] 첸 (CHEN) (EXO) - 최고의 행운 (Best Luck) MV.mp3
EXO-CBX (첸백시) '花요일 (Blooming Day)' MV,EXO,SMTOWN,Single,kpop-gen3,https://music.youtube.com/watch?v=Ib674A1yMtg,https://i.ytimg.com/vi/Ib674A1yMtg/maxresdefault.jpg,EXO/Single/EXO-CBX (첸백시) '花요일 (Blooming Day)' MV.mp3
EXO-K 엑소케이 'History' MV (Korean Ver.),EXO,SMTOWN,Single,kpop-gen3,https://music.youtube.com/watch?v=vdejiaoEhFc,https://i.ytimg.com/vi/vdejiaoEhFc/maxresdefault.jpg,EXO/Single/EXO-K 엑소케이 'History' MV (Korean Ver.).mp3
[STATION] 유재석 X EXO 'Dancing King' MV,EXO,SMTOWN,Single,kpop-gen3,https://music.youtube.com/watch?v=4EiNsoTc9kk,https://i.ytimg.com/vi/4EiNsoTc9kk/maxresdefault.jpg,EXO/Single/[STATION] 유재석 X EXO 'Dancing King' MV.mp3
EXO 엑소 'Universe' MV,EXO,SMTOWN,Single,kpop-gen3,https://music.youtube.com/watch?v=leu-cTvMWTA,https://i.ytimg.com/vi/leu-cTvMWTA/maxresdefault.jpg,EXO/Single/EXO 엑소 'Universe' MV.mp3
EXO 엑소 'Hear Me Out' MV,EXO,SMTOWN,Single,kpop-gen3,https://music.youtube.com/watch?v=r2VZQa2IgP4,https://i.ytimg.com/vi/r2VZQa2IgP4/maxresdefault.jpg,EXO/Single/EXO 엑소 'Hear Me Out' MV.mp3
Somebody,EXO,D.O.,기대 Expectation - The 2nd Mini Album,kpop-gen3,https://music.youtube.com/watch?v=jZgjUSQIDow,https://i.ytimg.com/vi/jZgjUSQIDow/maxresdefault.jpg,EXO/기대 Expectation - The 2nd Mini Album/Somebody.mp3
Flatline,EXO,EXO,REVERXE - The 8th Album,kpop-gen3,https://music.youtube.com/watch?v=6SBvwaQKHXc,https://i.ytimg.com/vi/6SBvwaQKHXc/maxresdefault.jpg,EXO/REVERXE - The 8th Album/Flatline.mp3
도경수 Doh Kyung Soo 'Mars' MV,EXO,컴퍼니수수 Company Soosoo,Single,kpop-gen3,https://music.youtube.com/watch?v=BzJdUkpKVA4,https://i.ytimg.com/vi/BzJdUkpKVA4/maxresdefault.jpg,EXO/Single/도경수 Doh Kyung Soo 'Mars' MV.mp3
EXO 엑소 '12월의 기적 (Miracles in December)' MV (Korean Ver.),EXO,SMTOWN,Single,kpop-gen3,https://music.youtube.com/watch?v=yVLxRXoLaas,https://i.ytimg.com/vi/yVLxRXoLaas/maxresdefault.jpg,EXO/Single/EXO 엑소 '12월의 기적 (Miracles in December)' MV (Korean Ver.).mp3
KAI 카이 'Adult Swim' MV,EXO,SMTOWN,Single,kpop-gen3,https://music.youtube.com/watch?v=QqkLnNClpAQ,https://i.ytimg.com/vi/QqkLnNClpAQ/maxresdefault.jpg,EXO/Single/KAI 카이 'Adult Swim' MV.mp3
EXO-SC 세훈&찬열 'What a life' MV,EXO,SMTOWN,Single,kpop-gen3,https://music.youtube.com/watch?v=AtNBhPxVwh0,https://i.ytimg.com/vi/AtNBhPxVwh0/maxresdefault.jpg,EXO/Single/EXO-SC 세훈&찬열 'What a life' MV.mp3
Bambi,EXO,BAEKHYUN,Bambi - The 3rd Mini Album,kpop-gen3,https://music.youtube.com/watch?v=MYtpZoJRs5A,https://i.ytimg.com/vi/MYtpZoJRs5A/maxresdefault.jpg,EXO/Bambi - The 3rd Mini Album/Bambi.mp3
전야 前夜 The Eve,EXO,EXO,THE WAR - The 4th Album,kpop-gen3,https://music.youtube.com/watch?v=gK8YC0nxNe0,https://i.ytimg.com/vi/gK8YC0nxNe0/maxresdefault.jpg,EXO/THE WAR - The 4th Album/전야 前夜 The Eve.mp3
[STATION X 0] 찬열 (CHANYEOL) X 세훈 (SEHUN) 'We Young' MV,EXO,SMTOWN,Single,kpop-gen3,https://music.youtube.com/watch?v=3EgY4Arwv9E,https://i.ytimg.com/vi/3EgY4Arwv9E/maxresdefault.jpg,EXO/Single/[STATION X 0] 찬열 (CHANYEOL) X 세훈 (SEHUN) 'We Young' MV.mp3
EXO 엑소 'Sing For You' MV,EXO,SMTOWN,Single,kpop-gen3,https://music.youtube.com/watch?v=nqaSboKBIuA,https://i.ytimg.com/vi/nqaSboKBIuA/maxresdefault.jpg,EXO/Single/EXO 엑소 'Sing For You' MV.mp3
Suffocate,EXO,EXO,REVERXE - The 8th Album,kpop-gen3,https://music.youtube.com/watch?v=sudqTX-Up2Q,https://i.ytimg.com/vi/sudqTX-Up2Q/maxresdefault.jpg,EXO/REVERXE - The 8th Album/Suffocate.mp3
Back Pocket,EXO,EXO,REVERXE - The 8th Album,kpop-gen3,https://music.youtube.com/watch?v=3kMTU4vGvc0,https://i.ytimg.com/vi/3kMTU4vGvc0/maxresdefault.jpg,EXO/REVERXE - The 8th Album/Back Pocket.mp3
UN Village,EXO,BAEKHYUN,City Lights - The 1st Mini Album,kpop-gen3,https://music.youtube.com/watch?v=Nwk3Wm4IiEs,https://i.ytimg.com/vi/Nwk3Wm4IiEs/maxresdefault.jpg,EXO/City Lights - The 1st Mini Album/UN Village.mp3
CHEN 첸 '사월이 지나면 우리 헤어져요 (Beautiful goodbye)' MV,EXO,SMTOWN,Single,kpop-gen3,https://music.youtube.com/watch?v=JrOrlhjIYVk,https://i.ytimg.com/vi/JrOrlhjIYVk/maxresdefault.jpg,EXO/Single/CHEN 첸 '사월이 지나면 우리 헤어져요 (Beautiful goodbye)' MV.mp3
Moonlight Shadows,EXO,EXO,REVERXE - The 8th Album,kpop-gen3,https://music.youtube.com/watch?v=3ELNaiY-f0U,https://i.ytimg.com/vi/3ELNaiY-f0U/maxresdefault.jpg,EXO/REVERXE - The 8th Album/Moonlight Shadows.mp3
EXO-SC 세훈&찬열 '10억뷰 (1 Billion Views) (Feat. MOON)' MV,EXO,SMTOWN,Single,kpop-gen3,https://music.youtube.com/watch?v=9sLaT9eHAYQ,https://i.ytimg.com/vi/9sLaT9eHAYQ/maxresdefault.jpg,EXO/Single/EXO-SC 세훈&찬열 '10억뷰 (1 Billion Views) (Feat. MOON)' MV.mp3
EXO-SC 세훈&찬열 '척 (Telephone) (Feat. 10CM)' MV,EXO,SMTOWN,Single,kpop-gen3,https://music.youtube.com/watch?v=5Lw38CVAVxw,https://i.ytimg.com/vi/5Lw38CVAVxw/maxresdefault.jpg,EXO/Single/EXO-SC 세훈&찬열 '척 (Telephone) (Feat. 10CM)' MV.mp3
EXO-K 엑소케이 'WHAT IS LOVE' MV (Korean Ver.),EXO,SMTOWN,Single,kpop-gen3,https://music.youtube.com/watch?v=t6fPzVNIEB0,https://i.ytimg.com/vi/t6fPzVNIEB0/maxresdefault.jpg,EXO/Single/EXO-K 엑소케이 'WHAT IS LOVE' MV (Korean Ver.).mp3
BAEKHYUN 백현 '놀이공원 (Amusement Park)' Live Video,EXO,SMTOWN,Single,kpop-gen3,https://music.youtube.com/watch?v=ufX7VluncTY,https://i.ytimg.com/vi/ufX7VluncTY/maxresdefault.jpg,EXO/Single/BAEKHYUN 백현 '놀이공원 (Amusement Park)' Live Video.mp3
Touch & Go,EXO,EXO,REVERXE - The 8th Album,kpop-gen3,https://music.youtube.com/watch?v=vt9vwdoZ59k,https://i.ytimg.com/vi/vt9vwdoZ59k/maxresdefault.jpg,EXO/REVERXE - The 8th Album/Touch & Go.mp3
SING ALONG!,EXO,D.O.,The 1st full album [BLISS],kpop-gen3,https://music.youtube.com/watch?v=10jtg4-SNF4,https://i.ytimg.com/vi/10jtg4-SNF4/maxresdefault.jpg,EXO/The 1st full album [BLISS]/SING ALONG!.mp3
파라다이스 Paradise,EXO,EXO,DON'T FIGHT THE FEELING - Special Album,kpop-gen3,https://music.youtube.com/watch?v=YFrjy7uAS48,https://i.ytimg.com/vi/YFrjy7uAS48/maxresdefault.jpg,EXO/DON'T FIGHT THE FEELING - Special Album/파라다이스 Paradise.mp3
XIUMIN 시우민 'Brand New' MV,EXO,SMTOWN,Single,kpop-gen3,https://music.youtube.com/watch?v=pU8Gu5aOWZ0,https://i.ytimg.com/vi/pU8Gu5aOWZ0/maxresdefault.jpg,EXO/Single/XIUMIN 시우민 'Brand New' MV.mp3
CHANYEOL 찬열 '그래도 돼 (Good Enough)' MV,EXO,SMTOWN,Single,kpop-gen3,https://music.youtube.com/watch?v=Ib1Bhg5ymAY,https://i.ytimg.com/vi/Ib1Bhg5ymAY/maxresdefault.jpg,EXO/Single/CHANYEOL 찬열 '그래도 돼 (Good Enough)' MV.mp3
DUMB (Feat. PENOMECO),EXO,"D.O., PENOMECO",DUMB (Feat. PENOMECO),kpop-gen3,https://music.youtube.com/watch?v=psc3AT3OgRI,https://i.ytimg.com/vi/psc3AT3OgRI/maxresdefault.jpg,EXO/DUMB (Feat. PENOMECO)/DUMB (Feat. PENOMECO).mp3
"SUHO 수호 '사랑, 하자 (Let’s Love)' MV",EXO,SMTOWN,Single,kpop-gen3,https://music.youtube.com/watch?v=Ygrv55VRRas,https://i.ytimg.com/vi/Ygrv55VRRas/maxresdefault.jpg,"EXO/Single/SUHO 수호 '사랑, 하자 (Let’s Love)' MV.mp3"
EXO 'LIGHTSABER' (EXO | STAR WARS Collaboration Project),EXO,SMTOWN,Single,kpop-gen3,https://music.youtube.com/watch?v=ukAvTZbnN94,https://i.ytimg.com/vi/ukAvTZbnN94/sddefault.jpg,EXO/Single/EXO 'LIGHTSABER' (EXO _ STAR WARS Collaboration Project).mp3
[백일의 낭군님 OST Part 3] 첸 (CHEN) - 벚꽃연가 (Cherry Blossom Love Song) MV,EXO,Stone Music Entertainment,Single,kpop-gen3,https://music.youtube.com/watch?v=wJi2_U_rGwk,https://i.ytimg.com/vi/wJi2_U_rGwk/maxresdefault.jpg,EXO/Single/[백일의 낭군님 OST Part 3] 첸 (CHEN) - 벚꽃연가 (Cherry Blossom Love Song) MV.mp3
CHEN 첸 '안녕 (Hello)' MV,EXO,SMTOWN,Single,kpop-gen3,https://music.youtube.com/watch?v=qJf8Ef4pqQk,https://i.ytimg.com/vi/qJf8Ef4pqQk/maxresdefault.jpg,EXO/Single/CHEN 첸 '안녕 (Hello)' MV.mp3
[MV] CHEN(첸) _ Make it count (Touch your heart(진심이 닿다) OST Part.1),EXO,1theK (원더케이),Single,kpop-gen3,https://music.youtube.com/watch?v=3BmktUUL6ag,https://i.ytimg.com/vi/3BmktUUL6ag/maxresdefault.jpg,EXO/Single/[MV] CHEN(첸) _ Make it count (Touch your heart(진심이 닿다) OST Part.1).mp3
지나갈 테니 Been Through,EXO,EXO,"Universe – Winter Special Album, 2017",kpop-gen3,https://music.youtube.com/watch?v=6WOzJF-7mrc,https://i.ytimg.com/vi/6WOzJF-7mrc/maxresdefault.jpg,"EXO/Universe – Winter Special Album, 2017/지나갈 테니 Been Through.mp3"
CHEN 첸 '우리 어떻게 할까요 (Shall we?)' MV,EXO,SMTOWN,Single,kpop-gen3,https://music.youtube.com/watch?v=AO1OqWwKj1A,https://i.ytimg.com/vi/AO1OqWwKj1A/maxresdefault.jpg,EXO/Single/CHEN 첸 '우리 어떻게 할까요 (Shall we?)' MV.mp3
CHANYEOL 찬열 'Black Out' MV,EXO,SMTOWN,Single,kpop-gen3,https://music.youtube.com/watch?v=YI_AM-mFCNk,https://i.ytimg.com/vi/YI_AM-mFCNk/maxresdefault.jpg,EXO/Single/CHANYEOL 찬열 'Black Out' MV.mp3
[STATION 3] CHANYEOL 찬열 '봄 여름 가을 겨울 (SSFW)' MV,EXO,SMTOWN,Single,kpop-gen3,https://music.youtube.com/watch?v=U-wDvImWXtA,https://i.ytimg.com/vi/U-wDvImWXtA/maxresdefault.jpg,EXO/Single/[STATION 3] CHANYEOL 찬열 '봄 여름 가을 겨울 (SSFW)' MV.mp3
CHANYEOL 찬열 'Upside Down' MV,EXO,SMTOWN,Single,kpop-gen3,https://music.youtube.com/watch?v=E_iAqDmSiRA,https://i.ytimg.com/vi/E_iAqDmSiRA/maxresdefault.jpg,EXO/Single/CHANYEOL 찬열 'Upside Down' MV.mp3
[STATION] CHANYEOL 찬열 'Tomorrow' MV,EXO,SM STATION,Single,kpop-gen3,https://music.youtube.com/watch?v=FgEpPwzt89Y,https://i.ytimg.com/vi/FgEpPwzt89Y/maxresdefault.jpg,EXO/Single/[STATION] CHANYEOL 찬열 'Tomorrow' MV.mp3
Lucky,EXO,EXO,The 1st Album 'XOXO (Kiss & Hug)' Repackage,kpop-gen3,https://music.youtube.com/watch?v=lsrVF1J4emc,https://i.ytimg.com/vi/lsrVF1J4emc/maxresdefault.jpg,EXO/The 1st Album 'XOXO (Kiss & Hug)' Repackage/Lucky.mp3
불공평해 Unfair,EXO,EXO,"SING FOR YOU - Winter Special Album, 2015",kpop-gen3,https://music.youtube.com/watch?v=nyhA7ZStGRQ,https://i.ytimg.com/vi/nyhA7ZStGRQ/maxresdefault.jpg,"EXO/SING FOR YOU - Winter Special Album, 2015/불공평해 Unfair.mp3"
SUHO 수호 'Grey Suit' MV,EXO,SMTOWN,Single,kpop-gen3,https://music.youtube.com/watch?v=u7Qdq7nffYo,https://i.ytimg.com/vi/u7Qdq7nffYo/maxresdefault.jpg,EXO/Single/SUHO 수호 'Grey Suit' MV.mp3
Rose,EXO,D.O.,공감 Empathy - The 1st Mini Album,kpop-gen3,https://music.youtube.com/watch?v=AErXLo1Xud0,https://i.ytimg.com/vi/AErXLo1Xud0/maxresdefault.jpg,EXO/공감 Empathy - The 1st Mini Album/Rose.mp3
두근거려 Beautiful,EXO,BAEKHYUN,우리 옆집에 EXO가 산다 EXO NEXT DOOR (Original Television Soundtrack),kpop-gen3,https://music.youtube.com/watch?v=GI4GfUV09zA,https://i.ytimg.com/vi/GI4GfUV09zA/maxresdefault.jpg,EXO/우리 옆집에 EXO가 산다 EXO NEXT DOOR (Original Television Soundtrack)/두근거려 Beautiful.mp3
SUHO 수호 'Who Are You' MV,EXO,SMTOWN,Single,kpop-gen3,https://music.youtube.com/watch?v=pfUSaoOqKG8,https://i.ytimg.com/vi/pfUSaoOqKG8/maxresdefault.jpg,EXO/Single/SUHO 수호 'Who Are You' MV.mp3
백현 (BAEKHYUN) 'Chocolate' Live Clip,EXO,백현 Baekhyun,Single,kpop-gen3,https://music.youtube.com/watch?v=5iOfwrZhpsY,https://i.ytimg.com/vi/5iOfwrZhpsY/maxresdefault.jpg,EXO/Single/백현 (BAEKHYUN) 'Chocolate' Live Clip.mp3
Gravity,EXO,EXO,DON'T MESS UP MY TEMPO - The 5th Album,kpop-gen3,https://music.youtube.com/watch?v=Zq5UNt9JQMM,https://i.ytimg.com/vi/Zq5UNt9JQMM/maxresdefault.jpg,EXO/DON'T MESS UP MY TEMPO - The 5th Album/Gravity.mp3
CHEN 첸 '사라지고 있어 (Last Scene)' MV,EXO,SMTOWN,Single,kpop-gen3,https://music.youtube.com/watch?v=tUEraaV5inc,https://i.ytimg.com/vi/tUEraaV5inc/maxresdefault.jpg,EXO/Single/CHEN 첸 '사라지고 있어 (Last Scene)' MV.mp3
바래다줄게 Take You Home,EXO,BAEKHYUN,바래다줄게 Take You Home,kpop-gen3,https://music.youtube.com/watch?v=H6M4Nj0IgmM,https://i.ytimg.com/vi/H6M4Nj0IgmM/maxresdefault.jpg,EXO/바래다줄게 Take You Home/바래다줄게 Take You Home.mp3
U,EXO,BAEKHYUN,Doom at Your Service (Original Television Soundtrack) Pt. 3,kpop-gen3,https://music.youtube.com/watch?v=rPhh_pfu10s,https://i.ytimg.com/vi/rPhh_pfu10s/maxresdefault.jpg,EXO/Doom at Your Service (Original Television Soundtrack) Pt. 3/U.mp3
닿은 순간 (Ooh La La La),EXO,EXO,DON'T MESS UP MY TEMPO - The 5th Album,kpop-gen3,https://music.youtube.com/watch?v=8l4OGw3bEto,https://i.ytimg.com/vi/8l4OGw3bEto/maxresdefault.jpg,EXO/DON'T MESS UP MY TEMPO - The 5th Album/닿은 순간 (Ooh La La La).mp3
Is it me?,EXO,BAEKHYUN,Lovers of the Red Sky (Original Soundtrack) Part.1,kpop-gen3,https://music.youtube.com/watch?v=-4mOMnaHsIY,https://i.ytimg.com/vi/-4mOMnaHsIY/maxresdefault.jpg,EXO/Lovers of the Red Sky (Original Soundtrack) Part.1/Is it me?.mp3
시우민 (XIUMIN) 'Overdrop' MV,EXO,INB100,Single,kpop-gen3,https://music.youtube.com/watch?v=s4rG7VoGmiE,https://i.ytimg.com/vi/s4rG7VoGmiE/maxresdefault.jpg,EXO/Single/시우민 (XIUMIN) 'Overdrop' MV.mp3
EXO 엑소 'Lotto (Chinese Ver.)' MV,EXO,SMTOWN,Single,kpop-gen3,https://music.youtube.com/watch?v=y2q8ds3PwYw,https://i.ytimg.com/vi/y2q8ds3PwYw/maxresdefault.jpg,EXO/Single/EXO 엑소 'Lotto (Chinese Ver.)' MV.mp3
Tell Me (What Is Love),EXO,"Yoo Young Jin, D.O.",Tell Me (What Is Love),kpop-gen3,https://music.youtube.com/watch?v=GNx8ymiSUm0,https://i.ytimg.com/vi/GNx8ymiSUm0/maxresdefault.jpg,EXO/Tell Me (What Is Love)/Tell Me (What Is Love).mp3
24/7,EXO,EXO,DON'T MESS UP MY TEMPO - The 5th Album,kpop-gen3,https://music.youtube.com/watch?v=Oth3snWRGBQ,https://i.ytimg.com/vi/Oth3snWRGBQ/maxresdefault.jpg,EXO/DON'T MESS UP MY TEMPO - The 5th Album/24_7.mp3
SUHO 수호 '점선면 (1 to 3)' MV,EXO,SMTOWN,Single,kpop-gen3,https://music.youtube.com/watch?v=fq9rJfAOG_M,https://i.ytimg.com/vi/fq9rJfAOG_M/maxresdefault.jpg,EXO/Single/SUHO 수호 '점선면 (1 to 3)' MV.mp3
공중정원 Garden In The Air,EXO,BAEKHYUN,Our Beloved BoA #1 - SM STATION,kpop-gen3,https://music.youtube.com/watch?v=qSWMdXSdUOw,https://i.ytimg.com/vi/qSWMdXSdUOw/maxresdefault.jpg,EXO/Our Beloved BoA #1 - SM STATION/공중정원 Garden In The Air.mp3
Every second (나의 시간은),EXO,BAEKHYUN,Record of Youth (Original Television Soundtrack) Pt. 3,kpop-gen3,https://music.youtube.com/watch?v=9eb0n9AlhxM,https://i.ytimg.com/vi/9eb0n9AlhxM/maxresdefault.jpg,EXO/Record of Youth (Original Television Soundtrack) Pt. 3/Every second (나의 시간은).mp3
Winter is coming,EXO,"SUHO, KIXO, NNIF, JVN, HEEJAE, KIXO, NNIF, KIXO",Seasons of Love 0.3 : Winter is coming,kpop-gen3,https://music.youtube.com/watch?v=4dFZLgyNd2I,https://i.ytimg.com/vi/4dFZLgyNd2I/maxresdefault.jpg,EXO/Seasons of Love 0.3 _ Winter is coming/Winter is coming.mp3
SUHO 수호 '치즈 (Cheese) (Feat. 웬디)' MV,EXO,SMTOWN,Single,kpop-gen3,https://music.youtube.com/watch?v=BNzK0Qh-kG8,https://i.ytimg.com/vi/BNzK0Qh-kG8/maxresdefault.jpg,EXO/Single/SUHO 수호 '치즈 (Cheese) (Feat. 웬디)' MV.mp3
3.6.5,EXO,EXO,The 1st Album 'XOXO (KISS&HUG)',kpop-gen3,https://music.youtube.com/watch?v=-7uytFI2XcM,https://i.ytimg.com/vi/-7uytFI2XcM/maxresdefault.jpg,EXO/The 1st Album 'XOXO (KISS&HUG)'/3.6.5.mp3
첸 (CHEN) 'Broken Party' MV,EXO,INB100,Single,kpop-gen3,https://music.youtube.com/watch?v=JXfqzAEHJqQ,https://i.ytimg.com/vi/JXfqzAEHJqQ/maxresdefault.jpg,EXO/Single/첸 (CHEN) 'Broken Party' MV.mp3
Artificial Love,EXO,EXO,EX'ACT - The 3rd Album,kpop-gen3,https://music.youtube.com/watch?v=4kYC8YSuAps,https://i.ytimg.com/vi/4kYC8YSuAps/maxresdefault.jpg,EXO/EX'ACT - The 3rd Album/Artificial Love.mp3
오아시스 (Oasis),EXO,EXO,DON'T MESS UP MY TEMPO - The 5th Album,kpop-gen3,https://music.youtube.com/watch?v=8U0iKMnzu9Q,https://i.ytimg.com/vi/8U0iKMnzu9Q/maxresdefault.jpg,EXO/DON'T MESS UP MY TEMPO - The 5th Album/오아시스 (Oasis).mp3
Baby Don't Cry (인어의 눈물),EXO,EXO,The 1st Album 'XOXO (KISS&HUG)',kpop-gen3,https://music.youtube.com/watch?v=Qx1V-GRT0Fw,https://i.ytimg.com/vi/Qx1V-GRT0Fw/maxresdefault.jpg,EXO/The 1st Album 'XOXO (KISS&HUG)'/Baby Don't Cry (인어의 눈물).mp3
[MV] SUHO(수호) _ FOREVER (Gyeongseong Creature(경성 크리처) OST Part. 1),EXO,1theK (원더케이),Single,kpop-gen3,https://music.youtube.com/watch?v=CfpRA2bXZW8,https://i.ytimg.com/vi/CfpRA2bXZW8/maxresdefault.jpg,EXO/Single/[MV] SUHO(수호) _ FOREVER (Gyeongseong Creature(경성 크리처) OST Part. 1).mp3
Bite,EXO,D.O.,"Bad Prosecutor (Original Television Soundtrack, Pt. 3)",kpop-gen3,https://music.youtube.com/watch?v=JMwP1x0N3Bo,https://i.ytimg.com/vi/JMwP1x0N3Bo/maxresdefault.jpg,"EXO/Bad Prosecutor (Original Television Soundtrack, Pt. 3)/Bite.mp3"
내가 미쳐 Going Crazy,EXO,EXO,THE WAR - The 4th Album,kpop-gen3,https://music.youtube.com/watch?v=_mAtieOz-eI,https://i.ytimg.com/vi/_mAtieOz-eI/maxresdefault.jpg,EXO/THE WAR - The 4th Album/내가 미쳐 Going Crazy.mp3
Be My Love (누가 봐도 우린),EXO,EXO-CBX (첸백시),LOVE PLAYLIST 4(연애플레이리스트4) Part.1,kpop-gen3,https://music.youtube.com/watch?v=F3FFGYsvDK0,https://i.ytimg.com/vi/F3FFGYsvDK0/maxresdefault.jpg,EXO/LOVE PLAYLIST 4(연애플레이리스트4) Part.1/Be My Love (누가 봐도 우린).mp3
EXODUS,EXO,EXO,The 2nd Album ‘EXODUS’,kpop-gen3,https://music.youtube.com/watch?v=3bs4vISZrI0,https://i.ytimg.com/vi/3bs4vISZrI0/maxresdefault.jpg,EXO/The 2nd Album ‘EXODUS’/EXODUS.mp3
[하와유브레드 OST] SUHO 수호 'SEDANSOGU (세상에 단 하나뿐인 소중한 그대)' MV,EXO,SMTOWN,Single,kpop-gen3,https://music.youtube.com/watch?v=VLOeU2xNgqQ,https://i.ytimg.com/vi/VLOeU2xNgqQ/maxresdefault.jpg,EXO/Single/[하와유브레드 OST] SUHO 수호 'SEDANSOGU (세상에 단 하나뿐인 소중한 그대)' MV.mp3
Sign,EXO,EXO,DON'T MESS UP MY TEMPO - The 5th Album,kpop-gen3,https://music.youtube.com/watch?v=5Z0wxVHScCQ,https://i.ytimg.com/vi/5Z0wxVHScCQ/maxresdefault.jpg,EXO/DON'T MESS UP MY TEMPO - The 5th Album/Sign.mp3
백색소음 White Noise,EXO,EXO,EX'ACT - The 3rd Album,kpop-gen3,https://music.youtube.com/watch?v=Xx5R6kquGVw,https://i.ytimg.com/vi/Xx5R6kquGVw/maxresdefault.jpg,EXO/EX'ACT - The 3rd Album/백색소음 White Noise.mp3
Black Pearl,EXO,EXO,The 1st Album 'XOXO (KISS&HUG)',kpop-gen3,https://music.youtube.com/watch?v=DU6DlYTyyPk,https://i.ytimg.com/vi/DU6DlYTyyPk/maxresdefault.jpg,EXO/The 1st Album 'XOXO (KISS&HUG)'/Black Pearl.mp3
TENDER LOVE,EXO,EXO,The 2nd Album Repackage ‘LOVE ME RIGHT’,kpop-gen3,https://music.youtube.com/watch?v=lGW7lAHw9Qk,https://i.ytimg.com/vi/lGW7lAHw9Qk/maxresdefault.jpg,EXO/The 2nd Album Repackage ‘LOVE ME RIGHT’/TENDER LOVE.mp3
What U do?,EXO,EXO,THE WAR - The 4th Album,kpop-gen3,https://music.youtube.com/watch?v=FMPzSr8Qlts,https://i.ytimg.com/vi/FMPzSr8Qlts/maxresdefault.jpg,EXO/THE WAR - The 4th Album/What U do?.mp3
Stay,EXO,EXO,"Universe – Winter Special Album, 2017",kpop-gen3,https://music.youtube.com/watch?v=qlTOxShl6k8,https://i.ytimg.com/vi/qlTOxShl6k8/maxresdefault.jpg,"EXO/Universe – Winter Special Album, 2017/Stay.mp3"
발자국 On The Snow,EXO,EXO,"SING FOR YOU - Winter Special Album, 2015",kpop-gen3,https://music.youtube.com/watch?v=l0VQN2X7qZU,https://i.ytimg.com/vi/l0VQN2X7qZU/maxresdefault.jpg,"EXO/SING FOR YOU - Winter Special Album, 2015/발자국 On The Snow.mp3"
Crying out (외침),EXO,D.O.(EXO),CART OST,kpop-gen3,https://music.youtube.com/watch?v=12rAayvI0no,https://i.ytimg.com/vi/12rAayvI0no/maxresdefault.jpg,EXO/CART OST/Crying out (외침).mp3
수호 (SUHO) - 나비가 날아왔어요 Butterflies in my heart Official M/V,EXO,GENIE MUSIC,Single,kpop-gen3,https://music.youtube.com/watch?v=5TsjmyIwHy8,https://i.ytimg.com/vi/5TsjmyIwHy8/maxresdefault.jpg,EXO/Single/수호 (SUHO) - 나비가 날아왔어요 Butterflies in my heart Official M_V.mp3
SUHO 수호 '남극에서 온 편지 (I'll be here)' MV | 남극의 셰프 (Chef of Antarctica) OST,EXO,EXO,Single,kpop-gen3,https://music.youtube.com/watch?v=1yljYpZ2TnM,https://i.ytimg.com/vi/1yljYpZ2TnM/maxresdefault.jpg,EXO/Single/SUHO 수호 '남극에서 온 편지 (I'll be here)' MV _ 남극의 셰프 (Chef of Antarctica) OST.mp3
첸 (CHEN) ‘빈 집 (Empty)’ Live Clip,EXO,CHEN,Single,kpop-gen3,https://music.youtube.com/watch?v=p9rcgoPdBSY,https://i.ytimg.com/vi/p9rcgoPdBSY/maxresdefault.jpg,EXO/Single/첸 (CHEN) ‘빈 집 (Empty)’ Live Clip.mp3
minimal warm (She is My Type♡ X CHANYEOL) (minimal warm (취향저격 그녀 X 찬열)),EXO,CHANYEOL,minimal warm (She is My Type♡ X CHANYEOL),kpop-gen3,https://music.youtube.com/watch?v=yZjRRTVEnGE,https://i.ytimg.com/vi/yZjRRTVEnGE/maxresdefault.jpg,EXO/minimal warm (She is My Type♡ X CHANYEOL)/minimal warm (She is My Type♡ X CHANYEOL) (minimal warm (취향저격 그녀 X 찬열)).mp3
CHEN 첸 '아름다워 (Beautiful)' (심포유 Heart 4 U OST) Special Video,EXO,SMTOWN,Single,kpop-gen3,https://music.youtube.com/watch?v=iWZosIUaEqE,https://i.ytimg.com/vi/iWZosIUaEqE/maxresdefault.jpg,EXO/Single/CHEN 첸 '아름다워 (Beautiful)' (심포유 Heart 4 U OST) Special Video.mp3
Love you,EXO,CHEN,Beyond:,kpop-gen3,https://music.youtube.com/watch?v=exYACWakpaI,https://i.ytimg.com/vi/exYACWakpaI/maxresdefault.jpg,EXO/Beyond_/Love you.mp3
메이킹 MV | 첸 (CHEN) - Heaven For You | 소방서 옆 경찰서 OST Part.3,EXO,DanalEntertainment,Single,kpop-gen3,https://music.youtube.com/watch?v=LAuPzIGzj1U,https://i.ytimg.com/vi/LAuPzIGzj1U/maxresdefault.jpg,EXO/Single/메이킹 MV _ 첸 (CHEN) - Heaven For You _ 소방서 옆 경찰서 OST Part.3.mp3
The Way to love myself,EXO,첸,Doctor Slump (Original Television Soundtrack) Pt.3,kpop-gen3,https://music.youtube.com/watch?v=gCBdyEOuECA,https://i.ytimg.com/vi/gCBdyEOuECA/maxresdefault.jpg,EXO/Doctor Slump (Original Television Soundtrack) Pt.3/The Way to love myself.mp3
유성우 Lady Luck,EXO,EXO,The 2nd Album ‘EXODUS’,kpop-gen3,https://music.youtube.com/watch?v=yaDOFr4RH4o,https://i.ytimg.com/vi/yaDOFr4RH4o/maxresdefault.jpg,EXO/The 2nd Album ‘EXODUS’/유성우 Lady Luck.mp3
첸 (CHEN) - Arcadia [Music Video],EXO,워너뮤직코리아 (Warner Music Korea),Single,kpop-gen3,https://music.youtube.com/watch?v=r3l58MhROqY,https://i.ytimg.com/vi/r3l58MhROqY/maxresdefault.jpg,EXO/Single/첸 (CHEN) - Arcadia [Music Video].mp3
이유 You,EXO,XIUMIN,이유 You,kpop-gen3,https://music.youtube.com/watch?v=u0fZ4XVzgY4,https://i.ytimg.com/vi/u0fZ4XVzgY4/maxresdefault.jpg,EXO/이유 You/이유 You.mp3
"[MV] SUHO(수호) - Love You More Gradually(아스라이, 더 가까이) | Missing Crown Prince 세자가 사라졌다 OST",EXO,MUSIC&NEW 뮤직앤뉴,Single,kpop-gen3,https://music.youtube.com/watch?v=8aJTy18jxvM,https://i.ytimg.com/vi/8aJTy18jxvM/maxresdefault.jpg,"EXO/Single/[MV] SUHO(수호) - Love You More Gradually(아스라이, 더 가까이) _ Missing Crown Prince 세자가 사라졌다 OST.mp3"
MY ANSWER,EXO,EXO,The 2nd Album ‘EXODUS’,kpop-gen3,https://music.youtube.com/watch?v=KC_nbsVUFtM,https://i.ytimg.com/vi/KC_nbsVUFtM/maxresdefault.jpg,EXO/The 2nd Album ‘EXODUS’/MY ANSWER.mp3
ToYouProject - Sugarman Pt. 32 - If We Love Again (투유 프로젝트 - 슈가맨 Pt.32 - 다시 사랑한다면),EXO,"CHEN, CHANYEOL",ToYouProject - Sugarman Pt. 32 - If We Love Again,kpop-gen3,https://music.youtube.com/watch?v=TvTTDSkjMXs,https://i.ytimg.com/vi/TvTTDSkjMXs/maxresdefault.jpg,EXO/ToYouProject - Sugarman Pt. 32 - If We Love Again/ToYouProject - Sugarman Pt. 32 - If We Love Again (투유 프로젝트 - 슈가맨 Pt.32 - 다시 사랑한다면).mp3
[Chief of Staff 보좌관 OST] CHEN (첸) - Rainfall,EXO,MUSIC&NEW 뮤직앤뉴,Single,kpop-gen3,https://music.youtube.com/watch?v=VbhX52vahVw,https://i.ytimg.com/vi/VbhX52vahVw/maxresdefault.jpg,EXO/Single/[Chief of Staff 보좌관 OST] CHEN (첸) - Rainfall.mp3
"It's Running Time! (From ""Running Man"")",EXO,EXO-CBX,It's Running Time!,kpop-gen3,https://music.youtube.com/watch?v=pChUZUH1bkQ,https://i.ytimg.com/vi/pChUZUH1bkQ/maxresdefault.jpg,EXO/It's Running Time!/It's Running Time! (From Running Man).mp3
Daisy,EXO,시우민 (XIUMIN),사장돌 마트 (CEO-dol Mart) OST part.1,kpop-gen3,https://music.youtube.com/watch?v=NzLWQBTtHsE,https://i.ytimg.com/vi/NzLWQBTtHsE/maxresdefault.jpg,EXO/사장돌 마트 (CEO-dol Mart) OST part.1/Daisy.mp3
Young & Free,EXO,"XIUMIN, MARK",Young & Free,kpop-gen3,https://music.youtube.com/watch?v=X5OjohgHM2k,https://i.ytimg.com/vi/X5OjohgHM2k/maxresdefault.jpg,EXO/Young & Free/Young & Free.mp3
[MV] CHEN(첸) - Don't Remember(기억하지 말아요) | 🏡 Romance in the House 가족X멜로 OST,EXO,MUSIC&NEW 뮤직앤뉴,Single,kpop-gen3,https://music.youtube.com/watch?v=pNz1QaheEts,https://i.ytimg.com/vi/pNz1QaheEts/maxresdefault.jpg,EXO/Single/[MV] CHEN(첸) - Don't Remember(기억하지 말아요) _ 🏡 Romance in the House 가족X멜로 OST.mp3
모두 다 사랑하리 Love All,EXO,SUHO,SONGOLMAE REMAKE RE:FLY,kpop-gen3,https://music.youtube.com/watch?v=gaFlR2VFONo,https://i.ytimg.com/vi/gaFlR2VFONo/maxresdefault.jpg,EXO/SONGOLMAE REMAKE RE_FLY/모두 다 사랑하리 Love All.mp3
커튼 Curtain,EXO,"SUHO, Youngjoo Song",커튼 Curtain,kpop-gen3,https://music.youtube.com/watch?v=9wopmrUJqwI,https://i.ytimg.com/vi/9wopmrUJqwI/maxresdefault.jpg,EXO/커튼 Curtain/커튼 Curtain.mp3
Break Your Box,EXO,CHANYEOL,THE BOX (Original Soundtrack),kpop-gen3,https://music.youtube.com/watch?v=M_QGGQ-UH5s,https://i.ytimg.com/vi/M_QGGQ-UH5s/maxresdefault.jpg,EXO/THE BOX (Original Soundtrack)/Break Your Box.mp3
You Are The One,EXO,XIUMIN,도전에 반하다 (Original Television Soundtrack) Pt. 1,kpop-gen3,https://music.youtube.com/watch?v=t6pBCmcqayU,https://i.ytimg.com/vi/t6pBCmcqayU/maxresdefault.jpg,EXO/도전에 반하다 (Original Television Soundtrack) Pt. 1/You Are The One.mp3
안녕 못해 I'm Not Okay (From “MISSING 9”),EXO,CHEN,안녕 못해 I'm Not Okay (From “MISSING 9”),kpop-gen3,https://music.youtube.com/watch?v=VdzkUS-Ehjc,https://i.ytimg.com/vi/VdzkUS-Ehjc/maxresdefault.jpg,EXO/안녕 못해 I'm Not Okay (From “MISSING 9”)/안녕 못해 I'm Not Okay (From “MISSING 9”).mp3
SEVENTEEN (세븐틴) '손오공' Official MV,SEVENTEEN,HYBE LABELS,Single,kpop-gen3,https://music.youtube.com/watch?v=-GQg25oP0S4,https://i.ytimg.com/vi/-GQg25oP0S4/maxresdefault.jpg,SEVENTEEN/Single/SEVENTEEN (세븐틴) '손오공' Official MV.mp3
SEVENTEEN (세븐틴) 'THUNDER' Official MV,SEVENTEEN,HYBE LABELS,Single,kpop-gen3,https://music.youtube.com/watch?v=pS57UX6s-xw,https://i.ytimg.com/vi/pS57UX6s-xw/maxresdefault.jpg,SEVENTEEN/Single/SEVENTEEN (세븐틴) 'THUNDER' Official MV.mp3
SEVENTEEN (세븐틴) 'MAESTRO' Official MV,SEVENTEEN,HYBE LABELS,Single,kpop-gen3,https://music.youtube.com/watch?v=ThI0pBAbFnk,https://i.ytimg.com/vi/ThI0pBAbFnk/maxresdefault.jpg,SEVENTEEN/Single/SEVENTEEN (세븐틴) 'MAESTRO' Official MV.mp3
SEVENTEEN (세븐틴) 'HOT' Official MV,SEVENTEEN,HYBE LABELS,Single,kpop-gen3,https://music.youtube.com/watch?v=gRnuFC4Ualw,https://i.ytimg.com/vi/gRnuFC4Ualw/maxresdefault.jpg,SEVENTEEN/Single/SEVENTEEN (세븐틴) 'HOT' Official MV.mp3
SEVENTEEN (세븐틴) 'Rock with you' Official MV,SEVENTEEN,HYBE LABELS,Single,kpop-gen3,https://music.youtube.com/watch?v=WpuatuzSDK4,https://i.ytimg.com/vi/WpuatuzSDK4/maxresdefault.jpg,SEVENTEEN/Single/SEVENTEEN (세븐틴) 'Rock with you' Official MV.mp3
"SEVENTEEN (세븐틴) 'LOVE, MONEY, FAME (feat. DJ Khaled)' Official MV",SEVENTEEN,HYBE LABELS,Single,kpop-gen3,https://music.youtube.com/watch?v=5NPe8_gDSr4,https://i.ytimg.com/vi/5NPe8_gDSr4/maxresdefault.jpg,"SEVENTEEN/Single/SEVENTEEN (세븐틴) 'LOVE, MONEY, FAME (feat. DJ Khaled)' Official MV.mp3"
SEVENTEEN (세븐틴) '음악의 신' Official MV,SEVENTEEN,HYBE LABELS,Single,kpop-gen3,https://music.youtube.com/watch?v=zSQ48zyWZrY,https://i.ytimg.com/vi/zSQ48zyWZrY/maxresdefault.jpg,SEVENTEEN/Single/SEVENTEEN (세븐틴) '음악의 신' Official MV.mp3
[M/V] SEVENTEEN(세븐틴) - 울고 싶지 않아 (Don't Wanna Cry),SEVENTEEN,SEVENTEEN,Single,kpop-gen3,https://music.youtube.com/watch?v=zEkg4GBQumc,https://i.ytimg.com/vi/zEkg4GBQumc/maxresdefault.jpg,SEVENTEEN/Single/[M_V] SEVENTEEN(세븐틴) - 울고 싶지 않아 (Don't Wanna Cry).mp3
도겸X승관 (SEVENTEEN) 'Blue' Official MV (Cinema Ver.),SEVENTEEN,HYBE LABELS,Single,kpop-gen3,https://music.youtube.com/watch?v=N9X1o0q4aIc,https://i.ytimg.com/vi/N9X1o0q4aIc/maxresdefault.jpg,SEVENTEEN/Single/도겸X승관 (SEVENTEEN) 'Blue' Official MV (Cinema Ver.).mp3
SEVENTEEN (세븐틴) '_WORLD' Official MV,SEVENTEEN,HYBE LABELS,Single,kpop-gen3,https://music.youtube.com/watch?v=VCDWg0ljbFQ,https://i.ytimg.com/vi/VCDWg0ljbFQ/maxresdefault.jpg,SEVENTEEN/Single/SEVENTEEN (세븐틴) '_WORLD' Official MV.mp3
부석순 (SEVENTEEN) '파이팅 해야지 (Feat. 이영지)' Official MV,SEVENTEEN,HYBE LABELS,Single,kpop-gen3,https://music.youtube.com/watch?v=mBXBOLG06Wc,https://i.ytimg.com/vi/mBXBOLG06Wc/maxresdefault.jpg,SEVENTEEN/Single/부석순 (SEVENTEEN) '파이팅 해야지 (Feat. 이영지)' Official MV.mp3
부석순 (SEVENTEEN) '청바지' Official MV,SEVENTEEN,HYBE LABELS,Single,kpop-gen3,https://music.youtube.com/watch?v=Mt9SBZam4X4,https://i.ytimg.com/vi/Mt9SBZam4X4/maxresdefault.jpg,SEVENTEEN/Single/부석순 (SEVENTEEN) '청바지' Official MV.mp3
SEVENTEEN (세븐틴) 'Left & Right' Official MV,SEVENTEEN,HYBE LABELS,Single,kpop-gen3,https://music.youtube.com/watch?v=HdZdxocqzq4,https://i.ytimg.com/vi/HdZdxocqzq4/maxresdefault.jpg,SEVENTEEN/Single/SEVENTEEN (세븐틴) 'Left & Right' Official MV.mp3
SVT LEADERS 'CHEERS' Official MV,SEVENTEEN,HYBE LABELS,Single,kpop-gen3,https://music.youtube.com/watch?v=RnO0HhILXi4,https://i.ytimg.com/vi/RnO0HhILXi4/maxresdefault.jpg,SEVENTEEN/Single/SVT LEADERS 'CHEERS' Official MV.mp3
"에스쿱스X민규 (SEVENTEEN) '5, 4, 3 (Pretty woman) (feat. Lay Bankz)' Official MV",SEVENTEEN,HYBE LABELS,Single,kpop-gen3,https://music.youtube.com/watch?v=u89aNeJlyg0,https://i.ytimg.com/vi/u89aNeJlyg0/maxresdefault.jpg,"SEVENTEEN/Single/에스쿱스X민규 (SEVENTEEN) '5, 4, 3 (Pretty woman) (feat. Lay Bankz)' Official MV.mp3"
SEVENTEEN (세븐틴) 'LALALI' Official MV,SEVENTEEN,HYBE LABELS,Single,kpop-gen3,https://music.youtube.com/watch?v=F2qZWD0F7rM,https://i.ytimg.com/vi/F2qZWD0F7rM/maxresdefault.jpg,SEVENTEEN/Single/SEVENTEEN (세븐틴) 'LALALI' Official MV.mp3
[essential; studio] ' 도겸X승관 (SEVENTEEN) - Feel Me ' Official MV,SEVENTEEN,essential;,Single,kpop-gen3,https://music.youtube.com/watch?v=iYkraEzsQ1g,https://i.ytimg.com/vi/iYkraEzsQ1g/maxresdefault.jpg,SEVENTEEN/Single/[essential; studio] ' 도겸X승관 (SEVENTEEN) - Feel Me ' Official MV.mp3
[MV] BSS(부석순)(SEVENTEEN) - The Reasons of My Smiles(자꾸만 웃게 돼),SEVENTEEN,SUPER SOUND Bugs!,Single,kpop-gen3,https://music.youtube.com/watch?v=ucpb4BYNJ6s,https://i.ytimg.com/vi/ucpb4BYNJ6s/sddefault.jpg,SEVENTEEN/Single/[MV] BSS(부석순)(SEVENTEEN) - The Reasons of My Smiles(자꾸만 웃게 돼).mp3
SEVENTEEN (세븐틴) '청춘찬가' Official MV,SEVENTEEN,HYBE LABELS,Single,kpop-gen3,https://music.youtube.com/watch?v=bw4AuPrLWeA,https://i.ytimg.com/vi/bw4AuPrLWeA/maxresdefault.jpg,SEVENTEEN/Single/SEVENTEEN (세븐틴) '청춘찬가' Official MV.mp3
SEVENTEEN (세븐틴) 'Bad Influence (Prod. by Pharrell Williams)' Official MV,SEVENTEEN,HYBE LABELS,Single,kpop-gen3,https://music.youtube.com/watch?v=skso_fkQcg0,https://i.ytimg.com/vi/skso_fkQcg0/maxresdefault.jpg,SEVENTEEN/Single/SEVENTEEN (세븐틴) 'Bad Influence (Prod. by Pharrell Williams)' Official MV.mp3
[MV] SEVENTEEN(세븐틴) _ VERY NICE(아주 NICE),SEVENTEEN,1theK (원더케이),Single,kpop-gen3,https://music.youtube.com/watch?v=J-wFp43XOrA,https://i.ytimg.com/vi/J-wFp43XOrA/sddefault.jpg,SEVENTEEN/Single/[MV] SEVENTEEN(세븐틴) _ VERY NICE(아주 NICE).mp3
[M/V] SEVENTEEN(세븐틴) - 박수(CLAP),SEVENTEEN,SEVENTEEN,Single,kpop-gen3,https://music.youtube.com/watch?v=CyzEtbG-sxY,https://i.ytimg.com/vi/CyzEtbG-sxY/maxresdefault.jpg,SEVENTEEN/Single/[M_V] SEVENTEEN(세븐틴) - 박수(CLAP).mp3
SEVENTEEN (세븐틴) 'Darl+ing' Official MV,SEVENTEEN,HYBE LABELS,Single,kpop-gen3,https://music.youtube.com/watch?v=bTtNV6hgDno,https://i.ytimg.com/vi/bTtNV6hgDno/maxresdefault.jpg,SEVENTEEN/Single/SEVENTEEN (세븐틴) 'Darl+ing' Official MV.mp3
SEVENTEEN (세븐틴) 'Ready to love' Official MV,SEVENTEEN,HYBE LABELS,Single,kpop-gen3,https://music.youtube.com/watch?v=yCvSR4lSqTg,https://i.ytimg.com/vi/yCvSR4lSqTg/maxresdefault.jpg,SEVENTEEN/Single/SEVENTEEN (세븐틴) 'Ready to love' Official MV.mp3
SEVENTEEN (세븐틴) 'HOME;RUN' Official MV,SEVENTEEN,HYBE LABELS,Single,kpop-gen3,https://music.youtube.com/watch?v=UB4FzllQCyc,https://i.ytimg.com/vi/UB4FzllQCyc/maxresdefault.jpg,SEVENTEEN/Single/SEVENTEEN (세븐틴) 'HOME;RUN' Official MV.mp3
SEVENTEEN (세븐틴) 'Eyes on you' Official MV,SEVENTEEN,HYBE LABELS,Single,kpop-gen3,https://music.youtube.com/watch?v=JjvX09nG2F0,https://i.ytimg.com/vi/JjvX09nG2F0/maxresdefault.jpg,SEVENTEEN/Single/SEVENTEEN (세븐틴) 'Eyes on you' Official MV.mp3
호시X우지 (SEVENTEEN) ‘동갑내기' Official MV,SEVENTEEN,HYBE LABELS,Single,kpop-gen3,https://music.youtube.com/watch?v=rEBHjYQ8HoI,https://i.ytimg.com/vi/rEBHjYQ8HoI/maxresdefault.jpg,SEVENTEEN/Single/호시X우지 (SEVENTEEN) ‘동갑내기' Official MV.mp3
[M/V] SEVENTEEN(세븐틴) - HIT,SEVENTEEN,SEVENTEEN,Single,kpop-gen3,https://music.youtube.com/watch?v=F9CrRG6j2SM,https://i.ytimg.com/vi/F9CrRG6j2SM/maxresdefault.jpg,SEVENTEEN/Single/[M_V] SEVENTEEN(세븐틴) - HIT.mp3
SEVENTEEN (세븐틴) 'Spell' Official MV,SEVENTEEN,HYBE LABELS,Single,kpop-gen3,https://music.youtube.com/watch?v=gbLkxltoD9o,https://i.ytimg.com/vi/gbLkxltoD9o/maxresdefault.jpg,SEVENTEEN/Single/SEVENTEEN (세븐틴) 'Spell' Official MV.mp3
JEONGHAN X WONWOO (SEVENTEEN) '어젯밤 (Guitar by 박주원)' Official MV,SEVENTEEN,HYBE LABELS,Single,kpop-gen3,https://music.youtube.com/watch?v=EJF2PV3BQtQ,https://i.ytimg.com/vi/EJF2PV3BQtQ/maxresdefault.jpg,SEVENTEEN/Single/JEONGHAN X WONWOO (SEVENTEEN) '어젯밤 (Guitar by 박주원)' Official MV.mp3
[M/V] SEVENTEEN(세븐틴) - 독 : Fear,SEVENTEEN,SEVENTEEN,Single,kpop-gen3,https://music.youtube.com/watch?v=ap14O5-G7UA,https://i.ytimg.com/vi/ap14O5-G7UA/maxresdefault.jpg,SEVENTEEN/Single/[M_V] SEVENTEEN(세븐틴) - 독 _ Fear.mp3
[M/V] SEVENTEEN(세븐틴) - 고맙다(THANKS),SEVENTEEN,SEVENTEEN,Single,kpop-gen3,https://music.youtube.com/watch?v=gZItyr1SNjU,https://i.ytimg.com/vi/gZItyr1SNjU/maxresdefault.jpg,SEVENTEEN/Single/[M_V] SEVENTEEN(세븐틴) - 고맙다(THANKS).mp3
ECHO! (Prod. WOOZI),SEVENTEEN,HxW,WORLD OF STREET WOMAN FIGHTER(WSWF) Original Vol.2 (Class Mission),kpop-gen3,https://music.youtube.com/watch?v=gV4Czzab5qQ,https://i.ytimg.com/vi/gV4Czzab5qQ/maxresdefault.jpg,SEVENTEEN/WORLD OF STREET WOMAN FIGHTER(WSWF) Original Vol.2 (Class Mission)/ECHO! (Prod. WOOZI).mp3
[M/V] SEVENTEEN(세븐틴) - 만세(MANSAE),SEVENTEEN,SEVENTEEN,Single,kpop-gen3,https://music.youtube.com/watch?v=9M7k9ZV67c0,https://i.ytimg.com/vi/9M7k9ZV67c0/maxresdefault.jpg,SEVENTEEN/Single/[M_V] SEVENTEEN(세븐틴) - 만세(MANSAE).mp3
호시 (HOSHI) '아기자기' Official MV,SEVENTEEN,HYBE LABELS,Single,kpop-gen3,https://music.youtube.com/watch?v=ScdULYbnjOs,https://i.ytimg.com/vi/ScdULYbnjOs/maxresdefault.jpg,SEVENTEEN/Single/호시 (HOSHI) '아기자기' Official MV.mp3
SEVENTEEN (세븐틴) 'Tiny Light' Official MV,SEVENTEEN,SEVENTEEN,Single,kpop-gen3,https://music.youtube.com/watch?v=5A7qyhj-HjE,https://i.ytimg.com/vi/5A7qyhj-HjE/maxresdefault.jpg,SEVENTEEN/Single/SEVENTEEN (세븐틴) 'Tiny Light' Official MV.mp3
[SPECIAL VIDEO] SEVENTEEN(세븐틴) - Anyone,SEVENTEEN,SEVENTEEN,Single,kpop-gen3,https://music.youtube.com/watch?v=jjCBYlzwaY8,https://i.ytimg.com/vi/jjCBYlzwaY8/maxresdefault.jpg,SEVENTEEN/Single/[SPECIAL VIDEO] SEVENTEEN(세븐틴) - Anyone.mp3
[M/V] SEVENTEEN(세븐틴)-붐붐(BOOMBOOM),SEVENTEEN,SEVENTEEN,Single,kpop-gen3,https://music.youtube.com/watch?v=CNEeAaH3bFc,https://i.ytimg.com/vi/CNEeAaH3bFc/maxresdefault.jpg,SEVENTEEN/Single/[M_V] SEVENTEEN(세븐틴)-붐붐(BOOMBOOM).mp3
어른 아이,SEVENTEEN,SEVENTEEN,Heng:garae,kpop-gen3,https://music.youtube.com/watch?v=s4jHQXd-7gg,https://i.ytimg.com/vi/s4jHQXd-7gg/maxresdefault.jpg,SEVENTEEN/Heng_garae/어른 아이.mp3
어떤 미래,SEVENTEEN,WOOZI,어떤 미래,kpop-gen3,https://music.youtube.com/watch?v=3vSlfwzpTf4,https://i.ytimg.com/vi/3vSlfwzpTf4/maxresdefault.jpg,SEVENTEEN/어떤 미래/어떤 미래.mp3
SEVENTEEN (세븐틴) 'My My' Official MV,SEVENTEEN,HYBE LABELS,Single,kpop-gen3,https://music.youtube.com/watch?v=PQOJJ037ys8,https://i.ytimg.com/vi/PQOJJ037ys8/maxresdefault.jpg,SEVENTEEN/Single/SEVENTEEN (세븐틴) 'My My' Official MV.mp3
HBD,SEVENTEEN,SEVENTEEN,SEVENTEEN 5th Album ‘HAPPY BURSTDAY’,kpop-gen3,https://music.youtube.com/watch?v=h5dk1hCL_oY,https://i.ytimg.com/vi/h5dk1hCL_oY/maxresdefault.jpg,SEVENTEEN/SEVENTEEN 5th Album ‘HAPPY BURSTDAY’/HBD.mp3
99.9% (WONWOO Solo),SEVENTEEN,SEVENTEEN,SEVENTEEN 5th Album ‘HAPPY BURSTDAY’,kpop-gen3,https://music.youtube.com/watch?v=loImcORooxg,https://i.ytimg.com/vi/loImcORooxg/maxresdefault.jpg,SEVENTEEN/SEVENTEEN 5th Album ‘HAPPY BURSTDAY’/99.9% (WONWOO Solo).mp3
WONWOO X MINGYU 'Bittersweet (feat. LeeHi)' Official MV,SEVENTEEN,HYBE LABELS,Single,kpop-gen3,https://music.youtube.com/watch?v=gvdACvfuGFA,https://i.ytimg.com/vi/gvdACvfuGFA/maxresdefault.jpg,SEVENTEEN/Single/WONWOO X MINGYU 'Bittersweet (feat. LeeHi)' Official MV.mp3
Raindrops (SEUNGKWAN Solo),SEVENTEEN,SEVENTEEN,SEVENTEEN 5th Album ‘HAPPY BURSTDAY’,kpop-gen3,https://music.youtube.com/watch?v=rHHuqf3MgBU,https://i.ytimg.com/vi/rHHuqf3MgBU/maxresdefault.jpg,SEVENTEEN/SEVENTEEN 5th Album ‘HAPPY BURSTDAY’/Raindrops (SEUNGKWAN Solo).mp3
HOSHI ‘Spider’ Official MV,SEVENTEEN,HYBE LABELS,Single,kpop-gen3,https://music.youtube.com/watch?v=eOOsAeOx5a0,https://i.ytimg.com/vi/eOOsAeOx5a0/maxresdefault.jpg,SEVENTEEN/Single/HOSHI ‘Spider’ Official MV.mp3
Like Spring,SEVENTEEN,"GUMMY, SEUNGKWAN",Like Spring,kpop-gen3,https://music.youtube.com/watch?v=NJcvUYy80a4,https://i.ytimg.com/vi/NJcvUYy80a4/maxresdefault.jpg,SEVENTEEN/Like Spring/Like Spring.mp3
운명 (WOOZI Solo),SEVENTEEN,SEVENTEEN,SEVENTEEN 5th Album ‘HAPPY BURSTDAY’,kpop-gen3,https://music.youtube.com/watch?v=NpVaGtQUNqU,https://i.ytimg.com/vi/NpVaGtQUNqU/maxresdefault.jpg,SEVENTEEN/SEVENTEEN 5th Album ‘HAPPY BURSTDAY’/운명 (WOOZI Solo).mp3
Happy Virus (DK Solo),SEVENTEEN,SEVENTEEN,SEVENTEEN 5th Album ‘HAPPY BURSTDAY’,kpop-gen3,https://music.youtube.com/watch?v=tQxisM9mxp4,https://i.ytimg.com/vi/tQxisM9mxp4/maxresdefault.jpg,SEVENTEEN/SEVENTEEN 5th Album ‘HAPPY BURSTDAY’/Happy Virus (DK Solo).mp3
SOS (Prod. Marshmello),SEVENTEEN,SEVENTEEN,SEVENTEEN 11th Mini Album ‘SEVENTEENTH HEAVEN’,kpop-gen3,https://music.youtube.com/watch?v=DNlOdUvZqLc,https://i.ytimg.com/vi/DNlOdUvZqLc/maxresdefault.jpg,SEVENTEEN/SEVENTEEN 11th Mini Album ‘SEVENTEENTH HEAVEN’/SOS (Prod. Marshmello).mp3
JUN 'PSYCHO' Official MV,SEVENTEEN,HYBE LABELS,Single,kpop-gen3,https://music.youtube.com/watch?v=2UlASdejUZk,https://i.ytimg.com/vi/2UlASdejUZk/maxresdefault.jpg,SEVENTEEN/Single/JUN 'PSYCHO' Official MV.mp3
Water,SEVENTEEN,SEVENTEEN,SEVENTEEN 12th Mini Album 'SPILL THE FEELS',kpop-gen3,https://music.youtube.com/watch?v=bGgeM2VxMzM,https://i.ytimg.com/vi/bGgeM2VxMzM/maxresdefault.jpg,SEVENTEEN/SEVENTEEN 12th Mini Album 'SPILL THE FEELS'/Water.mp3
Shake It Off (MINGYU Solo),SEVENTEEN,SEVENTEEN,SEVENTEEN 5th Album ‘HAPPY BURSTDAY’,kpop-gen3,https://music.youtube.com/watch?v=KygqgzntG6s,https://i.ytimg.com/vi/KygqgzntG6s/maxresdefault.jpg,SEVENTEEN/SEVENTEEN 5th Album ‘HAPPY BURSTDAY’/Shake It Off (MINGYU Solo).mp3
[Choreography Video] SEVENTEEN(세븐틴) - DON QUIXOTE,SEVENTEEN,SEVENTEEN,Single,kpop-gen3,https://music.youtube.com/watch?v=SMlhFiZ2-8k,https://i.ytimg.com/vi/SMlhFiZ2-8k/maxresdefault.jpg,SEVENTEEN/Single/[Choreography Video] SEVENTEEN(세븐틴) - DON QUIXOTE.mp3
Heaven's Cloud,SEVENTEEN,SEVENTEEN,SEVENTEEN 8th Mini Album 'Your Choice',kpop-gen3,https://music.youtube.com/watch?v=Jf3zAzN890I,https://i.ytimg.com/vi/Jf3zAzN890I/maxresdefault.jpg,SEVENTEEN/SEVENTEEN 8th Mini Album 'Your Choice'/Heaven's Cloud.mp3
Fortunate Change (JOSHUA Solo),SEVENTEEN,SEVENTEEN,SEVENTEEN 5th Album ‘HAPPY BURSTDAY’,kpop-gen3,https://music.youtube.com/watch?v=TgIq0FWjDY0,https://i.ytimg.com/vi/TgIq0FWjDY0/maxresdefault.jpg,SEVENTEEN/SEVENTEEN 5th Album ‘HAPPY BURSTDAY’/Fortunate Change (JOSHUA Solo).mp3
같이 가요,SEVENTEEN,SEVENTEEN,Heng:garae,kpop-gen3,https://music.youtube.com/watch?v=pa86DMlUpHg,https://i.ytimg.com/vi/pa86DMlUpHg/maxresdefault.jpg,SEVENTEEN/Heng_garae/같이 가요.mp3
사탕,SEVENTEEN,SEVENTEEN,SEVENTEEN 12th Mini Album 'SPILL THE FEELS',kpop-gen3,https://music.youtube.com/watch?v=tA-FizlZp7Q,https://i.ytimg.com/vi/tA-FizlZp7Q/maxresdefault.jpg,SEVENTEEN/SEVENTEEN 12th Mini Album 'SPILL THE FEELS'/사탕.mp3
[SPECIAL VIDEO] SEVENTEEN(세븐틴) - 돌고 돌아 (Circles),SEVENTEEN,SEVENTEEN,Single,kpop-gen3,https://music.youtube.com/watch?v=DgAAaV6xfrk,https://i.ytimg.com/vi/DgAAaV6xfrk/maxresdefault.jpg,SEVENTEEN/Single/[SPECIAL VIDEO] SEVENTEEN(세븐틴) - 돌고 돌아 (Circles).mp3
Ima -Even if the world ends tomorrow- (Korean Ver.),SEVENTEEN,SEVENTEEN,SEVENTEEN BEST ALBUM ‘17 IS RIGHT HERE’,kpop-gen3,https://music.youtube.com/watch?v=34FtYulYrms,https://i.ytimg.com/vi/34FtYulYrms/maxresdefault.jpg,SEVENTEEN/SEVENTEEN BEST ALBUM ‘17 IS RIGHT HERE’/Ima -Even if the world ends tomorrow- (Korean Ver.).mp3
Jungle (S.COUPS Solo),SEVENTEEN,SEVENTEEN,SEVENTEEN 5th Album ‘HAPPY BURSTDAY’,kpop-gen3,https://music.youtube.com/watch?v=cnw3gIYs7Pc,https://i.ytimg.com/vi/cnw3gIYs7Pc/maxresdefault.jpg,SEVENTEEN/SEVENTEEN 5th Album ‘HAPPY BURSTDAY’/Jungle (S.COUPS Solo).mp3
[MV] SEVENTEEN(세븐틴) _ Pretty U(예쁘다),SEVENTEEN,1theK (원더케이),Single,kpop-gen3,https://music.youtube.com/watch?v=j59LLNMEOZk,https://i.ytimg.com/vi/j59LLNMEOZk/maxresdefault.jpg,SEVENTEEN/Single/[MV] SEVENTEEN(세븐틴) _ Pretty U(예쁘다).mp3
우연 (JEONGHAN Solo),SEVENTEEN,SEVENTEEN,SEVENTEEN 5th Album ‘HAPPY BURSTDAY’,kpop-gen3,https://music.youtube.com/watch?v=6gr-sH_yy1A,https://i.ytimg.com/vi/6gr-sH_yy1A/maxresdefault.jpg,SEVENTEEN/SEVENTEEN 5th Album ‘HAPPY BURSTDAY’/우연 (JEONGHAN Solo).mp3
DINO 'Wait' Official MV,SEVENTEEN,HYBE LABELS,Single,kpop-gen3,https://music.youtube.com/watch?v=J--BukW5BfQ,https://i.ytimg.com/vi/J--BukW5BfQ/maxresdefault.jpg,SEVENTEEN/Single/DINO 'Wait' Official MV.mp3
Steal The Show,SEVENTEEN,DK (SEVENTEEN),Steal The Show,kpop-gen3,https://music.youtube.com/watch?v=oWBhugHt_8c,https://i.ytimg.com/vi/oWBhugHt_8c/maxresdefault.jpg,SEVENTEEN/Steal The Show/Steal The Show.mp3
[M/V] SEVENTEEN(세븐틴) _ SVT HIPHOPTEAM - 'TRAUMA',SEVENTEEN,SEVENTEEN,Single,kpop-gen3,https://music.youtube.com/watch?v=4tRsEUB6-bk,https://i.ytimg.com/vi/4tRsEUB6-bk/maxresdefault.jpg,SEVENTEEN/Single/[M_V] SEVENTEEN(세븐틴) _ SVT HIPHOPTEAM - 'TRAUMA'.mp3
Rain,SEVENTEEN,SEVENTEEN,SEVENTEEN 12th Mini Album 'SPILL THE FEELS',kpop-gen3,https://music.youtube.com/watch?v=r2wizo1mz-w,https://i.ytimg.com/vi/r2wizo1mz-w/maxresdefault.jpg,SEVENTEEN/SEVENTEEN 12th Mini Album 'SPILL THE FEELS'/Rain.mp3
1 TO 13,SEVENTEEN,SEVENTEEN,SEVENTEEN 12th Mini Album 'SPILL THE FEELS',kpop-gen3,https://music.youtube.com/watch?v=Cx4ytbd2tZI,https://i.ytimg.com/vi/Cx4ytbd2tZI/maxresdefault.jpg,SEVENTEEN/SEVENTEEN 12th Mini Album 'SPILL THE FEELS'/1 TO 13.mp3
Skyfall (THE 8 Solo),SEVENTEEN,SEVENTEEN,SEVENTEEN 5th Album ‘HAPPY BURSTDAY’,kpop-gen3,https://music.youtube.com/watch?v=FqUWr8s6CKM,https://i.ytimg.com/vi/FqUWr8s6CKM/maxresdefault.jpg,SEVENTEEN/SEVENTEEN 5th Album ‘HAPPY BURSTDAY’/Skyfall (THE 8 Solo).mp3
원우 (WONWOO) ‘고개’ Official MV,SEVENTEEN,HYBE LABELS,Single,kpop-gen3,https://music.youtube.com/watch?v=JC2J-10_8wk,https://i.ytimg.com/vi/JC2J-10_8wk/maxresdefault.jpg,SEVENTEEN/Single/원우 (WONWOO) ‘고개’ Official MV.mp3
"[MV] SEVENTEEN(세븐틴), Ailee(에일리) _ Q&A",SEVENTEEN,1theK (원더케이),Single,kpop-gen3,https://music.youtube.com/watch?v=Uk01FiCAk50,https://i.ytimg.com/vi/Uk01FiCAk50/maxresdefault.jpg,"SEVENTEEN/Single/[MV] SEVENTEEN(세븐틴), Ailee(에일리) _ Q&A.mp3"
JUN 'LIMBO (Korean Ver.)' Official MV,SEVENTEEN,HYBE LABELS,Single,kpop-gen3,https://music.youtube.com/watch?v=k0sKWlEhVRk,https://i.ytimg.com/vi/k0sKWlEhVRk/maxresdefault.jpg,SEVENTEEN/Single/JUN 'LIMBO (Korean Ver.)' Official MV.mp3
[화산귀환] 지는 법은 배운 적이 없으니까 (도겸) MV,SEVENTEEN,네이버웹툰,Single,kpop-gen3,https://music.youtube.com/watch?v=CpWOIjkLl4M,https://i.ytimg.com/vi/CpWOIjkLl4M/maxresdefault.jpg,SEVENTEEN/Single/[화산귀환] 지는 법은 배운 적이 없으니까 (도겸) MV.mp3
Trigger (DINO Solo),SEVENTEEN,SEVENTEEN,SEVENTEEN 5th Album ‘HAPPY BURSTDAY’,kpop-gen3,https://music.youtube.com/watch?v=NoWvQllASGI,https://i.ytimg.com/vi/NoWvQllASGI/maxresdefault.jpg,SEVENTEEN/SEVENTEEN 5th Album ‘HAPPY BURSTDAY’/Trigger (DINO Solo).mp3
경음악의 신,SEVENTEEN,SEVENTEEN,God of Light Music,kpop-gen3,https://music.youtube.com/watch?v=xBKmz926CXU,https://i.ytimg.com/vi/xBKmz926CXU/maxresdefault.jpg,SEVENTEEN/God of Light Music/경음악의 신.mp3
[M/V] SEVENTEEN(세븐틴) _ SVT PERFORMANCE TEAM - '13월의 춤',SEVENTEEN,SEVENTEEN,Single,kpop-gen3,https://music.youtube.com/watch?v=VKuvYk-FsPM,https://i.ytimg.com/vi/VKuvYk-FsPM/maxresdefault.jpg,SEVENTEEN/Single/[M_V] SEVENTEEN(세븐틴) _ SVT PERFORMANCE TEAM - '13월의 춤'.mp3
Shining Star (Vernon Solo),SEVENTEEN,SEVENTEEN,SEVENTEEN 5th Album ‘HAPPY BURSTDAY’,kpop-gen3,https://music.youtube.com/watch?v=0qFsZeS4Onk,https://i.ytimg.com/vi/0qFsZeS4Onk/maxresdefault.jpg,SEVENTEEN/SEVENTEEN 5th Album ‘HAPPY BURSTDAY’/Shining Star (Vernon Solo).mp3
호시 (HOSHI) 'Fallen Superstar' Official MV,SEVENTEEN,HYBE LABELS,Single,kpop-gen3,https://music.youtube.com/watch?v=sEeXBvk_t8Y,https://i.ytimg.com/vi/sEeXBvk_t8Y/maxresdefault.jpg,SEVENTEEN/Single/호시 (HOSHI) 'Fallen Superstar' Official MV.mp3
민들레,SEVENTEEN,SEUNGKWAN,민들레,kpop-gen3,https://music.youtube.com/watch?v=QR12XWeduFI,https://i.ytimg.com/vi/QR12XWeduFI/maxresdefault.jpg,SEVENTEEN/민들레/민들레.mp3
Call Call Call!,SEVENTEEN,SEVENTEEN,We Make You,kpop-gen3,https://music.youtube.com/watch?v=O4GMRo_QMcA,https://i.ytimg.com/vi/O4GMRo_QMcA/maxresdefault.jpg,SEVENTEEN/We Make You/Call Call Call!.mp3
IF you leave me,SEVENTEEN,SEVENTEEN,SEVENTEEN 4th Album 'Face the Sun',kpop-gen3,https://music.youtube.com/watch?v=5RknkX3_Qcg,https://i.ytimg.com/vi/5RknkX3_Qcg/maxresdefault.jpg,SEVENTEEN/SEVENTEEN 4th Album 'Face the Sun'/IF you leave me.mp3
Domino,SEVENTEEN,SEVENTEEN,SEVENTEEN 4th Album 'Face the Sun',kpop-gen3,https://music.youtube.com/watch?v=K12HzTWm90w,https://i.ytimg.com/vi/K12HzTWm90w/maxresdefault.jpg,SEVENTEEN/SEVENTEEN 4th Album 'Face the Sun'/Domino.mp3
[M/V] 부석순(SEVENTEEN) - 거침없이(Just do it),SEVENTEEN,SEVENTEEN,Single,kpop-gen3,https://music.youtube.com/watch?v=YGXiVHTy0JE,https://i.ytimg.com/vi/YGXiVHTy0JE/maxresdefault.jpg,SEVENTEEN/Single/[M_V] 부석순(SEVENTEEN) - 거침없이(Just do it).mp3
Fallin’ Flower (Korean Ver.),SEVENTEEN,SEVENTEEN,SEVENTEEN 4th Album Repackage ‘SECTOR 17’,kpop-gen3,https://music.youtube.com/watch?v=y5Ypazf3ezM,https://i.ytimg.com/vi/y5Ypazf3ezM/maxresdefault.jpg,SEVENTEEN/SEVENTEEN 4th Album Repackage ‘SECTOR 17’/Fallin’ Flower (Korean Ver.).mp3
Not Alone (Korean Ver.),SEVENTEEN,SEVENTEEN,SEVENTEEN BEST ALBUM ‘17 IS RIGHT HERE’,kpop-gen3,https://music.youtube.com/watch?v=M23y_08K63E,https://i.ytimg.com/vi/M23y_08K63E/maxresdefault.jpg,SEVENTEEN/SEVENTEEN BEST ALBUM ‘17 IS RIGHT HERE’/Not Alone (Korean Ver.).mp3
노래해,SEVENTEEN,SEVENTEEN,SEVENTEEN 4th Album 'Face the Sun',kpop-gen3,https://music.youtube.com/watch?v=zSnKi7hqFsQ,https://i.ytimg.com/vi/zSnKi7hqFsQ/maxresdefault.jpg,SEVENTEEN/SEVENTEEN 4th Album 'Face the Sun'/노래해.mp3
Fearless,SEVENTEEN,SEVENTEEN,Heng:garae,kpop-gen3,https://music.youtube.com/watch?v=kpewpapC9r8,https://i.ytimg.com/vi/kpewpapC9r8/maxresdefault.jpg,SEVENTEEN/Heng_garae/Fearless.mp3
24H (Korean Ver.),SEVENTEEN,SEVENTEEN,SEVENTEEN BEST ALBUM ‘17 IS RIGHT HERE’,kpop-gen3,https://music.youtube.com/watch?v=hvic-O1XrUg,https://i.ytimg.com/vi/hvic-O1XrUg/maxresdefault.jpg,SEVENTEEN/SEVENTEEN BEST ALBUM ‘17 IS RIGHT HERE’/24H (Korean Ver.).mp3
좋겠다,SEVENTEEN,SEVENTEEN,Heng:garae,kpop-gen3,https://music.youtube.com/watch?v=U0zFC0QA3Yc,https://i.ytimg.com/vi/U0zFC0QA3Yc/maxresdefault.jpg,SEVENTEEN/Heng_garae/좋겠다.mp3
[언젠가는 슬기로울 전공의생활 (Resident Playbook) OST Part 7] 도겸 (SEVENTEEN) - 너인데 (It′s You) MV,SEVENTEEN,Stone Music Entertainment,Single,kpop-gen3,https://music.youtube.com/watch?v=hywgLy1_iXQ,https://i.ytimg.com/vi/hywgLy1_iXQ/maxresdefault.jpg,SEVENTEEN/Single/[언젠가는 슬기로울 전공의생활 (Resident Playbook) OST Part 7] 도겸 (SEVENTEEN) - 너인데 (It′s You) MV.mp3
[MV] 도겸 (DK)(SEVENTEEN) - Go! / Official Music Video,SEVENTEEN,SEOUL MUSIC / 서울뮤직,Single,kpop-gen3,https://music.youtube.com/watch?v=Is7yLDpPkGU,https://i.ytimg.com/vi/Is7yLDpPkGU/maxresdefault.jpg,SEVENTEEN/Single/[MV] 도겸 (DK)(SEVENTEEN) - Go! _ Official Music Video.mp3
SEVENTEEN (세븐틴) 슬기로운 의사생활 시즌2 OST Part 8 '여전히 아름다운지' Official MV,SEVENTEEN,HYBE LABELS,Single,kpop-gen3,https://music.youtube.com/watch?v=ck538udT0b8,https://i.ytimg.com/vi/ck538udT0b8/maxresdefault.jpg,SEVENTEEN/Single/SEVENTEEN (세븐틴) 슬기로운 의사생활 시즌2 OST Part 8 '여전히 아름다운지' Official MV.mp3
[M/V] 도겸 (SEVENTEEN) - 단발머리 :: 웰컴투 삼달리(Welcome to Samdal-ri) OST Part.1,SEVENTEEN,모스트콘텐츠 MOSTCONTENTS,Single,kpop-gen3,https://music.youtube.com/watch?v=dm8uynwxU8U,https://i.ytimg.com/vi/dm8uynwxU8U/maxresdefault.jpg,SEVENTEEN/Single/[M_V] 도겸 (SEVENTEEN) - 단발머리 __ 웰컴투 삼달리(Welcome to Samdal-ri) OST Part.1.mp3
[MV] DINO(디노) (SEVENTEEN) _ ICARUS(이카루스) (CASTAWAY DIVA(무인도의 디바) OST Part.3),SEVENTEEN,1theK (원더케이),Single,kpop-gen3,https://music.youtube.com/watch?v=3Ruc6uLmiBE,https://i.ytimg.com/vi/3Ruc6uLmiBE/maxresdefault.jpg,SEVENTEEN/Single/[MV] DINO(디노) (SEVENTEEN) _ ICARUS(이카루스) (CASTAWAY DIVA(무인도의 디바) OST Part.3).mp3
SEVENTEEN (세븐틴) '손오공 (Workout Remix)' Official Visualizer,SEVENTEEN,HYBE LABELS,Single,kpop-gen3,https://music.youtube.com/watch?v=OgQ8p-bxnNA,https://i.ytimg.com/vi/OgQ8p-bxnNA/maxresdefault.jpg,SEVENTEEN/Single/SEVENTEEN (세븐틴) '손오공 (Workout Remix)' Official Visualizer.mp3
[MV] SEVENTEEN(세븐틴) _ A-TEEN (A-TEEN Part. 3),SEVENTEEN,1theK (원더케이),Single,kpop-gen3,https://music.youtube.com/watch?v=SrqLA8tRkf8,https://i.ytimg.com/vi/SrqLA8tRkf8/maxresdefault.jpg,SEVENTEEN/Single/[MV] SEVENTEEN(세븐틴) _ A-TEEN (A-TEEN Part. 3).mp3
DREAM (Korean Ver.),SEVENTEEN,SEVENTEEN,SEVENTEEN BEST ALBUM ‘17 IS RIGHT HERE’,kpop-gen3,https://music.youtube.com/watch?v=j2dUW03mODo,https://i.ytimg.com/vi/j2dUW03mODo/maxresdefault.jpg,SEVENTEEN/SEVENTEEN BEST ALBUM ‘17 IS RIGHT HERE’/DREAM (Korean Ver.).mp3
SEVENTEEN (세븐틴) - Damage (HOSHI Solo) (feat. Timbaland) @WARNING,SEVENTEEN,SEVENTEEN,Single,kpop-gen3,https://music.youtube.com/watch?v=aUK-vLAeHRE,https://i.ytimg.com/vi/aUK-vLAeHRE/maxresdefault.jpg,SEVENTEEN/Single/SEVENTEEN (세븐틴) - Damage (HOSHI Solo) (feat. Timbaland) @WARNING.mp3
Happy Ending,SEVENTEEN,SEVENTEEN,Happy Ending,kpop-gen3,https://music.youtube.com/watch?v=MnsVgTFW-v4,https://i.ytimg.com/vi/MnsVgTFW-v4/maxresdefault.jpg,SEVENTEEN/Happy Ending/Happy Ending.mp3
Don't listen in secret (몰래 듣지 마요),SEVENTEEN,SEVENTEEN(세븐틴),Seventeen 3rd Mini Album ’Going Seventeen’,kpop-gen3,https://music.youtube.com/watch?v=ACOU14kmhAY,https://i.ytimg.com/vi/ACOU14kmhAY/maxresdefault.jpg,SEVENTEEN/Seventeen 3rd Mini Album ’Going Seventeen’/Don't listen in secret (몰래 듣지 마요).mp3
Wave,SEVENTEEN,SEVENTEEN,SEVENTEEN 8th Mini Album 'Your Choice',kpop-gen3,https://music.youtube.com/watch?v=6mwNBmo7pS4,https://i.ytimg.com/vi/6mwNBmo7pS4/maxresdefault.jpg,SEVENTEEN/SEVENTEEN 8th Mini Album 'Your Choice'/Wave.mp3
[사랑한다고 말해줘 (Tell Me That You Love Me) OST Part 4] 승관(SEVENTEEN)  - 그대가 오면 (The Moment You Arrive) MV,SEVENTEEN,Stone Music Entertainment,Single,kpop-gen3,https://music.youtube.com/watch?v=8_ZMcmf3_Ms,https://i.ytimg.com/vi/8_ZMcmf3_Ms/maxresdefault.jpg,SEVENTEEN/Single/[사랑한다고 말해줘 (Tell Me That You Love Me) OST Part 4] 승관(SEVENTEEN)  - 그대가 오면 (The Moment You Arrive) MV.mp3
[MV] SeungKwan(승관) _ Somewhere in This Universe(모든 숨쉬는 순간은 기적이 되어) (별들에게 물어봐 OST Part.4),SEVENTEEN,1theK (원더케이),Single,kpop-gen3,https://music.youtube.com/watch?v=YyLujSP96g0,https://i.ytimg.com/vi/YyLujSP96g0/maxresdefault.jpg,SEVENTEEN/Single/[MV] SeungKwan(승관) _ Somewhere in This Universe(모든 숨쉬는 순간은 기적이 되어) (별들에게 물어봐 OST Part.4).mp3
호시 (HOSHI) 'TAKE A SHOT' Official Visualizer,SEVENTEEN,HYBE LABELS,Single,kpop-gen3,https://music.youtube.com/watch?v=-Ee9LEtl7wI,https://i.ytimg.com/vi/-Ee9LEtl7wI/maxresdefault.jpg,SEVENTEEN/Single/호시 (HOSHI) 'TAKE A SHOT' Official Visualizer.mp3
Lonely Stars (Korean Ver.),SEVENTEEN,SEUNGKWAN,ASTRA : Lonely Stars,kpop-gen3,https://music.youtube.com/watch?v=EzEcvjbS7c4,https://i.ytimg.com/vi/EzEcvjbS7c4/maxresdefault.jpg,SEVENTEEN/ASTRA _ Lonely Stars/Lonely Stars (Korean Ver.).mp3
[SPECIAL VIDEO] SEVENTEEN(세븐틴) - Power of Love (KOR Ver.),SEVENTEEN,SEVENTEEN,Single,kpop-gen3,https://music.youtube.com/watch?v=jg4YB96clmw,https://i.ytimg.com/vi/jg4YB96clmw/maxresdefault.jpg,SEVENTEEN/Single/[SPECIAL VIDEO] SEVENTEEN(세븐틴) - Power of Love (KOR Ver.).mp3
[MV] Seventeen(세븐틴) _ 9-TEEN (A-TEEN2 Part.2),SEVENTEEN,1theK (원더케이),Single,kpop-gen3,https://music.youtube.com/watch?v=IezSWTlSNo4,https://i.ytimg.com/vi/IezSWTlSNo4/maxresdefault.jpg,SEVENTEEN/Single/[MV] Seventeen(세븐틴) _ 9-TEEN (A-TEEN2 Part.2).mp3
SIMPLE (SIMPLE),SEVENTEEN,SEVENTEEN,Love&Letter repackage album,kpop-gen3,https://music.youtube.com/watch?v=mS-_ZVQ_XW0,https://i.ytimg.com/vi/mS-_ZVQ_XW0/maxresdefault.jpg,SEVENTEEN/Love&Letter repackage album/SIMPLE (SIMPLE).mp3
"[방과후 태리쌤 (Curtain Up, Class) OST Part 5] 도겸 (DK) - 명장면 (Best Scene) MV",SEVENTEEN,Stone Music Entertainment,Single,kpop-gen3,https://music.youtube.com/watch?v=0XrGxq5cSr0,https://i.ytimg.com/vi/0XrGxq5cSr0/maxresdefault.jpg,"SEVENTEEN/Single/[방과후 태리쌤 (Curtain Up, Class) OST Part 5] 도겸 (DK) - 명장면 (Best Scene) MV.mp3"
Swimming Fool,SEVENTEEN,SEVENTEEN(세븐틴),SEVENTEEN 4th Mini Album ‘Al1’,kpop-gen3,https://music.youtube.com/watch?v=ODBy915P1Mg,https://i.ytimg.com/vi/ODBy915P1Mg/maxresdefault.jpg,SEVENTEEN/SEVENTEEN 4th Mini Album ‘Al1’/Swimming Fool.mp3
Go,SEVENTEEN,SEUNGKWAN,Record of Youth (Original Television Soundtrack) Pt. 1,kpop-gen3,https://music.youtube.com/watch?v=HFCGvLBCkAA,https://i.ytimg.com/vi/HFCGvLBCkAA/maxresdefault.jpg,SEVENTEEN/Record of Youth (Original Television Soundtrack) Pt. 1/Go.mp3
SEVENTEEN (세븐틴) - 쌍둥이자리 (Gemini) (JUN Solo) (Chinese Ver.),SEVENTEEN,SEVENTEEN,Single,kpop-gen3,https://music.youtube.com/watch?v=gpk2MaZQuuw,https://i.ytimg.com/vi/gpk2MaZQuuw/maxresdefault.jpg,SEVENTEEN/Single/SEVENTEEN (세븐틴) - 쌍둥이자리 (Gemini) (JUN Solo) (Chinese Ver.).mp3
ROCKET,SEVENTEEN,SEVENTEEN(세븐틴),"SEVENTEEN 2ND ALBUM 'TEEN, AGE'",kpop-gen3,https://music.youtube.com/watch?v=bx0aG5mH1bg,https://i.ytimg.com/vi/bx0aG5mH1bg/maxresdefault.jpg,"SEVENTEEN/SEVENTEEN 2ND ALBUM 'TEEN, AGE'/ROCKET.mp3"
Pit a Pat,SEVENTEEN,승관,"링크: 먹고 사랑하라, 죽이게 OST Part.4",kpop-gen3,https://music.youtube.com/watch?v=qavD1NIOTKE,https://i.ytimg.com/vi/qavD1NIOTKE/maxresdefault.jpg,"SEVENTEEN/링크_ 먹고 사랑하라, 죽이게 OST Part.4/Pit a Pat.mp3"
[MV] DK(도겸) (SEVENTEEN) _ Missed Connections(내가 먼저) (Tempted(위대한 유혹자) OST Part.3),SEVENTEEN,1theK (원더케이),Single,kpop-gen3,https://music.youtube.com/watch?v=L_OWLO7lGxM,https://i.ytimg.com/vi/L_OWLO7lGxM/maxresdefault.jpg,SEVENTEEN/Single/[MV] DK(도겸) (SEVENTEEN) _ Missed Connections(내가 먼저) (Tempted(위대한 유혹자) OST Part.3).mp3
2024 SVT 8TH FAN MEETING ‘SEVENTEEN in CARAT LAND’ RECAP,SEVENTEEN,SEVENTEEN,Single,kpop-gen3,https://music.youtube.com/watch?v=6ilKMZeXcow,https://i.ytimg.com/vi/6ilKMZeXcow/maxresdefault.jpg,SEVENTEEN/Single/2024 SVT 8TH FAN MEETING ‘SEVENTEEN in CARAT LAND’ RECAP.mp3
Goddess of Despair,SEVENTEEN,HOSHI,ASTRA : Goddess of Despair,kpop-gen3,https://music.youtube.com/watch?v=-zZkNqrfDmM,https://i.ytimg.com/vi/-zZkNqrfDmM/maxresdefault.jpg,SEVENTEEN/ASTRA _ Goddess of Despair/Goddess of Despair.mp3
[마더 OST Part 5] 승관 (SEUNGKWAN) (SEVENTEEN) - 어떤 사랑 (Kind of Love) MV,SEVENTEEN,Stone Music Entertainment,Single,kpop-gen3,https://music.youtube.com/watch?v=caZroiR3iig,https://i.ytimg.com/vi/caZroiR3iig/maxresdefault.jpg,SEVENTEEN/Single/[마더 OST Part 5] 승관 (SEUNGKWAN) (SEVENTEEN) - 어떤 사랑 (Kind of Love) MV.mp3
[MelOn Premiere Showcase] SEVENTEEN(세븐틴) _ Say Yes,SEVENTEEN,1theK (원더케이),Single,kpop-gen3,https://music.youtube.com/watch?v=ItixEhv_OqE,https://i.ytimg.com/vi/ItixEhv_OqE/maxresdefault.jpg,SEVENTEEN/Single/[MelOn Premiere Showcase] SEVENTEEN(세븐틴) _ Say Yes.mp3
OMG,SEVENTEEN,SEVENTEEN(세븐틴),SEVENTEEN 2nd Mini Album ‘BOYS BE’,kpop-gen3,https://music.youtube.com/watch?v=kIipqS4B5Dw,https://i.ytimg.com/vi/kIipqS4B5Dw/maxresdefault.jpg,SEVENTEEN/SEVENTEEN 2nd Mini Album ‘BOYS BE’/OMG.mp3
Sickness (병) (feat.PLEDIS GIRLZ),SEVENTEEN,Vernon(버논),Sickness (병  (웹툰 연애혁명 삽입곡),kpop-gen3,https://music.youtube.com/watch?v=aq-WJ4bW7ac,https://i.ytimg.com/vi/aq-WJ4bW7ac/maxresdefault.jpg,SEVENTEEN/Sickness (병  (웹툰 연애혁명 삽입곡)/Sickness (병) (feat.PLEDIS GIRLZ).mp3
[Lyrics Video] WOOZI(우지) (SEVENTEEN(세븐틴)) - Miracle,SEVENTEEN,SUPER SOUND Bugs!,Single,kpop-gen3,https://music.youtube.com/watch?v=CgZCCorcF_U,https://i.ytimg.com/vi/CgZCCorcF_U/sddefault.jpg,SEVENTEEN/Single/[Lyrics Video] WOOZI(우지) (SEVENTEEN(세븐틴)) - Miracle.mp3
Shining Diamond (Performance Team Ver.) (SHINING DIAMOND (PERFORMANCE TEAM VER.)),SEVENTEEN,SEVENTEEN,Love&Letter repackage album,kpop-gen3,https://music.youtube.com/watch?v=YnBhE6HE-fc,https://i.ytimg.com/vi/YnBhE6HE-fc/maxresdefault.jpg,SEVENTEEN/Love&Letter repackage album/Shining Diamond (Performance Team Ver.) (SHINING DIAMOND (PERFORMANCE TEAM VER.)).mp3
Lotto (feat.Don Mills) (Prod. by Gonzo) (LOTTO (FEAT.DON MILLS) (PROD. BY GONZO)),SEVENTEEN,"Vernon, Don Mills",Lotto,kpop-gen3,https://music.youtube.com/watch?v=aSE6AXUlQeY,https://i.ytimg.com/vi/aSE6AXUlQeY/maxresdefault.jpg,SEVENTEEN/Lotto/Lotto (feat.Don Mills) (Prod. by Gonzo) (LOTTO (FEAT.DON MILLS) (PROD. BY GONZO)).mp3
[Official Audio] THE 8 (디에잇) (SEVENTEEN) - 날아라! 버디프렌즈 | 거멍숲을 지켜라! 버디프렌즈 오프닝 OST,SEVENTEEN,KBS MEDIA MUSIC,Single,kpop-gen3,https://music.youtube.com/watch?v=eChAppN9fwc,https://i.ytimg.com/vi/eChAppN9fwc/maxresdefault.jpg,SEVENTEEN/Single/[Official Audio] THE 8 (디에잇) (SEVENTEEN) - 날아라! 버디프렌즈 _ 거멍숲을 지켜라! 버디프렌즈 오프닝 OST.mp3
aespa 에스파 'WDA (Whole Different Animal) (Feat. G-DRAGON)' MV,aespa,SMTOWN,Single,kpop-gen4,https://music.youtube.com/watch?v=iTJSbJtS8MU,https://i.ytimg.com/vi/iTJSbJtS8MU/maxresdefault.jpg,aespa/Single/aespa 에스파 'WDA (Whole Different Animal) (Feat. G-DRAGON)' MV.mp3
aespa 에스파 'Whiplash' MV,aespa,SMTOWN,Single,kpop-gen4,https://music.youtube.com/watch?v=jWQx2f-CErU,https://i.ytimg.com/vi/jWQx2f-CErU/maxresdefault.jpg,aespa/Single/aespa 에스파 'Whiplash' MV.mp3
aespa 에스파 'Drama' MV,aespa,SMTOWN,Single,kpop-gen4,https://music.youtube.com/watch?v=D8VEhcPeSlc,https://i.ytimg.com/vi/D8VEhcPeSlc/maxresdefault.jpg,aespa/Single/aespa 에스파 'Drama' MV.mp3
aespa 에스파 'Armageddon' MV,aespa,SMTOWN,Single,kpop-gen4,https://music.youtube.com/watch?v=nFYwcndNuOY,https://i.ytimg.com/vi/nFYwcndNuOY/maxresdefault.jpg,aespa/Single/aespa 에스파 'Armageddon' MV.mp3
aespa 에스파 'Supernova' MV,aespa,SMTOWN,Single,kpop-gen4,https://music.youtube.com/watch?v=phuiiNCxRMg,https://i.ytimg.com/vi/phuiiNCxRMg/maxresdefault.jpg,aespa/Single/aespa 에스파 'Supernova' MV.mp3
aespa 에스파 'Dirty Work' MV,aespa,SMTOWN,Single,kpop-gen4,https://music.youtube.com/watch?v=M2WTUoy4y6E,https://i.ytimg.com/vi/M2WTUoy4y6E/maxresdefault.jpg,aespa/Single/aespa 에스파 'Dirty Work' MV.mp3
aespa 에스파 'Rich Man' MV,aespa,SMTOWN,Single,kpop-gen4,https://music.youtube.com/watch?v=5oQVTnq-UKk,https://i.ytimg.com/vi/5oQVTnq-UKk/maxresdefault.jpg,aespa/Single/aespa 에스파 'Rich Man' MV.mp3
UP (KARINA Solo),aespa,aespa,SYNK : PARALLEL LINE - Special Digital Single,kpop-gen4,https://music.youtube.com/watch?v=U1_0Vc-9mNw,https://i.ytimg.com/vi/U1_0Vc-9mNw/maxresdefault.jpg,aespa/SYNK _ PARALLEL LINE - Special Digital Single/UP (KARINA Solo).mp3
aespa 에스파 'Next Level' MV,aespa,SMTOWN,Single,kpop-gen4,https://music.youtube.com/watch?v=4TWR90KJl84,https://i.ytimg.com/vi/4TWR90KJl84/maxresdefault.jpg,aespa/Single/aespa 에스파 'Next Level' MV.mp3
aespa 에스파 'Spicy' MV,aespa,SMTOWN,Single,kpop-gen4,https://music.youtube.com/watch?v=Os_heh8vPfs,https://i.ytimg.com/vi/Os_heh8vPfs/maxresdefault.jpg,aespa/Single/aespa 에스파 'Spicy' MV.mp3
aespa 에스파 'Savage' MV,aespa,SMTOWN,Single,kpop-gen4,https://music.youtube.com/watch?v=WPdWvnAAurg,https://i.ytimg.com/vi/WPdWvnAAurg/maxresdefault.jpg,aespa/Single/aespa 에스파 'Savage' MV.mp3
aespa 에스파 'Black Mamba' MV,aespa,SMTOWN,Single,kpop-gen4,https://music.youtube.com/watch?v=ZeerrnuLi5E,https://i.ytimg.com/vi/ZeerrnuLi5E/maxresdefault.jpg,aespa/Single/aespa 에스파 'Black Mamba' MV.mp3
aespa 에스파 'Girls' MV,aespa,SMTOWN,Single,kpop-gen4,https://music.youtube.com/watch?v=dYRITmpFbJ4,https://i.ytimg.com/vi/dYRITmpFbJ4/maxresdefault.jpg,aespa/Single/aespa 에스파 'Girls' MV.mp3
aespa 에스파 'Better Things' MV,aespa,SMTOWN,Single,kpop-gen4,https://music.youtube.com/watch?v=gfk3QLU1x0E,https://i.ytimg.com/vi/gfk3QLU1x0E/maxresdefault.jpg,aespa/Single/aespa 에스파 'Better Things' MV.mp3
[STATION] aespa 에스파 'Dreams Come True' MV,aespa,SMTOWN,Single,kpop-gen4,https://music.youtube.com/watch?v=H69tJmsgd9I,https://i.ytimg.com/vi/H69tJmsgd9I/maxresdefault.jpg,aespa/Single/[STATION] aespa 에스파 'Dreams Come True' MV.mp3
aespa 에스파 'Life's Too Short (English Ver.)' MV,aespa,SMTOWN,Single,kpop-gen4,https://music.youtube.com/watch?v=z2ZjutyxmjA,https://i.ytimg.com/vi/z2ZjutyxmjA/maxresdefault.jpg,aespa/Single/aespa 에스파 'Life's Too Short (English Ver.)' MV.mp3
GOOD STUFF (KARINA Solo),aespa,aespa,SYNK : aeXIS LINE - 2025 Special Digital Single,kpop-gen4,https://music.youtube.com/watch?v=hfO7veqkHns,https://i.ytimg.com/vi/hfO7veqkHns/maxresdefault.jpg,aespa/SYNK _ aeXIS LINE - 2025 Special Digital Single/GOOD STUFF (KARINA Solo).mp3
aespa エスパ 'Hot Mess' MV,aespa,SMTOWN,Single,kpop-gen4,https://music.youtube.com/watch?v=2iK3ccCsI6s,https://i.ytimg.com/vi/2iK3ccCsI6s/maxresdefault.jpg,aespa/Single/aespa エスパ 'Hot Mess' MV.mp3
aespa 에스파 'Live My Life' MV,aespa,SMTOWN,Single,kpop-gen4,https://music.youtube.com/watch?v=YEA1ROHi0Eg,https://i.ytimg.com/vi/YEA1ROHi0Eg/maxresdefault.jpg,aespa/Single/aespa 에스파 'Live My Life' MV.mp3
Spark (WINTER Solo),aespa,aespa,SYNK : PARALLEL LINE - Special Digital Single,kpop-gen4,https://music.youtube.com/watch?v=ZKnX1ewd1DA,https://i.ytimg.com/vi/ZKnX1ewd1DA/maxresdefault.jpg,aespa/SYNK _ PARALLEL LINE - Special Digital Single/Spark (WINTER Solo).mp3
aespa 에스파 'Forever (약속)' MV,aespa,SMTOWN,Single,kpop-gen4,https://music.youtube.com/watch?v=wog1R1d4zls,https://i.ytimg.com/vi/wog1R1d4zls/maxresdefault.jpg,aespa/Single/aespa 에스파 'Forever (약속)' MV.mp3
aespa 에스파 '도깨비불 (Illusion)' Lyric Video,aespa,aespa,Single,kpop-gen4,https://music.youtube.com/watch?v=BpCvYeK5hcE,https://i.ytimg.com/vi/BpCvYeK5hcE/maxresdefault.jpg,aespa/Single/aespa 에스파 '도깨비불 (Illusion)' Lyric Video.mp3
aespa 에스파 'Welcome To MY World (Feat. nævis)' MV,aespa,SMTOWN,Single,kpop-gen4,https://music.youtube.com/watch?v=0xdB_vo4r2c,https://i.ytimg.com/vi/0xdB_vo4r2c/maxresdefault.jpg,aespa/Single/aespa 에스파 'Welcome To MY World (Feat. nævis)' MV.mp3
Bored! (NINGNING Solo),aespa,aespa,SYNK : PARALLEL LINE - Special Digital Single,kpop-gen4,https://music.youtube.com/watch?v=tkfO6s64ucY,https://i.ytimg.com/vi/tkfO6s64ucY/maxresdefault.jpg,aespa/SYNK _ PARALLEL LINE - Special Digital Single/Bored! (NINGNING Solo).mp3
Dopamine (GISELLE Solo),aespa,aespa,SYNK : PARALLEL LINE - Special Digital Single,kpop-gen4,https://music.youtube.com/watch?v=hz4kvS7_iR8,https://i.ytimg.com/vi/hz4kvS7_iR8/maxresdefault.jpg,aespa/SYNK _ PARALLEL LINE - Special Digital Single/Dopamine (GISELLE Solo).mp3
aespa x PUBG 'Dark Arts' Collaboration Film,aespa,aespa,Single,kpop-gen4,https://music.youtube.com/watch?v=Mk-lWh31BK4,https://i.ytimg.com/vi/Mk-lWh31BK4/maxresdefault.jpg,aespa/Single/aespa x PUBG 'Dark Arts' Collaboration Film.mp3
aespa 'Hold On Tight' MV | Tetris Motion Picture Soundtrack,aespa,aespa,Single,kpop-gen4,https://music.youtube.com/watch?v=1XZRhrt1Tkg,https://i.ytimg.com/vi/1XZRhrt1Tkg/maxresdefault.jpg,aespa/Single/aespa 'Hold On Tight' MV _ Tetris Motion Picture Soundtrack.mp3
BLUE (WINTER Solo),aespa,aespa,SYNK : aeXIS LINE - 2025 Special Digital Single,kpop-gen4,https://music.youtube.com/watch?v=D5MtRNQBVbk,https://i.ytimg.com/vi/D5MtRNQBVbk/maxresdefault.jpg,aespa/SYNK _ aeXIS LINE - 2025 Special Digital Single/BLUE (WINTER Solo).mp3
Tornado (GISELLE Solo),aespa,aespa,SYNK : aeXIS LINE - 2025 Special Digital Single,kpop-gen4,https://music.youtube.com/watch?v=01JG_6e9P-0,https://i.ytimg.com/vi/01JG_6e9P-0/maxresdefault.jpg,aespa/SYNK _ aeXIS LINE - 2025 Special Digital Single/Tornado (GISELLE Solo).mp3
YEPPI YEPPI,aespa,aespa,Savage - The 1st Mini Album,kpop-gen4,https://music.youtube.com/watch?v=syYqQoE5Rbo,https://i.ytimg.com/vi/syYqQoE5Rbo/maxresdefault.jpg,aespa/Savage - The 1st Mini Album/YEPPI YEPPI.mp3
Red Velvet X aespa 'Beautiful Christmas' MV,aespa,SMTOWN,Single,kpop-gen4,https://music.youtube.com/watch?v=iTgcp1oDk2M,https://i.ytimg.com/vi/iTgcp1oDk2M/maxresdefault.jpg,aespa/Single/Red Velvet X aespa 'Beautiful Christmas' MV.mp3
자각몽 Lucid Dream,aespa,aespa,Savage - The 1st Mini Album,kpop-gen4,https://music.youtube.com/watch?v=5DhAts7WcPk,https://i.ytimg.com/vi/5DhAts7WcPk/maxresdefault.jpg,aespa/Savage - The 1st Mini Album/자각몽 Lucid Dream.mp3
aespa x Anderson .Paak - Keychain (FROM THE FILM K-POPS!) [Official Lyric Video],aespa,Anderson Paak,Single,kpop-gen4,https://music.youtube.com/watch?v=Ny8f5QIoL1Q,https://i.ytimg.com/vi/Ny8f5QIoL1Q/sddefault.jpg,aespa/Single/aespa x Anderson .Paak - Keychain (FROM THE FILM K-POPS!) [Official Lyric Video].mp3
Ketchup And Lemonade (NINGNING Solo),aespa,aespa,SYNK : aeXIS LINE - 2025 Special Digital Single,kpop-gen4,https://music.youtube.com/watch?v=eET3YAZp4rI,https://i.ytimg.com/vi/eET3YAZp4rI/maxresdefault.jpg,aespa/SYNK _ aeXIS LINE - 2025 Special Digital Single/Ketchup And Lemonade (NINGNING Solo).mp3
ONCE AGAIN,aespa,"WINTER, NINGNING","Our Blues, Pt. 10 (Original Television Soundtrack)",kpop-gen4,https://music.youtube.com/watch?v=TAMUtEp2a0U,https://i.ytimg.com/vi/TAMUtEp2a0U/maxresdefault.jpg,"aespa/Our Blues, Pt. 10 (Original Television Soundtrack)/ONCE AGAIN.mp3"
ICONIC,aespa,aespa,Savage - The 1st Mini Album,kpop-gen4,https://music.youtube.com/watch?v=gj-lvvYQdiU,https://i.ytimg.com/vi/gj-lvvYQdiU/maxresdefault.jpg,aespa/Savage - The 1st Mini Album/ICONIC.mp3
HUNJUNG YEONSUH,aespa,WINTER,"The Tale of Lady Ok (Original Television Soundtrack), Pt. 1",kpop-gen4,https://music.youtube.com/watch?v=N2VkGLvYUxI,https://i.ytimg.com/vi/N2VkGLvYUxI/maxresdefault.jpg,"aespa/The Tale of Lady Ok (Original Television Soundtrack), Pt. 1/HUNJUNG YEONSUH.mp3"
aespa エスパ 'Sun and Moon' Lyric Video,aespa,aespa,Single,kpop-gen4,https://music.youtube.com/watch?v=PLsEfyfJFbo,https://i.ytimg.com/vi/PLsEfyfJFbo/maxresdefault.jpg,aespa/Single/aespa エスパ 'Sun and Moon' Lyric Video.mp3
aespa 에스파 'Flowers' (Official Audio),aespa,aespa,Single,kpop-gen4,https://music.youtube.com/watch?v=EO7s8AzviQI,https://i.ytimg.com/vi/EO7s8AzviQI/maxresdefault.jpg,aespa/Single/aespa 에스파 'Flowers' (Official Audio).mp3
We Go,aespa,aespa,"Pokémon 2023 (Original TV Series Soundtrack, Korea)",kpop-gen4,https://music.youtube.com/watch?v=P0JBkd3mJ74,https://i.ytimg.com/vi/P0JBkd3mJ74/maxresdefault.jpg,"aespa/Pokémon 2023 (Original TV Series Soundtrack, Korea)/We Go.mp3"
aespa 에스파 'Long Chat (#♥)' Universe,aespa,aespa,Single,kpop-gen4,https://music.youtube.com/watch?v=USr5C0QXMVw,https://i.ytimg.com/vi/USr5C0QXMVw/maxresdefault.jpg,aespa/Single/aespa 에스파 'Long Chat (#♥)' Universe.mp3
aespa 에스파 'Kill It' (Official Audio),aespa,aespa,Single,kpop-gen4,https://music.youtube.com/watch?v=izXPTHp85q8,https://i.ytimg.com/vi/izXPTHp85q8/maxresdefault.jpg,aespa/Single/aespa 에스파 'Kill It' (Official Audio).mp3
aespa 에스파 'Drift' (Official Audio),aespa,aespa,Single,kpop-gen4,https://music.youtube.com/watch?v=QubU-i7ial0,https://i.ytimg.com/vi/QubU-i7ial0/maxresdefault.jpg,aespa/Single/aespa 에스파 'Drift' (Official Audio).mp3
aespa 에스파 'Count On Me' (Official Audio),aespa,aespa,Single,kpop-gen4,https://music.youtube.com/watch?v=VI2Juh18UbM,https://i.ytimg.com/vi/VI2Juh18UbM/maxresdefault.jpg,aespa/Single/aespa 에스파 'Count On Me' (Official Audio).mp3
[MV] WINTER(윈터) _ With You (MY DEMON(마이데몬) OST Pt. 3),aespa,1theK (원더케이),Single,kpop-gen4,https://music.youtube.com/watch?v=A8QN0RH-6d8,https://i.ytimg.com/vi/A8QN0RH-6d8/maxresdefault.jpg,aespa/Single/[MV] WINTER(윈터) _ With You (MY DEMON(마이데몬) OST Pt. 3).mp3
방예담 (BANG YEDAM) X 윈터 (WINTER of aespa) ‘Officially Cool’ Official M/V,aespa,BANG YEDAM OFFICIAL,Single,kpop-gen4,https://music.youtube.com/watch?v=GGJAfv5WIW4,https://i.ytimg.com/vi/GGJAfv5WIW4/maxresdefault.jpg,aespa/Single/방예담 (BANG YEDAM) X 윈터 (WINTER of aespa) ‘Officially Cool’ Official M_V.mp3
I'll Make You Cry,aespa,aespa,Savage - The 1st Mini Album,kpop-gen4,https://music.youtube.com/watch?v=NBunx0VMvos,https://i.ytimg.com/vi/NBunx0VMvos/maxresdefault.jpg,aespa/Savage - The 1st Mini Album/I'll Make You Cry.mp3
ICU 쉬어가도 돼,aespa,aespa,Girls - The 2nd Mini Album,kpop-gen4,https://music.youtube.com/watch?v=aGV_8CYCN3g,https://i.ytimg.com/vi/aGV_8CYCN3g/maxresdefault.jpg,aespa/Girls - The 2nd Mini Album/ICU 쉬어가도 돼.mp3
aespa 에스파 'Angel #48' (Official Audio),aespa,aespa,Single,kpop-gen4,https://music.youtube.com/watch?v=3DKIs5xvoCY,https://i.ytimg.com/vi/3DKIs5xvoCY/maxresdefault.jpg,aespa/Single/aespa 에스파 'Angel #48' (Official Audio).mp3
aespa 'BAHAMA' (Official Audio),aespa,aespa,Single,kpop-gen4,https://music.youtube.com/watch?v=44NE7bVKAYc,https://i.ytimg.com/vi/44NE7bVKAYc/maxresdefault.jpg,aespa/Single/aespa 'BAHAMA' (Official Audio).mp3
Lingo,aespa,aespa,Girls - The 2nd Mini Album,kpop-gen4,https://music.youtube.com/watch?v=rxtdwssXyOs,https://i.ytimg.com/vi/rxtdwssXyOs/maxresdefault.jpg,aespa/Girls - The 2nd Mini Album/Lingo.mp3
aespa 에스파 'Jingle Bell Rock' Lyric Video,aespa,aespa,Single,kpop-gen4,https://music.youtube.com/watch?v=HJYetAS7cVs,https://i.ytimg.com/vi/HJYetAS7cVs/maxresdefault.jpg,aespa/Single/aespa 에스파 'Jingle Bell Rock' Lyric Video.mp3
aespa 'Set The Tone' (Official Audio),aespa,aespa,Single,kpop-gen4,https://music.youtube.com/watch?v=8_4Debx0YlQ,https://i.ytimg.com/vi/8_4Debx0YlQ/maxresdefault.jpg,aespa/Single/aespa 'Set The Tone' (Official Audio).mp3
ZOOM ZOOM,aespa,aespa,Hot Mess,kpop-gen4,https://music.youtube.com/watch?v=YSEwEFuMPPM,https://i.ytimg.com/vi/YSEwEFuMPPM/maxresdefault.jpg,aespa/Hot Mess/ZOOM ZOOM.mp3
aespa 에스파 'To The Girls' (Official Audio),aespa,aespa,Single,kpop-gen4,https://music.youtube.com/watch?v=OOeh9-kViHk,https://i.ytimg.com/vi/OOeh9-kViHk/maxresdefault.jpg,aespa/Single/aespa 에스파 'To The Girls' (Official Audio).mp3
aespa 'Prologue' (Official Audio),aespa,aespa,Single,kpop-gen4,https://music.youtube.com/watch?v=P8Zd56wknlk,https://i.ytimg.com/vi/P8Zd56wknlk/maxresdefault.jpg,aespa/Single/aespa 'Prologue' (Official Audio).mp3
[언젠가는 슬기로울 전공의생활 (Resident Playbook) OST Part 3] 윈터 (WINTER) - 그런 날 (On Such a Day)  MV,aespa,Stone Music Entertainment,Single,kpop-gen4,https://music.youtube.com/watch?v=faPzDGLwD6M,https://i.ytimg.com/vi/faPzDGLwD6M/maxresdefault.jpg,aespa/Single/[언젠가는 슬기로울 전공의생활 (Resident Playbook) OST Part 3] 윈터 (WINTER) - 그런 날 (On Such a Day)  MV.mp3
"aespa 에스파 'Flights, Not Feelings' (Official Audio)",aespa,aespa,Single,kpop-gen4,https://music.youtube.com/watch?v=xBlMiqSGFps,https://i.ytimg.com/vi/xBlMiqSGFps/maxresdefault.jpg,"aespa/Single/aespa 에스파 'Flights, Not Feelings' (Official Audio).mp3"
aespa 에스파 'Pink Hoodie' (Official Audio),aespa,aespa,Single,kpop-gen4,https://music.youtube.com/watch?v=q6_CfyZgF-s,https://i.ytimg.com/vi/q6_CfyZgF-s/maxresdefault.jpg,aespa/Single/aespa 에스파 'Pink Hoodie' (Official Audio).mp3
[STATION] aespa 에스파 '시대유감 (時代遺憾) (2024 aespa Remake Ver.)' MV,aespa,SMTOWN,Single,kpop-gen4,https://music.youtube.com/watch?v=xjBY3MLdvVQ,https://i.ytimg.com/vi/xjBY3MLdvVQ/maxresdefault.jpg,aespa/Single/[STATION] aespa 에스파 '시대유감 (時代遺憾) (2024 aespa Remake Ver.)' MV.mp3
aespa 'Mine' (Official Audio),aespa,aespa,Single,kpop-gen4,https://music.youtube.com/watch?v=SguQN1R1Ojs,https://i.ytimg.com/vi/SguQN1R1Ojs/maxresdefault.jpg,aespa/Single/aespa 'Mine' (Official Audio).mp3
aespa '목소리 (Melody)' (Official Audio),aespa,aespa,Single,kpop-gen4,https://music.youtube.com/watch?v=IdxYqQloU4w,https://i.ytimg.com/vi/IdxYqQloU4w/maxresdefault.jpg,aespa/Single/aespa '목소리 (Melody)' (Official Audio).mp3
[MV] WINTER(윈터) _ Voyage(항해) (CASTAWAY DIVA(무인도의 디바) OST Part.8),aespa,1theK (원더케이),Single,kpop-gen4,https://music.youtube.com/watch?v=Z4dxNF7NfWk,https://i.ytimg.com/vi/Z4dxNF7NfWk/maxresdefault.jpg,aespa/Single/[MV] WINTER(윈터) _ Voyage(항해) (CASTAWAY DIVA(무인도의 디바) OST Part.8).mp3
aespa 에스파 'Bubble' (Official Audio),aespa,aespa,Single,kpop-gen4,https://music.youtube.com/watch?v=yzcqGyMxj2s,https://i.ytimg.com/vi/yzcqGyMxj2s/maxresdefault.jpg,aespa/Single/aespa 에스파 'Bubble' (Official Audio).mp3
Die Trying,aespa,"aespa, TOKiMONSTA",Die Trying,kpop-gen4,https://music.youtube.com/watch?v=u197XXtcdGg,https://i.ytimg.com/vi/u197XXtcdGg/maxresdefault.jpg,aespa/Die Trying/Die Trying.mp3
aespa 'Trick or Trick' (Official Audio),aespa,aespa,Single,kpop-gen4,https://music.youtube.com/watch?v=AvzoFZsShKg,https://i.ytimg.com/vi/AvzoFZsShKg/maxresdefault.jpg,aespa/Single/aespa 'Trick or Trick' (Official Audio).mp3
aespa 'You' (Official Audio),aespa,aespa,Single,kpop-gen4,https://music.youtube.com/watch?v=ug6y1mQbr8s,https://i.ytimg.com/vi/ug6y1mQbr8s/maxresdefault.jpg,aespa/Single/aespa 'You' (Official Audio).mp3
aespa 'Licorice' (Official Audio),aespa,aespa,Single,kpop-gen4,https://music.youtube.com/watch?v=Xf4RqFYUpAU,https://i.ytimg.com/vi/Xf4RqFYUpAU/maxresdefault.jpg,aespa/Single/aespa 'Licorice' (Official Audio).mp3
aespa 'Hot Air Balloon' (Official Audio),aespa,aespa,Single,kpop-gen4,https://music.youtube.com/watch?v=Rbn56x39OLs,https://i.ytimg.com/vi/Rbn56x39OLs/maxresdefault.jpg,aespa/Single/aespa 'Hot Air Balloon' (Official Audio).mp3
2023 aespa 1st Concert ‘SYNK : HYPER LINE’ Recap Video,aespa,aespa,Single,kpop-gen4,https://music.youtube.com/watch?v=iirh6qh16l0,https://i.ytimg.com/vi/iirh6qh16l0/maxresdefault.jpg,aespa/Single/2023 aespa 1st Concert ‘SYNK _ HYPER LINE’ Recap Video.mp3
aespa 'YOLO' (Official Audio),aespa,aespa,Single,kpop-gen4,https://music.youtube.com/watch?v=SsW6Jkf4jQQ,https://i.ytimg.com/vi/SsW6Jkf4jQQ/maxresdefault.jpg,aespa/Single/aespa 'YOLO' (Official Audio).mp3
Better Things (Tropkillaz Remix),aespa,aespa,Better Things,kpop-gen4,https://music.youtube.com/watch?v=Ydtif2phE_g,https://i.ytimg.com/vi/Ydtif2phE_g/maxresdefault.jpg,aespa/Better Things/Better Things (Tropkillaz Remix).mp3
[야한(夜限) 사진관 OST Part 1] 닝닝 (NINGNING) - Count On Me MV,aespa,Stone Music Entertainment,Single,kpop-gen4,https://music.youtube.com/watch?v=sihjz9TcbW8,https://i.ytimg.com/vi/sihjz9TcbW8/maxresdefault.jpg,aespa/Single/[야한(夜限) 사진관 OST Part 1] 닝닝 (NINGNING) - Count On Me MV.mp3
aespa 에스파 'Spicy (Nitepunk Remix)' MV,aespa,SMTOWN,Single,kpop-gen4,https://music.youtube.com/watch?v=dn-fzIgHkg0,https://i.ytimg.com/vi/dn-fzIgHkg0/maxresdefault.jpg,aespa/Single/aespa 에스파 'Spicy (Nitepunk Remix)' MV.mp3
Better Things (Dance Remix),aespa,aespa,Better Things,kpop-gen4,https://music.youtube.com/watch?v=7x629XNDShY,https://i.ytimg.com/vi/7x629XNDShY/maxresdefault.jpg,aespa/Better Things/Better Things (Dance Remix).mp3
NewJeans (뉴진스) 'OMG' Official MV,NewJeans,HYBE LABELS,Single,kpop-gen4,https://music.youtube.com/watch?v=_ZAgIHmHLdc,https://i.ytimg.com/vi/_ZAgIHmHLdc/maxresdefault.jpg,NewJeans/Single/NewJeans (뉴진스) 'OMG' Official MV.mp3
NewJeans (뉴진스) 'Ditto' Performance Video,NewJeans,NewJeans,Single,kpop-gen4,https://music.youtube.com/watch?v=Km71Rr9K-Bw,https://i.ytimg.com/vi/Km71Rr9K-Bw/maxresdefault.jpg,NewJeans/Single/NewJeans (뉴진스) 'Ditto' Performance Video.mp3
NewJeans (뉴진스) 'Hype Boy' Official MV (MINJI ver.),NewJeans,HYBE LABELS,Single,kpop-gen4,https://music.youtube.com/watch?v=Rrf8uQFvICE,https://i.ytimg.com/vi/Rrf8uQFvICE/maxresdefault.jpg,NewJeans/Single/NewJeans (뉴진스) 'Hype Boy' Official MV (MINJI ver.).mp3
NewJeans (뉴진스) ‘Supernatural’ Official MV (Part.1),NewJeans,HYBE LABELS,Single,kpop-gen4,https://music.youtube.com/watch?v=ZncbtRo7RXs,https://i.ytimg.com/vi/ZncbtRo7RXs/maxresdefault.jpg,NewJeans/Single/NewJeans (뉴진스) ‘Supernatural’ Official MV (Part.1).mp3
New Jeans,NewJeans,NewJeans,NewJeans 'Super Shy',kpop-gen4,https://music.youtube.com/watch?v=vyqcKf0ilNY,https://i.ytimg.com/vi/vyqcKf0ilNY/maxresdefault.jpg,NewJeans/NewJeans 'Super Shy'/New Jeans.mp3
NewJeans (뉴진스) 'Super Shy' Official MV,NewJeans,HYBE LABELS,Single,kpop-gen4,https://music.youtube.com/watch?v=ArmDp-zijuc,https://i.ytimg.com/vi/ArmDp-zijuc/maxresdefault.jpg,NewJeans/Single/NewJeans (뉴진스) 'Super Shy' Official MV.mp3
GODS ft. NewJeans (뉴진스) (Official Music Video) | Worlds 2023 Anthem - League of Legends,NewJeans,League of Legends,Single,kpop-gen4,https://music.youtube.com/watch?v=C3GouGa0noM,https://i.ytimg.com/vi/C3GouGa0noM/maxresdefault.jpg,NewJeans/Single/GODS ft. NewJeans (뉴진스) (Official Music Video) _ Worlds 2023 Anthem - League of Legends.mp3
NewJeans (뉴진스) 'ETA' Official MV,NewJeans,HYBE LABELS,Single,kpop-gen4,https://music.youtube.com/watch?v=jOTfBlKSQYY,https://i.ytimg.com/vi/jOTfBlKSQYY/maxresdefault.jpg,NewJeans/Single/NewJeans (뉴진스) 'ETA' Official MV.mp3
NewJeans (뉴진스) 'Bubble Gum' Official MV,NewJeans,HYBE LABELS,Single,kpop-gen4,https://music.youtube.com/watch?v=ft70sAYrFyY,https://i.ytimg.com/vi/ft70sAYrFyY/maxresdefault.jpg,NewJeans/Single/NewJeans (뉴진스) 'Bubble Gum' Official MV.mp3
NewJeans (뉴진스) 'How Sweet' Official MV,NewJeans,HYBE LABELS,Single,kpop-gen4,https://music.youtube.com/watch?v=Q3K0TOvTOno,https://i.ytimg.com/vi/Q3K0TOvTOno/maxresdefault.jpg,NewJeans/Single/NewJeans (뉴진스) 'How Sweet' Official MV.mp3
NewJeans (뉴진스) 'Cookie' Official MV,NewJeans,HYBE LABELS,Single,kpop-gen4,https://music.youtube.com/watch?v=VOmIplFAGeg,https://i.ytimg.com/vi/VOmIplFAGeg/maxresdefault.jpg,NewJeans/Single/NewJeans (뉴진스) 'Cookie' Official MV.mp3
NewJeans (뉴진스) 'Attention' Official MV,NewJeans,HYBE LABELS,Single,kpop-gen4,https://music.youtube.com/watch?v=js1CtxSY38I,https://i.ytimg.com/vi/js1CtxSY38I/maxresdefault.jpg,NewJeans/Single/NewJeans (뉴진스) 'Attention' Official MV.mp3
NewJeans (뉴진스) 'Right Now' Official MV,NewJeans,HYBE LABELS,Single,kpop-gen4,https://music.youtube.com/watch?v=m6pTbEz4w3o,https://i.ytimg.com/vi/m6pTbEz4w3o/maxresdefault.jpg,NewJeans/Single/NewJeans (뉴진스) 'Right Now' Official MV.mp3
NewJeans (뉴진스) 'ASAP' Official MV,NewJeans,HYBE LABELS,Single,kpop-gen4,https://music.youtube.com/watch?v=dJdqn5v4Dkw,https://i.ytimg.com/vi/dJdqn5v4Dkw/maxresdefault.jpg,NewJeans/Single/NewJeans (뉴진스) 'ASAP' Official MV.mp3
Get Up,NewJeans,NewJeans,NewJeans 2nd EP 'Get Up',kpop-gen4,https://music.youtube.com/watch?v=SXM1q0CTfew,https://i.ytimg.com/vi/SXM1q0CTfew/maxresdefault.jpg,NewJeans/NewJeans 2nd EP 'Get Up'/Get Up.mp3
NewJeans (뉴진스) 'Zero' Official MV,NewJeans,NewJeans,Single,kpop-gen4,https://music.youtube.com/watch?v=XIOoqJyx8E4,https://i.ytimg.com/vi/XIOoqJyx8E4/maxresdefault.jpg,NewJeans/Single/NewJeans (뉴진스) 'Zero' Official MV.mp3
Our Night is more beautiful than your Day (우리의 밤은 당신의 낮보다 아름답다),NewJeans,"NewJeans, 250, Bae Young Joon, Bae Young Joon",NewJeans X MY DEMON,kpop-gen4,https://music.youtube.com/watch?v=AmzIk-4Fj2s,https://i.ytimg.com/vi/AmzIk-4Fj2s/maxresdefault.jpg,NewJeans/NewJeans X MY DEMON/Our Night is more beautiful than your Day (우리의 밤은 당신의 낮보다 아름답다).mp3
Attention – 250 Remix,NewJeans,NewJeans,NJWMX,kpop-gen4,https://music.youtube.com/watch?v=gIwcxYidIA8,https://i.ytimg.com/vi/gIwcxYidIA8/maxresdefault.jpg,NewJeans/NJWMX/Attention – 250 Remix.mp3
Ditto – 250 Remix,NewJeans,NewJeans,NJWMX,kpop-gen4,https://music.youtube.com/watch?v=Dk9L4P1qP2g,https://i.ytimg.com/vi/Dk9L4P1qP2g/maxresdefault.jpg,NewJeans/NJWMX/Ditto – 250 Remix.mp3
Beautiful Restriction,NewJeans,NewJeans,A Time Called You (Music from The Netflix Series),kpop-gen4,https://music.youtube.com/watch?v=BEi3tU61ixc,https://i.ytimg.com/vi/BEi3tU61ixc/maxresdefault.jpg,NewJeans/A Time Called You (Music from The Netflix Series)/Beautiful Restriction.mp3
OMG – FRNK Remix,NewJeans,NewJeans,NJWMX,kpop-gen4,https://music.youtube.com/watch?v=MEAfAviN1Ms,https://i.ytimg.com/vi/MEAfAviN1Ms/maxresdefault.jpg,NewJeans/NJWMX/OMG – FRNK Remix.mp3
NewJeans(뉴진스) 'Hurt' Special Video,NewJeans,NewJeans,Single,kpop-gen4,https://music.youtube.com/watch?v=-L7eMf6Yf84,https://i.ytimg.com/vi/-L7eMf6Yf84/maxresdefault.jpg,NewJeans/Single/NewJeans(뉴진스) 'Hurt' Special Video.mp3
Hype Boy – 250 Remix,NewJeans,NewJeans,NJWMX,kpop-gen4,https://music.youtube.com/watch?v=zfCXPtfCNkU,https://i.ytimg.com/vi/zfCXPtfCNkU/maxresdefault.jpg,NewJeans/NJWMX/Hype Boy – 250 Remix.mp3
Cookie – FRNK Remix,NewJeans,NewJeans,NJWMX,kpop-gen4,https://music.youtube.com/watch?v=Tca6jgfhn4A,https://i.ytimg.com/vi/Tca6jgfhn4A/maxresdefault.jpg,NewJeans/NJWMX/Cookie – FRNK Remix.mp3
NewJeans (뉴진스) 'Cool With You' Dance Practice,NewJeans,NewJeans,Single,kpop-gen4,https://music.youtube.com/watch?v=R-Vflly99ZM,https://i.ytimg.com/vi/R-Vflly99ZM/maxresdefault.jpg,NewJeans/Single/NewJeans (뉴진스) 'Cool With You' Dance Practice.mp3
"Jon Batiste - Be Who You Are (Visualizer) ft. JID, NewJeans, Camilo",NewJeans,Jon Batiste,Single,kpop-gen4,https://music.youtube.com/watch?v=DnXOELz-q0M,https://i.ytimg.com/vi/DnXOELz-q0M/maxresdefault.jpg,"NewJeans/Single/Jon Batiste - Be Who You Are (Visualizer) ft. JID, NewJeans, Camilo.mp3"
IVE 아이브 'BLACKHOLE' MV,IVE,STARSHIP,Single,kpop-gen4,https://music.youtube.com/watch?v=1Lmy7qwmSMc,https://i.ytimg.com/vi/1Lmy7qwmSMc/maxresdefault.jpg,IVE/Single/IVE 아이브 'BLACKHOLE' MV.mp3
IVE 아이브 'BANG BANG' MV,IVE,STARSHIP,Single,kpop-gen4,https://music.youtube.com/watch?v=9qkpcLK422o,https://i.ytimg.com/vi/9qkpcLK422o/maxresdefault.jpg,IVE/Single/IVE 아이브 'BANG BANG' MV.mp3
IVE 아이브 'I AM' MV,IVE,STARSHIP,Single,kpop-gen4,https://music.youtube.com/watch?v=6ZUIwj3FgUY,https://i.ytimg.com/vi/6ZUIwj3FgUY/maxresdefault.jpg,IVE/Single/IVE 아이브 'I AM' MV.mp3
IVE 아이브 ‘XOXZ’ MV,IVE,STARSHIP,Single,kpop-gen4,https://music.youtube.com/watch?v=B1ShLiq3EVc,https://i.ytimg.com/vi/B1ShLiq3EVc/maxresdefault.jpg,IVE/Single/IVE 아이브 ‘XOXZ’ MV.mp3
IVE 아이브 'REBEL HEART' MV,IVE,STARSHIP,Single,kpop-gen4,https://music.youtube.com/watch?v=g36q0ZLvygQ,https://i.ytimg.com/vi/g36q0ZLvygQ/maxresdefault.jpg,IVE/Single/IVE 아이브 'REBEL HEART' MV.mp3
IVE 아이브 'After LIKE' MV,IVE,STARSHIP,Single,kpop-gen4,https://music.youtube.com/watch?v=F0B7HDiY-10,https://i.ytimg.com/vi/F0B7HDiY-10/maxresdefault.jpg,IVE/Single/IVE 아이브 'After LIKE' MV.mp3
IVE 아이브 'LOVE DIVE' MV,IVE,STARSHIP,Single,kpop-gen4,https://music.youtube.com/watch?v=Y8JFxS1HlDo,https://i.ytimg.com/vi/Y8JFxS1HlDo/maxresdefault.jpg,IVE/Single/IVE 아이브 'LOVE DIVE' MV.mp3
IVE 아이브 '해야 (HEYA)' MV,IVE,STARSHIP,Single,kpop-gen4,https://music.youtube.com/watch?v=07EzMbVH3QE,https://i.ytimg.com/vi/07EzMbVH3QE/maxresdefault.jpg,IVE/Single/IVE 아이브 '해야 (HEYA)' MV.mp3
IVE 아이브 'Kitsch' MV,IVE,STARSHIP,Single,kpop-gen4,https://music.youtube.com/watch?v=pG6iaOMV46I,https://i.ytimg.com/vi/pG6iaOMV46I/maxresdefault.jpg,IVE/Single/IVE 아이브 'Kitsch' MV.mp3
IVE 아이브 'ATTITUDE' MV,IVE,STARSHIP,Single,kpop-gen4,https://music.youtube.com/watch?v=38xYeot-ciM,https://i.ytimg.com/vi/38xYeot-ciM/maxresdefault.jpg,IVE/Single/IVE 아이브 'ATTITUDE' MV.mp3
IVE 아이브 'Accendio' MV,IVE,STARSHIP,Single,kpop-gen4,https://music.youtube.com/watch?v=PGLx4V680J8,https://i.ytimg.com/vi/PGLx4V680J8/maxresdefault.jpg,IVE/Single/IVE 아이브 'Accendio' MV.mp3
IVE 아이브 'Baddie' MV,IVE,STARSHIP,Single,kpop-gen4,https://music.youtube.com/watch?v=Da4P2uT4mVc,https://i.ytimg.com/vi/Da4P2uT4mVc/maxresdefault.jpg,IVE/Single/IVE 아이브 'Baddie' MV.mp3
IVE 아이브 'Off The Record' MV,IVE,STARSHIP,Single,kpop-gen4,https://music.youtube.com/watch?v=_ApV7Lm87cg,https://i.ytimg.com/vi/_ApV7Lm87cg/maxresdefault.jpg,IVE/Single/IVE 아이브 'Off The Record' MV.mp3
IVE - FLU | Live From Vevo Studios,IVE,IVE,Single,kpop-gen4,https://music.youtube.com/watch?v=GG932qvVzko,https://i.ytimg.com/vi/GG932qvVzko/maxresdefault.jpg,IVE/Single/IVE - FLU _ Live From Vevo Studios.mp3
IVE 아이브 'I WANT' MV,IVE,STARSHIP,Single,kpop-gen4,https://music.youtube.com/watch?v=okVTSehE414,https://i.ytimg.com/vi/okVTSehE414/maxresdefault.jpg,IVE/Single/IVE 아이브 'I WANT' MV.mp3
IVE 아이브 'Either Way’ MV,IVE,STARSHIP,Single,kpop-gen4,https://music.youtube.com/watch?v=_Hu4GYtye5U,https://i.ytimg.com/vi/_Hu4GYtye5U/maxresdefault.jpg,IVE/Single/IVE 아이브 'Either Way’ MV.mp3
IVE 아이브 GAEUL 가을 'Odd' PERFORMANCE VIDEO,IVE,IVE,Single,kpop-gen4,https://music.youtube.com/watch?v=3-l7rpY1Fp0,https://i.ytimg.com/vi/3-l7rpY1Fp0/maxresdefault.jpg,IVE/Single/IVE 아이브 GAEUL 가을 'Odd' PERFORMANCE VIDEO.mp3
IVE 아이브 'WAVE' MV,IVE,Sony Music Japan,Single,kpop-gen4,https://music.youtube.com/watch?v=qD1kP_nJU3o,https://i.ytimg.com/vi/qD1kP_nJU3o/maxresdefault.jpg,IVE/Single/IVE 아이브 'WAVE' MV.mp3
"IVE, David Guetta - Supernova Love Official Music Video",IVE,IVE,Single,kpop-gen4,https://music.youtube.com/watch?v=fyk6vjwI3wc,https://i.ytimg.com/vi/fyk6vjwI3wc/maxresdefault.jpg,"IVE/Single/IVE, David Guetta - Supernova Love Official Music Video.mp3"
IVE 아이브 'All Night (Feat. Saweetie)' Official Music Video,IVE,IVE,Single,kpop-gen4,https://music.youtube.com/watch?v=xU8mQMLx0tk,https://i.ytimg.com/vi/xU8mQMLx0tk/maxresdefault.jpg,IVE/Single/IVE 아이브 'All Night (Feat. Saweetie)' Official Music Video.mp3
IVE 아이브 'SUMMER FESTA' MV,IVE,STARSHIP,Single,kpop-gen4,https://music.youtube.com/watch?v=9adnWMIVHQ0,https://i.ytimg.com/vi/9adnWMIVHQ0/maxresdefault.jpg,IVE/Single/IVE 아이브 'SUMMER FESTA' MV.mp3
IVE 아이브 'CRUSH' MV,IVE,Sony Music Japan,Single,kpop-gen4,https://music.youtube.com/watch?v=D-geLVTaBAo,https://i.ytimg.com/vi/D-geLVTaBAo/maxresdefault.jpg,IVE/Single/IVE 아이브 'CRUSH' MV.mp3
IVE 'ELEVEN -Japanese ver.-'Music Video,IVE,Sony Music Japan,Single,kpop-gen4,https://music.youtube.com/watch?v=XfEZzUtdINI,https://i.ytimg.com/vi/XfEZzUtdINI/maxresdefault.jpg,IVE/Single/IVE 'ELEVEN -Japanese ver.-'Music Video.mp3
07. 8 (JANGWONYOUNG Solo),IVE,IVE,Single,kpop-gen4,https://music.youtube.com/watch?v=bMD-HsRZe84,https://i.ytimg.com/vi/bMD-HsRZe84/maxresdefault.jpg,IVE/Single/07. 8 (JANGWONYOUNG Solo).mp3
Princess Catch! Teenieping,IVE,LIZ,Princess Catch! Teenieping,kpop-gen4,https://music.youtube.com/watch?v=mKYjFss_Tx8,https://i.ytimg.com/vi/mKYjFss_Tx8/maxresdefault.jpg,IVE/Princess Catch! Teenieping/Princess Catch! Teenieping.mp3
11. In Your Heart (REI Solo),IVE,IVE,Single,kpop-gen4,https://music.youtube.com/watch?v=t2A9IOw61qs,https://i.ytimg.com/vi/t2A9IOw61qs/maxresdefault.jpg,IVE/Single/11. In Your Heart (REI Solo).mp3
05. Fireworks,IVE,IVE,Single,kpop-gen4,https://music.youtube.com/watch?v=Wy3B943wKSA,https://i.ytimg.com/vi/Wy3B943wKSA/maxresdefault.jpg,IVE/Single/05. Fireworks.mp3
[Special Clip] IVE 'TKO' @3rd FAN CONCERT 'IVE SCOUT',IVE,IVE,Single,kpop-gen4,https://music.youtube.com/watch?v=SA9NQBLALlo,https://i.ytimg.com/vi/SA9NQBLALlo/maxresdefault.jpg,IVE/Single/[Special Clip] IVE 'TKO' @3rd FAN CONCERT 'IVE SCOUT'.mp3
12. Force (ANYUJIN Solo),IVE,IVE,Single,kpop-gen4,https://music.youtube.com/watch?v=hAAyUPIlBzg,https://i.ytimg.com/vi/hAAyUPIlBzg/maxresdefault.jpg,IVE/Single/12. Force (ANYUJIN Solo).mp3
10. Unreal (LIZ Solo),IVE,IVE,Single,kpop-gen4,https://music.youtube.com/watch?v=jJt7qpdPRzY,https://i.ytimg.com/vi/jJt7qpdPRzY/maxresdefault.jpg,IVE/Single/10. Unreal (LIZ Solo).mp3
"First Snow, That Day",IVE,LIZ (IVE),"First Snow, That Day (from Sold Out On You (Original Soundtrack) part 1)",kpop-gen4,https://music.youtube.com/watch?v=nD08BQ-T80k,https://i.ytimg.com/vi/nD08BQ-T80k/maxresdefault.jpg,"IVE/First Snow, That Day (from Sold Out On You (Original Soundtrack) part 1)/First Snow, That Day.mp3"
01. Blue Blood,IVE,IVE,Single,kpop-gen4,https://music.youtube.com/watch?v=8ZcfwNisYso,https://i.ytimg.com/vi/8ZcfwNisYso/maxresdefault.jpg,IVE/Single/01. Blue Blood.mp3
03. 숨바꼭질 (Hush),IVE,IVE,Single,kpop-gen4,https://music.youtube.com/watch?v=ZV69O5E4eTo,https://i.ytimg.com/vi/ZV69O5E4eTo/maxresdefault.jpg,IVE/Single/03. 숨바꼭질 (Hush).mp3
06. HOT COFFEE,IVE,IVE,Single,kpop-gen4,https://music.youtube.com/watch?v=_l3TiEoPooo,https://i.ytimg.com/vi/_l3TiEoPooo/maxresdefault.jpg,IVE/Single/06. HOT COFFEE.mp3
ROYAL,IVE,IVE,Single,kpop-gen4,https://music.youtube.com/watch?v=pXbugSyo0tI,https://i.ytimg.com/vi/pXbugSyo0tI/maxresdefault.jpg,IVE/Single/ROYAL.mp3
04. Lips,IVE,IVE,Single,kpop-gen4,https://music.youtube.com/watch?v=1L1F7mqOzvU,https://i.ytimg.com/vi/1L1F7mqOzvU/maxresdefault.jpg,IVE/Single/04. Lips.mp3
09. Super ICY (LEESEO Solo),IVE,IVE,Single,kpop-gen4,https://music.youtube.com/watch?v=iUQ1sk_uFXI,https://i.ytimg.com/vi/iUQ1sk_uFXI/maxresdefault.jpg,IVE/Single/09. Super ICY (LEESEO Solo).mp3
My Satisfaction,IVE,IVE,Single,kpop-gen4,https://music.youtube.com/watch?v=K_ONXvktaIY,https://i.ytimg.com/vi/K_ONXvktaIY/maxresdefault.jpg,IVE/Single/My Satisfaction.mp3
04. 악성코드 (Stuck In Your Head),IVE,IVE,Single,kpop-gen4,https://music.youtube.com/watch?v=HnC-HfXEHmk,https://i.ytimg.com/vi/HnC-HfXEHmk/maxresdefault.jpg,IVE/Single/04. 악성코드 (Stuck In Your Head).mp3
04. IVE - Holy Moly,IVE,IVE,Single,kpop-gen4,https://music.youtube.com/watch?v=7OqvPEXQWN4,https://i.ytimg.com/vi/7OqvPEXQWN4/maxresdefault.jpg,IVE/Single/04. IVE - Holy Moly.mp3
05. IVE - OTT,IVE,IVE,Single,kpop-gen4,https://music.youtube.com/watch?v=L9qf7tn0NVw,https://i.ytimg.com/vi/L9qf7tn0NVw/maxresdefault.jpg,IVE/Single/05. IVE - OTT.mp3
[MV] ANYUJIN(안유진) (IVE) _ Dreaming,IVE,1theK (원더케이),Single,kpop-gen4,https://music.youtube.com/watch?v=29mWa8xObzk,https://i.ytimg.com/vi/29mWa8xObzk/maxresdefault.jpg,IVE/Single/[MV] ANYUJIN(안유진) (IVE) _ Dreaming.mp3
07. 섬찟 (Hypnosis),IVE,IVE,Single,kpop-gen4,https://music.youtube.com/watch?v=27Tvv1JE3QU,https://i.ytimg.com/vi/27Tvv1JE3QU/maxresdefault.jpg,IVE/Single/07. 섬찟 (Hypnosis).mp3
04. GOTCHA (Baddest Eros),IVE,IVE,Single,kpop-gen4,https://music.youtube.com/watch?v=psXDk1VjfAo,https://i.ytimg.com/vi/psXDk1VjfAo/maxresdefault.jpg,IVE/Single/04. GOTCHA (Baddest Eros).mp3
MAY LILY,IVE,LEESEO,I'm the Queen in This Life (Original Soundtrack) Part.1,kpop-gen4,https://music.youtube.com/watch?v=wKWegh0bHR8,https://i.ytimg.com/vi/wKWegh0bHR8/maxresdefault.jpg,IVE/I'm the Queen in This Life (Original Soundtrack) Part.1/MAY LILY.mp3
06. Mine,IVE,IVE,Single,kpop-gen4,https://music.youtube.com/watch?v=ZlJNkflJjA4,https://i.ytimg.com/vi/ZlJNkflJjA4/maxresdefault.jpg,IVE/Single/06. Mine.mp3
02 . Wild Bird,IVE,IVE,Single,kpop-gen4,https://music.youtube.com/watch?v=CGR--NflDI8,https://i.ytimg.com/vi/CGR--NflDI8/maxresdefault.jpg,IVE/Single/02 . Wild Bird.mp3
Take It,IVE,IVE,Single,kpop-gen4,https://music.youtube.com/watch?v=4pjWi5POJvI,https://i.ytimg.com/vi/4pjWi5POJvI/maxresdefault.jpg,IVE/Single/Take It.mp3
05. IVE - WOW,IVE,IVE,Single,kpop-gen4,https://music.youtube.com/watch?v=LdZaNsAmOC8,https://i.ytimg.com/vi/LdZaNsAmOC8/maxresdefault.jpg,IVE/Single/05. IVE - WOW.mp3
"03. Dear, My Feelings",IVE,IVE,Single,kpop-gen4,https://music.youtube.com/watch?v=Mlfce17QpPs,https://i.ytimg.com/vi/Mlfce17QpPs/maxresdefault.jpg,"IVE/Single/03. Dear, My Feelings.mp3"
04. IVE - Ice Queen,IVE,IVE,Single,kpop-gen4,https://music.youtube.com/watch?v=vUR8XCk2WDw,https://i.ytimg.com/vi/vUR8XCk2WDw/maxresdefault.jpg,IVE/Single/04. IVE - Ice Queen.mp3
06. Midnight Kiss,IVE,IVE,Single,kpop-gen4,https://music.youtube.com/watch?v=7G6ouYSy3gc,https://i.ytimg.com/vi/7G6ouYSy3gc/maxresdefault.jpg,IVE/Single/06. Midnight Kiss.mp3
03. IVE - BlueHeart,IVE,IVE,Single,kpop-gen4,https://music.youtube.com/watch?v=nSBNlRiEa0Q,https://i.ytimg.com/vi/nSBNlRiEa0Q/maxresdefault.jpg,IVE/Single/03. IVE - BlueHeart.mp3
11. Shine With Me,IVE,IVE,Single,kpop-gen4,https://music.youtube.com/watch?v=DriF-yior0k,https://i.ytimg.com/vi/DriF-yior0k/maxresdefault.jpg,IVE/Single/11. Shine With Me.mp3
10. Cherish,IVE,IVE,Single,kpop-gen4,https://music.youtube.com/watch?v=gIZ2-QD0NFI,https://i.ytimg.com/vi/gIZ2-QD0NFI/maxresdefault.jpg,IVE/Single/10. Cherish.mp3
IVE 아이브 💌 삐빅 (♥beats)  To. DIVE,IVE,IVE,Single,kpop-gen4,https://music.youtube.com/watch?v=onDytIpS2S4,https://i.ytimg.com/vi/onDytIpS2S4/maxresdefault.jpg,IVE/Single/IVE 아이브 💌 삐빅 (♥beats)  To. DIVE.mp3
[언젠가는 슬기로울 전공의생활 (Resident Playbook) OST Part 2] 안유진 (IVE) - Sunny Day MV,IVE,Stone Music Entertainment,Single,kpop-gen4,https://music.youtube.com/watch?v=s0jkEgYXSjo,https://i.ytimg.com/vi/s0jkEgYXSjo/maxresdefault.jpg,IVE/Single/[언젠가는 슬기로울 전공의생활 (Resident Playbook) OST Part 2] 안유진 (IVE) - Sunny Day MV.mp3
Will -Korean version-,IVE,IVE,Will -Korean version-,kpop-gen4,https://music.youtube.com/watch?v=uwSeLW_JvwE,https://i.ytimg.com/vi/uwSeLW_JvwE/maxresdefault.jpg,IVE/Will -Korean version-/Will -Korean version-.mp3
03. You Wanna Cry,IVE,IVE,Single,kpop-gen4,https://music.youtube.com/watch?v=r8W2bjPcX_Q,https://i.ytimg.com/vi/r8W2bjPcX_Q/maxresdefault.jpg,IVE/Single/03. You Wanna Cry.mp3
IVE 아이브 'NOT YOUR GIRL' Special Clip,IVE,IVE,Single,kpop-gen4,https://music.youtube.com/watch?v=Jt7lcS77pto,https://i.ytimg.com/vi/Jt7lcS77pto/maxresdefault.jpg,IVE/Single/IVE 아이브 'NOT YOUR GIRL' Special Clip.mp3
04. Thank U,IVE,IVE,Single,kpop-gen4,https://music.youtube.com/watch?v=C10tc9qJs2s,https://i.ytimg.com/vi/C10tc9qJs2s/maxresdefault.jpg,IVE/Single/04. Thank U.mp3
06. IVE - Payback,IVE,IVE,Single,kpop-gen4,https://music.youtube.com/watch?v=IXFJWVBc9mQ,https://i.ytimg.com/vi/IXFJWVBc9mQ/maxresdefault.jpg,IVE/Single/06. IVE - Payback.mp3
Queen of Hearts,IVE,IVE,ELEVEN -Japanese version-,kpop-gen4,https://music.youtube.com/watch?v=DL2QxnHTnDI,https://i.ytimg.com/vi/DL2QxnHTnDI/maxresdefault.jpg,IVE/ELEVEN -Japanese version-/Queen of Hearts.mp3
09. 궁금해 (Next Page),IVE,IVE,Single,kpop-gen4,https://music.youtube.com/watch?v=aEozUW0fVww,https://i.ytimg.com/vi/aEozUW0fVww/maxresdefault.jpg,IVE/Single/09. 궁금해 (Next Page).mp3
05. Heroine,IVE,IVE,Single,kpop-gen4,https://music.youtube.com/watch?v=PfWBbPV2Sos,https://i.ytimg.com/vi/PfWBbPV2Sos/maxresdefault.jpg,IVE/Single/05. Heroine.mp3
06. IVE - RESET,IVE,IVE,Single,kpop-gen4,https://music.youtube.com/watch?v=82fiBG45e28,https://i.ytimg.com/vi/82fiBG45e28/maxresdefault.jpg,IVE/Single/06. IVE - RESET.mp3
[Live] 리즈 (IVE) - Summer / Official Live Video,IVE,SEOUL MUSIC / 서울뮤직,Single,kpop-gen4,https://music.youtube.com/watch?v=7bdAAfLIroU,https://i.ytimg.com/vi/7bdAAfLIroU/maxresdefault.jpg,IVE/Single/[Live] 리즈 (IVE) - Summer _ Official Live Video.mp3
LE SSERAFIM (르세라핌) 'BOOMPALA' OFFICIAL MV,LE SSERAFIM,HYBE LABELS,Single,kpop-gen4,https://music.youtube.com/watch?v=V1Lr-_AxeR8,https://i.ytimg.com/vi/V1Lr-_AxeR8/maxresdefault.jpg,LE SSERAFIM/Single/LE SSERAFIM (르세라핌) 'BOOMPALA' OFFICIAL MV.mp3
LE SSERAFIM (르세라핌) 'SPAGHETTI (feat. j-hope of BTS)' OFFICIAL MV,LE SSERAFIM,HYBE LABELS,Single,kpop-gen4,https://music.youtube.com/watch?v=TvVtYaqCni8,https://i.ytimg.com/vi/TvVtYaqCni8/maxresdefault.jpg,LE SSERAFIM/Single/LE SSERAFIM (르세라핌) 'SPAGHETTI (feat. j-hope of BTS)' OFFICIAL MV.mp3
LE SSERAFIM (르세라핌) 'CELEBRATION' OFFICIAL MV,LE SSERAFIM,HYBE LABELS,Single,kpop-gen4,https://music.youtube.com/watch?v=a2grcJdfXmY,https://i.ytimg.com/vi/a2grcJdfXmY/maxresdefault.jpg,LE SSERAFIM/Single/LE SSERAFIM (르세라핌) 'CELEBRATION' OFFICIAL MV.mp3
LE SSERAFIM (르세라핌) 'CRAZY' OFFICIAL MV,LE SSERAFIM,HYBE LABELS,Single,kpop-gen4,https://music.youtube.com/watch?v=n6B5gQXlB-0,https://i.ytimg.com/vi/n6B5gQXlB-0/maxresdefault.jpg,LE SSERAFIM/Single/LE SSERAFIM (르세라핌) 'CRAZY' OFFICIAL MV.mp3
LE SSERAFIM (르세라핌) 'Smart' OFFICIAL MV,LE SSERAFIM,HYBE LABELS,Single,kpop-gen4,https://music.youtube.com/watch?v=KNexS61fjus,https://i.ytimg.com/vi/KNexS61fjus/maxresdefault.jpg,LE SSERAFIM/Single/LE SSERAFIM (르세라핌) 'Smart' OFFICIAL MV.mp3
LE SSERAFIM (르세라핌) 'ANTIFRAGILE' OFFICIAL M/V,LE SSERAFIM,HYBE LABELS,Single,kpop-gen4,https://music.youtube.com/watch?v=pyf8cbqyfPs,https://i.ytimg.com/vi/pyf8cbqyfPs/maxresdefault.jpg,LE SSERAFIM/Single/LE SSERAFIM (르세라핌) 'ANTIFRAGILE' OFFICIAL M_V.mp3
LE SSERAFIM (르세라핌) 'HOT' OFFICIAL MV,LE SSERAFIM,HYBE LABELS,Single,kpop-gen4,https://music.youtube.com/watch?v=r9AEGPB6qIU,https://i.ytimg.com/vi/r9AEGPB6qIU/maxresdefault.jpg,LE SSERAFIM/Single/LE SSERAFIM (르세라핌) 'HOT' OFFICIAL MV.mp3
LE SSERAFIM (르세라핌) 'Perfect Night' OFFICIAL M/V with OVERWATCH 2,LE SSERAFIM,HYBE LABELS,Single,kpop-gen4,https://music.youtube.com/watch?v=hLvWy2b857I,https://i.ytimg.com/vi/hLvWy2b857I/maxresdefault.jpg,LE SSERAFIM/Single/LE SSERAFIM (르세라핌) 'Perfect Night' OFFICIAL M_V with OVERWATCH 2.mp3
LE SSERAFIM FEARLESS OFFICIAL M/V,LE SSERAFIM,HYBE LABELS,Single,kpop-gen4,https://music.youtube.com/watch?v=4vbDFu0PUew,https://i.ytimg.com/vi/4vbDFu0PUew/maxresdefault.jpg,LE SSERAFIM/Single/LE SSERAFIM FEARLESS OFFICIAL M_V.mp3
LE SSERAFIM (르세라핌) 'EASY' OFFICIAL MV,LE SSERAFIM,HYBE LABELS,Single,kpop-gen4,https://music.youtube.com/watch?v=bNKXxwOQYB8,https://i.ytimg.com/vi/bNKXxwOQYB8/maxresdefault.jpg,LE SSERAFIM/Single/LE SSERAFIM (르세라핌) 'EASY' OFFICIAL MV.mp3
LE SSERAFIM (르세라핌) 'UNFORGIVEN (feat. Nile Rodgers)' OFFICIAL M/V,LE SSERAFIM,HYBE LABELS,Single,kpop-gen4,https://music.youtube.com/watch?v=UBURTj20HXI,https://i.ytimg.com/vi/UBURTj20HXI/maxresdefault.jpg,LE SSERAFIM/Single/LE SSERAFIM (르세라핌) 'UNFORGIVEN (feat. Nile Rodgers)' OFFICIAL M_V.mp3
"LE SSERAFIM (르세라핌) ‘이브, 프시케 그리고 푸른 수염의 아내’ OFFICIAL M/V",LE SSERAFIM,HYBE LABELS,Single,kpop-gen4,https://music.youtube.com/watch?v=dZs_cLHfnNA,https://i.ytimg.com/vi/dZs_cLHfnNA/maxresdefault.jpg,"LE SSERAFIM/Single/LE SSERAFIM (르세라핌) ‘이브, 프시케 그리고 푸른 수염의 아내’ OFFICIAL M_V.mp3"
iffy iffy,LE SSERAFIM,LE SSERAFIM,'PUREFLOW' pt.1,kpop-gen4,https://music.youtube.com/watch?v=nMx-tMPidK4,https://i.ytimg.com/vi/nMx-tMPidK4/maxresdefault.jpg,LE SSERAFIM/'PUREFLOW' pt.1/iffy iffy.mp3
Creatures,LE SSERAFIM,LE SSERAFIM,'PUREFLOW' pt.1,kpop-gen4,https://music.youtube.com/watch?v=Z9hoSCbKTmw,https://i.ytimg.com/vi/Z9hoSCbKTmw/maxresdefault.jpg,LE SSERAFIM/'PUREFLOW' pt.1/Creatures.mp3
Trust Exercise,LE SSERAFIM,LE SSERAFIM,'PUREFLOW' pt.1,kpop-gen4,https://music.youtube.com/watch?v=riLpx8N4FGI,https://i.ytimg.com/vi/riLpx8N4FGI/maxresdefault.jpg,LE SSERAFIM/'PUREFLOW' pt.1/Trust Exercise.mp3
Irony,LE SSERAFIM,LE SSERAFIM,'PUREFLOW' pt.1,kpop-gen4,https://music.youtube.com/watch?v=YZFGv-LPDBU,https://i.ytimg.com/vi/YZFGv-LPDBU/maxresdefault.jpg,LE SSERAFIM/'PUREFLOW' pt.1/Irony.mp3
Saki (feat. Aliyah's Interlude),LE SSERAFIM,"LE SSERAFIM, Aliyah's Interlude",'PUREFLOW' pt.1,kpop-gen4,https://music.youtube.com/watch?v=uNvewjHnHzM,https://i.ytimg.com/vi/uNvewjHnHzM/maxresdefault.jpg,LE SSERAFIM/'PUREFLOW' pt.1/Saki (feat. Aliyah's Interlude).mp3
Need Your Company,LE SSERAFIM,LE SSERAFIM,'PUREFLOW' pt.1,kpop-gen4,https://music.youtube.com/watch?v=zxlII8FwIC0,https://i.ytimg.com/vi/zxlII8FwIC0/maxresdefault.jpg,LE SSERAFIM/'PUREFLOW' pt.1/Need Your Company.mp3
Sonder,LE SSERAFIM,LE SSERAFIM,'PUREFLOW' pt.1,kpop-gen4,https://music.youtube.com/watch?v=Bjf4F_rBvig,https://i.ytimg.com/vi/Bjf4F_rBvig/maxresdefault.jpg,LE SSERAFIM/'PUREFLOW' pt.1/Sonder.mp3
Pureflow,LE SSERAFIM,LE SSERAFIM,'PUREFLOW' pt.1,kpop-gen4,https://music.youtube.com/watch?v=L8z453XB6Iw,https://i.ytimg.com/vi/L8z453XB6Iw/maxresdefault.jpg,LE SSERAFIM/'PUREFLOW' pt.1/Pureflow.mp3
Sour Grapes,LE SSERAFIM,LE SSERAFIM,FEARLESS,kpop-gen4,https://music.youtube.com/watch?v=V9Wsm0hlLUI,https://i.ytimg.com/vi/V9Wsm0hlLUI/maxresdefault.jpg,LE SSERAFIM/FEARLESS/Sour Grapes.mp3
LE SSERAFIM (르세라핌) 'Come Over' OFFICIAL MV with Android,LE SSERAFIM,HYBE LABELS,Single,kpop-gen4,https://music.youtube.com/watch?v=z_uqieM8VGM,https://i.ytimg.com/vi/z_uqieM8VGM/maxresdefault.jpg,LE SSERAFIM/Single/LE SSERAFIM (르세라핌) 'Come Over' OFFICIAL MV with Android.mp3
Liminal Space,LE SSERAFIM,LE SSERAFIM,'PUREFLOW' pt.1,kpop-gen4,https://music.youtube.com/watch?v=s7tLgx1VDhE,https://i.ytimg.com/vi/s7tLgx1VDhE/maxresdefault.jpg,LE SSERAFIM/'PUREFLOW' pt.1/Liminal Space.mp3
LE SSERAFIM (르세라핌) 'Impurities' OFFICIAL M/V,LE SSERAFIM,HYBE LABELS,Single,kpop-gen4,https://music.youtube.com/watch?v=Ccz123Jlflc,https://i.ytimg.com/vi/Ccz123Jlflc/maxresdefault.jpg,LE SSERAFIM/Single/LE SSERAFIM (르세라핌) 'Impurities' OFFICIAL M_V.mp3
Swan Song,LE SSERAFIM,LE SSERAFIM,EASY,kpop-gen4,https://music.youtube.com/watch?v=eNxb2wt11sM,https://i.ytimg.com/vi/eNxb2wt11sM/maxresdefault.jpg,LE SSERAFIM/EASY/Swan Song.mp3
Good Parts (when the quality is bad but I am),LE SSERAFIM,LE SSERAFIM,ANTIFRAGILE,kpop-gen4,https://music.youtube.com/watch?v=c_5PAWfIlGs,https://i.ytimg.com/vi/c_5PAWfIlGs/maxresdefault.jpg,LE SSERAFIM/ANTIFRAGILE/Good Parts (when the quality is bad but I am).mp3
1-800-hot-n-fun,LE SSERAFIM,LE SSERAFIM,Single,kpop-gen4,https://music.youtube.com/watch?v=rGD5U8u1Dk0,https://i.ytimg.com/vi/rGD5U8u1Dk0/maxresdefault.jpg,LE SSERAFIM/Single/1-800-hot-n-fun.mp3
No-Return (Into the unknown),LE SSERAFIM,LE SSERAFIM,UNFORGIVEN,kpop-gen4,https://music.youtube.com/watch?v=wrRu7R7eEBo,https://i.ytimg.com/vi/wrRu7R7eEBo/maxresdefault.jpg,LE SSERAFIM/UNFORGIVEN/No-Return (Into the unknown).mp3
Fire in the belly,LE SSERAFIM,LE SSERAFIM,UNFORGIVEN,kpop-gen4,https://music.youtube.com/watch?v=p4S4kwrBvks,https://i.ytimg.com/vi/p4S4kwrBvks/maxresdefault.jpg,LE SSERAFIM/UNFORGIVEN/Fire in the belly.mp3
LE SSERAFIM 르세라핌 Blue Flame @ LE SSERAFIM DEBUT SHOWCASE FEARLESS,LE SSERAFIM,LE SSERAFIM,Single,kpop-gen4,https://music.youtube.com/watch?v=Hqvdr91LoSI,https://i.ytimg.com/vi/Hqvdr91LoSI/maxresdefault.jpg,LE SSERAFIM/Single/LE SSERAFIM 르세라핌 Blue Flame @ LE SSERAFIM DEBUT SHOWCASE FEARLESS.mp3
Ash,LE SSERAFIM,LE SSERAFIM,Single,kpop-gen4,https://music.youtube.com/watch?v=G6CSdvvrI-k,https://i.ytimg.com/vi/G6CSdvvrI-k/maxresdefault.jpg,LE SSERAFIM/Single/Ash.mp3
LE SSERAFIM (르세라핌) 'Jewelry (Prod. imase)' LIVE CLIP,LE SSERAFIM,LE SSERAFIM,Single,kpop-gen4,https://music.youtube.com/watch?v=Raf9odbiu8g,https://i.ytimg.com/vi/Raf9odbiu8g/maxresdefault.jpg,LE SSERAFIM/Single/LE SSERAFIM (르세라핌) 'Jewelry (Prod. imase)' LIVE CLIP.mp3
The Great Mermaid,LE SSERAFIM,LE SSERAFIM,FEARLESS,kpop-gen4,https://music.youtube.com/watch?v=bi6wlq4148s,https://i.ytimg.com/vi/bi6wlq4148s/maxresdefault.jpg,LE SSERAFIM/FEARLESS/The Great Mermaid.mp3
HUH YUNJIN - 'I ≠ DOLL',LE SSERAFIM,LE SSERAFIM,Single,kpop-gen4,https://music.youtube.com/watch?v=9trNIRzbPMc,https://i.ytimg.com/vi/9trNIRzbPMc/maxresdefault.jpg,LE SSERAFIM/Single/HUH YUNJIN - 'I ≠ DOLL'.mp3
Pierrot,LE SSERAFIM,LE SSERAFIM,Single,kpop-gen4,https://music.youtube.com/watch?v=SAmxlMQb4LA,https://i.ytimg.com/vi/SAmxlMQb4LA/maxresdefault.jpg,LE SSERAFIM/Single/Pierrot.mp3
HUH YUNJIN of LE SSERAFIM - ‘Raise y_our glass’,LE SSERAFIM,LE SSERAFIM,Single,kpop-gen4,https://music.youtube.com/watch?v=7hBf9Fxsg6M,https://i.ytimg.com/vi/7hBf9Fxsg6M/maxresdefault.jpg,LE SSERAFIM/Single/HUH YUNJIN of LE SSERAFIM - ‘Raise y_our glass’.mp3
Flash Forward,LE SSERAFIM,LE SSERAFIM,UNFORGIVEN,kpop-gen4,https://music.youtube.com/watch?v=X8L2CV9PyHw,https://i.ytimg.com/vi/X8L2CV9PyHw/maxresdefault.jpg,LE SSERAFIM/UNFORGIVEN/Flash Forward.mp3
Pearlies (My oyster is the world),LE SSERAFIM,LE SSERAFIM,Single,kpop-gen4,https://music.youtube.com/watch?v=cAAyxQb4x7Y,https://i.ytimg.com/vi/cAAyxQb4x7Y/maxresdefault.jpg,LE SSERAFIM/Single/Pearlies (My oyster is the world).mp3
So Cynical (Badum),LE SSERAFIM,LE SSERAFIM,Single,kpop-gen4,https://music.youtube.com/watch?v=O1iXvRRyaBE,https://i.ytimg.com/vi/O1iXvRRyaBE/maxresdefault.jpg,LE SSERAFIM/Single/So Cynical (Badum).mp3
"피어나 (Between you, me and the lamppost)",LE SSERAFIM,LE SSERAFIM,UNFORGIVEN,kpop-gen4,https://music.youtube.com/watch?v=ADKDX-H8SJg,https://i.ytimg.com/vi/ADKDX-H8SJg/maxresdefault.jpg,"LE SSERAFIM/UNFORGIVEN/피어나 (Between you, me and the lamppost).mp3"
The Hydra,LE SSERAFIM,LE SSERAFIM,ANTIFRAGILE,kpop-gen4,https://music.youtube.com/watch?v=rT-cOsDpqZ4,https://i.ytimg.com/vi/rT-cOsDpqZ4/maxresdefault.jpg,LE SSERAFIM/ANTIFRAGILE/The Hydra.mp3
Good Bones,LE SSERAFIM,LE SSERAFIM,EASY,kpop-gen4,https://music.youtube.com/watch?v=14tbvcSdj0w,https://i.ytimg.com/vi/14tbvcSdj0w/maxresdefault.jpg,LE SSERAFIM/EASY/Good Bones.mp3
Burn the Bridge,LE SSERAFIM,LE SSERAFIM,UNFORGIVEN,kpop-gen4,https://music.youtube.com/watch?v=oRHyRoJQxJ0,https://i.ytimg.com/vi/oRHyRoJQxJ0/maxresdefault.jpg,LE SSERAFIM/UNFORGIVEN/Burn the Bridge.mp3
미치지 못하는 이유 (Crazier),LE SSERAFIM,LE SSERAFIM,Single,kpop-gen4,https://music.youtube.com/watch?v=zP9_TemzFZs,https://i.ytimg.com/vi/zP9_TemzFZs/maxresdefault.jpg,LE SSERAFIM/Single/미치지 못하는 이유 (Crazier).mp3
The World Is My Oyster,LE SSERAFIM,LE SSERAFIM,FEARLESS,kpop-gen4,https://music.youtube.com/watch?v=lUL7bX_Fa1c,https://i.ytimg.com/vi/lUL7bX_Fa1c/maxresdefault.jpg,LE SSERAFIM/FEARLESS/The World Is My Oyster.mp3
LE SSERAFIM (르세라핌) ’No Celestial’ Special Video (🎄Holiday ver.),LE SSERAFIM,LE SSERAFIM,Single,kpop-gen4,https://music.youtube.com/watch?v=L8Tbt0duhqk,https://i.ytimg.com/vi/L8Tbt0duhqk/maxresdefault.jpg,LE SSERAFIM/Single/LE SSERAFIM (르세라핌) ’No Celestial’ Special Video (🎄Holiday ver.).mp3
Chasing Lightning,LE SSERAFIM,LE SSERAFIM,Single,kpop-gen4,https://music.youtube.com/watch?v=AR62ph7FPs0,https://i.ytimg.com/vi/AR62ph7FPs0/maxresdefault.jpg,LE SSERAFIM/Single/Chasing Lightning.mp3
Guardian (Guardian),LE SSERAFIM,LE SSERAFIM,BASTIONS OST Part.4,kpop-gen4,https://music.youtube.com/watch?v=0n5a1Ls1ksg,https://i.ytimg.com/vi/0n5a1Ls1ksg/maxresdefault.jpg,LE SSERAFIM/BASTIONS OST Part.4/Guardian (Guardian).mp3
Dresscode (Prod. imase),LE SSERAFIM,LE SSERAFIM,Dresscode (Prod. imase),kpop-gen4,https://music.youtube.com/watch?v=dovBgZWS0bo,https://i.ytimg.com/vi/dovBgZWS0bo/maxresdefault.jpg,LE SSERAFIM/Dresscode (Prod. imase)/Dresscode (Prod. imase).mp3
LE SSERAFIM (르세라핌) 'We got so much' l Original Stage,LE SSERAFIM,LE SSERAFIM,Single,kpop-gen4,https://music.youtube.com/watch?v=nvGnwC2T6Ek,https://i.ytimg.com/vi/nvGnwC2T6Ek/maxresdefault.jpg,LE SSERAFIM/Single/LE SSERAFIM (르세라핌) 'We got so much' l Original Stage.mp3
Queencard (퀸카 (Queencard)),i-dle (아이들),i-dle,I feel,kpop-gen4,https://music.youtube.com/watch?v=v_gO_P8gug8,https://i.ytimg.com/vi/v_gO_P8gug8/maxresdefault.jpg,i-dle (아이들)/I feel/Queencard (퀸카 (Queencard)).mp3
Nxde,i-dle (아이들),(G)I-DLE,I love,kpop-gen4,https://music.youtube.com/watch?v=RdU3F5vN3_s,https://i.ytimg.com/vi/RdU3F5vN3_s/maxresdefault.jpg,i-dle (아이들)/I love/Nxde.mp3
TOMBOY,i-dle (아이들),(G)I-DLE,I NEVER DIE,kpop-gen4,https://music.youtube.com/watch?v=aFoqCI75WoY,https://i.ytimg.com/vi/aFoqCI75WoY/maxresdefault.jpg,i-dle (아이들)/I NEVER DIE/TOMBOY.mp3
Fate (나는 아픈 건 딱 질색이니까),i-dle (아이들),i-dle,2,kpop-gen4,https://music.youtube.com/watch?v=vBJVWOOsB4A,https://i.ytimg.com/vi/vBJVWOOsB4A/maxresdefault.jpg,i-dle (아이들)/2/Fate (나는 아픈 건 딱 질색이니까).mp3
Mono (Feat. skaiwater),i-dle (아이들),"i-dle, skaiwater, icebluerabbit, Daily, Likey, icebluerabbit, Daily, Shannon Bae, Kameron Glasper, Likey, icebluerabbit, Shannon Bae, Skaiwater",Mono (Feat. skaiwater),kpop-gen4,https://music.youtube.com/watch?v=7Hh9rm_9Aco,https://i.ytimg.com/vi/7Hh9rm_9Aco/maxresdefault.jpg,i-dle (아이들)/Mono (Feat. skaiwater)/Mono (Feat. skaiwater).mp3
POP/STARS,i-dle (아이들),"K/DA, Madison Beer, i-dle, Jaira Burns, League of Legends",POP/STARS,kpop-gen4,https://music.youtube.com/watch?v=1Z_g6Gtj9Cs,https://i.ytimg.com/vi/1Z_g6Gtj9Cs/maxresdefault.jpg,i-dle (아이들)/POP_STARS/POP_STARS.mp3
HIDE AND SEEK,i-dle (아이들),i-dle,HIDE AND SEEK,kpop-gen4,https://music.youtube.com/watch?v=5TG_4h29VIg,https://i.ytimg.com/vi/5TG_4h29VIg/maxresdefault.jpg,i-dle (아이들)/HIDE AND SEEK/HIDE AND SEEK.mp3
Super Lady (Super Lady),i-dle (아이들),i-dle,2,kpop-gen4,https://music.youtube.com/watch?v=DWP7XTudxcg,https://i.ytimg.com/vi/DWP7XTudxcg/maxresdefault.jpg,i-dle (아이들)/2/Super Lady (Super Lady).mp3
MORE,i-dle (아이들),"K/DA, Madison Beer, (G)I-DLE, Lexie Liu, Jaira Burns, Seraphine, League of Legends",ALL OUT,kpop-gen4,https://music.youtube.com/watch?v=qsFlLV6UFwE,https://i.ytimg.com/vi/qsFlLV6UFwE/maxresdefault.jpg,i-dle (아이들)/ALL OUT/MORE.mp3
Good Thing (Good Thing),i-dle (아이들),"i-dle, Pop Time, Daily, Likey, SOYEON, SOYEON, Pop Time, Daily, Likey, SOYEON",We are,kpop-gen4,https://music.youtube.com/watch?v=b_lHhgt08yQ,https://i.ytimg.com/vi/b_lHhgt08yQ/maxresdefault.jpg,i-dle (아이들)/We are/Good Thing (Good Thing).mp3
Klaxon (클락션 (Klaxon)),i-dle (아이들),(G)I-DLE,I SWAY,kpop-gen4,https://music.youtube.com/watch?v=-hUX3-eXmUE,https://i.ytimg.com/vi/-hUX3-eXmUE/maxresdefault.jpg,i-dle (아이들)/I SWAY/Klaxon (클락션 (Klaxon)).mp3
Wife (Wife),i-dle (아이들),i-dle,2,kpop-gen4,https://music.youtube.com/watch?v=B0WWnKfat1A,https://i.ytimg.com/vi/B0WWnKfat1A/maxresdefault.jpg,i-dle (아이들)/2/Wife (Wife).mp3
LATATA (LATATA),i-dle (아이들),"i-dle, 전소연, 빅싼초, 빅싼초, 전소연, 전소연",I am,kpop-gen4,https://music.youtube.com/watch?v=KGKhqdtUWyU,https://i.ytimg.com/vi/KGKhqdtUWyU/maxresdefault.jpg,i-dle (아이들)/I am/LATATA (LATATA).mp3
Oh my god,i-dle (아이들),(G)I-DLE((여자)아이들),I trust,kpop-gen4,https://music.youtube.com/watch?v=EuHL72riOn4,https://i.ytimg.com/vi/EuHL72riOn4/maxresdefault.jpg,i-dle (아이들)/I trust/Oh my god.mp3
MY BAG,i-dle (아이들),(G)I-DLE,I NEVER DIE,kpop-gen4,https://music.youtube.com/watch?v=KTNyZKgy1D0,https://i.ytimg.com/vi/KTNyZKgy1D0/maxresdefault.jpg,i-dle (아이들)/I NEVER DIE/MY BAG.mp3
HANN (Alone) (한(一)),i-dle (아이들),"i-dle, 소연, 빅싼초(Yummy Tone), 빅싼초(Yummy Tone), 소연, 소연",HANN (Alone),kpop-gen4,https://music.youtube.com/watch?v=IoNrByu93BA,https://i.ytimg.com/vi/IoNrByu93BA/maxresdefault.jpg,i-dle (아이들)/HANN (Alone)/HANN (Alone) (한(一)).mp3
Allergy (Allergy),i-dle (아이들),i-dle,I feel,kpop-gen4,https://music.youtube.com/watch?v=Gcp87-ZegRA,https://i.ytimg.com/vi/Gcp87-ZegRA/maxresdefault.jpg,i-dle (아이들)/I feel/Allergy (Allergy).mp3
THE BADDEST,i-dle (아이들),"K/DA, (G)I-DLE, Wolftyla, Bea Miller, League of Legends",ALL OUT,kpop-gen4,https://music.youtube.com/watch?v=KIjPVXOf54Y,https://i.ytimg.com/vi/KIjPVXOf54Y/maxresdefault.jpg,i-dle (아이들)/ALL OUT/THE BADDEST.mp3
LION,i-dle (아이들),(여자)아이들 (G)I-DLE,퀸덤 Queendom ᐸFINAL 컴백 싱글 Comeback Singleᐳ,kpop-gen4,https://music.youtube.com/watch?v=WP3Pnag40AI,https://i.ytimg.com/vi/WP3Pnag40AI/maxresdefault.jpg,i-dle (아이들)/퀸덤 Queendom ᐸFINAL 컴백 싱글 Comeback Singleᐳ/LION.mp3
HWAA (화(火花)),i-dle (아이들),(여자)아이들 (G)I-DLE,I burn,kpop-gen4,https://music.youtube.com/watch?v=DOjxbtafGYk,https://i.ytimg.com/vi/DOjxbtafGYk/maxresdefault.jpg,i-dle (아이들)/I burn/HWAA (화(火花)).mp3
I DO,i-dle (아이들),"i-dle, Imad Royal, Rogét Chahayed, Andrew Langston Neely, Blaise Railey",I DO,kpop-gen4,https://music.youtube.com/watch?v=NH3hQTFLgR4,https://i.ytimg.com/vi/NH3hQTFLgR4/maxresdefault.jpg,i-dle (아이들)/I DO/I DO.mp3
Senorita (Senorita),i-dle (아이들),i-dle,I made,kpop-gen4,https://music.youtube.com/watch?v=GKQ0Y9wd-2I,https://i.ytimg.com/vi/GKQ0Y9wd-2I/maxresdefault.jpg,i-dle (아이들)/I made/Senorita (Senorita).mp3
Fire!,i-dle (아이들),"Alan Walker, YUQI, JVKE, (G)I-DLE",Walkerworld 2.0,kpop-gen4,https://music.youtube.com/watch?v=2m2X2Z3GMgA,https://i.ytimg.com/vi/2m2X2Z3GMgA/maxresdefault.jpg,i-dle (아이들)/Walkerworld 2.0/Fire!.mp3
I Want That,i-dle (아이들),"i-dle, Lindgren, Madison Love, Melanie Fontana, Ryan Tedder",HEAT,kpop-gen4,https://music.youtube.com/watch?v=ZkftL__977Q,https://i.ytimg.com/vi/ZkftL__977Q/maxresdefault.jpg,i-dle (아이들)/HEAT/I Want That.mp3
덤디덤디 (DUMDi DUMDi),i-dle (아이들),(여자)아이들 (G)I-DLE,덤디덤디 (DUMDi DUMDi),kpop-gen4,https://music.youtube.com/watch?v=IZwze68yHuM,https://i.ytimg.com/vi/IZwze68yHuM/maxresdefault.jpg,i-dle (아이들)/덤디덤디 (DUMDi DUMDi)/덤디덤디 (DUMDi DUMDi).mp3
Uh-Oh,i-dle (아이들),i-dle,Uh-Oh,kpop-gen4,https://music.youtube.com/watch?v=NMYzKVLSlgc,https://i.ytimg.com/vi/NMYzKVLSlgc/maxresdefault.jpg,i-dle (아이들)/Uh-Oh/Uh-Oh.mp3
Girlfriend (Girlfriend),i-dle (아이들),"i-dle, Pop Time, Daily, Likey, SOYEON, SOYEON, Pop Time, Daily, Likey, SOYEON",We are,kpop-gen4,https://music.youtube.com/watch?v=gQMmFQWUSgE,https://i.ytimg.com/vi/gQMmFQWUSgE/maxresdefault.jpg,i-dle (아이들)/We are/Girlfriend (Girlfriend).mp3
Invincible,i-dle (아이들),i-dle,i-dle,kpop-gen4,https://music.youtube.com/watch?v=BiaPFyAu7t0,https://i.ytimg.com/vi/BiaPFyAu7t0/maxresdefault.jpg,i-dle (아이들)/i-dle/Invincible.mp3
Paradise (Paradise),i-dle (아이들),i-dle,I feel,kpop-gen4,https://music.youtube.com/watch?v=PCbx5U-S5ec,https://i.ytimg.com/vi/PCbx5U-S5ec/maxresdefault.jpg,i-dle (아이들)/I feel/Paradise (Paradise).mp3
ESCAPE,i-dle (아이들),(G)I-DLE,I NEVER DIE,kpop-gen4,https://music.youtube.com/watch?v=7UQ7AVKsYvc,https://i.ytimg.com/vi/7UQ7AVKsYvc/maxresdefault.jpg,i-dle (아이들)/I NEVER DIE/ESCAPE.mp3
말리지 마 (Never Stop Me),i-dle (아이들),(G)I-DLE,I NEVER DIE,kpop-gen4,https://music.youtube.com/watch?v=S0HSe_Qk7ZQ,https://i.ytimg.com/vi/S0HSe_Qk7ZQ/maxresdefault.jpg,i-dle (아이들)/I NEVER DIE/말리지 마 (Never Stop Me).mp3
Change,i-dle (아이들),(G)I-DLE,I love,kpop-gen4,https://music.youtube.com/watch?v=omgmCiMjNug,https://i.ytimg.com/vi/omgmCiMjNug/maxresdefault.jpg,i-dle (아이들)/I love/Change.mp3
Abracadabra,i-dle (아이들),(G)I-DLE,Abracadabra (THE SEASONS: Red Carpet with Lee Hyo Ri),kpop-gen4,https://music.youtube.com/watch?v=iY2zXgejnvI,https://i.ytimg.com/vi/iY2zXgejnvI/maxresdefault.jpg,i-dle (아이들)/Abracadabra (THE SEASONS_ Red Carpet with Lee Hyo Ri)/Abracadabra.mp3
Where Do We Go,i-dle (아이들),i-dle,i-dle,kpop-gen4,https://music.youtube.com/watch?v=8N7VN2kRGxc,https://i.ytimg.com/vi/8N7VN2kRGxc/maxresdefault.jpg,i-dle (아이들)/i-dle/Where Do We Go.mp3
DAHLIA,i-dle (아이들),(G)I-DLE((여자)아이들),I burn,kpop-gen4,https://music.youtube.com/watch?v=adl0yFg8Ntc,https://i.ytimg.com/vi/adl0yFg8Ntc/maxresdefault.jpg,i-dle (아이들)/I burn/DAHLIA.mp3
Revenge (Revenge),i-dle (아이들),i-dle,2,kpop-gen4,https://music.youtube.com/watch?v=J2XMe2bGx4Q,https://i.ytimg.com/vi/J2XMe2bGx4Q/maxresdefault.jpg,i-dle (아이들)/2/Revenge (Revenge).mp3
DON'T DIE,i-dle (아이들),"Odetari, SOYEON, i-dle",DON'T DIE,kpop-gen4,https://music.youtube.com/watch?v=eUCxp41GMWE,https://i.ytimg.com/vi/eUCxp41GMWE/maxresdefault.jpg,i-dle (아이들)/DON'T DIE/DON'T DIE.mp3
Last Forever (Last Forever),i-dle (아이들),(G)I-DLE,I SWAY,kpop-gen4,https://music.youtube.com/watch?v=docmg0oGpXY,https://i.ytimg.com/vi/docmg0oGpXY/maxresdefault.jpg,i-dle (아이들)/I SWAY/Last Forever (Last Forever).mp3
Doll (Doll),i-dle (아이들),i-dle,2,kpop-gen4,https://music.youtube.com/watch?v=aa-970O1GEc,https://i.ytimg.com/vi/aa-970O1GEc/maxresdefault.jpg,i-dle (아이들)/2/Doll (Doll).mp3
Love Tease (Love Tease),i-dle (아이들),"i-dle, Siixk Jun, YUQI, Siixk Jun, Taneisha Jackson, Chelsea Warner, Charlotte Wilson, Isa Guerra, Ciara Muscat, YUQI, Taneisha Jackson, Chelsea Warner, Charlotte Wilson, Isa Guerra",We are,kpop-gen4,https://music.youtube.com/watch?v=wxmuTI96h68,https://i.ytimg.com/vi/wxmuTI96h68/maxresdefault.jpg,i-dle (아이들)/We are/Love Tease (Love Tease).mp3
Help Me,i-dle (아이들),(G)I-DLE,"Her Private Life, Pt. 1 (Original Television Soundtrack)",kpop-gen4,https://music.youtube.com/watch?v=dskxJLJzIws,https://i.ytimg.com/vi/dskxJLJzIws/maxresdefault.jpg,"i-dle (아이들)/Her Private Life, Pt. 1 (Original Television Soundtrack)/Help Me.mp3"
ARISE,i-dle (아이들),i-dle,'Solo Leveling:ARISE' (Original Soundtrack),kpop-gen4,https://music.youtube.com/watch?v=x1tBAR7HzyM,https://i.ytimg.com/vi/x1tBAR7HzyM/maxresdefault.jpg,i-dle (아이들)/'Solo Leveling_ARISE' (Original Soundtrack)/ARISE.mp3
VILLAIN DIES,i-dle (아이들),(G)I-DLE,I NEVER DIE,kpop-gen4,https://music.youtube.com/watch?v=jYkvghyX_mo,https://i.ytimg.com/vi/jYkvghyX_mo/maxresdefault.jpg,i-dle (아이들)/I NEVER DIE/VILLAIN DIES.mp3
MOON,i-dle (아이들),(G)I-DLE((여자)아이들),I burn,kpop-gen4,https://music.youtube.com/watch?v=OYtjo3CTAOM,https://i.ytimg.com/vi/OYtjo3CTAOM/maxresdefault.jpg,i-dle (아이들)/I burn/MOON.mp3
Bloom (Bloom),i-dle (아이들),(G)I-DLE,I SWAY,kpop-gen4,https://music.youtube.com/watch?v=QKhpMrixFco,https://i.ytimg.com/vi/QKhpMrixFco/maxresdefault.jpg,i-dle (아이들)/I SWAY/Bloom (Bloom).mp3
i'M THE TREND,i-dle (아이들),(여자)아이들 (G)I-DLE,i'M THE TREND,kpop-gen4,https://music.youtube.com/watch?v=mBLy9FO88uY,https://i.ytimg.com/vi/mBLy9FO88uY/maxresdefault.jpg,i-dle (아이들)/i'M THE TREND/i'M THE TREND.mp3
Rollie (Rollie),i-dle (아이들),i-dle,2,kpop-gen4,https://music.youtube.com/watch?v=TBrlE7qFx2o,https://i.ytimg.com/vi/TBrlE7qFx2o/maxresdefault.jpg,i-dle (아이들)/2/Rollie (Rollie).mp3
Neverland (Neverland),i-dle (아이들),(G)I-DLE,I SWAY,kpop-gen4,https://music.youtube.com/watch?v=t0Dox99MAIc,https://i.ytimg.com/vi/t0Dox99MAIc/maxresdefault.jpg,i-dle (아이들)/I SWAY/Neverland (Neverland).mp3
Eyes Roll,i-dle (아이들),"i-dle, J.Lauryn, Meghan Trainor, Ryan Trainor, Young Bin Park, Yannick Rastogi, Zacharie Raymond",HEAT,kpop-gen4,https://music.youtube.com/watch?v=Y8j-t_Hdrv4,https://i.ytimg.com/vi/Y8j-t_Hdrv4/maxresdefault.jpg,i-dle (아이들)/HEAT/Eyes Roll.mp3
Last Dance (Prod. GroovyRoom),i-dle (아이들),(G)I-DLE,Last Dance (Prod. GroovyRoom),kpop-gen4,https://music.youtube.com/watch?v=pnwHULh5PMI,https://i.ytimg.com/vi/pnwHULh5PMI/maxresdefault.jpg,i-dle (아이들)/Last Dance (Prod. GroovyRoom)/Last Dance (Prod. GroovyRoom).mp3
MAZE (MAZE),i-dle (아이들),"i-dle, Ferdy, 손영진, Ferdy, 손영진, Ferdy, 전소연, 손영진",I am,kpop-gen4,https://music.youtube.com/watch?v=klKKrmRY2R8,https://i.ytimg.com/vi/klKKrmRY2R8/maxresdefault.jpg,i-dle (아이들)/I am/MAZE (MAZE).mp3
7Days (7Days),i-dle (아이들),i-dle,2,kpop-gen4,https://music.youtube.com/watch?v=xk9-O-NmIJo,https://i.ytimg.com/vi/xk9-O-NmIJo/maxresdefault.jpg,i-dle (아이들)/2/7Days (7Days).mp3
Expectations,i-dle (아이들),"Anne-Marie, MINNIE, (G)I-DLE",UNHEALTHY,kpop-gen4,https://music.youtube.com/watch?v=TCF3lns94j8,https://i.ytimg.com/vi/TCF3lns94j8/maxresdefault.jpg,i-dle (아이들)/UNHEALTHY/Expectations.mp3
LIAR,i-dle (아이들),(G)I-DLE,I NEVER DIE,kpop-gen4,https://music.youtube.com/watch?v=sGEWAOcbMZ0,https://i.ytimg.com/vi/sGEWAOcbMZ0/maxresdefault.jpg,i-dle (아이들)/I NEVER DIE/LIAR.mp3
All Night (All Night),i-dle (아이들),i-dle,I feel,kpop-gen4,https://music.youtube.com/watch?v=iOoeLYqx3yI,https://i.ytimg.com/vi/iOoeLYqx3yI/maxresdefault.jpg,i-dle (아이들)/I feel/All Night (All Night).mp3
LOVE,i-dle (아이들),(G)I-DLE,I love,kpop-gen4,https://music.youtube.com/watch?v=SmuuDi5ZwOo,https://i.ytimg.com/vi/SmuuDi5ZwOo/maxresdefault.jpg,i-dle (아이들)/I love/LOVE.mp3
HANN (Alone in winter) (한(寒)),i-dle (아이들),(여자)아이들 (G)I-DLE,I burn,kpop-gen4,https://music.youtube.com/watch?v=HwC58-_VIpo,https://i.ytimg.com/vi/HwC58-_VIpo/maxresdefault.jpg,i-dle (아이들)/I burn/HANN (Alone in winter) (한(寒)).mp3
Unstoppable (Unstoppable),i-dle (아이들),"i-dle, minGtion, MIYEON, minGtion, Anne Judith Wik, DANA, MIYEON",We are,kpop-gen4,https://music.youtube.com/watch?v=tG8-iN9WC4c,https://i.ytimg.com/vi/tG8-iN9WC4c/maxresdefault.jpg,i-dle (아이들)/We are/Unstoppable (Unstoppable).mp3
Chain (Chain),i-dle (아이들),"i-dle, BreadBeat, CA$HCOW, MINNIE, BreadBeat, CA$HCOW, B.O., Tim Tan, MINNIE",We are,kpop-gen4,https://music.youtube.com/watch?v=Y9T7Rm9dXxc,https://i.ytimg.com/vi/Y9T7Rm9dXxc/maxresdefault.jpg,i-dle (아이들)/We are/Chain (Chain).mp3
Lucid (Lucid),i-dle (아이들),i-dle,I feel,kpop-gen4,https://music.youtube.com/watch?v=Bd5950W2b5E,https://i.ytimg.com/vi/Bd5950W2b5E/maxresdefault.jpg,i-dle (아이들)/I feel/Lucid (Lucid).mp3
POLAROID,i-dle (아이들),(G)I-DLE,I NEVER DIE,kpop-gen4,https://music.youtube.com/watch?v=SaRWYXkWvZI,https://i.ytimg.com/vi/SaRWYXkWvZI/maxresdefault.jpg,i-dle (아이들)/I NEVER DIE/POLAROID.mp3
Reset,i-dle (아이들),(G)I-DLE,I love,kpop-gen4,https://music.youtube.com/watch?v=2X6aKe3XKBs,https://i.ytimg.com/vi/2X6aKe3XKBs/maxresdefault.jpg,i-dle (아이들)/I love/Reset.mp3
Vision (Vision),i-dle (아이들),i-dle,2,kpop-gen4,https://music.youtube.com/watch?v=zMQ9Mufkwb0,https://i.ytimg.com/vi/zMQ9Mufkwb0/maxresdefault.jpg,i-dle (아이들)/2/Vision (Vision).mp3
EMPIRE (English Version),i-dle (아이들),"WENGIE, (G)I-DLE, MINNIE of GI-DLE",EMPIRE,kpop-gen4,https://music.youtube.com/watch?v=siLW4UVw4hA,https://i.ytimg.com/vi/siLW4UVw4hA/maxresdefault.jpg,i-dle (아이들)/EMPIRE/EMPIRE (English Version).mp3
사랑해 (Luv U),i-dle (아이들),(G)I-DLE((여자)아이들),I trust,kpop-gen4,https://music.youtube.com/watch?v=MYVB3IlTIFs,https://i.ytimg.com/vi/MYVB3IlTIFs/maxresdefault.jpg,i-dle (아이들)/I trust/사랑해 (Luv U).mp3
Peter Pan (어린 어른),i-dle (아이들),i-dle,I feel,kpop-gen4,https://music.youtube.com/watch?v=ypsaGJzyAjg,https://i.ytimg.com/vi/ypsaGJzyAjg/maxresdefault.jpg,i-dle (아이들)/I feel/Peter Pan (어린 어른).mp3
LOST,i-dle (아이들),(G)I-DLE((여자)아이들),I burn,kpop-gen4,https://music.youtube.com/watch?v=ILmHLmZiVG0,https://i.ytimg.com/vi/ILmHLmZiVG0/maxresdefault.jpg,i-dle (아이들)/I burn/LOST.mp3
If You Want (그래도 돼요),i-dle (아이들),"i-dle, Song Yeon Yu, Hyun Jin Kang, Song Yeon Yu, Hyun Jin Kang, SHUHUA",We are,kpop-gen4,https://music.youtube.com/watch?v=chjPWMknHgU,https://i.ytimg.com/vi/chjPWMknHgU/maxresdefault.jpg,i-dle (아이들)/We are/If You Want (그래도 돼요).mp3
ALREADY,i-dle (아이들),(G)I-DLE,I NEVER DIE,kpop-gen4,https://music.youtube.com/watch?v=_2iwrMT2r5s,https://i.ytimg.com/vi/_2iwrMT2r5s/maxresdefault.jpg,i-dle (아이들)/I NEVER DIE/ALREADY.mp3
Oh my god (English Ver.),i-dle (아이들),(G)I-DLE((여자)아이들),I trust,kpop-gen4,https://music.youtube.com/watch?v=AdSQi7-xT8Y,https://i.ytimg.com/vi/AdSQi7-xT8Y/maxresdefault.jpg,i-dle (아이들)/I trust/Oh my god (English Ver.).mp3
DARK (X-file),i-dle (아이들),(G)I-DLE,I love,kpop-gen4,https://music.youtube.com/watch?v=uC6tdOZRKms,https://i.ytimg.com/vi/uC6tdOZRKms/maxresdefault.jpg,i-dle (아이들)/I love/DARK (X-file).mp3
Fate (Japanese ver.),i-dle (아이들),i-dle,Fate (Japanese ver.),kpop-gen4,https://music.youtube.com/watch?v=tujptltnMvM,https://i.ytimg.com/vi/tujptltnMvM/maxresdefault.jpg,i-dle (아이들)/Fate (Japanese ver.)/Fate (Japanese ver.).mp3
HWAA (English Ver.),i-dle (아이들),(G)I-DLE((여자)아이들),HWAA,kpop-gen4,https://music.youtube.com/watch?v=TAMmJfnUiBE,https://i.ytimg.com/vi/TAMmJfnUiBE/maxresdefault.jpg,i-dle (아이들)/HWAA/HWAA (English Ver.).mp3
TOMBOY (R3HAB Remix),i-dle (아이들),"(G)I-DLE, R3HAB, SOYEON, Pop Time, JENCI",TOMBOY (R3HAB Remix),kpop-gen4,https://music.youtube.com/watch?v=5L9Yzy8KIyo,https://i.ytimg.com/vi/5L9Yzy8KIyo/maxresdefault.jpg,i-dle (아이들)/TOMBOY (R3HAB Remix)/TOMBOY (R3HAB Remix).mp3
싫다고 말해 Put It Straight (Nightmare Version),i-dle (아이들),(여자)아이들 (G)I-DLE,퀸덤 Queendom ᐸ팬도라의 상자 Box of Pandoraᐳ Part. 1,kpop-gen4,https://music.youtube.com/watch?v=ORFa4Ihl3Tc,https://i.ytimg.com/vi/ORFa4Ihl3Tc/maxresdefault.jpg,i-dle (아이들)/퀸덤 Queendom ᐸ팬도라의 상자 Box of Pandoraᐳ Part. 1/싫다고 말해 Put It Straight (Nightmare Version).mp3
What’s in your house? (알고 싶어),i-dle (아이들),"i-dle, Any Masingga, VINCENZO, Any Masingga, Fuxxy, VINCENZO, ARIN, Any Masingga, Fuxxy, VINCENZO, 전소연, ARIN",I am,kpop-gen4,https://music.youtube.com/watch?v=ehXwFRCvTa8,https://i.ytimg.com/vi/ehXwFRCvTa8/maxresdefault.jpg,i-dle (아이들)/I am/What’s in your house? (알고 싶어).mp3
Where is love,i-dle (아이들),(G)I-DLE((여자)아이들),I burn,kpop-gen4,https://music.youtube.com/watch?v=L4WnbelD60E,https://i.ytimg.com/vi/L4WnbelD60E/maxresdefault.jpg,i-dle (아이들)/I burn/Where is love.mp3
조각품 (Sculpture),i-dle (아이들),(G)I-DLE,I love,kpop-gen4,https://music.youtube.com/watch?v=BqUinMr1_yQ,https://i.ytimg.com/vi/BqUinMr1_yQ/maxresdefault.jpg,i-dle (아이들)/I love/조각품 (Sculpture).mp3
Flip It,i-dle (아이들),"i-dle, Evan Gartner, Alexis ""8ae"" Boyd, Blaise Railey, Gabriella Grombacher, J.Lauryn, Lucas Macaluso",HEAT,kpop-gen4,https://music.youtube.com/watch?v=WzoexaKfeh8,https://i.ytimg.com/vi/WzoexaKfeh8/maxresdefault.jpg,i-dle (아이들)/HEAT/Flip It.mp3
$$$ (달라($$$)),i-dle (아이들),"i-dle, 윤종성(MonoTree), Le`mon, 윤종성(MonoTree), 전소연, Le`mon",I am,kpop-gen4,https://music.youtube.com/watch?v=sTnQ24z9hIw,https://i.ytimg.com/vi/sTnQ24z9hIw/maxresdefault.jpg,i-dle (아이들)/I am/$$$ (달라($$$)).mp3
Put It Straight (싫다고 말해),i-dle (아이들),i-dle,I made,kpop-gen4,https://music.youtube.com/watch?v=MIAtuJ31l98,https://i.ytimg.com/vi/MIAtuJ31l98/maxresdefault.jpg,i-dle (아이들)/I made/Put It Straight (싫다고 말해).mp3
What's Your Name (What's Your Name),i-dle (아이들),i-dle,I made,kpop-gen4,https://music.youtube.com/watch?v=v8zTRXCgF1Y,https://i.ytimg.com/vi/v8zTRXCgF1Y/maxresdefault.jpg,i-dle (아이들)/I made/What's Your Name (What's Your Name).mp3
Blow Your Mind (Blow Your Mind),i-dle (아이들),i-dle,I made,kpop-gen4,https://music.youtube.com/watch?v=Q8RQiYxsQGk,https://i.ytimg.com/vi/Q8RQiYxsQGk/maxresdefault.jpg,i-dle (아이들)/I made/Blow Your Mind (Blow Your Mind).mp3
LATATA (Japanese Version),i-dle (아이들),(G)I-DLE,LATATA,kpop-gen4,https://music.youtube.com/watch?v=luN0GTy2Nto,https://i.ytimg.com/vi/luN0GTy2Nto/maxresdefault.jpg,i-dle (아이들)/LATATA/LATATA (Japanese Version).mp3
Hear me (들어줘요),i-dle (아이들),"i-dle, 손영진, 손영진, 노경민, 손영진",I am,kpop-gen4,https://music.youtube.com/watch?v=OVivuUWG9Qs,https://i.ytimg.com/vi/OVivuUWG9Qs/maxresdefault.jpg,i-dle (아이들)/I am/Hear me (들어줘요).mp3
Maybe,i-dle (아이들),(G)I-DLE((여자)아이들),I trust,kpop-gen4,https://music.youtube.com/watch?v=k8pEDdNUvzI,https://i.ytimg.com/vi/k8pEDdNUvzI/maxresdefault.jpg,i-dle (아이들)/I trust/Maybe.mp3
Farewell to the World,i-dle (아이들),i-dle,i-dle,kpop-gen4,https://music.youtube.com/watch?v=FlpiE5vpEzY,https://i.ytimg.com/vi/FlpiE5vpEzY/maxresdefault.jpg,i-dle (아이들)/i-dle/Farewell to the World.mp3
Relay,i-dle (아이들),(G)I-DLE,Relay,kpop-gen4,https://music.youtube.com/watch?v=fSLJSUKiCfw,https://i.ytimg.com/vi/fSLJSUKiCfw/maxresdefault.jpg,i-dle (아이들)/Relay/Relay.mp3
DON'T TEXT ME (DON'T TEXT ME),i-dle (아이들),"i-dle, 박해일, 빅싼초, 박해일, 재리포터, 빅싼초, 박해일, 재리포터, 전소연, 빅싼초",I am,kpop-gen4,https://music.youtube.com/watch?v=9qXLfXLluQI,https://i.ytimg.com/vi/9qXLfXLluQI/maxresdefault.jpg,i-dle (아이들)/I am/DON'T TEXT ME (DON'T TEXT ME).mp3
Luv U (사랑해),i-dle (아이들),i-dle,I trust,kpop-gen4,https://music.youtube.com/watch?v=8DjDDNJR3m0,https://i.ytimg.com/vi/8DjDDNJR3m0/maxresdefault.jpg,i-dle (아이들)/I trust/Luv U (사랑해).mp3
HWAA (火/花) (Chinese Ver.),i-dle (아이들),(G)I-DLE((여자)아이들),HWAA,kpop-gen4,https://music.youtube.com/watch?v=2DN9sZzIFrg,https://i.ytimg.com/vi/2DN9sZzIFrg/maxresdefault.jpg,i-dle (아이들)/HWAA/HWAA (火_花) (Chinese Ver.).mp3
Tall Trees,i-dle (아이들),"i-dle, Johnny Simpson, Jonathan Bellion, Scott Dittrich",HEAT,kpop-gen4,https://music.youtube.com/watch?v=KojRioQ4OYk,https://i.ytimg.com/vi/KojRioQ4OYk/maxresdefault.jpg,i-dle (아이들)/HEAT/Tall Trees.mp3
Upgrade (Upgrade),i-dle (아이들),"HyunA, JO KWON, BTOB, CLC, PENTAGON, YOO SEONHO, i-dle, Any Masingga, VINCENZO, Any Masingga, Fuxxy, VINCENZO, 정일훈, JUNG ILHOON",ONE,kpop-gen4,https://music.youtube.com/watch?v=RmLvEyEAPmQ,https://i.ytimg.com/vi/RmLvEyEAPmQ/maxresdefault.jpg,i-dle (아이들)/ONE/Upgrade (Upgrade).mp3
Give Me Your (주세요),i-dle (아이들),i-dle,I made,kpop-gen4,https://music.youtube.com/watch?v=HmUlhIjkPYE,https://i.ytimg.com/vi/HmUlhIjkPYE/maxresdefault.jpg,i-dle (아이들)/I made/Give Me Your (주세요).mp3
HWAA (Dimitri Vegas & Like Mike Remix),i-dle (아이들),(G)I-DLE,HWAA (Dimitri Vegas & Like Mike Remix),kpop-gen4,https://music.youtube.com/watch?v=REj1gds2OGo,https://i.ytimg.com/vi/REj1gds2OGo/maxresdefault.jpg,i-dle (아이들)/HWAA (Dimitri Vegas & Like Mike Remix)/HWAA (Dimitri Vegas & Like Mike Remix).mp3
Young & One (Young & One),i-dle (아이들),"HyunA, JO KWON, BTOB, CLC, PENTAGON, YOO SEONHO, i-dle, BreadBeat(TENTEN), 서용배(TENTEN), 서재우(TENTEN), BreadBeat(TENTEN), 서용배(TENTEN), 서재우(TENTEN), BreadBeat(TENTEN), DAWN, HyunA, JANG YEEUN, JEON SOYEON, KWON EUNBIN, LEE MINHYUK, PENIEL, WOOSEOK, 서용배(TENTEN), 유토, 서재우(TENTEN)",ONE,kpop-gen4,https://music.youtube.com/watch?v=EUDAEOscAtk,https://i.ytimg.com/vi/EUDAEOscAtk/maxresdefault.jpg,i-dle (아이들)/ONE/Young & One (Young & One).mp3
Oh my god (Japanese Version),i-dle (아이들),(G)I-DLE,Oh my god (Limited Edition A),kpop-gen4,https://music.youtube.com/watch?v=RSFeRM-s7VE,https://i.ytimg.com/vi/RSFeRM-s7VE/maxresdefault.jpg,i-dle (아이들)/Oh my god (Limited Edition A)/Oh my god (Japanese Version).mp3
Tung-Tung (Empty),i-dle (아이들),(G)I-DLE,Oh my god (Limited Edition A),kpop-gen4,https://music.youtube.com/watch?v=TKpzx1E3ywI,https://i.ytimg.com/vi/TKpzx1E3ywI/maxresdefault.jpg,i-dle (아이들)/Oh my god (Limited Edition A)/Tung-Tung (Empty).mp3
Light My Fire,i-dle (아이들),(G)I-DLE,LATATA,kpop-gen4,https://music.youtube.com/watch?v=Pa551_NmsK0,https://i.ytimg.com/vi/Pa551_NmsK0/maxresdefault.jpg,i-dle (아이들)/LATATA/Light My Fire.mp3
Relay (iLYKE to Run Run Remix),i-dle (아이들),(G)I-DLE,Relay : Remixes,kpop-gen4,https://music.youtube.com/watch?v=6T9HK7ktRxI,https://i.ytimg.com/vi/6T9HK7ktRxI/maxresdefault.jpg,i-dle (아이들)/Relay _ Remixes/Relay (iLYKE to Run Run Remix).mp3
DUMDi DUMDi (Japanese Version),i-dle (아이들),(G)I-DLE,Oh my god (Limited Edition A),kpop-gen4,https://music.youtube.com/watch?v=n0T5Bg0F4Ps,https://i.ytimg.com/vi/n0T5Bg0F4Ps/maxresdefault.jpg,i-dle (아이들)/Oh my god (Limited Edition A)/DUMDi DUMDi (Japanese Version).mp3
Uh-Oh (Japanese Version),i-dle (아이들),(G)I-DLE,Oh my god (Limited Edition A),kpop-gen4,https://music.youtube.com/watch?v=aIDDre3KS_A,https://i.ytimg.com/vi/aIDDre3KS_A/maxresdefault.jpg,i-dle (아이들)/Oh my god (Limited Edition A)/Uh-Oh (Japanese Version).mp3
Relay (hue Remix),i-dle (아이들),(G)I-DLE,Relay : Remixes,kpop-gen4,https://music.youtube.com/watch?v=6V9zcApp9a8,https://i.ytimg.com/vi/6V9zcApp9a8/maxresdefault.jpg,i-dle (아이들)/Relay _ Remixes/Relay (hue Remix).mp3
ARISE (Instrumental),i-dle (아이들),i-dle,'Solo Leveling:ARISE' (Original Soundtrack),kpop-gen4,https://music.youtube.com/watch?v=fZRnOfJXfcc,https://i.ytimg.com/vi/fZRnOfJXfcc/maxresdefault.jpg,i-dle (아이들)/'Solo Leveling_ARISE' (Original Soundtrack)/ARISE (Instrumental).mp3
EMPIRE (Instrumental),i-dle (아이들),"WENGIE, (G)I-DLE, MINNIE of GI-DLE",EMPIRE,kpop-gen4,https://music.youtube.com/watch?v=tH8-cZeWSys,https://i.ytimg.com/vi/tH8-cZeWSys/maxresdefault.jpg,i-dle (아이들)/EMPIRE/EMPIRE (Instrumental).mp3
Abracadabra (Instrumental),i-dle (아이들),(G)I-DLE,Abracadabra (THE SEASONS: Red Carpet with Lee Hyo Ri),kpop-gen4,https://music.youtube.com/watch?v=FOibJsOBCa0,https://i.ytimg.com/vi/FOibJsOBCa0/maxresdefault.jpg,i-dle (아이들)/Abracadabra (THE SEASONS_ Red Carpet with Lee Hyo Ri)/Abracadabra (Instrumental).mp3
Help Me (Instrumental),i-dle (아이들),(G)I-DLE,"Her Private Life, Pt. 1 (Original Television Soundtrack)",kpop-gen4,https://music.youtube.com/watch?v=aNnuB4yfgms,https://i.ytimg.com/vi/aNnuB4yfgms/maxresdefault.jpg,"i-dle (아이들)/Her Private Life, Pt. 1 (Original Television Soundtrack)/Help Me (Instrumental).mp3"
Relay (Inst.),i-dle (아이들),(G)I-DLE,Relay,kpop-gen4,https://music.youtube.com/watch?v=vPV-RPJ9oeE,https://i.ytimg.com/vi/vPV-RPJ9oeE/maxresdefault.jpg,i-dle (아이들)/Relay/Relay (Inst.).mp3
Good Thing (Short ver.) (Good Thing (Short ver.)),i-dle (아이들),"i-dle, Pop Time, Daily, Likey, SOYEON, SOYEON, Pop Time, Daily, Likey, SOYEON",Good Thing (Short ver.),kpop-gen4,https://music.youtube.com/watch?v=0bXbHPizjx8,https://i.ytimg.com/vi/0bXbHPizjx8/maxresdefault.jpg,i-dle (아이들)/Good Thing (Short ver.)/Good Thing (Short ver.) (Good Thing (Short ver.)).mp3
ITZY “Motto” M/V,ITZY,JYP Entertainment,Single,kpop-gen4,https://music.youtube.com/watch?v=1jKnI_ib8c8,https://i.ytimg.com/vi/1jKnI_ib8c8/maxresdefault.jpg,ITZY/Single/ITZY “Motto” M_V.mp3
THAT'S A NO NO,ITZY,ITZY,IT'z ME,kpop-gen4,https://music.youtube.com/watch?v=ajdX8MQVkdo,https://i.ytimg.com/vi/ajdX8MQVkdo/maxresdefault.jpg,ITZY/IT'z ME/THAT'S A NO NO.mp3
"ITZY ""WANNABE"" M/V @ITZY",ITZY,JYP Entertainment,Single,kpop-gen4,https://music.youtube.com/watch?v=fE2h3lGlOsk,https://i.ytimg.com/vi/fE2h3lGlOsk/sddefault.jpg,ITZY/Single/ITZY WANNABE M_V @ITZY.mp3
ITZY “LOCO” M/V @ITZY,ITZY,JYP Entertainment,Single,kpop-gen4,https://music.youtube.com/watch?v=MjCZfZfucEc,https://i.ytimg.com/vi/MjCZfZfucEc/sddefault.jpg?v=645b3a9f,ITZY/Single/ITZY “LOCO” M_V @ITZY.mp3
"ITZY ""TUNNEL VISION"" M/V",ITZY,JYP Entertainment,Single,kpop-gen4,https://music.youtube.com/watch?v=piSq8IioghU,https://i.ytimg.com/vi/piSq8IioghU/maxresdefault.jpg,ITZY/Single/ITZY TUNNEL VISION M_V.mp3
YUNA “Ice Cream” M/V,ITZY,JYP Entertainment,Single,kpop-gen4,https://music.youtube.com/watch?v=x0FwbTiD3iA,https://i.ytimg.com/vi/x0FwbTiD3iA/maxresdefault.jpg,ITZY/Single/YUNA “Ice Cream” M_V.mp3
"ITZY ""마.피.아. In the morning"" M/V @ITZY",ITZY,JYP Entertainment,Single,kpop-gen4,https://music.youtube.com/watch?v=_ysomCGaZLw,https://i.ytimg.com/vi/_ysomCGaZLw/maxresdefault.jpg,ITZY/Single/ITZY 마.피.아. In the morning M_V @ITZY.mp3
ITZY “Cheshire” M/V @ITZY,ITZY,JYP Entertainment,Single,kpop-gen4,https://music.youtube.com/watch?v=zugAhfd2r0g,https://i.ytimg.com/vi/zugAhfd2r0g/maxresdefault.jpg,ITZY/Single/ITZY “Cheshire” M_V @ITZY.mp3
"ITZY ""달라달라(DALLA DALLA)"" M/V @ITZY",ITZY,JYP Entertainment,Single,kpop-gen4,https://music.youtube.com/watch?v=pNfTK39k55U,https://i.ytimg.com/vi/pNfTK39k55U/sddefault.jpg,ITZY/Single/ITZY 달라달라(DALLA DALLA) M_V @ITZY.mp3
ITZY “SNEAKERS” M/V @ITZY,ITZY,JYP Entertainment,Single,kpop-gen4,https://music.youtube.com/watch?v=Hbb5GPxXF1w,https://i.ytimg.com/vi/Hbb5GPxXF1w/maxresdefault.jpg,ITZY/Single/ITZY “SNEAKERS” M_V @ITZY.mp3
ITZY “CAKE” M/V @ITZY,ITZY,JYP Entertainment,Single,kpop-gen4,https://music.youtube.com/watch?v=0bIRwBpBcZQ,https://i.ytimg.com/vi/0bIRwBpBcZQ/maxresdefault.jpg,ITZY/Single/ITZY “CAKE” M_V @ITZY.mp3
"ITZY ""ICY"" M/V @ITZY",ITZY,JYP Entertainment,Single,kpop-gen4,https://music.youtube.com/watch?v=zndvqTc4P9I,https://i.ytimg.com/vi/zndvqTc4P9I/sddefault.jpg,ITZY/Single/ITZY ICY M_V @ITZY.mp3
ITZY “Not Shy” M/V @ITZY,ITZY,JYP Entertainment,Single,kpop-gen4,https://music.youtube.com/watch?v=wTowEKjDGkU,https://i.ytimg.com/vi/wTowEKjDGkU/sddefault.jpg?v=5f3a4931,ITZY/Single/ITZY “Not Shy” M_V @ITZY.mp3
"ITZY ""Girls Will Be Girls"" M/V",ITZY,JYP Entertainment,Single,kpop-gen4,https://music.youtube.com/watch?v=1KhOhW_O8-k,https://i.ytimg.com/vi/1KhOhW_O8-k/maxresdefault.jpg,ITZY/Single/ITZY Girls Will Be Girls M_V.mp3
"ITZY ""BORN TO BE"" M/V @ITZY",ITZY,JYP Entertainment,Single,kpop-gen4,https://music.youtube.com/watch?v=4R7vRFGJr3k,https://i.ytimg.com/vi/4R7vRFGJr3k/maxresdefault.jpg,ITZY/Single/ITZY BORN TO BE M_V @ITZY.mp3
"ITZY ""UNTOUCHABLE"" M/V @ITZY",ITZY,JYP Entertainment,Single,kpop-gen4,https://music.youtube.com/watch?v=5e3rKInegeU,https://i.ytimg.com/vi/5e3rKInegeU/maxresdefault.jpg,ITZY/Single/ITZY UNTOUCHABLE M_V @ITZY.mp3
"ITZY ""GOLD"" M/V",ITZY,JYP Entertainment,Single,kpop-gen4,https://music.youtube.com/watch?v=eMk_0svqsnI,https://i.ytimg.com/vi/eMk_0svqsnI/maxresdefault.jpg,ITZY/Single/ITZY GOLD M_V.mp3
"YEJI ""Air"" M/V",ITZY,JYP Entertainment,Single,kpop-gen4,https://music.youtube.com/watch?v=TamDOXponnM,https://i.ytimg.com/vi/TamDOXponnM/maxresdefault.jpg,ITZY/Single/YEJI Air M_V.mp3
"ITZY ""Imaginary Friend"" M/V",ITZY,JYP Entertainment,Single,kpop-gen4,https://music.youtube.com/watch?v=NrUlydECU-8,https://i.ytimg.com/vi/NrUlydECU-8/maxresdefault.jpg,ITZY/Single/ITZY Imaginary Friend M_V.mp3
ITZY “SWIPE” M/V @ITZY,ITZY,JYP Entertainment,Single,kpop-gen4,https://music.youtube.com/watch?v=9oyodEkzn94,https://i.ytimg.com/vi/9oyodEkzn94/sddefault.jpg?v=615089f5,ITZY/Single/ITZY “SWIPE” M_V @ITZY.mp3
ITZY “Boys Like You” M/V @ITZY,ITZY,JYP Entertainment,Single,kpop-gen4,https://music.youtube.com/watch?v=6uZy86ePgO0,https://i.ytimg.com/vi/6uZy86ePgO0/maxresdefault.jpg,ITZY/Single/ITZY “Boys Like You” M_V @ITZY.mp3
"ITZY ""Mr. Vampire"" M/V @ITZY",ITZY,JYP Entertainment,Single,kpop-gen4,https://music.youtube.com/watch?v=VkIEfqHFNkU,https://i.ytimg.com/vi/VkIEfqHFNkU/maxresdefault.jpg,ITZY/Single/ITZY Mr. Vampire M_V @ITZY.mp3
ITZY “BET ON ME” M/V  @ITZY,ITZY,JYP Entertainment,Single,kpop-gen4,https://music.youtube.com/watch?v=RmTq3cJqyCo,https://i.ytimg.com/vi/RmTq3cJqyCo/maxresdefault.jpg,ITZY/Single/ITZY “BET ON ME” M_V  @ITZY.mp3
SHOOT!,ITZY,ITZY,GUESS WHO,kpop-gen4,https://music.youtube.com/watch?v=4-wFebOZAeA,https://i.ytimg.com/vi/4-wFebOZAeA/maxresdefault.jpg,ITZY/GUESS WHO/SHOOT!.mp3
ITZY “None of My Business” M/V @ITZY  ​,ITZY,JYP Entertainment,Single,kpop-gen4,https://music.youtube.com/watch?v=FcQ6oB1JPiA,https://i.ytimg.com/vi/FcQ6oB1JPiA/maxresdefault.jpg,ITZY/Single/ITZY “None of My Business” M_V @ITZY  ​.mp3
"ITZY YEJI ""Crown On My Head"" M/V @ITZY",ITZY,JYP Entertainment,Single,kpop-gen4,https://music.youtube.com/watch?v=OSRMoNKftyk,https://i.ytimg.com/vi/OSRMoNKftyk/maxresdefault.jpg,ITZY/Single/ITZY YEJI Crown On My Head M_V @ITZY.mp3
"ITZY ""Kiss & Tell""",ITZY,ITZY,Single,kpop-gen4,https://music.youtube.com/watch?v=zu1bwdcNv7I,https://i.ytimg.com/vi/zu1bwdcNv7I/maxresdefault.jpg,ITZY/Single/ITZY Kiss & Tell.mp3
"ITZY ""Sorry Not Sorry"" @ SHOWCASE",ITZY,ITZY,Single,kpop-gen4,https://music.youtube.com/watch?v=d0_S1zve8HU,https://i.ytimg.com/vi/d0_S1zve8HU/maxresdefault.jpg,ITZY/Single/ITZY Sorry Not Sorry @ SHOWCASE.mp3
VAY  (Feat. Changbin of Stray Kids),ITZY,ITZY,GOLD,kpop-gen4,https://music.youtube.com/watch?v=ARxdsGOsLI0,https://i.ytimg.com/vi/ARxdsGOsLI0/maxresdefault.jpg,ITZY/GOLD/VAY  (Feat. Changbin of Stray Kids).mp3
"둘째이모 김다비, 있지 (Second Aunt KimDaVi, ITZY) - 얼음깨 (Break Ice) MV",ITZY,Stone Music Entertainment,Single,kpop-gen4,https://music.youtube.com/watch?v=WLQ7JqrCXec,https://i.ytimg.com/vi/WLQ7JqrCXec/maxresdefault.jpg,"ITZY/Single/둘째이모 김다비, 있지 (Second Aunt KimDaVi, ITZY) - 얼음깨 (Break Ice) MV.mp3"
#Twenty,ITZY,ITZY,CRAZY IN LOVE,kpop-gen4,https://music.youtube.com/watch?v=ptK2ksLVYwE,https://i.ytimg.com/vi/ptK2ksLVYwE/maxresdefault.jpg,ITZY/CRAZY IN LOVE/#Twenty.mp3
ITZY - Glitch (Audio Clip),ITZY,ITZY,Single,kpop-gen4,https://music.youtube.com/watch?v=2tSwKws79s8,https://i.ytimg.com/vi/2tSwKws79s8/maxresdefault.jpg,ITZY/Single/ITZY - Glitch (Audio Clip).mp3
ITZY - Asylum (리아) (Audio Clip),ITZY,ITZY,Single,kpop-gen4,https://music.youtube.com/watch?v=cmbBWMjqdfY,https://i.ytimg.com/vi/cmbBWMjqdfY/maxresdefault.jpg,ITZY/Single/ITZY - Asylum (리아) (Audio Clip).mp3
ITZY - Pocket (예지) (Audio Clip),ITZY,ITZY,Single,kpop-gen4,https://music.youtube.com/watch?v=R2R_sk1yrQs,https://i.ytimg.com/vi/R2R_sk1yrQs/maxresdefault.jpg,ITZY/Single/ITZY - Pocket (예지) (Audio Clip).mp3
ITZY - LOOK (류진) (Audio Clip),ITZY,ITZY,Single,kpop-gen4,https://music.youtube.com/watch?v=DWTxFRw9rl0,https://i.ytimg.com/vi/DWTxFRw9rl0/maxresdefault.jpg,ITZY/Single/ITZY - LOOK (류진) (Audio Clip).mp3
Weapon (With Newnion & FLOOR) (Prod. by Czaer),ITZY,ITZY,Street Dance Girls Fighter (SGF) Special,kpop-gen4,https://music.youtube.com/watch?v=KJrPsT2X-yk,https://i.ytimg.com/vi/KJrPsT2X-yk/sddefault.jpg,ITZY/Street Dance Girls Fighter (SGF) Special/Weapon (With Newnion & FLOOR) (Prod. by Czaer).mp3
ITZY - you And I (Audio Clip),ITZY,ITZY,Single,kpop-gen4,https://music.youtube.com/watch?v=URBjYPDH71g,https://i.ytimg.com/vi/URBjYPDH71g/maxresdefault.jpg,ITZY/Single/ITZY - you And I (Audio Clip).mp3
ITZY - Tangerine (유나) (Audio Clip),ITZY,ITZY,Single,kpop-gen4,https://music.youtube.com/watch?v=HFvvX_KrLS0,https://i.ytimg.com/vi/HFvvX_KrLS0/maxresdefault.jpg,ITZY/Single/ITZY - Tangerine (유나) (Audio Clip).mp3
"ITZY CHAERYEONG ""Mine"" M/V @ITZY",ITZY,JYP Entertainment,Single,kpop-gen4,https://music.youtube.com/watch?v=HnXCezrJEdM,https://i.ytimg.com/vi/HnXCezrJEdM/maxresdefault.jpg,ITZY/Single/ITZY CHAERYEONG Mine M_V @ITZY.mp3
"ITZY YUNA ""Yet, but"" M/V  @ITZY",ITZY,JYP Entertainment,Single,kpop-gen4,https://music.youtube.com/watch?v=1843Q679cvg,https://i.ytimg.com/vi/1843Q679cvg/maxresdefault.jpg,"ITZY/Single/ITZY YUNA Yet, but M_V  @ITZY.mp3"
ITZY - Undefined (채령) (Audio Clip),ITZY,ITZY,Single,kpop-gen4,https://music.youtube.com/watch?v=BPJayDTuF38,https://i.ytimg.com/vi/BPJayDTuF38/maxresdefault.jpg,ITZY/Single/ITZY - Undefined (채령) (Audio Clip).mp3
RINGO,ITZY,ITZY,RINGO,kpop-gen4,https://music.youtube.com/watch?v=H0SHNEcqqR0,https://i.ytimg.com/vi/H0SHNEcqqR0/maxresdefault.jpg,ITZY/RINGO/RINGO.mp3
Bad Girls R Us,ITZY,ITZY,GOLD,kpop-gen4,https://music.youtube.com/watch?v=PfE_bxJ5k2o,https://i.ytimg.com/vi/PfE_bxJ5k2o/maxresdefault.jpg,ITZY/GOLD/Bad Girls R Us.mp3
KIDDING ME,ITZY,ITZY,GUESS WHO,kpop-gen4,https://music.youtube.com/watch?v=05FVZuJf528,https://i.ytimg.com/vi/05FVZuJf528/maxresdefault.jpg,ITZY/GUESS WHO/KIDDING ME.mp3
ITZY - 8-BIT HEART (Audio Clip),ITZY,ITZY,Single,kpop-gen4,https://music.youtube.com/watch?v=BCLfyHkSFq4,https://i.ytimg.com/vi/BCLfyHkSFq4/maxresdefault.jpg,ITZY/Single/ITZY - 8-BIT HEART (Audio Clip).mp3
ITZY Selfie Cam #NOBODY_LIKE_YOU,ITZY,ITZY,Single,kpop-gen4,https://music.youtube.com/watch?v=6rc_R5XvT3Q,https://i.ytimg.com/vi/6rc_R5XvT3Q/sddefault.jpg,ITZY/Single/ITZY Selfie Cam #NOBODY_LIKE_YOU.mp3
"ITZY ""Supernatural"" (FULL CAM VER.) @ 'TUNNEL VISION' in SEOUL",ITZY,ITZY,Single,kpop-gen4,https://music.youtube.com/watch?v=pDUTVJ_lzrM,https://i.ytimg.com/vi/pDUTVJ_lzrM/maxresdefault.jpg,ITZY/Single/ITZY Supernatural (FULL CAM VER.) @ 'TUNNEL VISION' in SEOUL.mp3
CHERRY,ITZY,ITZY,IT'z ICY,kpop-gen4,https://music.youtube.com/watch?v=4aaml8qpQHg,https://i.ytimg.com/vi/4aaml8qpQHg/maxresdefault.jpg,ITZY/IT'z ICY/CHERRY.mp3
SURF,ITZY,ITZY,Not Shy,kpop-gen4,https://music.youtube.com/watch?v=Jsdo5PtMrIs,https://i.ytimg.com/vi/Jsdo5PtMrIs/maxresdefault.jpg,ITZY/Not Shy/SURF.mp3
RACER,ITZY,ITZY,CHECKMATE,kpop-gen4,https://music.youtube.com/watch?v=oRGdH-0hgr8,https://i.ytimg.com/vi/oRGdH-0hgr8/maxresdefault.jpg,ITZY/CHECKMATE/RACER.mp3
Chillin' Chillin',ITZY,ITZY,CRAZY IN LOVE,kpop-gen4,https://music.youtube.com/watch?v=91EfQzmS81o,https://i.ytimg.com/vi/91EfQzmS81o/maxresdefault.jpg,ITZY/CRAZY IN LOVE/Chillin' Chillin'.mp3
"ITZY ""Snowy"" Live Christmas Ver. | Amazon Music Specials @amazonmusic",ITZY,ITZY,Single,kpop-gen4,https://music.youtube.com/watch?v=kLUKXX0sfII,https://i.ytimg.com/vi/kLUKXX0sfII/maxresdefault.jpg,ITZY/Single/ITZY Snowy Live Christmas Ver. _ Amazon Music Specials @amazonmusic.mp3
Don't Give A What,ITZY,ITZY,Not Shy,kpop-gen4,https://music.youtube.com/watch?v=Cfaeja_Ag50,https://i.ytimg.com/vi/Cfaeja_Ag50/maxresdefault.jpg,ITZY/Not Shy/Don't Give A What.mp3
ITZY - Nocturne (Audio Clip),ITZY,ITZY,Single,kpop-gen4,https://music.youtube.com/watch?v=UTM5w2gUTMM,https://i.ytimg.com/vi/UTM5w2gUTMM/maxresdefault.jpg,ITZY/Single/ITZY - Nocturne (Audio Clip).mp3
WOODAHE,ITZY,"LIA, Choo young woo","The Tale of Lady Ok (Original Television Soundtrack), Pt. 3",kpop-gen4,https://music.youtube.com/watch?v=1_mNP6oA3y4,https://i.ytimg.com/vi/1_mNP6oA3y4/maxresdefault.jpg,"ITZY/The Tale of Lady Ok (Original Television Soundtrack), Pt. 3/WOODAHE.mp3"
TING TING TING with Oliver Heldens,ITZY,ITZY,IT'z ME,kpop-gen4,https://music.youtube.com/watch?v=v-1_OND979I,https://i.ytimg.com/vi/v-1_OND979I/maxresdefault.jpg,ITZY/IT'z ME/TING TING TING with Oliver Heldens.mp3
Sooo LUCKY,ITZY,ITZY,CRAZY IN LOVE,kpop-gen4,https://music.youtube.com/watch?v=6wSj1coZmu0,https://i.ytimg.com/vi/6wSj1coZmu0/maxresdefault.jpg,ITZY/CRAZY IN LOVE/Sooo LUCKY.mp3
"ITZY ""Be In Love"" @ LIVE PREMIERE",ITZY,ITZY,Single,kpop-gen4,https://music.youtube.com/watch?v=dTvHXM15sDc,https://i.ytimg.com/vi/dTvHXM15sDc/sddefault.jpg,ITZY/Single/ITZY Be In Love @ LIVE PREMIERE.mp3
ITZY “DYT”,ITZY,ITZY,Single,kpop-gen4,https://music.youtube.com/watch?v=3mA16Y_G9Do,https://i.ytimg.com/vi/3mA16Y_G9Do/maxresdefault.jpg,ITZY/Single/ITZY “DYT”.mp3
"ITZY ""믿지 (MIDZY)"" Lyric Video @ITZY",ITZY,JYP Entertainment,Single,kpop-gen4,https://music.youtube.com/watch?v=hed6HkYNA7g,https://i.ytimg.com/vi/hed6HkYNA7g/maxresdefault.jpg,ITZY/Single/ITZY 믿지 (MIDZY) Lyric Video @ITZY.mp3
Wild Wild West,ITZY,ITZY,GUESS WHO,kpop-gen4,https://music.youtube.com/watch?v=ye2dakJAbiE,https://i.ytimg.com/vi/ye2dakJAbiE/maxresdefault.jpg,ITZY/GUESS WHO/Wild Wild West.mp3
ITZY - Flicker (Audio Clip),ITZY,ITZY,Single,kpop-gen4,https://music.youtube.com/watch?v=aK3H81MyFxc,https://i.ytimg.com/vi/aK3H81MyFxc/maxresdefault.jpg,ITZY/Single/ITZY - Flicker (Audio Clip).mp3
WHAT I WANT,ITZY,ITZY,CHECKMATE,kpop-gen4,https://music.youtube.com/watch?v=B1pRdtxtae4,https://i.ytimg.com/vi/B1pRdtxtae4/maxresdefault.jpg,ITZY/CHECKMATE/WHAT I WANT.mp3
iD,ITZY,ITZY,Not Shy,kpop-gen4,https://music.youtube.com/watch?v=IVcGkibsOVs,https://i.ytimg.com/vi/IVcGkibsOVs/maxresdefault.jpg,ITZY/Not Shy/iD.mp3
"ITZY ""FIVE"" @ The 3rd Fan Meeting ""믿지의 세포들""",ITZY,ITZY,Single,kpop-gen4,https://music.youtube.com/watch?v=Sg-c4BeLRcs,https://i.ytimg.com/vi/Sg-c4BeLRcs/maxresdefault.jpg,ITZY/Single/ITZY FIVE @ The 3rd Fan Meeting 믿지의 세포들.mp3
Free Fall,ITZY,ITZY,CHECKMATE,kpop-gen4,https://music.youtube.com/watch?v=LHtr3MXyIt0,https://i.ytimg.com/vi/LHtr3MXyIt0/maxresdefault.jpg,ITZY/CHECKMATE/Free Fall.mp3
Louder,ITZY,ITZY,Not Shy,kpop-gen4,https://music.youtube.com/watch?v=FVqPi8-yEjE,https://i.ytimg.com/vi/FVqPi8-yEjE/maxresdefault.jpg,ITZY/Not Shy/Louder.mp3
"ITZY ""DOMINO"" VIDEO | SPECIAL PRESENT FOR MIDZY",ITZY,ITZY,Single,kpop-gen4,https://music.youtube.com/watch?v=H-1B9w4uxHc,https://i.ytimg.com/vi/H-1B9w4uxHc/maxresdefault.jpg,ITZY/Single/ITZY DOMINO VIDEO _ SPECIAL PRESENT FOR MIDZY.mp3
ITZY - Focus (Audio Clip),ITZY,ITZY,Single,kpop-gen4,https://music.youtube.com/watch?v=wXige8_tsc0,https://i.ytimg.com/vi/wXige8_tsc0/maxresdefault.jpg,ITZY/Single/ITZY - Focus (Audio Clip).mp3
365,ITZY,ITZY,CHECKMATE,kpop-gen4,https://music.youtube.com/watch?v=PjcQLFXmTe4,https://i.ytimg.com/vi/PjcQLFXmTe4/maxresdefault.jpg,ITZY/CHECKMATE/365.mp3
YOU MAKE ME,ITZY,ITZY,IT'z ME,kpop-gen4,https://music.youtube.com/watch?v=jkgQMEoEbvE,https://i.ytimg.com/vi/jkgQMEoEbvE/maxresdefault.jpg,ITZY/IT'z ME/YOU MAKE ME.mp3
Gas Me Up,ITZY,ITZY,CRAZY IN LOVE,kpop-gen4,https://music.youtube.com/watch?v=AQrU6TrkwvA,https://i.ytimg.com/vi/AQrU6TrkwvA/maxresdefault.jpg,ITZY/CRAZY IN LOVE/Gas Me Up.mp3
I DON'T WANNA DANCE,ITZY,ITZY,IT'z ME,kpop-gen4,https://music.youtube.com/watch?v=_VWUihDbl0M,https://i.ytimg.com/vi/_VWUihDbl0M/maxresdefault.jpg,ITZY/IT'z ME/I DON'T WANNA DANCE.mp3
"ITZY ""TENNIS (0:0)"" @ NAVER NOW.",ITZY,ITZY,Single,kpop-gen4,https://music.youtube.com/watch?v=D2i1qbS2V90,https://i.ytimg.com/vi/D2i1qbS2V90/maxresdefault.jpg,ITZY/Single/ITZY TENNIS (0_0) @ NAVER NOW..mp3
"ITZY The 4th Fan Meeting 있지 믿지, 날자! “ON AIR” | WANT IT?",ITZY,ITZY,Single,kpop-gen4,https://music.youtube.com/watch?v=og2I0L0TKeg,https://i.ytimg.com/vi/og2I0L0TKeg/maxresdefault.jpg,"ITZY/Single/ITZY The 4th Fan Meeting 있지 믿지, 날자! “ON AIR” _ WANT IT?.mp3"
ITZY - Dynamite (Audio Clip),ITZY,ITZY,Single,kpop-gen4,https://music.youtube.com/watch?v=mIGgvjhBOV4,https://i.ytimg.com/vi/mIGgvjhBOV4/maxresdefault.jpg,ITZY/Single/ITZY - Dynamite (Audio Clip).mp3
SUPERPOWERS,ITZY,있지,힘쎈여자 강남순 OST Part.1,kpop-gen4,https://music.youtube.com/watch?v=nYCPs5LMLcU,https://i.ytimg.com/vi/nYCPs5LMLcU/maxresdefault.jpg,ITZY/힘쎈여자 강남순 OST Part.1/SUPERPOWERS.mp3
IT'z SUMMER,ITZY,ITZY,IT'z ICY,kpop-gen4,https://music.youtube.com/watch?v=b1hyjSA4ONc,https://i.ytimg.com/vi/b1hyjSA4ONc/maxresdefault.jpg,ITZY/IT'z ICY/IT'z SUMMER.mp3
ITZY -  Escalator (Audio Clip),ITZY,ITZY,Single,kpop-gen4,https://music.youtube.com/watch?v=J8kNU4LAGPo,https://i.ytimg.com/vi/J8kNU4LAGPo/maxresdefault.jpg,ITZY/Single/ITZY -  Escalator (Audio Clip).mp3
리아 (ITZY) - One Day Official M/V,ITZY,GENIE MUSIC,Single,kpop-gen4,https://music.youtube.com/watch?v=Vt_uF6_AAyU,https://i.ytimg.com/vi/Vt_uF6_AAyU/maxresdefault.jpg,ITZY/Single/리아 (ITZY) - One Day Official M_V.mp3
ITZY -  Run Away (류진) (Audio Clip),ITZY,ITZY,Single,kpop-gen4,https://music.youtube.com/watch?v=s811h4d8Pos,https://i.ytimg.com/vi/s811h4d8Pos/maxresdefault.jpg,ITZY/Single/ITZY -  Run Away (류진) (Audio Clip).mp3
ITZY - Walk (Audio Clip),ITZY,ITZY,Single,kpop-gen4,https://music.youtube.com/watch?v=XRjXN9sM1VQ,https://i.ytimg.com/vi/XRjXN9sM1VQ/maxresdefault.jpg,ITZY/Single/ITZY - Walk (Audio Clip).mp3
리아 LIA (ITZY) - 내 사랑인걸 How I Love You Official M/V,ITZY,GENIE MUSIC,Single,kpop-gen4,https://music.youtube.com/watch?v=Dzi5-t2I5gM,https://i.ytimg.com/vi/Dzi5-t2I5gM/maxresdefault.jpg,ITZY/Single/리아 LIA (ITZY) - 내 사랑인걸 How I Love You Official M_V.mp3
ITZY - Locked N Loaded (Audio Clip),ITZY,ITZY,Single,kpop-gen4,https://music.youtube.com/watch?v=0qb798SaBxQ,https://i.ytimg.com/vi/0qb798SaBxQ/maxresdefault.jpg,ITZY/Single/ITZY - Locked N Loaded (Audio Clip).mp3
ITZY - Promise (Audio Clip),ITZY,ITZY,Single,kpop-gen4,https://music.youtube.com/watch?v=7_QpKfXf6Bc,https://i.ytimg.com/vi/7_QpKfXf6Bc/maxresdefault.jpg,ITZY/Single/ITZY - Promise (Audio Clip).mp3
채령 CHAERYEONG (ITZY) - Midnight Glow Official M/V,ITZY,GENIE MUSIC,Single,kpop-gen4,https://music.youtube.com/watch?v=VSzrNrTeXMM,https://i.ytimg.com/vi/VSzrNrTeXMM/maxresdefault.jpg,ITZY/Single/채령 CHAERYEONG (ITZY) - Midnight Glow Official M_V.mp3
Always be your star (밝혀줄게 별처럼),ITZY,LIA (ITZY),The Red Sleeve OST Part.9,kpop-gen4,https://music.youtube.com/watch?v=aewp6Q7r_e8,https://i.ytimg.com/vi/aewp6Q7r_e8/maxresdefault.jpg,ITZY/The Red Sleeve OST Part.9/Always be your star (밝혀줄게 별처럼).mp3
Sugar-holic,ITZY,ITZY,RINGO,kpop-gen4,https://music.youtube.com/watch?v=UFjSgssD1G4,https://i.ytimg.com/vi/UFjSgssD1G4/maxresdefault.jpg,ITZY/RINGO/Sugar-holic.mp3
ITZY - Blossom (리아) (Audio Clip),ITZY,ITZY,Single,kpop-gen4,https://music.youtube.com/watch?v=8tqk7dtKzhA,https://i.ytimg.com/vi/8tqk7dtKzhA/maxresdefault.jpg,ITZY/Single/ITZY - Blossom (리아) (Audio Clip).mp3
[MV] 예지 (ITZY) - Think about you / Official Music Video,ITZY,SEOUL MUSIC / 서울뮤직,Single,kpop-gen4,https://music.youtube.com/watch?v=F9VIT1cqnnQ,https://i.ytimg.com/vi/F9VIT1cqnnQ/maxresdefault.jpg,ITZY/Single/[MV] 예지 (ITZY) - Think about you _ Official Music Video.mp3
"ITZY ""24HRS"" #RYUJIN @ LIVE PREMIERE",ITZY,ITZY,Single,kpop-gen4,https://music.youtube.com/watch?v=Pl4QhH-C1yo,https://i.ytimg.com/vi/Pl4QhH-C1yo/sddefault.jpg,ITZY/Single/ITZY 24HRS #RYUJIN @ LIVE PREMIERE.mp3
ITZY - Freaky (Audio Clip),ITZY,ITZY,Single,kpop-gen4,https://music.youtube.com/watch?v=PIvq8qmepZA,https://i.ytimg.com/vi/PIvq8qmepZA/sddefault.jpg,ITZY/Single/ITZY - Freaky (Audio Clip).mp3
Why Not,ITZY,LIA,The Fiery Priest 2 (Original Soundtrack) Part.3,kpop-gen4,https://music.youtube.com/watch?v=Qc1RQ3aUsU8,https://i.ytimg.com/vi/Qc1RQ3aUsU8/maxresdefault.jpg,ITZY/The Fiery Priest 2 (Original Soundtrack) Part.3/Why Not.mp3
Voltage,ITZY,ITZY,Voltage,kpop-gen4,https://music.youtube.com/watch?v=sPZT27Rf0yI,https://i.ytimg.com/vi/sPZT27Rf0yI/maxresdefault.jpg,ITZY/Voltage/Voltage.mp3
NMIXX(엔믹스) “Heavy Serenade” M/V,NMIXX,JYP Entertainment,Single,kpop-gen4,https://music.youtube.com/watch?v=6Ycn9qZK09I,https://i.ytimg.com/vi/6Ycn9qZK09I/maxresdefault.jpg,NMIXX/Single/NMIXX(엔믹스) “Heavy Serenade” M_V.mp3
NMIXX(엔믹스) “Crescendo” M/V,NMIXX,JYP Entertainment,Single,kpop-gen4,https://music.youtube.com/watch?v=-SEKt_0pdHM,https://i.ytimg.com/vi/-SEKt_0pdHM/maxresdefault.jpg,NMIXX/Single/NMIXX(엔믹스) “Crescendo” M_V.mp3
NMIXX(엔믹스) “Blue Valentine” M/V,NMIXX,JYP Entertainment,Single,kpop-gen4,https://music.youtube.com/watch?v=EmeW6li6bbo,https://i.ytimg.com/vi/EmeW6li6bbo/maxresdefault.jpg,NMIXX/Single/NMIXX(엔믹스) “Blue Valentine” M_V.mp3
NMIXX(엔믹스) “TIC TIC (feat. Pabllo Vittar)” M/V,NMIXX,JYP Entertainment,Single,kpop-gen4,https://music.youtube.com/watch?v=1tkjwhhYIFU,https://i.ytimg.com/vi/1tkjwhhYIFU/maxresdefault.jpg,NMIXX/Single/NMIXX(엔믹스) “TIC TIC (feat. Pabllo Vittar)” M_V.mp3
NMIXX(엔믹스) “KNOW ABOUT ME” M/V,NMIXX,JYP Entertainment,Single,kpop-gen4,https://music.youtube.com/watch?v=aFrQIJ5cbRc,https://i.ytimg.com/vi/aFrQIJ5cbRc/maxresdefault.jpg,NMIXX/Single/NMIXX(엔믹스) “KNOW ABOUT ME” M_V.mp3
"NMIXX ""DICE"" M/V",NMIXX,JYP Entertainment,Single,kpop-gen4,https://music.youtube.com/watch?v=p1bjnyDqI9k,https://i.ytimg.com/vi/p1bjnyDqI9k/maxresdefault.jpg,NMIXX/Single/NMIXX DICE M_V.mp3
"NMIXX ""Love Me Like This"" M/V",NMIXX,JYP Entertainment,Single,kpop-gen4,https://music.youtube.com/watch?v=EDnwWcFpObo,https://i.ytimg.com/vi/EDnwWcFpObo/maxresdefault.jpg,NMIXX/Single/NMIXX Love Me Like This M_V.mp3
"NMIXX ""O.O"" M/V",NMIXX,JYP Entertainment,Single,kpop-gen4,https://music.youtube.com/watch?v=3GWscde8rM8,https://i.ytimg.com/vi/3GWscde8rM8/maxresdefault.jpg,NMIXX/Single/NMIXX O.O M_V.mp3
"NMIXX ""Party O’Clock"" M/V",NMIXX,JYP Entertainment,Single,kpop-gen4,https://music.youtube.com/watch?v=Rd2wppggYxo,https://i.ytimg.com/vi/Rd2wppggYxo/maxresdefault.jpg,NMIXX/Single/NMIXX Party O’Clock M_V.mp3
NMIXX “DASH” M/V,NMIXX,JYP Entertainment,Single,kpop-gen4,https://music.youtube.com/watch?v=7UecFm_bSTU,https://i.ytimg.com/vi/7UecFm_bSTU/maxresdefault.jpg,NMIXX/Single/NMIXX “DASH” M_V.mp3
NMIXX(엔믹스) “별별별 (See that?)” M/V,NMIXX,JYP Entertainment,Single,kpop-gen4,https://music.youtube.com/watch?v=_Q8Jskeps9w,https://i.ytimg.com/vi/_Q8Jskeps9w/maxresdefault.jpg,NMIXX/Single/NMIXX(엔믹스) “별별별 (See that?)” M_V.mp3
"NMIXX ""Young, Dumb, Stupid"" M/V",NMIXX,JYP Entertainment,Single,kpop-gen4,https://music.youtube.com/watch?v=5eh6Vj_vVg4,https://i.ytimg.com/vi/5eh6Vj_vVg4/maxresdefault.jpg,"NMIXX/Single/NMIXX Young, Dumb, Stupid M_V.mp3"
NMIXX(엔믹스) “LOUD” (Official Audio),NMIXX,NMIXX,Single,kpop-gen4,https://music.youtube.com/watch?v=e7t8JzqVXcs,https://i.ytimg.com/vi/e7t8JzqVXcs/maxresdefault.jpg,NMIXX/Single/NMIXX(엔믹스) “LOUD” (Official Audio).mp3
NMIXX “Soñar (Breaker)” M/V,NMIXX,JYP Entertainment,Single,kpop-gen4,https://music.youtube.com/watch?v=MMtRxcy8PX0,https://i.ytimg.com/vi/MMtRxcy8PX0/maxresdefault.jpg,NMIXX/Single/NMIXX “Soñar (Breaker)” M_V.mp3
NMIXX(엔믹스) Blue Valentine Core: “SPINNIN’ ON IT”,NMIXX,JYP Entertainment,Single,kpop-gen4,https://music.youtube.com/watch?v=RblIsNFR1j4,https://i.ytimg.com/vi/RblIsNFR1j4/maxresdefault.jpg,NMIXX/Single/NMIXX(엔믹스) Blue Valentine Core_ “SPINNIN’ ON IT”.mp3
"NMIXX ""Roller Coaster"" M/V",NMIXX,JYP Entertainment,Single,kpop-gen4,https://music.youtube.com/watch?v=fqBAzCH4-9g,https://i.ytimg.com/vi/fqBAzCH4-9g/maxresdefault.jpg,NMIXX/Single/NMIXX Roller Coaster M_V.mp3
NMIXX(엔믹스) “Different Girl” (Official Audio),NMIXX,NMIXX,Single,kpop-gen4,https://music.youtube.com/watch?v=zhvnMYsdY3s,https://i.ytimg.com/vi/zhvnMYsdY3s/maxresdefault.jpg,NMIXX/Single/NMIXX(엔믹스) “Different Girl” (Official Audio).mp3
NMIXX “Run For Roses” Performance Video,NMIXX,JYP Entertainment,Single,kpop-gen4,https://music.youtube.com/watch?v=j6tKIdt9K9M,https://i.ytimg.com/vi/j6tKIdt9K9M/maxresdefault.jpg,NMIXX/Single/NMIXX “Run For Roses” Performance Video.mp3
NMIXX(엔믹스) “Superior” (Official Audio),NMIXX,NMIXX,Single,kpop-gen4,https://music.youtube.com/watch?v=HvbggieqqUk,https://i.ytimg.com/vi/HvbggieqqUk/maxresdefault.jpg,NMIXX/Single/NMIXX(엔믹스) “Superior” (Official Audio).mp3
NMIXX(엔믹스) “IDESERVEIT” (Official Audio),NMIXX,NMIXX,Single,kpop-gen4,https://music.youtube.com/watch?v=8GWbzjE_E7o,https://i.ytimg.com/vi/8GWbzjE_E7o/maxresdefault.jpg,NMIXX/Single/NMIXX(엔믹스) “IDESERVEIT” (Official Audio).mp3
TANK,NMIXX,NMIXX,AD MARE,kpop-gen4,https://music.youtube.com/watch?v=8wCuNnlk50k,https://i.ytimg.com/vi/8wCuNnlk50k/maxresdefault.jpg,NMIXX/AD MARE/TANK.mp3
NMIXX(엔믹스) “Love Is Lonely” Special Video,NMIXX,NMIXX,Single,kpop-gen4,https://music.youtube.com/watch?v=zhrT1cmQ9zA,https://i.ytimg.com/vi/zhrT1cmQ9zA/maxresdefault.jpg,NMIXX/Single/NMIXX(엔믹스) “Love Is Lonely” Special Video.mp3
NMIXX(엔믹스) “ADORE U” Track Video,NMIXX,NMIXX,Single,kpop-gen4,https://music.youtube.com/watch?v=gUSdNGgO7wE,https://i.ytimg.com/vi/gUSdNGgO7wE/maxresdefault.jpg,NMIXX/Single/NMIXX(엔믹스) “ADORE U” Track Video.mp3
마루는 강쥐,NMIXX,해원,마루는 강쥐 X 해원 (NMIXX),kpop-gen4,https://music.youtube.com/watch?v=ktg4JIM5fHE,https://i.ytimg.com/vi/ktg4JIM5fHE/maxresdefault.jpg,NMIXX/마루는 강쥐 X 해원 (NMIXX)/마루는 강쥐.mp3
NMIXX(엔믹스) “Reality Hurts” Track Video,NMIXX,NMIXX,Single,kpop-gen4,https://music.youtube.com/watch?v=y4LlcShv9xs,https://i.ytimg.com/vi/y4LlcShv9xs/maxresdefault.jpg,NMIXX/Single/NMIXX(엔믹스) “Reality Hurts” Track Video.mp3
"NMIXX(엔믹스) ""Fe3O4: FORWARD"" Story Film Part2: ""High Horse"" Performance Visualizer",NMIXX,JYP Entertainment,Single,kpop-gen4,https://music.youtube.com/watch?v=vY4lGJJ2ZzI,https://i.ytimg.com/vi/vY4lGJJ2ZzI/maxresdefault.jpg,NMIXX/Single/NMIXX(엔믹스) Fe3O4_ FORWARD Story Film Part2_ High Horse Performance Visualizer.mp3
"[MV] Parc Jae Jung(박재정), SULLYOON (NMIXX)(설윤 (NMIXX)) _ Always(지금 이대로만)",NMIXX,1theK (원더케이),Single,kpop-gen4,https://music.youtube.com/watch?v=x6peEfIQVGE,https://i.ytimg.com/vi/x6peEfIQVGE/maxresdefault.jpg,"NMIXX/Single/[MV] Parc Jae Jung(박재정), SULLYOON (NMIXX)(설윤 (NMIXX)) _ Always(지금 이대로만).mp3"
"NMIXX ""Funky Glitter Christmas"" M/V",NMIXX,JYP Entertainment,Single,kpop-gen4,https://music.youtube.com/watch?v=kBwikDvbRbI,https://i.ytimg.com/vi/kBwikDvbRbI/maxresdefault.jpg,NMIXX/Single/NMIXX Funky Glitter Christmas M_V.mp3
NMIXX - COOL (Your rainbow) | SPECIAL VIDEO,NMIXX,NMIXX,Single,kpop-gen4,https://music.youtube.com/watch?v=4wKU9oIXnTI,https://i.ytimg.com/vi/4wKU9oIXnTI/maxresdefault.jpg,NMIXX/Single/NMIXX - COOL (Your rainbow) _ SPECIAL VIDEO.mp3
NMIXX(엔믹스) “Shape of Love” 4th Anniversary Special Video,NMIXX,NMIXX,Single,kpop-gen4,https://music.youtube.com/watch?v=GrrMUB9D12g,https://i.ytimg.com/vi/GrrMUB9D12g/maxresdefault.jpg,NMIXX/Single/NMIXX(엔믹스) “Shape of Love” 4th Anniversary Special Video.mp3
NMIXX(엔믹스) “Papillon” (Official Audio),NMIXX,NMIXX,Single,kpop-gen4,https://music.youtube.com/watch?v=qQhEwaHszKo,https://i.ytimg.com/vi/qQhEwaHszKo/maxresdefault.jpg,NMIXX/Single/NMIXX(엔믹스) “Papillon” (Official Audio).mp3
NMIXX(엔믹스) “PODIUM” (Official Audio),NMIXX,NMIXX,Single,kpop-gen4,https://music.youtube.com/watch?v=htpM--gDJEw,https://i.ytimg.com/vi/htpM--gDJEw/maxresdefault.jpg,NMIXX/Single/NMIXX(엔믹스) “PODIUM” (Official Audio).mp3
NMIXX(엔믹스) “Crush On You” (Official Audio),NMIXX,NMIXX,Single,kpop-gen4,https://music.youtube.com/watch?v=sdDY6tSJjFg,https://i.ytimg.com/vi/sdDY6tSJjFg/maxresdefault.jpg,NMIXX/Single/NMIXX(엔믹스) “Crush On You” (Official Audio).mp3
NMIXX(엔믹스) “SICKUHH (Feat. Kid Milli)” Visualizer,NMIXX,JYP Entertainment,Single,kpop-gen4,https://music.youtube.com/watch?v=auLcAboA-eE,https://i.ytimg.com/vi/auLcAboA-eE/maxresdefault.jpg,NMIXX/Single/NMIXX(엔믹스) “SICKUHH (Feat. Kid Milli)” Visualizer.mp3
NMIXX(엔믹스) “O.O Part 2 (Superhero)” (Official Audio),NMIXX,NMIXX,Single,kpop-gen4,https://music.youtube.com/watch?v=Ws7qykbmAN8,https://i.ytimg.com/vi/Ws7qykbmAN8/maxresdefault.jpg,NMIXX/Single/NMIXX(엔믹스) “O.O Part 2 (Superhero)” (Official Audio).mp3
NMIXX(엔믹스) “Ocean” (Official Audio),NMIXX,NMIXX,Single,kpop-gen4,https://music.youtube.com/watch?v=JLUqbQJswyA,https://i.ytimg.com/vi/JLUqbQJswyA/maxresdefault.jpg,NMIXX/Single/NMIXX(엔믹스) “Ocean” (Official Audio).mp3
NMIXX (엔믹스) - Kiss [Special Clip],NMIXX,워너뮤직코리아 (Warner Music Korea),Single,kpop-gen4,https://music.youtube.com/watch?v=oiSmwzPZOOo,https://i.ytimg.com/vi/oiSmwzPZOOo/maxresdefault.jpg,NMIXX/Single/NMIXX (엔믹스) - Kiss [Special Clip].mp3
NMIXX(엔믹스) “RICO” (Official Audio),NMIXX,NMIXX,Single,kpop-gen4,https://music.youtube.com/watch?v=Ns0S-fnoBYQ,https://i.ytimg.com/vi/Ns0S-fnoBYQ/maxresdefault.jpg,NMIXX/Single/NMIXX(엔믹스) “RICO” (Official Audio).mp3
NMIXX(엔믹스) “BEAT BEAT” Live Clip @NMIXX 2ND FAN CONCERT NMIXX CHANGE UP : MIXX LAB,NMIXX,NMIXX,Single,kpop-gen4,https://music.youtube.com/watch?v=VBIDBjBoD8I,https://i.ytimg.com/vi/VBIDBjBoD8I/maxresdefault.jpg,NMIXX/Single/NMIXX(엔믹스) “BEAT BEAT” Live Clip @NMIXX 2ND FAN CONCERT NMIXX CHANGE UP _ MIXX LAB.mp3
NMIXX(엔믹스) “Game Face” (Official Audio),NMIXX,NMIXX,Single,kpop-gen4,https://music.youtube.com/watch?v=O4Sp0fxR_pE,https://i.ytimg.com/vi/O4Sp0fxR_pE/maxresdefault.jpg,NMIXX/Single/NMIXX(엔믹스) “Game Face” (Official Audio).mp3
NMIXX - PAXXWORD | SPECIAL VIDEO,NMIXX,NMIXX,Single,kpop-gen4,https://music.youtube.com/watch?v=lH_n29wkT_4,https://i.ytimg.com/vi/lH_n29wkT_4/maxresdefault.jpg,NMIXX/Single/NMIXX - PAXXWORD _ SPECIAL VIDEO.mp3
NMIXX “Passionfruit” (Official Audio),NMIXX,NMIXX,Single,kpop-gen4,https://music.youtube.com/watch?v=v7rfkLyeTzs,https://i.ytimg.com/vi/v7rfkLyeTzs/maxresdefault.jpg,NMIXX/Single/NMIXX “Passionfruit” (Official Audio).mp3
NMIXX(엔믹스) “XOXO” Live Clip,NMIXX,NMIXX,Single,kpop-gen4,https://music.youtube.com/watch?v=n6ZwJyS2Iec,https://i.ytimg.com/vi/n6ZwJyS2Iec/maxresdefault.jpg,NMIXX/Single/NMIXX(엔믹스) “XOXO” Live Clip.mp3
NMIXX(엔믹스) “Slingshot” (Official Audio),NMIXX,NMIXX,Single,kpop-gen4,https://music.youtube.com/watch?v=m-ds3t1QkKc,https://i.ytimg.com/vi/m-ds3t1QkKc/maxresdefault.jpg,NMIXX/Single/NMIXX(엔믹스) “Slingshot” (Official Audio).mp3
"NMIXX(엔믹스) “Red light sign, but we go” (Official Audio)",NMIXX,NMIXX,Single,kpop-gen4,https://music.youtube.com/watch?v=PtL6nkdYQtQ,https://i.ytimg.com/vi/PtL6nkdYQtQ/maxresdefault.jpg,"NMIXX/Single/NMIXX(엔믹스) “Red light sign, but we go” (Official Audio).mp3"
NMIXX(엔믹스) “BOOM” Live Clip @NMIXX 2ND FAN CONCERT NMIXX CHANGE UP : MIXX LAB,NMIXX,NMIXX,Single,kpop-gen4,https://music.youtube.com/watch?v=Vd3jAK_kA0o,https://i.ytimg.com/vi/Vd3jAK_kA0o/maxresdefault.jpg,NMIXX/Single/NMIXX(엔믹스) “BOOM” Live Clip @NMIXX 2ND FAN CONCERT NMIXX CHANGE UP _ MIXX LAB.mp3
NMIXX(엔믹스) “Break The Wall” Live Clip @NMIXX 2ND FAN CONCERT NMIXX CHANGE UP : MIXX LAB,NMIXX,NMIXX,Single,kpop-gen4,https://music.youtube.com/watch?v=i5QFzaQbT6w,https://i.ytimg.com/vi/i5QFzaQbT6w/maxresdefault.jpg,NMIXX/Single/NMIXX(엔믹스) “Break The Wall” Live Clip @NMIXX 2ND FAN CONCERT NMIXX CHANGE UP _ MIXX LAB.mp3
NMIXX(엔믹스) “Golden Recipe” (Official Audio),NMIXX,NMIXX,Single,kpop-gen4,https://music.youtube.com/watch?v=Ay8wCtL3b-s,https://i.ytimg.com/vi/Ay8wCtL3b-s/maxresdefault.jpg,NMIXX/Single/NMIXX(엔믹스) “Golden Recipe” (Official Audio).mp3
NMIXX(엔믹스) “Moving On” (Official Audio),NMIXX,NMIXX,Single,kpop-gen4,https://music.youtube.com/watch?v=N5C8ofAOLiM,https://i.ytimg.com/vi/N5C8ofAOLiM/maxresdefault.jpg,NMIXX/Single/NMIXX(엔믹스) “Moving On” (Official Audio).mp3
Up & Down,NMIXX,배이 (NMIXX),제4차 사랑혁명 OST Part.1,kpop-gen4,https://music.youtube.com/watch?v=sfkjxLioWUk,https://i.ytimg.com/vi/sfkjxLioWUk/maxresdefault.jpg,NMIXX/제4차 사랑혁명 OST Part.1/Up & Down.mp3
NMIXX 1ST WORLD TOUR 'EPISODE 1: ZERO FRONTIER' IN INCHEON Recap Video,NMIXX,NMIXX,Single,kpop-gen4,https://music.youtube.com/watch?v=RBLWGLgmN18,https://i.ytimg.com/vi/RBLWGLgmN18/maxresdefault.jpg,NMIXX/Single/NMIXX 1ST WORLD TOUR 'EPISODE 1_ ZERO FRONTIER' IN INCHEON Recap Video.mp3
안녕 개비! (Sung By Nmixx),NMIXX,NMIXX,개비의 매직하우스 OST X Nmixx,kpop-gen4,https://music.youtube.com/watch?v=7qRuG6D_D-I,https://i.ytimg.com/vi/7qRuG6D_D-I/maxresdefault.jpg,NMIXX/개비의 매직하우스 OST X Nmixx/안녕 개비! (Sung By Nmixx).mp3
Dimitri Vegas & Like Mike & NMIXX – Come On (Official lyric video),NMIXX,Dimitri Vegas & Like Mike,Single,kpop-gen4,https://music.youtube.com/watch?v=mCn9VtIYcrw,https://i.ytimg.com/vi/mCn9VtIYcrw/maxresdefault.jpg,NMIXX/Single/Dimitri Vegas & Like Mike & NMIXX – Come On (Official lyric video).mp3
NMIXX 1st EP Comeback Showcase [Docking Station : expérgo] 'HOME',NMIXX,NMIXX,Single,kpop-gen4,https://music.youtube.com/watch?v=WY9DAofy0QI,https://i.ytimg.com/vi/WY9DAofy0QI/maxresdefault.jpg,NMIXX/Single/NMIXX 1st EP Comeback Showcase [Docking Station _ expérgo] 'HOME'.mp3
[연애대전 OST Part 4] 릴리 (LILY) & 설윤 (SULLYOON) of NMIXX - 너를 만난 순간 (The Moment) MV,NMIXX,Stone Music Entertainment,Single,kpop-gen4,https://music.youtube.com/watch?v=2MXDTS35Kss,https://i.ytimg.com/vi/2MXDTS35Kss/maxresdefault.jpg,NMIXX/Single/[연애대전 OST Part 4] 릴리 (LILY) & 설윤 (SULLYOON) of NMIXX - 너를 만난 순간 (The Moment) MV.mp3
스프링클 파티 (Sung By Nmixx),NMIXX,NMIXX,개비의 매직하우스 OST X Nmixx,kpop-gen4,https://music.youtube.com/watch?v=k8QO3WsISoU,https://i.ytimg.com/vi/k8QO3WsISoU/maxresdefault.jpg,NMIXX/개비의 매직하우스 OST X Nmixx/스프링클 파티 (Sung By Nmixx).mp3
I Know (겁이 나),NMIXX,Lily Jin Morrow,Orange Marmalade OST Part.3,kpop-gen4,https://music.youtube.com/watch?v=zpot79gdxk8,https://i.ytimg.com/vi/zpot79gdxk8/maxresdefault.jpg,NMIXX/Orange Marmalade OST Part.3/I Know (겁이 나).mp3
Endless Sun,Stray Kids,"Stray Kids, RESTART, Chae Ganghae, Bang Chan (3RACHA)",Endless Sun,kpop-gen4,https://music.youtube.com/watch?v=F-QSLxAyFes,https://i.ytimg.com/vi/F-QSLxAyFes/maxresdefault.jpg,Stray Kids/Endless Sun/Endless Sun.mp3
"Stray Kids ""Chk Chk Boom"" M/V",Stray Kids,JYP Entertainment,Single,kpop-gen4,https://music.youtube.com/watch?v=0P0aQreFs8w,https://i.ytimg.com/vi/0P0aQreFs8w/maxresdefault.jpg,Stray Kids/Single/Stray Kids Chk Chk Boom M_V.mp3
"Stray Kids ""Do It"" M/V",Stray Kids,JYP Entertainment,Single,kpop-gen4,https://music.youtube.com/watch?v=NED7nev2ywQ,https://i.ytimg.com/vi/NED7nev2ywQ/maxresdefault.jpg,Stray Kids/Single/Stray Kids Do It M_V.mp3
"Stray Kids ""신선놀음 (DIVINE)"" M/V",Stray Kids,JYP Entertainment,Single,kpop-gen4,https://music.youtube.com/watch?v=E8i32NXMxnc,https://i.ytimg.com/vi/E8i32NXMxnc/maxresdefault.jpg,Stray Kids/Single/Stray Kids 신선놀음 (DIVINE) M_V.mp3
"Stray Kids ""락 (樂) (LALALALA)"" M/V",Stray Kids,JYP Entertainment,Single,kpop-gen4,https://music.youtube.com/watch?v=dBDkYofMUs4,https://i.ytimg.com/vi/dBDkYofMUs4/maxresdefault.jpg,Stray Kids/Single/Stray Kids 락 (樂) (LALALALA) M_V.mp3
"Stray Kids ""CEREMONY"" M/V",Stray Kids,JYP Entertainment,Single,kpop-gen4,https://music.youtube.com/watch?v=P7vBoGWoReg,https://i.ytimg.com/vi/P7vBoGWoReg/maxresdefault.jpg,Stray Kids/Single/Stray Kids CEREMONY M_V.mp3
"Stray Kids ""특(S-Class)"" M/V",Stray Kids,JYP Entertainment,Single,kpop-gen4,https://music.youtube.com/watch?v=JsOOis4bBFg,https://i.ytimg.com/vi/JsOOis4bBFg/maxresdefault.jpg,Stray Kids/Single/Stray Kids 특(S-Class) M_V.mp3
"Stray Kids ""神메뉴(God's Menu)"" M/V",Stray Kids,JYP Entertainment,Single,kpop-gen4,https://music.youtube.com/watch?v=TQTlCHxyuu8,https://i.ytimg.com/vi/TQTlCHxyuu8/maxresdefault.jpg,Stray Kids/Single/Stray Kids 神메뉴(God's Menu) M_V.mp3
"Stray Kids ""소리꾼(Thunderous)"" M/V",Stray Kids,JYP Entertainment,Single,kpop-gen4,https://music.youtube.com/watch?v=EaswWiwMVs8,https://i.ytimg.com/vi/EaswWiwMVs8/sddefault.jpg,Stray Kids/Single/Stray Kids 소리꾼(Thunderous) M_V.mp3
"Stray Kids ""MANIAC"" M/V",Stray Kids,JYP Entertainment,Single,kpop-gen4,https://music.youtube.com/watch?v=OvioeS1ZZ7o,https://i.ytimg.com/vi/OvioeS1ZZ7o/sddefault.jpg,Stray Kids/Single/Stray Kids MANIAC M_V.mp3
"Stray Kids ""Back Door"" M/V",Stray Kids,JYP Entertainment,Single,kpop-gen4,https://music.youtube.com/watch?v=X-uJtV8ScYk,https://i.ytimg.com/vi/X-uJtV8ScYk/maxresdefault.jpg,Stray Kids/Single/Stray Kids Back Door M_V.mp3
"Stray Kids ""Walkin On Water"" M/V",Stray Kids,JYP Entertainment,Single,kpop-gen4,https://music.youtube.com/watch?v=ovHoY8UBIu8,https://i.ytimg.com/vi/ovHoY8UBIu8/maxresdefault.jpg,Stray Kids/Single/Stray Kids Walkin On Water M_V.mp3
"Stray Kids ""CASE 143"" M/V",Stray Kids,JYP Entertainment,Single,kpop-gen4,https://music.youtube.com/watch?v=jYSlpC6Ud2A,https://i.ytimg.com/vi/jYSlpC6Ud2A/maxresdefault.jpg,Stray Kids/Single/Stray Kids CASE 143 M_V.mp3
"Stray Kids ""MEGAVERSE"" Video",Stray Kids,Stray Kids,Single,kpop-gen4,https://music.youtube.com/watch?v=JqwPCzJnYyY,https://i.ytimg.com/vi/JqwPCzJnYyY/maxresdefault.jpg,Stray Kids/Single/Stray Kids MEGAVERSE Video.mp3
"Stray Kids ""JJAM"" M/V",Stray Kids,JYP Entertainment,Single,kpop-gen4,https://music.youtube.com/watch?v=7ytGFxD-FcI,https://i.ytimg.com/vi/7ytGFxD-FcI/maxresdefault.jpg,Stray Kids/Single/Stray Kids JJAM M_V.mp3
"Stray Kids ""Christmas EveL"" M/V",Stray Kids,JYP Entertainment,Single,kpop-gen4,https://music.youtube.com/watch?v=57n4dZAPxNY,https://i.ytimg.com/vi/57n4dZAPxNY/sddefault.jpg,Stray Kids/Single/Stray Kids Christmas EveL M_V.mp3
"Stray Kids ""Lose My Breath (Feat. Charlie Puth)"" M/V",Stray Kids,JYP Entertainment,Single,kpop-gen4,https://music.youtube.com/watch?v=SQ1yPMTIwCU,https://i.ytimg.com/vi/SQ1yPMTIwCU/maxresdefault.jpg,Stray Kids/Single/Stray Kids Lose My Breath (Feat. Charlie Puth) M_V.mp3
Stray Kids 『CIRCUS』 Music Video,Stray Kids,Stray Kids Japan Official YouTube,Single,kpop-gen4,https://music.youtube.com/watch?v=jW-bkbSWb4A,https://i.ytimg.com/vi/jW-bkbSWb4A/maxresdefault.jpg,Stray Kids/Single/Stray Kids 『CIRCUS』 Music Video.mp3
"Stray Kids ""강박 (방찬, 현진)(Red Lights (Bang Chan, Hyunjin))” Video",Stray Kids,Stray Kids,Single,kpop-gen4,https://music.youtube.com/watch?v=k8Y6ZTjmCXs,https://i.ytimg.com/vi/k8Y6ZTjmCXs/maxresdefault.jpg,"Stray Kids/Single/Stray Kids 강박 (방찬, 현진)(Red Lights (Bang Chan, Hyunjin))” Video.mp3"
"Stray Kids ""거미줄(VENOM)"" Video",Stray Kids,Stray Kids,Single,kpop-gen4,https://music.youtube.com/watch?v=pM-jOfy_1jM,https://i.ytimg.com/vi/pM-jOfy_1jM/maxresdefault.jpg,Stray Kids/Single/Stray Kids 거미줄(VENOM) Video.mp3
"Stray Kids ""CREED"" Video",Stray Kids,Stray Kids,Single,kpop-gen4,https://music.youtube.com/watch?v=y-rPpGpnSg0,https://i.ytimg.com/vi/y-rPpGpnSg0/maxresdefault.jpg,Stray Kids/Single/Stray Kids CREED Video.mp3
"Stray Kids ""ESCAPE (Bang Chan & Hyunjin)"" Video",Stray Kids,Stray Kids,Single,kpop-gen4,https://music.youtube.com/watch?v=LvCmsOWPwKA,https://i.ytimg.com/vi/LvCmsOWPwKA/maxresdefault.jpg,Stray Kids/Single/Stray Kids ESCAPE (Bang Chan & Hyunjin) Video.mp3
Stray Kids 『GIANT』 Music Video,Stray Kids,Stray Kids Japan Official YouTube,Single,kpop-gen4,https://music.youtube.com/watch?v=h21pp5-k9SA,https://i.ytimg.com/vi/h21pp5-k9SA/maxresdefault.jpg,Stray Kids/Single/Stray Kids 『GIANT』 Music Video.mp3
Stray Kids 『Social Path (feat. LiSA)』 Music Video,Stray Kids,Stray Kids Japan Official YouTube,Single,kpop-gen4,https://music.youtube.com/watch?v=M0c04xfBtyc,https://i.ytimg.com/vi/M0c04xfBtyc/maxresdefault.jpg,Stray Kids/Single/Stray Kids 『Social Path (feat. LiSA)』 Music Video.mp3
"Stray Kids ""Truman (HAN & Felix)"" Video",Stray Kids,Stray Kids,Single,kpop-gen4,https://music.youtube.com/watch?v=diMyNjWyDW8,https://i.ytimg.com/vi/diMyNjWyDW8/maxresdefault.jpg,Stray Kids/Single/Stray Kids Truman (HAN & Felix) Video.mp3
"Stray Kids ""삐처리 (BLEEP)"" Video",Stray Kids,Stray Kids,Single,kpop-gen4,https://music.youtube.com/watch?v=qS7OsvKqojg,https://i.ytimg.com/vi/qS7OsvKqojg/maxresdefault.jpg,Stray Kids/Single/Stray Kids 삐처리 (BLEEP) Video.mp3
"Stray Kids ""MIROH"" M/V",Stray Kids,JYP Entertainment,Single,kpop-gen4,https://music.youtube.com/watch?v=Dab4EENTW5I,https://i.ytimg.com/vi/Dab4EENTW5I/sddefault.jpg,Stray Kids/Single/Stray Kids MIROH M_V.mp3
I Like It,Stray Kids,Stray Kids,ATE,kpop-gen4,https://music.youtube.com/watch?v=Oz7v7TP_-3k,https://i.ytimg.com/vi/Oz7v7TP_-3k/maxresdefault.jpg,Stray Kids/ATE/I Like It.mp3
"Hyunjin ""So Good"" | [Stray Kids : SKZ-PLAYER]",Stray Kids,Stray Kids,Single,kpop-gen4,https://music.youtube.com/watch?v=3yp17XEP5ck,https://i.ytimg.com/vi/3yp17XEP5ck/maxresdefault.jpg,Stray Kids/Single/Hyunjin So Good _ [Stray Kids _ SKZ-PLAYER].mp3
"Stray Kids ""Stray Kids"" Video",Stray Kids,Stray Kids,Single,kpop-gen4,https://music.youtube.com/watch?v=kMxuLQWMOLc,https://i.ytimg.com/vi/kMxuLQWMOLc/maxresdefault.jpg,Stray Kids/Single/Stray Kids Stray Kids Video.mp3
"Felix ""Unfair"" | [Stray Kids : SKZ-PLAYER]",Stray Kids,Stray Kids,Single,kpop-gen4,https://music.youtube.com/watch?v=Oswujxm2Ag0,https://i.ytimg.com/vi/Oswujxm2Ag0/maxresdefault.jpg,Stray Kids/Single/Felix Unfair _ [Stray Kids _ SKZ-PLAYER].mp3
"Stray Kids ""CHEESE"" Video",Stray Kids,Stray Kids,Single,kpop-gen4,https://music.youtube.com/watch?v=YLtEc-kvOqA,https://i.ytimg.com/vi/YLtEc-kvOqA/maxresdefault.jpg,Stray Kids/Single/Stray Kids CHEESE Video.mp3
"Stray Kids ""MOUNTAINS"" Video",Stray Kids,Stray Kids,Single,kpop-gen4,https://music.youtube.com/watch?v=80H_-aHTUws,https://i.ytimg.com/vi/80H_-aHTUws/maxresdefault.jpg,Stray Kids/Single/Stray Kids MOUNTAINS Video.mp3
"별, 빛 (STAY)",Stray Kids,"Stray Kids, Millionboy, YOUNGHOOD","별, 빛 (STAY)",kpop-gen4,https://music.youtube.com/watch?v=swuhhziz3dM,https://i.ytimg.com/vi/swuhhziz3dM/maxresdefault.jpg,"Stray Kids/별, 빛 (STAY)/별, 빛 (STAY).mp3"
"Lee Know ""Youth"" | [Stray Kids : SKZ-PLAYER]",Stray Kids,Stray Kids,Single,kpop-gen4,https://music.youtube.com/watch?v=NI2NBjZGYfM,https://i.ytimg.com/vi/NI2NBjZGYfM/maxresdefault.jpg,Stray Kids/Single/Lee Know Youth _ [Stray Kids _ SKZ-PLAYER].mp3
"HAN ""Hold my hand"" | [Stray Kids : SKZ-PLAYER]",Stray Kids,Stray Kids,Single,kpop-gen4,https://music.youtube.com/watch?v=DzBB7izZnZk,https://i.ytimg.com/vi/DzBB7izZnZk/maxresdefault.jpg,Stray Kids/Single/HAN Hold my hand _ [Stray Kids _ SKZ-PLAYER].mp3
"Bang Chan ""Railway"" | [Stray Kids : SKZ-PLAYER]",Stray Kids,Stray Kids,Single,kpop-gen4,https://music.youtube.com/watch?v=27rdSyt-Qt8,https://i.ytimg.com/vi/27rdSyt-Qt8/maxresdefault.jpg,Stray Kids/Single/Bang Chan Railway _ [Stray Kids _ SKZ-PLAYER].mp3
"Stray Kids ""Burnin’ Tires (Changbin & I.N)"" Video",Stray Kids,Stray Kids,Single,kpop-gen4,https://music.youtube.com/watch?v=vSPnf72JsCQ,https://i.ytimg.com/vi/vSPnf72JsCQ/maxresdefault.jpg,Stray Kids/Single/Stray Kids Burnin’ Tires (Changbin & I.N) Video.mp3
"I.N ""HALLUCINATION"" | [Stray Kids : SKZ-PLAYER]",Stray Kids,Stray Kids,Single,kpop-gen4,https://music.youtube.com/watch?v=n5B5q1Hwt_U,https://i.ytimg.com/vi/n5B5q1Hwt_U/maxresdefault.jpg,Stray Kids/Single/I.N HALLUCINATION _ [Stray Kids _ SKZ-PLAYER].mp3
"Stray Kids ""Easy"" M/V",Stray Kids,JYP Entertainment,Single,kpop-gen4,https://music.youtube.com/watch?v=XZSv3aMGg5Q,https://i.ytimg.com/vi/XZSv3aMGg5Q/maxresdefault.jpg,Stray Kids/Single/Stray Kids Easy M_V.mp3
"Stray Kids ""0801"" Video (Street Ver.)",Stray Kids,Stray Kids,Single,kpop-gen4,https://music.youtube.com/watch?v=ciRftriyejM,https://i.ytimg.com/vi/ciRftriyejM/maxresdefault.jpg,Stray Kids/Single/Stray Kids 0801 Video (Street Ver.).mp3
"Stray Kids ""CINEMA (Lee Know & Seungmin)"" Video",Stray Kids,Stray Kids,Single,kpop-gen4,https://music.youtube.com/watch?v=G4CAFJ5mLXU,https://i.ytimg.com/vi/G4CAFJ5mLXU/maxresdefault.jpg,Stray Kids/Single/Stray Kids CINEMA (Lee Know & Seungmin) Video.mp3
"Stray Kids ""My Pace"" M/V",Stray Kids,JYP Entertainment,Single,kpop-gen4,https://music.youtube.com/watch?v=pok5yDw77uM,https://i.ytimg.com/vi/pok5yDw77uM/maxresdefault.jpg,Stray Kids/Single/Stray Kids My Pace M_V.mp3
Charmer,Stray Kids,Stray Kids,ODDINARY,kpop-gen4,https://music.youtube.com/watch?v=BCZE-44jp_I,https://i.ytimg.com/vi/BCZE-44jp_I/maxresdefault.jpg,Stray Kids/ODDINARY/Charmer.mp3
DOMINO,Stray Kids,Stray Kids,NOEASY,kpop-gen4,https://music.youtube.com/watch?v=mcIVRlw23eY,https://i.ytimg.com/vi/mcIVRlw23eY/maxresdefault.jpg,Stray Kids/NOEASY/DOMINO.mp3
"Stray Kids ""Hellevator"" M/V",Stray Kids,JYP Entertainment,Single,kpop-gen4,https://music.youtube.com/watch?v=AdfIfFGCqgo,https://i.ytimg.com/vi/AdfIfFGCqgo/sddefault.jpg,Stray Kids/Single/Stray Kids Hellevator M_V.mp3
In My Head,Stray Kids,"Stray Kids, JUN2, Bang Chan (3RACHA)",KARMA,kpop-gen4,https://music.youtube.com/watch?v=jQ7W5A-wwKo,https://i.ytimg.com/vi/jQ7W5A-wwKo/maxresdefault.jpg,Stray Kids/KARMA/In My Head.mp3
"Stray Kids ""Double Knot"" M/V",Stray Kids,JYP Entertainment,Single,kpop-gen4,https://music.youtube.com/watch?v=UWoyeuwj9c0,https://i.ytimg.com/vi/UWoyeuwj9c0/maxresdefault.jpg,Stray Kids/Single/Stray Kids Double Knot M_V.mp3
Holiday,Stray Kids,"Stray Kids, VERSACHOI",DO IT,kpop-gen4,https://music.youtube.com/watch?v=EZh3S8-WmyU,https://i.ytimg.com/vi/EZh3S8-WmyU/maxresdefault.jpg,Stray Kids/DO IT/Holiday.mp3
Stray Kids 『ALL IN』 Music Video,Stray Kids,Stray Kids Japan Official YouTube,Single,kpop-gen4,https://music.youtube.com/watch?v=ySxIjeCScgY,https://i.ytimg.com/vi/ySxIjeCScgY/maxresdefault.jpg,Stray Kids/Single/Stray Kids 『ALL IN』 Music Video.mp3
Phoenix,Stray Kids,"Stray Kids, DallasK, Bang Chan (3RACHA)",KARMA,kpop-gen4,https://music.youtube.com/watch?v=QZtn6ec0rH4,https://i.ytimg.com/vi/QZtn6ec0rH4/maxresdefault.jpg,Stray Kids/KARMA/Phoenix.mp3
"Stray Kids ""Get Cool"" M/V",Stray Kids,JYP Entertainment,Single,kpop-gen4,https://music.youtube.com/watch?v=BcXwZEbOvpo,https://i.ytimg.com/vi/BcXwZEbOvpo/maxresdefault.jpg,Stray Kids/Single/Stray Kids Get Cool M_V.mp3
"TASTE (리노, 현진, 필릭스) TASTE (Lee Know, Hyunjin, Felix)",Stray Kids,Stray Kids,MAXIDENT,kpop-gen4,https://music.youtube.com/watch?v=Ihw3CqKMTog,https://i.ytimg.com/vi/Ihw3CqKMTog/maxresdefault.jpg,"Stray Kids/MAXIDENT/TASTE (리노, 현진, 필릭스) TASTE (Lee Know, Hyunjin, Felix).mp3"
"Stray Kids ""부작용(Side Effects)"" M/V",Stray Kids,JYP Entertainment,Single,kpop-gen4,https://music.youtube.com/watch?v=5rPluw_-Eb4,https://i.ytimg.com/vi/5rPluw_-Eb4/maxresdefault.jpg,Stray Kids/Single/Stray Kids 부작용(Side Effects) M_V.mp3
[유미의 세포들 시즌3 (Yumi's Cells 3) OST Part 3] 한 (HAN) (Stray Kids) - Let It Show MV,Stray Kids,Stone Music Entertainment,Single,kpop-gen4,https://music.youtube.com/watch?v=Dj5SOqo92OU,https://i.ytimg.com/vi/Dj5SOqo92OU/maxresdefault.jpg,Stray Kids/Single/[유미의 세포들 시즌3 (Yumi's Cells 3) OST Part 3] 한 (HAN) (Stray Kids) - Let It Show MV.mp3
Ghost,Stray Kids,"Stray Kids, VERSACHOI, Bang Chan (3RACHA)",KARMA,kpop-gen4,https://music.youtube.com/watch?v=c9ZiUXtcaBw,https://i.ytimg.com/vi/c9ZiUXtcaBw/maxresdefault.jpg,Stray Kids/KARMA/Ghost.mp3
가려줘 Cover Me,Stray Kids,Stray Kids,樂-STAR ROCK-STAR,kpop-gen4,https://music.youtube.com/watch?v=gfhhFsG-oms,https://i.ytimg.com/vi/gfhhFsG-oms/maxresdefault.jpg,Stray Kids/樂-STAR ROCK-STAR/가려줘 Cover Me.mp3
"Stray Kids ""식혀(CHILL)"" Video",Stray Kids,Stray Kids,Single,kpop-gen4,https://music.youtube.com/watch?v=dtV1I9WtQuo,https://i.ytimg.com/vi/dtV1I9WtQuo/maxresdefault.jpg,Stray Kids/Single/Stray Kids 식혀(CHILL) Video.mp3
"Stray Kids ""아니 (Any)"" Video",Stray Kids,Stray Kids,Single,kpop-gen4,https://music.youtube.com/watch?v=uaJ81czm3xA,https://i.ytimg.com/vi/uaJ81czm3xA/maxresdefault.jpg,Stray Kids/Single/Stray Kids 아니 (Any) Video.mp3
반전 (Half Time),Stray Kids,"Stray Kids, VERSACHOI, Bang Chan (3RACHA)",KARMA,kpop-gen4,https://music.youtube.com/watch?v=Hzp7hy0lIIM,https://i.ytimg.com/vi/Hzp7hy0lIIM/maxresdefault.jpg,Stray Kids/KARMA/반전 (Half Time).mp3
"Changbin ""ULTRA"" | [Stray Kids : SKZ-PLAYER]",Stray Kids,Stray Kids,Single,kpop-gen4,https://music.youtube.com/watch?v=t4YJEekL1f8,https://i.ytimg.com/vi/t4YJEekL1f8/maxresdefault.jpg,Stray Kids/Single/Changbin ULTRA _ [Stray Kids _ SKZ-PLAYER].mp3
"Stray Kids ""바람 (Levanter)"" M/V",Stray Kids,JYP Entertainment,Single,kpop-gen4,https://music.youtube.com/watch?v=Fpgd3ac3_nM,https://i.ytimg.com/vi/Fpgd3ac3_nM/maxresdefault.jpg,Stray Kids/Single/Stray Kids 바람 (Levanter) M_V.mp3
"Stray Kids ""Winter Falls"" M/V",Stray Kids,JYP Entertainment,Single,kpop-gen4,https://music.youtube.com/watch?v=S4qK-Gzyws0,https://i.ytimg.com/vi/S4qK-Gzyws0/sddefault.jpg,Stray Kids/Single/Stray Kids Winter Falls M_V.mp3
"Stray Kids ""애(Mixtape : OH)"" M/V",Stray Kids,JYP Entertainment,Single,kpop-gen4,https://music.youtube.com/watch?v=M7lIml8-eHU,https://i.ytimg.com/vi/M7lIml8-eHU/maxresdefault.jpg,Stray Kids/Single/Stray Kids 애(Mixtape _ OH) M_V.mp3
"Seungmin ""그렇게, 천천히, 우리(As we are)"" | [Stray Kids : SKZ-PLAYER]",Stray Kids,Stray Kids,Single,kpop-gen4,https://music.youtube.com/watch?v=kAzmhLHePqU,https://i.ytimg.com/vi/kAzmhLHePqU/maxresdefault.jpg,"Stray Kids/Single/Seungmin 그렇게, 천천히, 우리(As we are) _ [Stray Kids _ SKZ-PLAYER].mp3"
Photobook,Stray Kids,"Stray Kids, Nickko Young",DO IT,kpop-gen4,https://music.youtube.com/watch?v=l5OuKEpNqos,https://i.ytimg.com/vi/l5OuKEpNqos/maxresdefault.jpg,Stray Kids/DO IT/Photobook.mp3
엉망 (MESS),Stray Kids,"Stray Kids, Millionboy, Bang Chan (3RACHA)",KARMA,kpop-gen4,https://music.youtube.com/watch?v=Q-rDglVNQO0,https://i.ytimg.com/vi/Q-rDglVNQO0/maxresdefault.jpg,Stray Kids/KARMA/엉망 (MESS).mp3
"Stray Kids ""I am YOU"" M/V",Stray Kids,JYP Entertainment,Single,kpop-gen4,https://music.youtube.com/watch?v=CNfodZluR-Q,https://i.ytimg.com/vi/CNfodZluR-Q/maxresdefault.jpg,Stray Kids/Single/Stray Kids I am YOU M_V.mp3
"Stray Kids ""승전가(Victory Song)"" Performance Video",Stray Kids,Stray Kids,Single,kpop-gen4,https://music.youtube.com/watch?v=Fy3zu0WsTLM,https://i.ytimg.com/vi/Fy3zu0WsTLM/maxresdefault.jpg,Stray Kids/Single/Stray Kids 승전가(Victory Song) Performance Video.mp3
"Stray Kids ""SUPER BOARD"" Video",Stray Kids,Stray Kids,Single,kpop-gen4,https://music.youtube.com/watch?v=8ziUcTYwARI,https://i.ytimg.com/vi/8ziUcTYwARI/maxresdefault.jpg,Stray Kids/Single/Stray Kids SUPER BOARD Video.mp3
"Stray Kids ""Lonely St."" Video",Stray Kids,Stray Kids,Single,kpop-gen4,https://music.youtube.com/watch?v=jxwFUMvd-fY,https://i.ytimg.com/vi/jxwFUMvd-fY/maxresdefault.jpg,Stray Kids/Single/Stray Kids Lonely St. Video.mp3
Bounce Back,Stray Kids,Stray Kids,合 (HOP) HOP,kpop-gen4,https://music.youtube.com/watch?v=vRmkqYlH-nA,https://i.ytimg.com/vi/vRmkqYlH-nA/maxresdefault.jpg,Stray Kids/合 (HOP) HOP/Bounce Back.mp3
SLASH (From “Deadpool & Wolverine”),Stray Kids,Stray Kids,SLASH (From “Deadpool & Wolverine”),kpop-gen4,https://music.youtube.com/watch?v=BMcgZEWM8UM,https://i.ytimg.com/vi/BMcgZEWM8UM/maxresdefault.jpg,Stray Kids/SLASH (From “Deadpool & Wolverine”)/SLASH (From “Deadpool & Wolverine”).mp3
Silent Cry,Stray Kids,Stray Kids,NOEASY,kpop-gen4,https://music.youtube.com/watch?v=-OofaCbwiow,https://i.ytimg.com/vi/-OofaCbwiow/maxresdefault.jpg,Stray Kids/NOEASY/Silent Cry.mp3
"Stray Kids ""미친 놈 (Ex)"" Video",Stray Kids,Stray Kids,Single,kpop-gen4,https://music.youtube.com/watch?v=rpHztlgROH8,https://i.ytimg.com/vi/rpHztlgROH8/maxresdefault.jpg,Stray Kids/Single/Stray Kids 미친 놈 (Ex) Video.mp3
"Stray Kids ""청사진(Blueprint)"" Video",Stray Kids,Stray Kids,Single,kpop-gen4,https://music.youtube.com/watch?v=LYJDf9oPQ-0,https://i.ytimg.com/vi/LYJDf9oPQ-0/maxresdefault.jpg,Stray Kids/Single/Stray Kids 청사진(Blueprint) Video.mp3
또 다시 밤 twilight,Stray Kids,Stray Kids,ATE,kpop-gen4,https://music.youtube.com/watch?v=GBoHUDOc4Qo,https://i.ytimg.com/vi/GBoHUDOc4Qo/maxresdefault.jpg,Stray Kids/ATE/또 다시 밤 twilight.mp3
"Stray Kids ""Time Out"" M/V",Stray Kids,JYP Entertainment,Single,kpop-gen4,https://music.youtube.com/watch?v=ukIGxgdbqqI,https://i.ytimg.com/vi/ukIGxgdbqqI/maxresdefault.jpg,Stray Kids/Single/Stray Kids Time Out M_V.mp3
Leave,Stray Kids,Stray Kids,樂-STAR ROCK-STAR,kpop-gen4,https://music.youtube.com/watch?v=T_6oPwsJgxI,https://i.ytimg.com/vi/T_6oPwsJgxI/maxresdefault.jpg,Stray Kids/樂-STAR ROCK-STAR/Leave.mp3
사각지대 BLIND SPOT,Stray Kids,Stray Kids,樂-STAR ROCK-STAR,kpop-gen4,https://music.youtube.com/watch?v=Wx4hglGjwEs,https://i.ytimg.com/vi/Wx4hglGjwEs/maxresdefault.jpg,Stray Kids/樂-STAR ROCK-STAR/사각지대 BLIND SPOT.mp3
COMFLEX,Stray Kids,Stray Kids,樂-STAR ROCK-STAR,kpop-gen4,https://music.youtube.com/watch?v=ifK5RIx1CjE,https://i.ytimg.com/vi/ifK5RIx1CjE/maxresdefault.jpg,Stray Kids/樂-STAR ROCK-STAR/COMFLEX.mp3
U (Feat. TABLO),Stray Kids,Stray Kids,合 (HOP) HOP,kpop-gen4,https://music.youtube.com/watch?v=iqeY3sz8ldk,https://i.ytimg.com/vi/iqeY3sz8ldk/maxresdefault.jpg,Stray Kids/合 (HOP) HOP/U (Feat. TABLO).mp3
"Stray Kids ""갑자기 분위기 싸해질 필요 없잖아요(Awkward Silence)"" M/V",Stray Kids,JYP Entertainment,Single,kpop-gen4,https://music.youtube.com/watch?v=y289In1OdZI,https://i.ytimg.com/vi/y289In1OdZI/sddefault.jpg,Stray Kids/Single/Stray Kids 갑자기 분위기 싸해질 필요 없잖아요(Awkward Silence) M_V.mp3
"Stray Kids ""Voices"" Performance Video",Stray Kids,Stray Kids,Single,kpop-gen4,https://music.youtube.com/watch?v=5HMOkfE3kno,https://i.ytimg.com/vi/5HMOkfE3kno/maxresdefault.jpg,Stray Kids/Single/Stray Kids Voices Performance Video.mp3
Do It (Festival Version),Stray Kids,"Stray Kids, 2Spade, Space Primates, 2Spade",DO IT,kpop-gen4,https://music.youtube.com/watch?v=StNhoo8mp48,https://i.ytimg.com/vi/StNhoo8mp48/maxresdefault.jpg,Stray Kids/DO IT/Do It (Festival Version).mp3
Stray Kids 『Scars』 Music Video,Stray Kids,Stray Kids Japan Official YouTube,Single,kpop-gen4,https://music.youtube.com/watch?v=oUq2a6t258o,https://i.ytimg.com/vi/oUq2a6t258o/maxresdefault.jpg,Stray Kids/Single/Stray Kids 『Scars』 Music Video.mp3
HEYDAY (Prod. Czaer),Stray Kids,Stray Kids,Street Man Fighter Original Vol.4 (Crew Songs),kpop-gen4,https://music.youtube.com/watch?v=mPoCpUrZl-0,https://i.ytimg.com/vi/mPoCpUrZl-0/maxresdefault.jpg,Stray Kids/Street Man Fighter Original Vol.4 (Crew Songs)/HEYDAY (Prod. Czaer).mp3
"Stray Kids ""Give Me Your TMI"" Video",Stray Kids,Stray Kids,Single,kpop-gen4,https://music.youtube.com/watch?v=YwgC2Q9gS7w,https://i.ytimg.com/vi/YwgC2Q9gS7w/maxresdefault.jpg,Stray Kids/Single/Stray Kids Give Me Your TMI Video.mp3
Runners,Stray Kids,Stray Kids,ATE,kpop-gen4,https://music.youtube.com/watch?v=2kvAETm2Q4I,https://i.ytimg.com/vi/2kvAETm2Q4I/maxresdefault.jpg,Stray Kids/ATE/Runners.mp3
"3RACHA (방찬, 창빈, 한) 3RACHA (Bang Chan, Changbin, HAN)",Stray Kids,Stray Kids,MAXIDENT,kpop-gen4,https://music.youtube.com/watch?v=sZtkXn_-Kws,https://i.ytimg.com/vi/sZtkXn_-Kws/maxresdefault.jpg,"Stray Kids/MAXIDENT/3RACHA (방찬, 창빈, 한) 3RACHA (Bang Chan, Changbin, HAN).mp3"
"Stray Kids(스트레이 키즈) ""Astronaut"" M/V",Stray Kids,JYP Entertainment,Single,kpop-gen4,https://music.youtube.com/watch?v=ZnpEBYvgiAU,https://i.ytimg.com/vi/ZnpEBYvgiAU/maxresdefault.jpg,Stray Kids/Single/Stray Kids(스트레이 키즈) Astronaut M_V.mp3
"Stray Kids ""극과 극(N/S)"" Video (Street Ver.)",Stray Kids,Stray Kids,Single,kpop-gen4,https://music.youtube.com/watch?v=-CQypyGazkw,https://i.ytimg.com/vi/-CQypyGazkw/sddefault.jpg,Stray Kids/Single/Stray Kids 극과 극(N_S) Video (Street Ver.).mp3
"Stray Kids ""FAM (Korean Ver.)"" M/V",Stray Kids,JYP Entertainment,Single,kpop-gen4,https://music.youtube.com/watch?v=D8WwqWS2E6E,https://i.ytimg.com/vi/D8WwqWS2E6E/maxresdefault.jpg,Stray Kids/Single/Stray Kids FAM (Korean Ver.) M_V.mp3
"Stray Kids ""Mixtape : Gone Days"" M/V",Stray Kids,JYP Entertainment,Single,kpop-gen4,https://music.youtube.com/watch?v=KAPXc0M4tLg,https://i.ytimg.com/vi/KAPXc0M4tLg/maxresdefault.jpg,Stray Kids/Single/Stray Kids Mixtape _ Gone Days M_V.mp3
"Wow (Lee Know, Hyunjin, Felix)",Stray Kids,Stray Kids,IN LIFE,kpop-gen4,https://music.youtube.com/watch?v=mQXv864OnXc,https://i.ytimg.com/vi/mQXv864OnXc/maxresdefault.jpg,"Stray Kids/IN LIFE/Wow (Lee Know, Hyunjin, Felix).mp3"
WHY?,Stray Kids,Stray Kids,WHY?,kpop-gen4,https://music.youtube.com/watch?v=_q6PF3bb9VY,https://i.ytimg.com/vi/_q6PF3bb9VY/maxresdefault.jpg,Stray Kids/WHY?/WHY?.mp3
Phobia,Stray Kids,Seungmin,I'm the Queen in This Life (Original Soundtrack) Part.2,kpop-gen4,https://music.youtube.com/watch?v=IdgJGUDXO5o,https://i.ytimg.com/vi/IdgJGUDXO5o/maxresdefault.jpg,Stray Kids/I'm the Queen in This Life (Original Soundtrack) Part.2/Phobia.mp3
"[언젠가는 슬기로울 전공의생활 (Resident Playbook) OST Part 1] 리노, 승민, 아이엔 (Stray Kids) - START! MV",Stray Kids,Stone Music Entertainment,Single,kpop-gen4,https://music.youtube.com/watch?v=ZGcgCSmofZk,https://i.ytimg.com/vi/ZGcgCSmofZk/maxresdefault.jpg,"Stray Kids/Single/[언젠가는 슬기로울 전공의생활 (Resident Playbook) OST Part 1] 리노, 승민, 아이엔 (Stray Kids) - START! MV.mp3"
"Stray Kids ""Boxer"" Special Video",Stray Kids,Stray Kids,Single,kpop-gen4,https://music.youtube.com/watch?v=uLGF1RKUHSk,https://i.ytimg.com/vi/uLGF1RKUHSk/maxresdefault.jpg,Stray Kids/Single/Stray Kids Boxer Special Video.mp3
"Stray Kids ""Grow Up(잘 하고 있어)"" M/V",Stray Kids,JYP Entertainment,Single,kpop-gen4,https://music.youtube.com/watch?v=a4jiotDjHe4,https://i.ytimg.com/vi/a4jiotDjHe4/maxresdefault.jpg,Stray Kids/Single/Stray Kids Grow Up(잘 하고 있어) M_V.mp3
"나 너 좋아하나봐 (승민, 아이엔) Can't Stop (Seungmin, I.N)",Stray Kids,Stray Kids,MAXIDENT,kpop-gen4,https://music.youtube.com/watch?v=iI2v-CXKXU4,https://i.ytimg.com/vi/iI2v-CXKXU4/maxresdefault.jpg,"Stray Kids/MAXIDENT/나 너 좋아하나봐 (승민, 아이엔) Can't Stop (Seungmin, I.N).mp3"
승민 Seungmin (Stray Kids) - 너여야만 해 All I Want Is You Official M/V,Stray Kids,GENIE MUSIC,Single,kpop-gen4,https://music.youtube.com/watch?v=cNrm1IANS1s,https://i.ytimg.com/vi/cNrm1IANS1s/maxresdefault.jpg,Stray Kids/Single/승민 Seungmin (Stray Kids) - 너여야만 해 All I Want Is You Official M_V.mp3
"Stray Kids ＜GO生＞ UNVEIL : TRACK ""GO生(GO LIVE)""",Stray Kids,JYP Entertainment,Single,kpop-gen4,https://music.youtube.com/watch?v=zfAOhrAR8Fs,https://i.ytimg.com/vi/zfAOhrAR8Fs/maxresdefault.jpg,Stray Kids/Single/Stray Kids ＜GO生＞ UNVEIL _ TRACK GO生(GO LIVE).mp3
"Stray Kids ""불면증(Insomnia)"" Video (Street Ver.)",Stray Kids,Stray Kids,Single,kpop-gen4,https://music.youtube.com/watch?v=N6WYvY5DMlw,https://i.ytimg.com/vi/N6WYvY5DMlw/maxresdefault.jpg,Stray Kids/Single/Stray Kids 불면증(Insomnia) Video (Street Ver.).mp3
Alesso x Stray Kids x CORSAK - Going Dumb (Behind The Scenes Music Video),Stray Kids,Alesso,Single,kpop-gen4,https://music.youtube.com/watch?v=t-uJLBAIyfQ,https://i.ytimg.com/vi/t-uJLBAIyfQ/maxresdefault.jpg,Stray Kids/Single/Alesso x Stray Kids x CORSAK - Going Dumb (Behind The Scenes Music Video).mp3
District 9,Stray Kids,Stray Kids,I am NOT,kpop-gen4,https://music.youtube.com/watch?v=TelJCXnIW3M,https://i.ytimg.com/vi/TelJCXnIW3M/maxresdefault.jpg,Stray Kids/I am NOT/District 9.mp3
"NIGHT (""신의 탑 2기 공방전"" OST) -Korean ver.- NIGHT (from ""Tower of God: WORKSHOP BATTLE"") -Korean ver.-",Stray Kids,Stray Kids,NIGHT -Korean ver.-,kpop-gen4,https://music.youtube.com/watch?v=6eBsTqySALI,https://i.ytimg.com/vi/6eBsTqySALI/maxresdefault.jpg,Stray Kids/NIGHT -Korean ver.-/NIGHT (신의 탑 2기 공방전 OST) -Korean ver.- NIGHT (from Tower of God_ WORKSHOP BATTLE) -Korean ver.-.mp3
Destiny,Stray Kids,SEUNGMIN,"The Midnight Studio, Pt. 5 (Original Soundtrack)",kpop-gen4,https://music.youtube.com/watch?v=mqYa9NTgBjs,https://i.ytimg.com/vi/mqYa9NTgBjs/maxresdefault.jpg,"Stray Kids/The Midnight Studio, Pt. 5 (Original Soundtrack)/Destiny.mp3"
비행기 Airplane,Stray Kids,Stray Kids,GO生 GO LIVE,kpop-gen4,https://music.youtube.com/watch?v=GjuJ8LlGEoE,https://i.ytimg.com/vi/GjuJ8LlGEoE/maxresdefault.jpg,Stray Kids/GO生 GO LIVE/비행기 Airplane.mp3
[월수금화목토 OST Part 3] 승민 (Stray Kids) (SEUNGMIN) - Close to You MV,Stray Kids,Stone Music Entertainment,Single,kpop-gen4,https://music.youtube.com/watch?v=ceQbmupR7Ww,https://i.ytimg.com/vi/ceQbmupR7Ww/maxresdefault.jpg,Stray Kids/Single/[월수금화목토 OST Part 3] 승민 (Stray Kids) (SEUNGMIN) - Close to You MV.mp3
밟힌 적 없는 길 Road Not Taken,Stray Kids,Stray Kids,Clé 2 : Yellow Wood,kpop-gen4,https://music.youtube.com/watch?v=m3q5yLUtwUg,https://i.ytimg.com/vi/m3q5yLUtwUg/maxresdefault.jpg,Stray Kids/Clé 2 _ Yellow Wood/밟힌 적 없는 길 Road Not Taken.mp3
해장국 Hero's Soup,Stray Kids,Stray Kids,I am YOU,kpop-gen4,https://music.youtube.com/watch?v=ZNfhS5kf8EQ,https://i.ytimg.com/vi/ZNfhS5kf8EQ/maxresdefault.jpg,Stray Kids/I am YOU/해장국 Hero's Soup.mp3
"SLUMP (""신의 탑"" OST) SLUMP (""Tower of God"" ED)",Stray Kids,Stray Kids,TOP,kpop-gen4,https://music.youtube.com/watch?v=YvNdKtw0iUk,https://i.ytimg.com/vi/YvNdKtw0iUk/maxresdefault.jpg,Stray Kids/TOP/SLUMP (신의 탑 OST) SLUMP (Tower of God ED).mp3
TXT (투모로우바이투게더) '하루에 하루만 더 (Stick With You)' Official MV,TOMORROW X TOGETHER,HYBE LABELS,Single,kpop-gen4,https://music.youtube.com/watch?v=jOnLqqDRfY4,https://i.ytimg.com/vi/jOnLqqDRfY4/maxresdefault.jpg,TOMORROW X TOGETHER/Single/TXT (투모로우바이투게더) '하루에 하루만 더 (Stick With You)' Official MV.mp3
TXT (투모로우바이투게더) 'Deja Vu' Official MV,TOMORROW X TOGETHER,HYBE LABELS,Single,kpop-gen4,https://music.youtube.com/watch?v=DiHUEWBRQEI,https://i.ytimg.com/vi/DiHUEWBRQEI/maxresdefault.jpg,TOMORROW X TOGETHER/Single/TXT (투모로우바이투게더) 'Deja Vu' Official MV.mp3
내일에서 기다릴게 (I'll See You There Tomorrow),TOMORROW X TOGETHER,TOMORROW X TOGETHER,minisode 3: TOMORROW,kpop-gen4,https://music.youtube.com/watch?v=MtDeVpVzLhY,https://i.ytimg.com/vi/MtDeVpVzLhY/maxresdefault.jpg,TOMORROW X TOGETHER/minisode 3_ TOMORROW/내일에서 기다릴게 (I'll See You There Tomorrow).mp3
TXT (투모로우바이투게더) 'Love Language' Official MV,TOMORROW X TOGETHER,HYBE LABELS,Single,kpop-gen4,https://music.youtube.com/watch?v=8aRTMQvbODs,https://i.ytimg.com/vi/8aRTMQvbODs/maxresdefault.jpg,TOMORROW X TOGETHER/Single/TXT (투모로우바이투게더) 'Love Language' Official MV.mp3
"TXT (투모로우바이투게더), Anitta ‘Back for More’ Official MV",TOMORROW X TOGETHER,HYBE LABELS,Single,kpop-gen4,https://music.youtube.com/watch?v=e42AhJzYpVE,https://i.ytimg.com/vi/e42AhJzYpVE/maxresdefault.jpg,"TOMORROW X TOGETHER/Single/TXT (투모로우바이투게더), Anitta ‘Back for More’ Official MV.mp3"
TXT (투모로우바이투게더) 'Sugar Rush Ride' Official MV,TOMORROW X TOGETHER,HYBE LABELS,Single,kpop-gen4,https://music.youtube.com/watch?v=P9tKTxbgdkk,https://i.ytimg.com/vi/P9tKTxbgdkk/maxresdefault.jpg,TOMORROW X TOGETHER/Single/TXT (투모로우바이투게더) 'Sugar Rush Ride' Official MV.mp3
TXT (투모로우바이투게더) 'Chasing That Feeling' Official MV,TOMORROW X TOGETHER,HYBE LABELS,Single,kpop-gen4,https://music.youtube.com/watch?v=ISnyONG1dEc,https://i.ytimg.com/vi/ISnyONG1dEc/maxresdefault.jpg,TOMORROW X TOGETHER/Single/TXT (투모로우바이투게더) 'Chasing That Feeling' Official MV.mp3
TXT (투모로우바이투게더) '5시 53분의 하늘에서 발견한 너와 나' Official MV,TOMORROW X TOGETHER,HYBE LABELS,Single,kpop-gen4,https://music.youtube.com/watch?v=Vd9QkWsd5p4,https://i.ytimg.com/vi/Vd9QkWsd5p4/maxresdefault.jpg,TOMORROW X TOGETHER/Single/TXT (투모로우바이투게더) '5시 53분의 하늘에서 발견한 너와 나' Official MV.mp3
TXT (투모로우바이투게더) 'Beautiful Strangers' Official MV,TOMORROW X TOGETHER,HYBE LABELS,Single,kpop-gen4,https://music.youtube.com/watch?v=IcwHopeT5gY,https://i.ytimg.com/vi/IcwHopeT5gY/maxresdefault.jpg,TOMORROW X TOGETHER/Single/TXT (투모로우바이투게더) 'Beautiful Strangers' Official MV.mp3
TXT (투모로우바이투게더) 'Over The Moon' Official MV,TOMORROW X TOGETHER,HYBE LABELS,Single,kpop-gen4,https://music.youtube.com/watch?v=80SH8Z_DOnY,https://i.ytimg.com/vi/80SH8Z_DOnY/maxresdefault.jpg,TOMORROW X TOGETHER/Single/TXT (투모로우바이투게더) 'Over The Moon' Official MV.mp3
연준 (YEONJUN) ‘GGUM’ Official MV,TOMORROW X TOGETHER,HYBE LABELS,Single,kpop-gen4,https://music.youtube.com/watch?v=1T9tLMh99Wo,https://i.ytimg.com/vi/1T9tLMh99Wo/maxresdefault.jpg,TOMORROW X TOGETHER/Single/연준 (YEONJUN) ‘GGUM’ Official MV.mp3
TXT (투모로우바이투게더) '0X1=LOVESONG (I Know I Love You) feat. Seori' Official MV,TOMORROW X TOGETHER,HYBE LABELS,Single,kpop-gen4,https://music.youtube.com/watch?v=d5bbqKYu51w,https://i.ytimg.com/vi/d5bbqKYu51w/maxresdefault.jpg,TOMORROW X TOGETHER/Single/TXT (투모로우바이투게더) '0X1=LOVESONG (I Know I Love You) feat. Seori' Official MV.mp3
TXT (투모로우바이투게더) 'LO$ER=LO♡ER' Official MV,TOMORROW X TOGETHER,HYBE LABELS,Single,kpop-gen4,https://music.youtube.com/watch?v=JzODRUBBXpc,https://i.ytimg.com/vi/JzODRUBBXpc/maxresdefault.jpg,TOMORROW X TOGETHER/Single/TXT (투모로우바이투게더) 'LO$ER=LO♡ER' Official MV.mp3
TXT (투모로우바이투게더) 'Good Boy Gone Bad' Official MV,TOMORROW X TOGETHER,HYBE LABELS,Single,kpop-gen4,https://music.youtube.com/watch?v=Os_6c5j6YiQ,https://i.ytimg.com/vi/Os_6c5j6YiQ/maxresdefault.jpg,TOMORROW X TOGETHER/Single/TXT (투모로우바이투게더) 'Good Boy Gone Bad' Official MV.mp3
"TXT (투모로우바이투게더), Jonas Brothers 'Do It Like That' Official MV",TOMORROW X TOGETHER,HYBE LABELS,Single,kpop-gen4,https://music.youtube.com/watch?v=C0EYKxF1oTI,https://i.ytimg.com/vi/C0EYKxF1oTI/maxresdefault.jpg,"TOMORROW X TOGETHER/Single/TXT (투모로우바이투게더), Jonas Brothers 'Do It Like That' Official MV.mp3"
TXT (투모로우바이투게더) '어느날 머리에서 뿔이 자랐다 (CROWN)' Official MV,TOMORROW X TOGETHER,HYBE LABELS,Single,kpop-gen4,https://music.youtube.com/watch?v=W3iSnJ663II,https://i.ytimg.com/vi/W3iSnJ663II/maxresdefault.jpg,TOMORROW X TOGETHER/Single/TXT (투모로우바이투게더) '어느날 머리에서 뿔이 자랐다 (CROWN)' Official MV.mp3
TXT (투모로우바이투게더) '9와 4분의 3 승강장에서 너를 기다려 (Run Away)' Official MV,TOMORROW X TOGETHER,HYBE LABELS,Single,kpop-gen4,https://music.youtube.com/watch?v=6yWPfUz0z94,https://i.ytimg.com/vi/6yWPfUz0z94/maxresdefault.jpg,TOMORROW X TOGETHER/Single/TXT (투모로우바이투게더) '9와 4분의 3 승강장에서 너를 기다려 (Run Away)' Official MV.mp3
So What,TOMORROW X TOGETHER,TOMORROW X TOGETHER,7TH YEAR: A Moment of Stillness in the Thorns,kpop-gen4,https://music.youtube.com/watch?v=LpOFAv6aed8,https://i.ytimg.com/vi/LpOFAv6aed8/maxresdefault.jpg,TOMORROW X TOGETHER/7TH YEAR_ A Moment of Stillness in the Thorns/So What.mp3
TXT (투모로우바이투게더) 'Cat & Dog' Official MV,TOMORROW X TOGETHER,HYBE LABELS,Single,kpop-gen4,https://music.youtube.com/watch?v=NaKrke1EL1A,https://i.ytimg.com/vi/NaKrke1EL1A/maxresdefault.jpg,TOMORROW X TOGETHER/Single/TXT (투모로우바이투게더) 'Cat & Dog' Official MV.mp3
연준 (YEONJUN) ‘Ghost Girl’ Official MV,TOMORROW X TOGETHER,HYBE LABELS,Single,kpop-gen4,https://music.youtube.com/watch?v=tA48jeiyRaw,https://i.ytimg.com/vi/tA48jeiyRaw/maxresdefault.jpg,TOMORROW X TOGETHER/Single/연준 (YEONJUN) ‘Ghost Girl’ Official MV.mp3
Take Me to Nirvana (feat. Vinida Weng),TOMORROW X TOGETHER,TOMORROW X TOGETHER,7TH YEAR: A Moment of Stillness in the Thorns,kpop-gen4,https://music.youtube.com/watch?v=CTDXYipW4fA,https://i.ytimg.com/vi/CTDXYipW4fA/maxresdefault.jpg,TOMORROW X TOGETHER/7TH YEAR_ A Moment of Stillness in the Thorns/Take Me to Nirvana (feat. Vinida Weng).mp3
Bed of Thorns,TOMORROW X TOGETHER,TOMORROW X TOGETHER,7TH YEAR: A Moment of Stillness in the Thorns,kpop-gen4,https://music.youtube.com/watch?v=DvX-KLIrP60,https://i.ytimg.com/vi/DvX-KLIrP60/maxresdefault.jpg,TOMORROW X TOGETHER/7TH YEAR_ A Moment of Stillness in the Thorns/Bed of Thorns.mp3
"TXT (투모로우바이투게더) '세계가 불타버린 밤, 우린... (Can't You See Me?)' Official MV",TOMORROW X TOGETHER,HYBE LABELS,Single,kpop-gen4,https://music.youtube.com/watch?v=cMFHUTJ13Ys,https://i.ytimg.com/vi/cMFHUTJ13Ys/maxresdefault.jpg,"TOMORROW X TOGETHER/Single/TXT (투모로우바이투게더) '세계가 불타버린 밤, 우린... (Can't You See Me?)' Official MV.mp3"
21st Century Romance,TOMORROW X TOGETHER,TOMORROW X TOGETHER,7TH YEAR: A Moment of Stillness in the Thorns,kpop-gen4,https://music.youtube.com/watch?v=JnSqh9VJ0Yc,https://i.ytimg.com/vi/JnSqh9VJ0Yc/maxresdefault.jpg,TOMORROW X TOGETHER/7TH YEAR_ A Moment of Stillness in the Thorns/21st Century Romance.mp3
Anti-Romantic,TOMORROW X TOGETHER,TOMORROW X TOGETHER,The Chaos Chapter: FREEZE,kpop-gen4,https://music.youtube.com/watch?v=LYAkY8Dh9CU,https://i.ytimg.com/vi/LYAkY8Dh9CU/maxresdefault.jpg,TOMORROW X TOGETHER/The Chaos Chapter_ FREEZE/Anti-Romantic.mp3
범규 (BEOMGYU) ‘Panic’ Official MV,TOMORROW X TOGETHER,HYBE LABELS,Single,kpop-gen4,https://music.youtube.com/watch?v=9hTpDHJmjC0,https://i.ytimg.com/vi/9hTpDHJmjC0/maxresdefault.jpg,TOMORROW X TOGETHER/Single/범규 (BEOMGYU) ‘Panic’ Official MV.mp3
Dream of Mine,TOMORROW X TOGETHER,TOMORROW X TOGETHER,7TH YEAR: A Moment of Stillness in the Thorns,kpop-gen4,https://music.youtube.com/watch?v=UqAxgRXFINA,https://i.ytimg.com/vi/UqAxgRXFINA/maxresdefault.jpg,TOMORROW X TOGETHER/7TH YEAR_ A Moment of Stillness in the Thorns/Dream of Mine.mp3
TXT (투모로우바이투게더) '동물원을 빠져나온 퓨마' Official MV,TOMORROW X TOGETHER,HYBE LABELS,Single,kpop-gen4,https://music.youtube.com/watch?v=ImTgS5OXgbU,https://i.ytimg.com/vi/ImTgS5OXgbU/maxresdefault.jpg,TOMORROW X TOGETHER/Single/TXT (투모로우바이투게더) '동물원을 빠져나온 퓨마' Official MV.mp3
TXT (투모로우바이투게더) '날씨를 잃어버렸어' Official MV,TOMORROW X TOGETHER,HYBE LABELS,Single,kpop-gen4,https://music.youtube.com/watch?v=kwy0nR1_SBQ,https://i.ytimg.com/vi/kwy0nR1_SBQ/maxresdefault.jpg,TOMORROW X TOGETHER/Single/TXT (투모로우바이투게더) '날씨를 잃어버렸어' Official MV.mp3
TXT(투모로우바이투게더) ‘Magic’ Special Performance Video,TOMORROW X TOGETHER,TOMORROW X TOGETHER OFFICIAL,Single,kpop-gen4,https://music.youtube.com/watch?v=AP2WEsJfPYU,https://i.ytimg.com/vi/AP2WEsJfPYU/maxresdefault.jpg,TOMORROW X TOGETHER/Single/TXT(투모로우바이투게더) ‘Magic’ Special Performance Video.mp3
Talk to You,TOMORROW X TOGETHER,YEONJUN,NO LABELS: PART 01,kpop-gen4,https://music.youtube.com/watch?v=WSkJUrjpL40,https://i.ytimg.com/vi/WSkJUrjpL40/maxresdefault.jpg,TOMORROW X TOGETHER/NO LABELS_ PART 01/Talk to You.mp3
수빈 (SOOBIN) 'Sunday Driver' Official MV,TOMORROW X TOGETHER,HYBE LABELS,Single,kpop-gen4,https://music.youtube.com/watch?v=o9thOizwRW4,https://i.ytimg.com/vi/o9thOizwRW4/maxresdefault.jpg,TOMORROW X TOGETHER/Single/수빈 (SOOBIN) 'Sunday Driver' Official MV.mp3
범규 (BEOMGYU) 'Take My Half' Official MV,TOMORROW X TOGETHER,HYBE LABELS,Single,kpop-gen4,https://music.youtube.com/watch?v=VNWX3qWBd-A,https://i.ytimg.com/vi/VNWX3qWBd-A/maxresdefault.jpg,TOMORROW X TOGETHER/Single/범규 (BEOMGYU) 'Take My Half' Official MV.mp3
The Killa (I Belong to You),TOMORROW X TOGETHER,TOMORROW X TOGETHER,minisode 3: TOMORROW,kpop-gen4,https://music.youtube.com/watch?v=1FtakqvXT_Q,https://i.ytimg.com/vi/1FtakqvXT_Q/maxresdefault.jpg,TOMORROW X TOGETHER/minisode 3_ TOMORROW/The Killa (I Belong to You).mp3
Thursday's Child Has Far To Go,TOMORROW X TOGETHER,TOMORROW X TOGETHER,minisode 2: Thursday's Child,kpop-gen4,https://music.youtube.com/watch?v=phT2MJAn1KY,https://i.ytimg.com/vi/phT2MJAn1KY/maxresdefault.jpg,TOMORROW X TOGETHER/minisode 2_ Thursday's Child/Thursday's Child Has Far To Go.mp3
태현 (TAEHYUN) 'Bird of Night' Official MV,TOMORROW X TOGETHER,HYBE LABELS,Single,kpop-gen4,https://music.youtube.com/watch?v=0NpyuuGqK9k,https://i.ytimg.com/vi/0NpyuuGqK9k/maxresdefault.jpg,TOMORROW X TOGETHER/Single/태현 (TAEHYUN) 'Bird of Night' Official MV.mp3
TXT (투모로우바이투게더) 'Angel Or Devil' Official MV,TOMORROW X TOGETHER,HYBE LABELS,Single,kpop-gen4,https://music.youtube.com/watch?v=cfm97EKin4c,https://i.ytimg.com/vi/cfm97EKin4c/maxresdefault.jpg,TOMORROW X TOGETHER/Single/TXT (투모로우바이투게더) 'Angel Or Devil' Official MV.mp3
Miracle (기적은 너와 내가 함께하는 순간마다 일어나고 있어),TOMORROW X TOGETHER,TOMORROW X TOGETHER,minisode 3: TOMORROW,kpop-gen4,https://music.youtube.com/watch?v=p24jpQrMh98,https://i.ytimg.com/vi/p24jpQrMh98/maxresdefault.jpg,TOMORROW X TOGETHER/minisode 3_ TOMORROW/Miracle (기적은 너와 내가 함께하는 순간마다 일어나고 있어).mp3
휴닝카이 (HUENINGKAI) 'Dance With You' Official MV,TOMORROW X TOGETHER,HYBE LABELS,Single,kpop-gen4,https://music.youtube.com/watch?v=zOaZ_MoV18U,https://i.ytimg.com/vi/zOaZ_MoV18U/maxresdefault.jpg,TOMORROW X TOGETHER/Single/휴닝카이 (HUENINGKAI) 'Dance With You' Official MV.mp3
TXT (투모로우바이투게더) 'Drama [Japanese Ver.]' Official MV,TOMORROW X TOGETHER,HYBE LABELS,Single,kpop-gen4,https://music.youtube.com/watch?v=UUOGVgComrU,https://i.ytimg.com/vi/UUOGVgComrU/maxresdefault.jpg,TOMORROW X TOGETHER/Single/TXT (투모로우바이투게더) 'Drama [Japanese Ver.]' Official MV.mp3
TXT (투모로우바이투게더) 'Frost' Official MV,TOMORROW X TOGETHER,HYBE LABELS,Single,kpop-gen4,https://music.youtube.com/watch?v=X3lA4EeeXtM,https://i.ytimg.com/vi/X3lA4EeeXtM/maxresdefault.jpg,TOMORROW X TOGETHER/Single/TXT (투모로우바이투게더) 'Frost' Official MV.mp3
'Danger' Performance Video (raw ver.) | TXT (투모로우바이투게더),TOMORROW X TOGETHER,TOMORROW X TOGETHER OFFICIAL,Single,kpop-gen4,https://music.youtube.com/watch?v=7jS65GRR8Kc,https://i.ytimg.com/vi/7jS65GRR8Kc/maxresdefault.jpg,TOMORROW X TOGETHER/Single/'Danger' Performance Video (raw ver.) _ TXT (투모로우바이투게더).mp3
Boyfriend,TOMORROW X TOGETHER,연준,새벽 2시의 신데렐라 OST Part 4,kpop-gen4,https://music.youtube.com/watch?v=tDFjLyDDmfU,https://i.ytimg.com/vi/tDFjLyDDmfU/maxresdefault.jpg,TOMORROW X TOGETHER/새벽 2시의 신데렐라 OST Part 4/Boyfriend.mp3
‘Forty One Winks’ Special Performance Video | TXT (투모로우바이투게더),TOMORROW X TOGETHER,TOMORROW X TOGETHER OFFICIAL,Single,kpop-gen4,https://music.youtube.com/watch?v=J1Q-6FvVxck,https://i.ytimg.com/vi/J1Q-6FvVxck/maxresdefault.jpg,TOMORROW X TOGETHER/Single/‘Forty One Winks’ Special Performance Video _ TXT (투모로우바이투게더).mp3
‘Eternally’ Special Dance Practice (Demon Hunters ver.) | TXT (투모로우바이투게더),TOMORROW X TOGETHER,TOMORROW X TOGETHER OFFICIAL,Single,kpop-gen4,https://music.youtube.com/watch?v=aySVVSY2Ysw,https://i.ytimg.com/vi/aySVVSY2Ysw/maxresdefault.jpg,TOMORROW X TOGETHER/Single/‘Eternally’ Special Dance Practice (Demon Hunters ver.) _ TXT (투모로우바이투게더).mp3
salem ilese-  PS5 with TOMORROW X TOGETHER feat. Alan Walker (official music video),TOMORROW X TOGETHER,salem ilese,Single,kpop-gen4,https://music.youtube.com/watch?v=WRVonH0TTS8,https://i.ytimg.com/vi/WRVonH0TTS8/maxresdefault.jpg,TOMORROW X TOGETHER/Single/salem ilese-  PS5 with TOMORROW X TOGETHER feat. Alan Walker (official music video).mp3
20cm,TOMORROW X TOGETHER,TOMORROW X TOGETHER,The Dream Chapter: MAGIC,kpop-gen4,https://music.youtube.com/watch?v=vKOOoji5aAg,https://i.ytimg.com/vi/vKOOoji5aAg/sddefault.jpg,TOMORROW X TOGETHER/The Dream Chapter_ MAGIC/20cm.mp3
'Resist (Not Gonna Run Away)' Performance Video (raw ver.) | TXT (투모로우바이투게더),TOMORROW X TOGETHER,TOMORROW X TOGETHER OFFICIAL,Single,kpop-gen4,https://music.youtube.com/watch?v=CgT_947y954,https://i.ytimg.com/vi/CgT_947y954/maxresdefault.jpg,TOMORROW X TOGETHER/Single/'Resist (Not Gonna Run Away)' Performance Video (raw ver.) _ TXT (투모로우바이투게더).mp3
[T:TIME] TOMORROW X TOGETHER ‘Our Summer’ (selfie ver.) - TXT (투모로우바이투게더),TOMORROW X TOGETHER,TOMORROW X TOGETHER OFFICIAL,Single,kpop-gen4,https://music.youtube.com/watch?v=M_iYqRNS_o0,https://i.ytimg.com/vi/M_iYqRNS_o0/sddefault.jpg,TOMORROW X TOGETHER/Single/[T_TIME] TOMORROW X TOGETHER ‘Our Summer’ (selfie ver.) - TXT (투모로우바이투게더).mp3
Quarter Life,TOMORROW X TOGETHER,TOMORROW X TOGETHER,minisode 3: TOMORROW,kpop-gen4,https://music.youtube.com/watch?v=twW2Qp3k6Ko,https://i.ytimg.com/vi/twW2Qp3k6Ko/maxresdefault.jpg,TOMORROW X TOGETHER/minisode 3_ TOMORROW/Quarter Life.mp3
‘별의 노래 (Song of the Stars)’ stage @ ACT : TOMORROW IN SEOUL | TXT (투모로우바이투게더),TOMORROW X TOGETHER,TOMORROW X TOGETHER OFFICIAL,Single,kpop-gen4,https://music.youtube.com/watch?v=bsKe_P8cjrw,https://i.ytimg.com/vi/bsKe_P8cjrw/maxresdefault.jpg,TOMORROW X TOGETHER/Single/‘별의 노래 (Song of the Stars)’ stage @ ACT _ TOMORROW IN SEOUL _ TXT (투모로우바이투게더).mp3
Love Story,TOMORROW X TOGETHER,TOMORROW X TOGETHER,Love Story (The Seasons: Rainbow of Lee Young Ji),kpop-gen4,https://music.youtube.com/watch?v=JkGV1G9KuiY,https://i.ytimg.com/vi/JkGV1G9KuiY/maxresdefault.jpg,TOMORROW X TOGETHER/Love Story (The Seasons_ Rainbow of Lee Young Ji)/Love Story.mp3
TOMORROW X TOGETHER 'Upside Down Kiss' | Spotify Performance Video,TOMORROW X TOGETHER,TOMORROW X TOGETHER OFFICIAL,Single,kpop-gen4,https://music.youtube.com/watch?v=eHC1Y-TrC7U,https://i.ytimg.com/vi/eHC1Y-TrC7U/maxresdefault.jpg,TOMORROW X TOGETHER/Single/TOMORROW X TOGETHER 'Upside Down Kiss' _ Spotify Performance Video.mp3
Everlasting Shine,TOMORROW X TOGETHER,TOMORROW X TOGETHER,DRAMA,kpop-gen4,https://music.youtube.com/watch?v=EE63e2RJlpc,https://i.ytimg.com/vi/EE63e2RJlpc/maxresdefault.jpg,TOMORROW X TOGETHER/DRAMA/Everlasting Shine.mp3
Higher Than Heaven,TOMORROW X TOGETHER,TOMORROW X TOGETHER,The Star Chapter: SANCTUARY,kpop-gen4,https://music.youtube.com/watch?v=4s4WXRqRmvw,https://i.ytimg.com/vi/4s4WXRqRmvw/maxresdefault.jpg,TOMORROW X TOGETHER/The Star Chapter_ SANCTUARY/Higher Than Heaven.mp3
디어 스푸트니크,TOMORROW X TOGETHER,TOMORROW X TOGETHER,The Chaos Chapter: FREEZE,kpop-gen4,https://music.youtube.com/watch?v=CJT7WMSzVMA,https://i.ytimg.com/vi/CJT7WMSzVMA/maxresdefault.jpg,TOMORROW X TOGETHER/The Chaos Chapter_ FREEZE/디어 스푸트니크.mp3
[2024 DREAM WEEK] TXT (투모로우바이투게더) 'Blue Orangeade' Special Clip,TOMORROW X TOGETHER,TOMORROW X TOGETHER OFFICIAL,Single,kpop-gen4,https://music.youtube.com/watch?v=G7Q4vt79ZEI,https://i.ytimg.com/vi/G7Q4vt79ZEI/maxresdefault.jpg,TOMORROW X TOGETHER/Single/[2024 DREAM WEEK] TXT (투모로우바이투게더) 'Blue Orangeade' Special Clip.mp3
TXT (투모로우바이투게더) 'Valley of Lies (feat. iann dior)' Official Visualizer,TOMORROW X TOGETHER,HYBE LABELS,Single,kpop-gen4,https://music.youtube.com/watch?v=MlQlMRJT27w,https://i.ytimg.com/vi/MlQlMRJT27w/maxresdefault.jpg,TOMORROW X TOGETHER/Single/TXT (투모로우바이투게더) 'Valley of Lies (feat. iann dior)' Official Visualizer.mp3
Love Sight (널 보면 시간이 멈춰 어느 순간에도),TOMORROW X TOGETHER,TOMORROW X TOGETHER,Doom at Your Service (Original Television Soundtrack) Pt. 2,kpop-gen4,https://music.youtube.com/watch?v=VB9Jk-8oePA,https://i.ytimg.com/vi/VB9Jk-8oePA/maxresdefault.jpg,TOMORROW X TOGETHER/Doom at Your Service (Original Television Soundtrack) Pt. 2/Love Sight (널 보면 시간이 멈춰 어느 순간에도).mp3
Force,TOMORROW X TOGETHER,TOMORROW X TOGETHER,Force,kpop-gen4,https://music.youtube.com/watch?v=KCEohrmozm0,https://i.ytimg.com/vi/KCEohrmozm0/maxresdefault.jpg,TOMORROW X TOGETHER/Force/Force.mp3
TXT (투모로우바이투게더) '0X1=LOVESONG (I Know I Love You) feat. MOD SUN' Official MV,TOMORROW X TOGETHER,HYBE LABELS,Single,kpop-gen4,https://music.youtube.com/watch?v=TP7FtzBuT8s,https://i.ytimg.com/vi/TP7FtzBuT8s/maxresdefault.jpg,TOMORROW X TOGETHER/Single/TXT (투모로우바이투게더) '0X1=LOVESONG (I Know I Love You) feat. MOD SUN' Official MV.mp3
0X1=LOVESONG (I Know I Love You) 피처링. Seori (Emocore Mix),TOMORROW X TOGETHER,TOMORROW X TOGETHER,The Chaos Chapter: FIGHT OR ESCAPE,kpop-gen4,https://music.youtube.com/watch?v=ot5ynAV7MMA,https://i.ytimg.com/vi/ot5ynAV7MMA/maxresdefault.jpg,TOMORROW X TOGETHER/The Chaos Chapter_ FIGHT OR ESCAPE/0X1=LOVESONG (I Know I Love You) 피처링. Seori (Emocore Mix).mp3
New Rules,TOMORROW X TOGETHER,TOMORROW X TOGETHER,The Dream Chapter: MAGIC,kpop-gen4,https://music.youtube.com/watch?v=t5E0gqxTTmQ,https://i.ytimg.com/vi/t5E0gqxTTmQ/sddefault.jpg,TOMORROW X TOGETHER/The Dream Chapter_ MAGIC/New Rules.mp3
TOMORROW X TOGETHER WORLD TOUR 〈ACT : TOMORROW〉 Recap Video,TOMORROW X TOGETHER,TOMORROW X TOGETHER OFFICIAL,Single,kpop-gen4,https://music.youtube.com/watch?v=utP6GdEAvIY,https://i.ytimg.com/vi/utP6GdEAvIY/maxresdefault.jpg,TOMORROW X TOGETHER/Single/TOMORROW X TOGETHER WORLD TOUR 〈ACT _ TOMORROW〉 Recap Video.mp3
Can′t Stop,TOMORROW X TOGETHER,TOMORROW X TOGETHER,"BREWING LOVE, Pt. 5 (Original Soundtrack)",kpop-gen4,https://music.youtube.com/watch?v=1daJd34dGA0,https://i.ytimg.com/vi/1daJd34dGA0/maxresdefault.jpg,"TOMORROW X TOGETHER/BREWING LOVE, Pt. 5 (Original Soundtrack)/Can′t Stop.mp3"
이젠 안녕,TOMORROW X TOGETHER,투모로우바이투게더,이젠 안녕 (연애혁명 X 투모로우바이투게더),kpop-gen4,https://music.youtube.com/watch?v=xjbvZWTNADU,https://i.ytimg.com/vi/xjbvZWTNADU/maxresdefault.jpg,TOMORROW X TOGETHER/이젠 안녕 (연애혁명 X 투모로우바이투게더)/이젠 안녕.mp3
- --- -- --- .-. .-. --- .--,TOMORROW X TOGETHER,TOMORROW X TOGETHER,minisode 3: TOMORROW,kpop-gen4,https://music.youtube.com/watch?v=hBcTB43QxkM,https://i.ytimg.com/vi/hBcTB43QxkM/maxresdefault.jpg,TOMORROW X TOGETHER/minisode 3_ TOMORROW/- --- -- --- .-. .-. --- .--.mp3
Open Always Wins,TOMORROW X TOGETHER,TOMORROW X TOGETHER,Open Always Wins,kpop-gen4,https://music.youtube.com/watch?v=EoMnrKW3Rnw,https://i.ytimg.com/vi/EoMnrKW3Rnw/maxresdefault.jpg,TOMORROW X TOGETHER/Open Always Wins/Open Always Wins.mp3
소악행,TOMORROW X TOGETHER,TOMORROW X TOGETHER,The Chaos Chapter: FREEZE,kpop-gen4,https://music.youtube.com/watch?v=HBIemcjDTlo,https://i.ytimg.com/vi/HBIemcjDTlo/maxresdefault.jpg,TOMORROW X TOGETHER/The Chaos Chapter_ FREEZE/소악행.mp3
[T:TIME] ‘Wishlist’ Special Video (Holiday ver.) - TXT (투모로우바이투게더),TOMORROW X TOGETHER,TOMORROW X TOGETHER OFFICIAL,Single,kpop-gen4,https://music.youtube.com/watch?v=ApKJya5GDzo,https://i.ytimg.com/vi/ApKJya5GDzo/maxresdefault.jpg,TOMORROW X TOGETHER/Single/[T_TIME] ‘Wishlist’ Special Video (Holiday ver.) - TXT (투모로우바이투게더).mp3
‘Heaven’ Special Video (Holiday ver.) | T:TIME | TXT (투모로우바이투게더),TOMORROW X TOGETHER,TOMORROW X TOGETHER OFFICIAL,Single,kpop-gen4,https://music.youtube.com/watch?v=E-Jeoe8kdlM,https://i.ytimg.com/vi/E-Jeoe8kdlM/maxresdefault.jpg,TOMORROW X TOGETHER/Single/‘Heaven’ Special Video (Holiday ver.) _ T_TIME _ TXT (투모로우바이투게더).mp3
[MV] SOOBIN(수빈) _ Rekindling Memories(기억속 켜진불) (Still Shining(샤이닝) OST Part.5),TOMORROW X TOGETHER,1theK (원더케이),Single,kpop-gen4,https://music.youtube.com/watch?v=yMyXXPDv3ek,https://i.ytimg.com/vi/yMyXXPDv3ek/maxresdefault.jpg,TOMORROW X TOGETHER/Single/[MV] SOOBIN(수빈) _ Rekindling Memories(기억속 켜진불) (Still Shining(샤이닝) OST Part.5).mp3
EYES (감은 눈을 떠봐),TOMORROW X TOGETHER,TOMORROW X TOGETHER,Armored Saurus OST,kpop-gen4,https://music.youtube.com/watch?v=u4LDOXtTaks,https://i.ytimg.com/vi/u4LDOXtTaks/maxresdefault.jpg,TOMORROW X TOGETHER/Armored Saurus OST/EYES (감은 눈을 떠봐).mp3
TXT (투모로우바이투게더) 'Free Falling' Official MV | THE STAR SEEKERS (별을 쫓는 소년들) Official Soundtrack,TOMORROW X TOGETHER,THE STAR SEEKERS by HYBE,Single,kpop-gen4,https://music.youtube.com/watch?v=MECll48h_8o,https://i.ytimg.com/vi/MECll48h_8o/maxresdefault.jpg,TOMORROW X TOGETHER/Single/TXT (투모로우바이투게더) 'Free Falling' Official MV _ THE STAR SEEKERS (별을 쫓는 소년들) Official Soundtrack.mp3
Magic Island,TOMORROW X TOGETHER,TOMORROW X TOGETHER,The Dream Chapter: MAGIC,kpop-gen4,https://music.youtube.com/watch?v=o-oSiTyysqI,https://i.ytimg.com/vi/o-oSiTyysqI/sddefault.jpg,TOMORROW X TOGETHER/The Dream Chapter_ MAGIC/Magic Island.mp3
Poppin' Star,TOMORROW X TOGETHER,TOMORROW X TOGETHER,The Dream Chapter: MAGIC,kpop-gen4,https://music.youtube.com/watch?v=9RmcVDUL7PI,https://i.ytimg.com/vi/9RmcVDUL7PI/sddefault.jpg,TOMORROW X TOGETHER/The Dream Chapter_ MAGIC/Poppin' Star.mp3
TXT (투모로우바이투게더) - 'Trust Fund Baby' @ MTVFreshOut,TOMORROW X TOGETHER,TOMORROW X TOGETHER OFFICIAL,Single,kpop-gen4,https://music.youtube.com/watch?v=30OiCfuyJI8,https://i.ytimg.com/vi/30OiCfuyJI8/maxresdefault.jpg,TOMORROW X TOGETHER/Single/TXT (투모로우바이투게더) - 'Trust Fund Baby' @ MTVFreshOut.mp3
[T:TIME] ‘교환일기 (두밧두 와리와리)’ Special Video (Holiday ver.) - TXT (투모로우바이투게더),TOMORROW X TOGETHER,TOMORROW X TOGETHER OFFICIAL,Single,kpop-gen4,https://music.youtube.com/watch?v=MzEI7en0kOM,https://i.ytimg.com/vi/MzEI7en0kOM/sddefault.jpg,TOMORROW X TOGETHER/Single/[T_TIME] ‘교환일기 (두밧두 와리와리)’ Special Video (Holiday ver.) - TXT (투모로우바이투게더).mp3
[2021 DREAM WEEK] TXT (투모로우바이투게더) '그냥 괴물을 살려두면 안 되는 걸까' Dance Practice (CU ver.) #MOA_CAMPUS,TOMORROW X TOGETHER,TOMORROW X TOGETHER OFFICIAL,Single,kpop-gen4,https://music.youtube.com/watch?v=5yR8zRmwLNo,https://i.ytimg.com/vi/5yR8zRmwLNo/sddefault.jpg,TOMORROW X TOGETHER/Single/[2021 DREAM WEEK] TXT (투모로우바이투게더) '그냥 괴물을 살려두면 안 되는 걸까' Dance Practice (CU ver.) #MOA_CAMPUS.mp3
ENHYPEN (엔하이픈) 'Bite Me' Official MV,ENHYPEN,HYBE LABELS,Single,kpop-gen4,https://music.youtube.com/watch?v=wXFLzODIdUI,https://i.ytimg.com/vi/wXFLzODIdUI/maxresdefault.jpg,ENHYPEN/Single/ENHYPEN (엔하이픈) 'Bite Me' Official MV.mp3
ENHYPEN (엔하이픈) 'Knife' Official MV,ENHYPEN,HYBE LABELS,Single,kpop-gen4,https://music.youtube.com/watch?v=R6e4tBWxIxE,https://i.ytimg.com/vi/R6e4tBWxIxE/maxresdefault.jpg,ENHYPEN/Single/ENHYPEN (엔하이픈) 'Knife' Official MV.mp3
ENHYPEN (엔하이픈) 'No Doubt' Official MV,ENHYPEN,HYBE LABELS,Single,kpop-gen4,https://music.youtube.com/watch?v=rDolt3jJRsM,https://i.ytimg.com/vi/rDolt3jJRsM/maxresdefault.jpg,ENHYPEN/Single/ENHYPEN (엔하이픈) 'No Doubt' Official MV.mp3
XO (Only If You Say Yes) (English Ver.) Feat. JVKE,ENHYPEN,ENHYPEN,ROMANCE : UNTOLD,kpop-gen4,https://music.youtube.com/watch?v=BMKqnuEgMec,https://i.ytimg.com/vi/BMKqnuEgMec/maxresdefault.jpg,ENHYPEN/ROMANCE _ UNTOLD/XO (Only If You Say Yes) (English Ver.) Feat. JVKE.mp3
ENHYPEN (엔하이픈) 'Bad Desire (With or Without You)' Official MV,ENHYPEN,HYBE LABELS,Single,kpop-gen4,https://music.youtube.com/watch?v=a2Zqdo9RbNs,https://i.ytimg.com/vi/a2Zqdo9RbNs/maxresdefault.jpg,ENHYPEN/Single/ENHYPEN (엔하이픈) 'Bad Desire (With or Without You)' Official MV.mp3
ENHYPEN (엔하이픈) 'Sweet Venom' Official MV,ENHYPEN,HYBE LABELS,Single,kpop-gen4,https://music.youtube.com/watch?v=qedonJosQ3g,https://i.ytimg.com/vi/qedonJosQ3g/maxresdefault.jpg,ENHYPEN/Single/ENHYPEN (엔하이픈) 'Sweet Venom' Official MV.mp3
ENHYPEN (엔하이픈) 'Drunk-Dazed' Official MV,ENHYPEN,HYBE LABELS,Single,kpop-gen4,https://music.youtube.com/watch?v=Fc7-Oe0tj5k,https://i.ytimg.com/vi/Fc7-Oe0tj5k/maxresdefault.jpg,ENHYPEN/Single/ENHYPEN (엔하이픈) 'Drunk-Dazed' Official MV.mp3
ENHYPEN (엔하이픈) 'Brought The Heat Back' Official MV,ENHYPEN,HYBE LABELS,Single,kpop-gen4,https://music.youtube.com/watch?v=yjxLMzeV76Q,https://i.ytimg.com/vi/yjxLMzeV76Q/maxresdefault.jpg,ENHYPEN/Single/ENHYPEN (엔하이픈) 'Brought The Heat Back' Official MV.mp3
ENHYPEN (엔하이픈) 'Big Girls Don't Cry' MV,ENHYPEN,ENHYPEN,Single,kpop-gen4,https://music.youtube.com/watch?v=01R62JW9X6Y,https://i.ytimg.com/vi/01R62JW9X6Y/maxresdefault.jpg,ENHYPEN/Single/ENHYPEN (엔하이픈) 'Big Girls Don't Cry' MV.mp3
ENHYPEN (엔하이픈) 'FEVER' Official MV,ENHYPEN,HYBE LABELS,Single,kpop-gen4,https://music.youtube.com/watch?v=X7d6Dt17yHk,https://i.ytimg.com/vi/X7d6Dt17yHk/maxresdefault.jpg,ENHYPEN/Single/ENHYPEN (엔하이픈) 'FEVER' Official MV.mp3
ENHYPEN (엔하이픈) 'Outside' Official MV,ENHYPEN,HYBE LABELS,Single,kpop-gen4,https://music.youtube.com/watch?v=uHG-2mCfyT4,https://i.ytimg.com/vi/uHG-2mCfyT4/maxresdefault.jpg,ENHYPEN/Single/ENHYPEN (엔하이픈) 'Outside' Official MV.mp3
ENHYPEN (엔하이픈) 2025 Golden Disc Awards Performance Practice Part 2. Moonstruck,ENHYPEN,ENHYPEN,Single,kpop-gen4,https://music.youtube.com/watch?v=7T8yERKbXfc,https://i.ytimg.com/vi/7T8yERKbXfc/maxresdefault.jpg,ENHYPEN/Single/ENHYPEN (엔하이픈) 2025 Golden Disc Awards Performance Practice Part 2. Moonstruck.mp3
ENHYPEN (엔하이픈) 'Given-Taken' Official MV,ENHYPEN,HYBE LABELS,Single,kpop-gen4,https://music.youtube.com/watch?v=nQ6wLuYvGd4,https://i.ytimg.com/vi/nQ6wLuYvGd4/maxresdefault.jpg,ENHYPEN/Single/ENHYPEN (엔하이픈) 'Given-Taken' Official MV.mp3
ENHYPEN (엔하이픈) 'Blessed-Cursed' Official MV,ENHYPEN,HYBE LABELS,Single,kpop-gen4,https://music.youtube.com/watch?v=osmHArcf_aE,https://i.ytimg.com/vi/osmHArcf_aE/maxresdefault.jpg,ENHYPEN/Single/ENHYPEN (엔하이픈) 'Blessed-Cursed' Official MV.mp3
ENHYPEN (엔하이픈) 'ParadoXXX Invasion' Official MV,ENHYPEN,HYBE LABELS,Single,kpop-gen4,https://music.youtube.com/watch?v=HOciAVeq_HU,https://i.ytimg.com/vi/HOciAVeq_HU/maxresdefault.jpg,ENHYPEN/Single/ENHYPEN (엔하이픈) 'ParadoXXX Invasion' Official MV.mp3
ENHYPEN (엔하이픈) 'Future Perfect (Pass the MIC)' Official MV,ENHYPEN,HYBE LABELS,Single,kpop-gen4,https://music.youtube.com/watch?v=QMlNLo74mOw,https://i.ytimg.com/vi/QMlNLo74mOw/maxresdefault.jpg,ENHYPEN/Single/ENHYPEN (엔하이픈) 'Future Perfect (Pass the MIC)' Official MV.mp3
ENHYPEN (엔하이픈) 'Tamed-Dashed' Official MV,ENHYPEN,HYBE LABELS,Single,kpop-gen4,https://music.youtube.com/watch?v=6IRsW_TkyVA,https://i.ytimg.com/vi/6IRsW_TkyVA/maxresdefault.jpg,ENHYPEN/Single/ENHYPEN (엔하이픈) 'Tamed-Dashed' Official MV.mp3
ENHYPEN (엔하이픈) 'No Way Back (Feat. So!YoON!)' MV,ENHYPEN,ENHYPEN,Single,kpop-gen4,https://music.youtube.com/watch?v=3s3BVG798aU,https://i.ytimg.com/vi/3s3BVG798aU/maxresdefault.jpg,ENHYPEN/Single/ENHYPEN (엔하이픈) 'No Way Back (Feat. So!YoON!)' MV.mp3
ENHYPEN (엔하이픈) 'Sacrifice (Eat Me Up)' Official MV,ENHYPEN,HYBE LABELS,Single,kpop-gen4,https://music.youtube.com/watch?v=HROTJfbtcU4,https://i.ytimg.com/vi/HROTJfbtcU4/maxresdefault.jpg,ENHYPEN/Single/ENHYPEN (엔하이픈) 'Sacrifice (Eat Me Up)' Official MV.mp3
Fatal Trouble,ENHYPEN,ENHYPEN,DARK MOON SPECIAL ALBUM ᐸMEMORABILIAᐳ,kpop-gen4,https://music.youtube.com/watch?v=2dJpZDabAdU,https://i.ytimg.com/vi/2dJpZDabAdU/maxresdefault.jpg,ENHYPEN/DARK MOON SPECIAL ALBUM ᐸMEMORABILIAᐳ/Fatal Trouble.mp3
Lost Island,ENHYPEN,ENHYPEN,THE SIN : VANISH,kpop-gen4,https://music.youtube.com/watch?v=ynaQ-HUInmM,https://i.ytimg.com/vi/ynaQ-HUInmM/maxresdefault.jpg,ENHYPEN/THE SIN _ VANISH/Lost Island.mp3
ENHYPEN (엔하이픈) 'Let Me In (20 CUBE)' Official MV,ENHYPEN,HYBE LABELS,Single,kpop-gen4,https://music.youtube.com/watch?v=FKG48r9Wl8o,https://i.ytimg.com/vi/FKG48r9Wl8o/maxresdefault.jpg,ENHYPEN/Single/ENHYPEN (엔하이픈) 'Let Me In (20 CUBE)' Official MV.mp3
Too Close,ENHYPEN,ENHYPEN,DESIRE : UNLEASH,kpop-gen4,https://music.youtube.com/watch?v=zIDx6GBuoCc,https://i.ytimg.com/vi/zIDx6GBuoCc/maxresdefault.jpg,ENHYPEN/DESIRE _ UNLEASH/Too Close.mp3
Helium,ENHYPEN,ENHYPEN,DESIRE : UNLEASH,kpop-gen4,https://music.youtube.com/watch?v=DgbNXt5Er2w,https://i.ytimg.com/vi/DgbNXt5Er2w/maxresdefault.jpg,ENHYPEN/DESIRE _ UNLEASH/Helium.mp3
CRIMINAL LOVE,ENHYPEN,ENHYPEN,DARK MOON: THE BLOOD ALTAR 2nd Soundtrack ᐸCRIMINAL LOVE - ENHYPENᐳ,kpop-gen4,https://music.youtube.com/watch?v=TFI2NB7oaxA,https://i.ytimg.com/vi/TFI2NB7oaxA/maxresdefault.jpg,ENHYPEN/DARK MOON_ THE BLOOD ALTAR 2nd Soundtrack ᐸCRIMINAL LOVE - ENHYPENᐳ/CRIMINAL LOVE.mp3
Sleep Tight,ENHYPEN,ENHYPEN,THE SIN : VANISH,kpop-gen4,https://music.youtube.com/watch?v=musv08G6-3U,https://i.ytimg.com/vi/musv08G6-3U/maxresdefault.jpg,ENHYPEN/THE SIN _ VANISH/Sleep Tight.mp3
ENHYPEN (엔하이픈) X TAYO - 'BILLY POCO' Official MV,ENHYPEN,ENHYPEN,Single,kpop-gen4,https://music.youtube.com/watch?v=wWKu3cCLJWc,https://i.ytimg.com/vi/wWKu3cCLJWc/maxresdefault.jpg,ENHYPEN/Single/ENHYPEN (엔하이픈) X TAYO - 'BILLY POCO' Official MV.mp3
Still Monster,ENHYPEN,ENHYPEN,ORANGE BLOOD,kpop-gen4,https://music.youtube.com/watch?v=RObMQrgN72U,https://i.ytimg.com/vi/RObMQrgN72U/maxresdefault.jpg,ENHYPEN/ORANGE BLOOD/Still Monster.mp3
ENHYPEN - Loose | Live from Vevo Studios,ENHYPEN,ENHYPEN,Single,kpop-gen4,https://music.youtube.com/watch?v=DiJTe1woct4,https://i.ytimg.com/vi/DiJTe1woct4/maxresdefault.jpg,ENHYPEN/Single/ENHYPEN - Loose _ Live from Vevo Studios.mp3
What Makes You Beautiful,ENHYPEN,ENHYPEN,What Makes You Beautiful (THE SEASONS: Red Carpet with Lee Hyo Ri),kpop-gen4,https://music.youtube.com/watch?v=8Q5-VOtcZuw,https://i.ytimg.com/vi/8Q5-VOtcZuw/maxresdefault.jpg,ENHYPEN/What Makes You Beautiful (THE SEASONS_ Red Carpet with Lee Hyo Ri)/What Makes You Beautiful.mp3
ENHYPEN (엔하이픈) 'Upper Side Dreamin’' Dance Performance Video (Halloween Edition 'Ghost Busters'),ENHYPEN,ENHYPEN,Single,kpop-gen4,https://music.youtube.com/watch?v=EUskig59Xe8,https://i.ytimg.com/vi/EUskig59Xe8/maxresdefault.jpg,ENHYPEN/Single/ENHYPEN (엔하이픈) 'Upper Side Dreamin’' Dance Performance Video (Halloween Edition 'Ghost Busters').mp3
ENHYPEN (엔하이픈) 'THE SIN : VANISH' Chapter 3. 'Stealer',ENHYPEN,HYBE LABELS,Single,kpop-gen4,https://music.youtube.com/watch?v=aSVrki8FQUU,https://i.ytimg.com/vi/aSVrki8FQUU/maxresdefault.jpg,ENHYPEN/Single/ENHYPEN (엔하이픈) 'THE SIN _ VANISH' Chapter 3. 'Stealer'.mp3
Hundred Broken Hearts,ENHYPEN,ENHYPEN,ROMANCE : UNTOLD,kpop-gen4,https://music.youtube.com/watch?v=13wy6MXEf5o,https://i.ytimg.com/vi/13wy6MXEf5o/maxresdefault.jpg,ENHYPEN/ROMANCE _ UNTOLD/Hundred Broken Hearts.mp3
ENHYPEN (엔하이픈) 'Highway 1009' Official Film (for ENGENE),ENHYPEN,HYBE LABELS,Single,kpop-gen4,https://music.youtube.com/watch?v=_ywIhBOpjQA,https://i.ytimg.com/vi/_ywIhBOpjQA/maxresdefault.jpg,ENHYPEN/Single/ENHYPEN (엔하이픈) 'Highway 1009' Official Film (for ENGENE).mp3
Flashover,ENHYPEN,ENHYPEN,DESIRE : UNLEASH,kpop-gen4,https://music.youtube.com/watch?v=S5Eesy9hGLM,https://i.ytimg.com/vi/S5Eesy9hGLM/maxresdefault.jpg,ENHYPEN/DESIRE _ UNLEASH/Flashover.mp3
Paranormal,ENHYPEN,ENHYPEN,ROMANCE : UNTOLD,kpop-gen4,https://music.youtube.com/watch?v=vTc-5O9agPs,https://i.ytimg.com/vi/vTc-5O9agPs/maxresdefault.jpg,ENHYPEN/ROMANCE _ UNTOLD/Paranormal.mp3
10 Months,ENHYPEN,ENHYPEN,BORDER : DAY ONE,kpop-gen4,https://music.youtube.com/watch?v=W_Y89g1Uthw,https://i.ytimg.com/vi/W_Y89g1Uthw/maxresdefault.jpg,ENHYPEN/BORDER _ DAY ONE/10 Months.mp3
멀어,ENHYPEN,ENHYPEN,ORANGE BLOOD,kpop-gen4,https://music.youtube.com/watch?v=LLsYWbL-IEc,https://i.ytimg.com/vi/LLsYWbL-IEc/maxresdefault.jpg,ENHYPEN/ORANGE BLOOD/멀어.mp3
Royalty,ENHYPEN,ENHYPEN,ROMANCE : UNTOLD,kpop-gen4,https://music.youtube.com/watch?v=el_uvJ__6GE,https://i.ytimg.com/vi/el_uvJ__6GE/maxresdefault.jpg,ENHYPEN/ROMANCE _ UNTOLD/Royalty.mp3
[2024 ENniversary] ENHYPEN (엔하이픈) ‘Your Eyes Only' (ENGENE ♡nly Clip) #2024ENniversary,ENHYPEN,ENHYPEN,Single,kpop-gen4,https://music.youtube.com/watch?v=qFycLjyg_O4,https://i.ytimg.com/vi/qFycLjyg_O4/maxresdefault.jpg,ENHYPEN/Single/[2024 ENniversary] ENHYPEN (엔하이픈) ‘Your Eyes Only' (ENGENE ♡nly Clip) #2024ENniversary.mp3
ENHYPEN (엔하이픈) 'Orange Flower (You Complete Me)' Official Track Video (Memories of youth),ENHYPEN,HYBE LABELS,Single,kpop-gen4,https://music.youtube.com/watch?v=iwBfCHvFzPU,https://i.ytimg.com/vi/iwBfCHvFzPU/maxresdefault.jpg,ENHYPEN/Single/ENHYPEN (엔하이픈) 'Orange Flower (You Complete Me)' Official Track Video (Memories of youth).mp3
Galaxy [Fanmade] - ENHYPEN (엔하이픈) 'HOME' Official MV,ENHYPEN,ENHYPEN,Single,kpop-gen4,https://music.youtube.com/watch?v=yTkapjlAoZE,https://i.ytimg.com/vi/yTkapjlAoZE/maxresdefault.jpg,ENHYPEN/Single/Galaxy [Fanmade] - ENHYPEN (엔하이픈) 'HOME' Official MV.mp3
몰랐어,ENHYPEN,ENHYPEN,DIMENSION : DILEMMA,kpop-gen4,https://music.youtube.com/watch?v=vkL9pdgXPKg,https://i.ytimg.com/vi/vkL9pdgXPKg/maxresdefault.jpg,ENHYPEN/DIMENSION _ DILEMMA/몰랐어.mp3
I Need The Light,ENHYPEN,ENHYPEN,I Need The Light,kpop-gen4,https://music.youtube.com/watch?v=D5m-x0tka6Q,https://i.ytimg.com/vi/D5m-x0tka6Q/maxresdefault.jpg,ENHYPEN/I Need The Light/I Need The Light.mp3
Flicker,ENHYPEN,ENHYPEN,BORDER : DAY ONE,kpop-gen4,https://music.youtube.com/watch?v=bmOtxHX-zAw,https://i.ytimg.com/vi/bmOtxHX-zAw/maxresdefault.jpg,ENHYPEN/BORDER _ DAY ONE/Flicker.mp3
Blockbuster (액션 영화처럼) feat. 연준 of TOMORROW X TOGETHER,ENHYPEN,ENHYPEN,DIMENSION : DILEMMA,kpop-gen4,https://music.youtube.com/watch?v=zr3c4jgdqjY,https://i.ytimg.com/vi/zr3c4jgdqjY/maxresdefault.jpg,ENHYPEN/DIMENSION _ DILEMMA/Blockbuster (액션 영화처럼) feat. 연준 of TOMORROW X TOGETHER.mp3
별안간 (Mixed Up),ENHYPEN,ENHYPEN,BORDER : CARNIVAL,kpop-gen4,https://music.youtube.com/watch?v=bS8rD1z_PaA,https://i.ytimg.com/vi/bS8rD1z_PaA/maxresdefault.jpg,ENHYPEN/BORDER _ CARNIVAL/별안간 (Mixed Up).mp3
'SHOUT OUT' Tour video - ENHYPEN (엔하이픈),ENHYPEN,ENHYPEN,Single,kpop-gen4,https://music.youtube.com/watch?v=wrCBICNLKnA,https://i.ytimg.com/vi/wrCBICNLKnA/maxresdefault.jpg,ENHYPEN/Single/'SHOUT OUT' Tour video - ENHYPEN (엔하이픈).mp3
"Attention, please!",ENHYPEN,ENHYPEN,DIMENSION : DILEMMA,kpop-gen4,https://music.youtube.com/watch?v=cHiCnM9QnE8,https://i.ytimg.com/vi/cHiCnM9QnE8/maxresdefault.jpg,"ENHYPEN/DIMENSION _ DILEMMA/Attention, please!.mp3"
사건의 발단,ENHYPEN,ENHYPEN,THE SIN : VANISH,kpop-gen4,https://music.youtube.com/watch?v=v8ILjxwxvEI,https://i.ytimg.com/vi/v8ILjxwxvEI/maxresdefault.jpg,ENHYPEN/THE SIN _ VANISH/사건의 발단.mp3
ENHYPEN (엔하이픈) 'Always'  @ Sukkiri,ENHYPEN,ENHYPEN,Single,kpop-gen4,https://music.youtube.com/watch?v=q3HW0SF1Jpc,https://i.ytimg.com/vi/q3HW0SF1Jpc/maxresdefault.jpg,ENHYPEN/Single/ENHYPEN (엔하이픈) 'Always'  @ Sukkiri.mp3
도망자들,ENHYPEN,ENHYPEN,THE SIN : VANISH,kpop-gen4,https://music.youtube.com/watch?v=nXEFKaPuuf8,https://i.ytimg.com/vi/nXEFKaPuuf8/maxresdefault.jpg,ENHYPEN/THE SIN _ VANISH/도망자들.mp3
[2021 ENniversary] ENHYPEN (엔하이픈) '모 아니면 도' Dance Practice #2021ENniversary,ENHYPEN,ENHYPEN,Single,kpop-gen4,https://music.youtube.com/watch?v=OzcZYiUQJSs,https://i.ytimg.com/vi/OzcZYiUQJSs/maxresdefault.jpg,ENHYPEN/Single/[2021 ENniversary] ENHYPEN (엔하이픈) '모 아니면 도' Dance Practice #2021ENniversary.mp3
우리가 찾던 목소리,ENHYPEN,ENHYPEN,THE SIN : VANISH,kpop-gen4,https://music.youtube.com/watch?v=t5vGO7aU9KU,https://i.ytimg.com/vi/t5vGO7aU9KU/maxresdefault.jpg,ENHYPEN/THE SIN _ VANISH/우리가 찾던 목소리.mp3
Mortal,ENHYPEN,ENHYPEN,ORANGE BLOOD,kpop-gen4,https://music.youtube.com/watch?v=HqxXR3K_Dlg,https://i.ytimg.com/vi/HqxXR3K_Dlg/maxresdefault.jpg,ENHYPEN/ORANGE BLOOD/Mortal.mp3
사건의 너머,ENHYPEN,ENHYPEN,THE SIN : VANISH,kpop-gen4,https://music.youtube.com/watch?v=BXLoAgWTFoA,https://i.ytimg.com/vi/BXLoAgWTFoA/maxresdefault.jpg,ENHYPEN/THE SIN _ VANISH/사건의 너머.mp3
목격자,ENHYPEN,ENHYPEN,THE SIN : VANISH,kpop-gen4,https://music.youtube.com/watch?v=v77LTnSFjzU,https://i.ytimg.com/vi/v77LTnSFjzU/maxresdefault.jpg,ENHYPEN/THE SIN _ VANISH/목격자.mp3
Hey Tayo (Tayo Opening Theme Song),ENHYPEN,ENHYPEN,HEY TAYO,kpop-gen4,https://music.youtube.com/watch?v=mc-sxvIhs1M,https://i.ytimg.com/vi/mc-sxvIhs1M/maxresdefault.jpg,ENHYPEN/HEY TAYO/Hey Tayo (Tayo Opening Theme Song).mp3
[EN-TER key] Flying Kites - ENHYPEN (엔하이픈) (ENG/JPN),ENHYPEN,ENHYPEN,Single,kpop-gen4,https://music.youtube.com/watch?v=_k-3PF0ulVU,https://i.ytimg.com/vi/_k-3PF0ulVU/maxresdefault.jpg,ENHYPEN/Single/[EN-TER key] Flying Kites - ENHYPEN (엔하이픈) (ENG_JPN).mp3
"ZERO MOMENT (Sung by HEESEUNG, JAY, JAKE) (Prod. tearliner)",ENHYPEN,ENHYPEN,Summer Strike OST Part 4,kpop-gen4,https://music.youtube.com/watch?v=kkknXK3o0j8,https://i.ytimg.com/vi/kkknXK3o0j8/maxresdefault.jpg,"ENHYPEN/Summer Strike OST Part 4/ZERO MOMENT (Sung by HEESEUNG, JAY, JAKE) (Prod. tearliner).mp3"
한복 입고 춤추면서 미션 할 때 기분😏 ’TFW (That Feeling When)’ (한복 ver.) - ENHYPEN (엔하이픈),ENHYPEN,ENHYPEN,Single,kpop-gen4,https://music.youtube.com/watch?v=MCH3u0L73Gs,https://i.ytimg.com/vi/MCH3u0L73Gs/maxresdefault.jpg,ENHYPEN/Single/한복 입고 춤추면서 미션 할 때 기분😏 ’TFW (That Feeling When)’ (한복 ver.) - ENHYPEN (엔하이픈).mp3
Keep Swimmin' Through x Baby Shark (Dance Remix),ENHYPEN,"ENHYPEN, The Cast of Baby Shark's Big Movie, Pinkfong, Matthew Tishler, Andrew Underberg",Keep Swimmin' Through x Baby Shark (Dance Remix),kpop-gen4,https://music.youtube.com/watch?v=JeqxEUXsppY,https://i.ytimg.com/vi/JeqxEUXsppY/maxresdefault.jpg,ENHYPEN/Keep Swimmin' Through x Baby Shark (Dance Remix)/Keep Swimmin' Through x Baby Shark (Dance Remix).mp3
ATEEZ(에이티즈) - 'Adrenaline' Official MV,ATEEZ,KQ ENTERTAINMENT,Single,kpop-gen4,https://music.youtube.com/watch?v=vqkfEUqjl6Y,https://i.ytimg.com/vi/vqkfEUqjl6Y/maxresdefault.jpg,ATEEZ/Single/ATEEZ(에이티즈) - 'Adrenaline' Official MV.mp3
ATEEZ(에이티즈) - 'Ice On My Teeth' Official MV,ATEEZ,KQ ENTERTAINMENT,Single,kpop-gen4,https://music.youtube.com/watch?v=5OflOlcHLb8,https://i.ytimg.com/vi/5OflOlcHLb8/maxresdefault.jpg,ATEEZ/Single/ATEEZ(에이티즈) - 'Ice On My Teeth' Official MV.mp3
ATEEZ(에이티즈) - 'NASA' Performance Video,ATEEZ,KQ ENTERTAINMENT,Single,kpop-gen4,https://music.youtube.com/watch?v=tVJBWoof09Q,https://i.ytimg.com/vi/tVJBWoof09Q/maxresdefault.jpg,ATEEZ/Single/ATEEZ(에이티즈) - 'NASA' Performance Video.mp3
ATEEZ(에이티즈) - 'WORK' Official MV,ATEEZ,KQ ENTERTAINMENT,Single,kpop-gen4,https://music.youtube.com/watch?v=VGnOpZhsPk4,https://i.ytimg.com/vi/VGnOpZhsPk4/maxresdefault.jpg,ATEEZ/Single/ATEEZ(에이티즈) - 'WORK' Official MV.mp3
ATEEZ(에이티즈) - 'BOUNCY (K-HOT CHILLI PEPPERS)' Official MV,ATEEZ,KQ ENTERTAINMENT,Single,kpop-gen4,https://music.youtube.com/watch?v=U0G5OA6ZH5w,https://i.ytimg.com/vi/U0G5OA6ZH5w/maxresdefault.jpg,ATEEZ/Single/ATEEZ(에이티즈) - 'BOUNCY (K-HOT CHILLI PEPPERS)' Official MV.mp3
ATEEZ(에이티즈) - '미친 폼 (Crazy Form)' Official MV,ATEEZ,KQ ENTERTAINMENT,Single,kpop-gen4,https://music.youtube.com/watch?v=9t57C7NcjWo,https://i.ytimg.com/vi/9t57C7NcjWo/maxresdefault.jpg,ATEEZ/Single/ATEEZ(에이티즈) - '미친 폼 (Crazy Form)' Official MV.mp3
ATEEZ(에이티즈) - 'In Your Fantasy' Official MV,ATEEZ,KQ ENTERTAINMENT,Single,kpop-gen4,https://music.youtube.com/watch?v=JOF2ZTqvzwY,https://i.ytimg.com/vi/JOF2ZTqvzwY/maxresdefault.jpg,ATEEZ/Single/ATEEZ(에이티즈) - 'In Your Fantasy' Official MV.mp3
ATEEZ(에이티즈) - 'Lemon Drop' Official MV,ATEEZ,KQ ENTERTAINMENT,Single,kpop-gen4,https://music.youtube.com/watch?v=H4H99b1CjPU,https://i.ytimg.com/vi/H4H99b1CjPU/maxresdefault.jpg,ATEEZ/Single/ATEEZ(에이티즈) - 'Lemon Drop' Official MV.mp3
[FIX OFF] Desire Project : ORIGIN 'Dinero' | ATEEZ(에이티즈) 민기,ATEEZ,ATEEZ,Single,kpop-gen4,https://music.youtube.com/watch?v=uD0yLUVtAvk,https://i.ytimg.com/vi/uD0yLUVtAvk/maxresdefault.jpg,ATEEZ/Single/[FIX OFF] Desire Project _ ORIGIN 'Dinero' _ ATEEZ(에이티즈) 민기.mp3
ATEEZ(에이티즈) - 'WONDERLAND' Official MV,ATEEZ,KQ ENTERTAINMENT,Single,kpop-gen4,https://music.youtube.com/watch?v=Z_BhMhZpAug,https://i.ytimg.com/vi/Z_BhMhZpAug/maxresdefault.jpg,ATEEZ/Single/ATEEZ(에이티즈) - 'WONDERLAND' Official MV.mp3
ATEEZ(에이티즈) - 'HALAZIA' Official MV,ATEEZ,KQ ENTERTAINMENT,Single,kpop-gen4,https://music.youtube.com/watch?v=SszP3hlQ55Y,https://i.ytimg.com/vi/SszP3hlQ55Y/maxresdefault.jpg,ATEEZ/Single/ATEEZ(에이티즈) - 'HALAZIA' Official MV.mp3
ATEEZ(에이티즈) - 'WAVE' Official MV,ATEEZ,KQ ENTERTAINMENT,Single,kpop-gen4,https://music.youtube.com/watch?v=FIInyEWWW-s,https://i.ytimg.com/vi/FIInyEWWW-s/maxresdefault.jpg,ATEEZ/Single/ATEEZ(에이티즈) - 'WAVE' Official MV.mp3
ATEEZ(에이티즈) - 'Say My Name' Official MV,ATEEZ,KQ ENTERTAINMENT,Single,kpop-gen4,https://music.youtube.com/watch?v=nKU4OVH18mE,https://i.ytimg.com/vi/nKU4OVH18mE/maxresdefault.jpg,ATEEZ/Single/ATEEZ(에이티즈) - 'Say My Name' Official MV.mp3
"ATEEZ(에이티즈) - 'IT's You (여상, 산, 우영)' Official MV",ATEEZ,KQ ENTERTAINMENT,Single,kpop-gen4,https://music.youtube.com/watch?v=CeIODBamkQ0,https://i.ytimg.com/vi/CeIODBamkQ0/maxresdefault.jpg,"ATEEZ/Single/ATEEZ(에이티즈) - 'IT's You (여상, 산, 우영)' Official MV.mp3"
"ATEEZ(에이티즈) - 'MATZ (홍중, 성화)' Official MV",ATEEZ,KQ ENTERTAINMENT,Single,kpop-gen4,https://music.youtube.com/watch?v=3PA5FG1NX9U,https://i.ytimg.com/vi/3PA5FG1NX9U/maxresdefault.jpg,"ATEEZ/Single/ATEEZ(에이티즈) - 'MATZ (홍중, 성화)' Official MV.mp3"
"ATEEZ(에이티즈) - 'Youth (윤호, 민기)' Official MV",ATEEZ,KQ ENTERTAINMENT,Single,kpop-gen4,https://music.youtube.com/watch?v=Wv1moh1Dvqw,https://i.ytimg.com/vi/Wv1moh1Dvqw/maxresdefault.jpg,"ATEEZ/Single/ATEEZ(에이티즈) - 'Youth (윤호, 민기)' Official MV.mp3"
ATEEZ(에이티즈) - 'Everything (종호)' Official MV,ATEEZ,KQ ENTERTAINMENT,Single,kpop-gen4,https://music.youtube.com/watch?v=0FTL_zgvzAM,https://i.ytimg.com/vi/0FTL_zgvzAM/maxresdefault.jpg,ATEEZ/Single/ATEEZ(에이티즈) - 'Everything (종호)' Official MV.mp3
"ATEEZ(에이티즈) - ‘HALA HALA (Hearts Awakened, Live Alive)’ Official MV (Performance ver.)",ATEEZ,KQ ENTERTAINMENT,Single,kpop-gen4,https://music.youtube.com/watch?v=QbjmVyP9RFg,https://i.ytimg.com/vi/QbjmVyP9RFg/maxresdefault.jpg,"ATEEZ/Single/ATEEZ(에이티즈) - ‘HALA HALA (Hearts Awakened, Live Alive)’ Official MV (Performance ver.).mp3"
ATEEZ(에이티즈) - '해적왕(Pirate King)' Official MV (Performance ver.),ATEEZ,KQ ENTERTAINMENT,Single,kpop-gen4,https://music.youtube.com/watch?v=RqJ1rH9M5G0,https://i.ytimg.com/vi/RqJ1rH9M5G0/maxresdefault.jpg,ATEEZ/Single/ATEEZ(에이티즈) - '해적왕(Pirate King)' Official MV (Performance ver.).mp3
BE:FIRST X ATEEZ / Hush-Hush -Music Video-,ATEEZ,BE:FIRST Official,Single,kpop-gen4,https://music.youtube.com/watch?v=6KEqMEmyuIs,https://i.ytimg.com/vi/6KEqMEmyuIs/maxresdefault.jpg,ATEEZ/Single/BE_FIRST X ATEEZ _ Hush-Hush -Music Video-.mp3
Ghost,ATEEZ,ATEEZ,GOLDEN HOUR : Part.4,kpop-gen4,https://music.youtube.com/watch?v=qDpEcO1hlZE,https://i.ytimg.com/vi/qDpEcO1hlZE/maxresdefault.jpg,ATEEZ/GOLDEN HOUR _ Part.4/Ghost.mp3
ATEEZ(에이티즈) - 'ILLUSION' Official MV,ATEEZ,KQ ENTERTAINMENT,Single,kpop-gen4,https://music.youtube.com/watch?v=i_HzsHss94E,https://i.ytimg.com/vi/i_HzsHss94E/maxresdefault.jpg,ATEEZ/Single/ATEEZ(에이티즈) - 'ILLUSION' Official MV.mp3
On The Road,ATEEZ,ATEEZ,GOLDEN HOUR : Part.4,kpop-gen4,https://music.youtube.com/watch?v=uYmTzfKmISQ,https://i.ytimg.com/vi/uYmTzfKmISQ/maxresdefault.jpg,ATEEZ/GOLDEN HOUR _ Part.4/On The Road.mp3
ATEEZ(에이티즈) - 'Treasure' Official MV,ATEEZ,KQ ENTERTAINMENT,Single,kpop-gen4,https://music.youtube.com/watch?v=tLV83ndOwz4,https://i.ytimg.com/vi/tLV83ndOwz4/maxresdefault.jpg,ATEEZ/Single/ATEEZ(에이티즈) - 'Treasure' Official MV.mp3
ATEEZ (에이티즈) - 'Answer' Official MV,ATEEZ,Stone Music Entertainment,Single,kpop-gen4,https://music.youtube.com/watch?v=dTT3MRODUsA,https://i.ytimg.com/vi/dTT3MRODUsA/maxresdefault.jpg,ATEEZ/Single/ATEEZ (에이티즈) - 'Answer' Official MV.mp3
Castle,ATEEZ,ATEEZ,GOLDEN HOUR : Part.3,kpop-gen4,https://music.youtube.com/watch?v=doWVVntzWqM,https://i.ytimg.com/vi/doWVVntzWqM/maxresdefault.jpg,ATEEZ/GOLDEN HOUR _ Part.3/Castle.mp3
Man on Fire,ATEEZ,ATEEZ,GOLDEN HOUR : Part.2,kpop-gen4,https://music.youtube.com/watch?v=gqutH1gIFFs,https://i.ytimg.com/vi/gqutH1gIFFs/maxresdefault.jpg,ATEEZ/GOLDEN HOUR _ Part.2/Man on Fire.mp3
Selfish Waltz,ATEEZ,ATEEZ,GOLDEN HOUR : Part.2,kpop-gen4,https://music.youtube.com/watch?v=nqqd_VLaVmg,https://i.ytimg.com/vi/nqqd_VLaVmg/maxresdefault.jpg,ATEEZ/GOLDEN HOUR _ Part.2/Selfish Waltz.mp3
ATEEZ(에이티즈) - 'Paradigm' Official MV (Performance ver.),ATEEZ,KQ ENTERTAINMENT,Single,kpop-gen4,https://music.youtube.com/watch?v=fNJMOR6x-4s,https://i.ytimg.com/vi/fNJMOR6x-4s/maxresdefault.jpg,ATEEZ/Single/ATEEZ(에이티즈) - 'Paradigm' Official MV (Performance ver.).mp3
DJANGO,ATEEZ,ATEEZ,THE WORLD EP.2 : OUTLAW,kpop-gen4,https://music.youtube.com/watch?v=_qdkNNXIFH4,https://i.ytimg.com/vi/_qdkNNXIFH4/maxresdefault.jpg,ATEEZ/THE WORLD EP.2 _ OUTLAW/DJANGO.mp3
ARRIBA,ATEEZ,ATEEZ,THE WORLD EP.FIN : WILL,kpop-gen4,https://music.youtube.com/watch?v=_Pd5fZDV33M,https://i.ytimg.com/vi/_Pd5fZDV33M/maxresdefault.jpg,ATEEZ/THE WORLD EP.FIN _ WILL/ARRIBA.mp3
Masterpiece,ATEEZ,ATEEZ,GOLDEN HOUR : Part.3,kpop-gen4,https://music.youtube.com/watch?v=Gon1wrj62-w,https://i.ytimg.com/vi/Gon1wrj62-w/maxresdefault.jpg,ATEEZ/GOLDEN HOUR _ Part.3/Masterpiece.mp3
Wake Up,ATEEZ,ATEEZ,THE WORLD EP.2 : OUTLAW,kpop-gen4,https://music.youtube.com/watch?v=ZdmFxXMdQ7s,https://i.ytimg.com/vi/ZdmFxXMdQ7s/maxresdefault.jpg,ATEEZ/THE WORLD EP.2 _ OUTLAW/Wake Up.mp3
Dune,ATEEZ,ATEEZ,THE WORLD EP.2 : OUTLAW,kpop-gen4,https://music.youtube.com/watch?v=sGHeEM58Bjo,https://i.ytimg.com/vi/sGHeEM58Bjo/maxresdefault.jpg,ATEEZ/THE WORLD EP.2 _ OUTLAW/Dune.mp3
[Special Clip] ATEEZ(에이티즈) 'Empty Box',ATEEZ,ATEEZ,Single,kpop-gen4,https://music.youtube.com/watch?v=sC1aKU1Bqz8,https://i.ytimg.com/vi/sC1aKU1Bqz8/maxresdefault.jpg,ATEEZ/Single/[Special Clip] ATEEZ(에이티즈) 'Empty Box'.mp3
[Special Clip] ATEEZ(에이티즈) ‘Choose’,ATEEZ,ATEEZ,Single,kpop-gen4,https://music.youtube.com/watch?v=zBkvRUsQR2o,https://i.ytimg.com/vi/zBkvRUsQR2o/maxresdefault.jpg,ATEEZ/Single/[Special Clip] ATEEZ(에이티즈) ‘Choose’.mp3
UTOPIA,ATEEZ,ATEEZ,TREASURE EP.3 : One To All,kpop-gen4,https://music.youtube.com/watch?v=MriePJkEays,https://i.ytimg.com/vi/MriePJkEays/maxresdefault.jpg,ATEEZ/TREASURE EP.3 _ One To All/UTOPIA.mp3
"[FIX OFF] Desire Project : ORIGIN 'NOVA (Feat. 개코, Royal 44)' Lyric Video | ATEEZ(에이티즈) 민기",ATEEZ,ATEEZ,Single,kpop-gen4,https://music.youtube.com/watch?v=xyXddUE8mCA,https://i.ytimg.com/vi/xyXddUE8mCA/maxresdefault.jpg,"ATEEZ/Single/[FIX OFF] Desire Project _ ORIGIN 'NOVA (Feat. 개코, Royal 44)' Lyric Video _ ATEEZ(에이티즈) 민기.mp3"
Shaboom,ATEEZ,ATEEZ,GOLDEN HOUR : Part.1,kpop-gen4,https://music.youtube.com/watch?v=CLrRC_UqcpA,https://i.ytimg.com/vi/CLrRC_UqcpA/maxresdefault.jpg,ATEEZ/GOLDEN HOUR _ Part.1/Shaboom.mp3
DEEP DIVE,ATEEZ,ATEEZ,GOLDEN HOUR : Part.2,kpop-gen4,https://music.youtube.com/watch?v=Zs2bVRlV9AY,https://i.ytimg.com/vi/Zs2bVRlV9AY/maxresdefault.jpg,ATEEZ/GOLDEN HOUR _ Part.2/DEEP DIVE.mp3
Silver Light,ATEEZ,ATEEZ,THE WORLD EP.FIN : WILL,kpop-gen4,https://music.youtube.com/watch?v=rMx4Mdv46zY,https://i.ytimg.com/vi/rMx4Mdv46zY/maxresdefault.jpg,ATEEZ/THE WORLD EP.FIN _ WILL/Silver Light.mp3
ATEEZ(에이티즈) - ‘AURORA’ Official MV (Performance ver.),ATEEZ,KQ ENTERTAINMENT,Single,kpop-gen4,https://music.youtube.com/watch?v=7wcM9Eq3UbI,https://i.ytimg.com/vi/7wcM9Eq3UbI/maxresdefault.jpg,ATEEZ/Single/ATEEZ(에이티즈) - ‘AURORA’ Official MV (Performance ver.).mp3
Siren,ATEEZ,ATEEZ,GOLDEN HOUR : Part.1,kpop-gen4,https://music.youtube.com/watch?v=xDJ-vwzD5oo,https://i.ytimg.com/vi/xDJ-vwzD5oo/maxresdefault.jpg,ATEEZ/GOLDEN HOUR _ Part.1/Siren.mp3
Now this house ain't a home,ATEEZ,ATEEZ,GOLDEN HOUR : Part.3,kpop-gen4,https://music.youtube.com/watch?v=MpoJLjNgX9o,https://i.ytimg.com/vi/MpoJLjNgX9o/maxresdefault.jpg,ATEEZ/GOLDEN HOUR _ Part.3/Now this house ain't a home.mp3
This World,ATEEZ,ATEEZ,THE WORLD EP.2 : OUTLAW,kpop-gen4,https://music.youtube.com/watch?v=FNj0IuM8a44,https://i.ytimg.com/vi/FNj0IuM8a44/maxresdefault.jpg,ATEEZ/THE WORLD EP.2 _ OUTLAW/This World.mp3
Outlaw,ATEEZ,ATEEZ,THE WORLD EP.2 : OUTLAW,kpop-gen4,https://music.youtube.com/watch?v=CR02j31BR04,https://i.ytimg.com/vi/CR02j31BR04/maxresdefault.jpg,ATEEZ/THE WORLD EP.2 _ OUTLAW/Outlaw.mp3
[FIX OFF] Desire Project #1 'Tunnel' | ATEEZ(에이티즈) 민기,ATEEZ,ATEEZ,Single,kpop-gen4,https://music.youtube.com/watch?v=25Ju6DqTJ-g,https://i.ytimg.com/vi/25Ju6DqTJ-g/maxresdefault.jpg,ATEEZ/Single/[FIX OFF] Desire Project #1 'Tunnel' _ ATEEZ(에이티즈) 민기.mp3
[Special Clip] ATEEZ(에이티즈) 'Enough',ATEEZ,ATEEZ,Single,kpop-gen4,https://music.youtube.com/watch?v=7fg1n7KCnJg,https://i.ytimg.com/vi/7fg1n7KCnJg/maxresdefault.jpg,ATEEZ/Single/[Special Clip] ATEEZ(에이티즈) 'Enough'.mp3
WIN,ATEEZ,ATEEZ,TREASURE EP.FIN : All To Action,kpop-gen4,https://music.youtube.com/watch?v=I69VWIkhSVc,https://i.ytimg.com/vi/I69VWIkhSVc/maxresdefault.jpg,ATEEZ/TREASURE EP.FIN _ All To Action/WIN.mp3
The Real,ATEEZ,ATEEZ,KINGDOM ＜FINAL : WHO IS THE KING?＞,kpop-gen4,https://music.youtube.com/watch?v=V-PJheZ-huE,https://i.ytimg.com/vi/V-PJheZ-huE/maxresdefault.jpg,ATEEZ/KINGDOM ＜FINAL _ WHO IS THE KING?＞/The Real.mp3
[Special Clip] ATEEZ(에이티즈) 종호 'A Day',ATEEZ,ATEEZ,Single,kpop-gen4,https://music.youtube.com/watch?v=BUQ3znHFZcU,https://i.ytimg.com/vi/BUQ3znHFZcU/maxresdefault.jpg,ATEEZ/Single/[Special Clip] ATEEZ(에이티즈) 종호 'A Day'.mp3
[Special Clip] ATEEZ(에이티즈) 'From (2018)',ATEEZ,ATEEZ,Single,kpop-gen4,https://music.youtube.com/watch?v=9v4XPYNx_us,https://i.ytimg.com/vi/9v4XPYNx_us/maxresdefault.jpg,ATEEZ/Single/[Special Clip] ATEEZ(에이티즈) 'From (2018)'.mp3
WE KNOW,ATEEZ,ATEEZ,THE WORLD EP.FIN : WILL,kpop-gen4,https://music.youtube.com/watch?v=910397KV1uE,https://i.ytimg.com/vi/910397KV1uE/maxresdefault.jpg,ATEEZ/THE WORLD EP.FIN _ WILL/WE KNOW.mp3
[OFFICIAL VIDEO] A Little Space - Pentatonix ft. ATEEZ,ATEEZ,Pentatonix,Single,kpop-gen4,https://music.youtube.com/watch?v=_NopH1AxEq8,https://i.ytimg.com/vi/_NopH1AxEq8/maxresdefault.jpg,ATEEZ/Single/[OFFICIAL VIDEO] A Little Space - Pentatonix ft. ATEEZ.mp3
Emergency,ATEEZ,ATEEZ,THE WORLD EP.FIN : WILL,kpop-gen4,https://music.youtube.com/watch?v=lD7QRNykbg8,https://i.ytimg.com/vi/lD7QRNykbg8/maxresdefault.jpg,ATEEZ/THE WORLD EP.FIN _ WILL/Emergency.mp3
Dancing Like Butterfly Wings,ATEEZ,ATEEZ,TREASURE EP.3 : One To All,kpop-gen4,https://music.youtube.com/watch?v=1JvnEkxuIOI,https://i.ytimg.com/vi/1JvnEkxuIOI/maxresdefault.jpg,ATEEZ/TREASURE EP.3 _ One To All/Dancing Like Butterfly Wings.mp3
Bridge : The Edge of Reality,ATEEZ,ATEEZ,GOLDEN HOUR : Part.3,kpop-gen4,https://music.youtube.com/watch?v=DRg3LFaQKnE,https://i.ytimg.com/vi/DRg3LFaQKnE/maxresdefault.jpg,ATEEZ/GOLDEN HOUR _ Part.3/Bridge _ The Edge of Reality.mp3
Promise,ATEEZ,ATEEZ (에이티즈),TREASURE EP.2 : Zero To One,kpop-gen4,https://music.youtube.com/watch?v=IgGcUQjYtxc,https://i.ytimg.com/vi/IgGcUQjYtxc/maxresdefault.jpg,ATEEZ/TREASURE EP.2 _ Zero To One/Promise.mp3
ATEEZ(에이티즈) - 'Blind' Performance Practice (@2025 뮤직뱅크 글로벌 페스티벌 IN JAPAN),ATEEZ,ATEEZ,Single,kpop-gen4,https://music.youtube.com/watch?v=v6sNecIy7dA,https://i.ytimg.com/vi/v6sNecIy7dA/maxresdefault.jpg,ATEEZ/Single/ATEEZ(에이티즈) - 'Blind' Performance Practice (@2025 뮤직뱅크 글로벌 페스티벌 IN JAPAN).mp3
Dazzling Light,ATEEZ,ATEEZ,TREASURE EP.FIN : All To Action,kpop-gen4,https://music.youtube.com/watch?v=qKQGS24O0uw,https://i.ytimg.com/vi/qKQGS24O0uw/maxresdefault.jpg,ATEEZ/TREASURE EP.FIN _ All To Action/Dazzling Light.mp3
Twilight,ATEEZ,ATEEZ,TREASURE EP.1 : All To Zero,kpop-gen4,https://music.youtube.com/watch?v=t6MQo7Gusy8,https://i.ytimg.com/vi/t6MQo7Gusy8/maxresdefault.jpg,ATEEZ/TREASURE EP.1 _ All To Zero/Twilight.mp3
Star 1117,ATEEZ,ATEEZ (에이티즈),TREASURE EPILOGUE : Action To Answer,kpop-gen4,https://music.youtube.com/watch?v=OOEkD8pxYMg,https://i.ytimg.com/vi/OOEkD8pxYMg/maxresdefault.jpg,ATEEZ/TREASURE EPILOGUE _ Action To Answer/Star 1117.mp3
THANK U,ATEEZ,ATEEZ,TREASURE EP.FIN : All To Action,kpop-gen4,https://music.youtube.com/watch?v=WeH1-TBd3C4,https://i.ytimg.com/vi/WeH1-TBd3C4/maxresdefault.jpg,ATEEZ/TREASURE EP.FIN _ All To Action/THANK U.mp3
ATEEZ(에이티즈) - '지평선(Horizon)' Dance Practice,ATEEZ,ATEEZ,Single,kpop-gen4,https://music.youtube.com/watch?v=Nzw4E-fQoLE,https://i.ytimg.com/vi/Nzw4E-fQoLE/maxresdefault.jpg,ATEEZ/Single/ATEEZ(에이티즈) - '지평선(Horizon)' Dance Practice.mp3
Let′s Get Together,ATEEZ,ATEEZ,Let′s Get Together,kpop-gen4,https://music.youtube.com/watch?v=rLeAY9d7gck,https://i.ytimg.com/vi/rLeAY9d7gck/maxresdefault.jpg,ATEEZ/Let′s Get Together/Let′s Get Together.mp3
[마지막 썸머 (Last Summer) OST] ATEEZ (에이티즈) - Waiting for You MV,ATEEZ,Stone Music Entertainment,Single,kpop-gen4,https://music.youtube.com/watch?v=BoC9gQuFyHA,https://i.ytimg.com/vi/BoC9gQuFyHA/maxresdefault.jpg,ATEEZ/Single/[마지막 썸머 (Last Summer) OST] ATEEZ (에이티즈) - Waiting for You MV.mp3
Limitless,ATEEZ,ATEEZ,Limitless,kpop-gen4,https://music.youtube.com/watch?v=oJUbYpCTE8Q,https://i.ytimg.com/vi/oJUbYpCTE8Q/maxresdefault.jpg,ATEEZ/Limitless/Limitless.mp3
Don′t Stop,ATEEZ,ATEEZ,Don′t Stop,kpop-gen4,https://music.youtube.com/watch?v=zuDj1vthAnw,https://i.ytimg.com/vi/zuDj1vthAnw/maxresdefault.jpg,ATEEZ/Don′t Stop/Don′t Stop.mp3
Light,ATEEZ,ATEEZ (에이티즈),TREASURE EP.2 : Zero To One,kpop-gen4,https://music.youtube.com/watch?v=bGFc1jSIHKI,https://i.ytimg.com/vi/bGFc1jSIHKI/maxresdefault.jpg,ATEEZ/TREASURE EP.2 _ Zero To One/Light.mp3
Scene 1 : Value,ATEEZ,ATEEZ,GOLDEN HOUR : Part.2,kpop-gen4,https://music.youtube.com/watch?v=6zlmJjmX3H8,https://i.ytimg.com/vi/6zlmJjmX3H8/maxresdefault.jpg,ATEEZ/GOLDEN HOUR _ Part.2/Scene 1 _ Value.mp3
Stay,ATEEZ,ATEEZ,TREASURE EP.1 : All To Zero,kpop-gen4,https://music.youtube.com/watch?v=tHiiKK21nlc,https://i.ytimg.com/vi/tHiiKK21nlc/maxresdefault.jpg,ATEEZ/TREASURE EP.1 _ All To Zero/Stay.mp3
Golden Hour,ATEEZ,ATEEZ,GOLDEN HOUR : Part.1,kpop-gen4,https://music.youtube.com/watch?v=upTemtt7h_0,https://i.ytimg.com/vi/upTemtt7h_0/maxresdefault.jpg,ATEEZ/GOLDEN HOUR _ Part.1/Golden Hour.mp3
Just like the first time,ATEEZ,Jong Ho,"The Nice Guy (Original Television Soundtrack), Pt. 4",kpop-gen4,https://music.youtube.com/watch?v=iT4qPQ5g3hE,https://i.ytimg.com/vi/iT4qPQ5g3hE/maxresdefault.jpg,"ATEEZ/The Nice Guy (Original Television Soundtrack), Pt. 4/Just like the first time.mp3"
Crescent Part.2,ATEEZ,ATEEZ,THE WORLD EP.FIN : WILL,kpop-gen4,https://music.youtube.com/watch?v=h7mCmsMP9UU,https://i.ytimg.com/vi/h7mCmsMP9UU/maxresdefault.jpg,ATEEZ/THE WORLD EP.FIN _ WILL/Crescent Part.2.mp3
FIN : WILL,ATEEZ,ATEEZ,THE WORLD EP.FIN : WILL,kpop-gen4,https://music.youtube.com/watch?v=MCG0DJLeEyo,https://i.ytimg.com/vi/MCG0DJLeEyo/maxresdefault.jpg,ATEEZ/THE WORLD EP.FIN _ WILL/FIN _ WILL.mp3
ATEEZ(에이티즈) 'WORK Pt.4 - ATEEZ X G-Eazy' Lyric Video,ATEEZ,ATEEZ,Single,kpop-gen4,https://music.youtube.com/watch?v=lBPmvTqWG78,https://i.ytimg.com/vi/lBPmvTqWG78/maxresdefault.jpg,ATEEZ/Single/ATEEZ(에이티즈) 'WORK Pt.4 - ATEEZ X G-Eazy' Lyric Video.mp3
ATEEZ(에이티즈) - '걸어가고 있어' Live Clip (@Invitation from the House of ATEEZ💌),ATEEZ,ATEEZ,Single,kpop-gen4,https://music.youtube.com/watch?v=6pL9h1xbmcI,https://i.ytimg.com/vi/6pL9h1xbmcI/maxresdefault.jpg,ATEEZ/Single/ATEEZ(에이티즈) - '걸어가고 있어' Live Clip (@Invitation from the House of ATEEZ💌).mp3
Me Crazy,ATEEZ,"HONGJOONG, SEONGHWA, YUNHO, Wooyoung, SEALOOK, Tae Ho Kim, Jong Hoon Park, Ju Won Seo, Sa Do Kang, Jae Rin An, Ji Eun Jeong, Jeong Min Seo, Hye Seon Jo, Door, Levi @Eden-ary",SEALOOK 2 (Original Soundtrack),kpop-gen4,https://music.youtube.com/watch?v=VEPWL3mTuzw,https://i.ytimg.com/vi/VEPWL3mTuzw/maxresdefault.jpg,ATEEZ/SEALOOK 2 (Original Soundtrack)/Me Crazy.mp3
ATEEZ(에이티즈) 'WORK Pt.2 - ATEEZ X Don Diablo' Lyric Video,ATEEZ,ATEEZ,Single,kpop-gen4,https://music.youtube.com/watch?v=6C2oSUo3-Bs,https://i.ytimg.com/vi/6C2oSUo3-Bs/maxresdefault.jpg,ATEEZ/Single/ATEEZ(에이티즈) 'WORK Pt.2 - ATEEZ X Don Diablo' Lyric Video.mp3
ATEEZ(에이티즈) 'WORK Pt.3 - ATEEZ X Eden-ary' Lyric Video,ATEEZ,ATEEZ,Single,kpop-gen4,https://music.youtube.com/watch?v=oToe41f1d1E,https://i.ytimg.com/vi/oToe41f1d1E/maxresdefault.jpg,ATEEZ/Single/ATEEZ(에이티즈) 'WORK Pt.3 - ATEEZ X Eden-ary' Lyric Video.mp3
ATEEZ(에이티즈) log_logbook | WILL TO POWER in NORTH AMERICA #6,ATEEZ,ATEEZ,Single,kpop-gen4,https://music.youtube.com/watch?v=5Qgz9YkEF-Q,https://i.ytimg.com/vi/5Qgz9YkEF-Q/maxresdefault.jpg,ATEEZ/Single/ATEEZ(에이티즈) log_logbook _ WILL TO POWER in NORTH AMERICA #6.mp3
YELLOW,TREASURE,TREASURE,SPECIAL MINI ALBUM (PLEASURE),kpop-gen4,https://music.youtube.com/watch?v=ynQ9clpw3GY,https://i.ytimg.com/vi/ynQ9clpw3GY/maxresdefault.jpg,TREASURE/SPECIAL MINI ALBUM (PLEASURE)/YELLOW.mp3
다라리 (DARARI),TREASURE,TREASURE,THE SECOND STEP : CHAPTER ONE,kpop-gen4,https://music.youtube.com/watch?v=cXCwKMvt9wE,https://i.ytimg.com/vi/cXCwKMvt9wE/maxresdefault.jpg,TREASURE/THE SECOND STEP _ CHAPTER ONE/다라리 (DARARI).mp3
PARADISE,TREASURE,TREASURE,3rd MINI ALBUM (LOVE PULSE),kpop-gen4,https://music.youtube.com/watch?v=KdGHdeYxoBU,https://i.ytimg.com/vi/KdGHdeYxoBU/maxresdefault.jpg,TREASURE/3rd MINI ALBUM (LOVE PULSE)/PARADISE.mp3
직진 (JIKJIN),TREASURE,TREASURE,THE SECOND STEP : CHAPTER ONE,kpop-gen4,https://music.youtube.com/watch?v=PzPbrp4H6No,https://i.ytimg.com/vi/PzPbrp4H6No/maxresdefault.jpg,TREASURE/THE SECOND STEP _ CHAPTER ONE/직진 (JIKJIN).mp3
HELLO,TREASURE,TREASURE,THE SECOND STEP : CHAPTER TWO,kpop-gen4,https://music.youtube.com/watch?v=Y48EAk_qMf0,https://i.ytimg.com/vi/Y48EAk_qMf0/maxresdefault.jpg,TREASURE/THE SECOND STEP _ CHAPTER TWO/HELLO.mp3
미쳐가네 (Going Crazy),TREASURE,TREASURE,THE FIRST STEP : TREASURE EFFECT,kpop-gen4,https://music.youtube.com/watch?v=CVR7rbavznA,https://i.ytimg.com/vi/CVR7rbavznA/maxresdefault.jpg,TREASURE/THE FIRST STEP _ TREASURE EFFECT/미쳐가네 (Going Crazy).mp3
B.O.M.B,TREASURE,TREASURE,2ND FULL ALBUM 'REBOOT',kpop-gen4,https://music.youtube.com/watch?v=92T53O_wvKY,https://i.ytimg.com/vi/92T53O_wvKY/maxresdefault.jpg,TREASURE/2ND FULL ALBUM 'REBOOT'/B.O.M.B.mp3
LAST NIGHT,TREASURE,TREASURE,LAST NIGHT,kpop-gen4,https://music.youtube.com/watch?v=qqVZW8FjqW8,https://i.ytimg.com/vi/qqVZW8FjqW8/maxresdefault.jpg,TREASURE/LAST NIGHT/LAST NIGHT.mp3
SARURU,TREASURE,TREASURE,SPECIAL MINI ALBUM (PLEASURE),kpop-gen4,https://music.youtube.com/watch?v=pGo1QUXoBy8,https://i.ytimg.com/vi/pGo1QUXoBy8/maxresdefault.jpg,TREASURE/SPECIAL MINI ALBUM (PLEASURE)/SARURU.mp3
THANK YOU (ASAHI x HARUTO Unit),TREASURE,TREASURE,THE SECOND STEP : CHAPTER TWO,kpop-gen4,https://music.youtube.com/watch?v=cyrGAnZUp1U,https://i.ytimg.com/vi/cyrGAnZUp1U/maxresdefault.jpg,TREASURE/THE SECOND STEP _ CHAPTER TWO/THANK YOU (ASAHI x HARUTO Unit).mp3
EVERYTHING,TREASURE,TREASURE,3rd MINI ALBUM (LOVE PULSE),kpop-gen4,https://music.youtube.com/watch?v=SP3pp3omsDM,https://i.ytimg.com/vi/SP3pp3omsDM/maxresdefault.jpg,TREASURE/3rd MINI ALBUM (LOVE PULSE)/EVERYTHING.mp3
NOW FOREVER,TREASURE,TREASURE,3rd MINI ALBUM (LOVE PULSE),kpop-gen4,https://music.youtube.com/watch?v=OOP69Vq4dus,https://i.ytimg.com/vi/OOP69Vq4dus/maxresdefault.jpg,TREASURE/3rd MINI ALBUM (LOVE PULSE)/NOW FOREVER.mp3
BETTER THAN ME,TREASURE,TREASURE,3rd MINI ALBUM (LOVE PULSE),kpop-gen4,https://music.youtube.com/watch?v=wqSKx_duQEg,https://i.ytimg.com/vi/wqSKx_duQEg/maxresdefault.jpg,TREASURE/3rd MINI ALBUM (LOVE PULSE)/BETTER THAN ME.mp3
사랑해 (I Love You),TREASURE,TREASURE,THE FIRST STEP : CHAPTER TWO,kpop-gen4,https://music.youtube.com/watch?v=o2JTm0s43os,https://i.ytimg.com/vi/o2JTm0s43os/maxresdefault.jpg,TREASURE/THE FIRST STEP _ CHAPTER TWO/사랑해 (I Love You).mp3
KING KONG,TREASURE,TREASURE (트레저),KING KONG,kpop-gen4,https://music.youtube.com/watch?v=1cdcvKjSGao,https://i.ytimg.com/vi/1cdcvKjSGao/maxresdefault.jpg,TREASURE/KING KONG/KING KONG.mp3
MOVE (T5),TREASURE,TREASURE,2ND FULL ALBUM 'REBOOT',kpop-gen4,https://music.youtube.com/watch?v=9qIZTC2_1mw,https://i.ytimg.com/vi/9qIZTC2_1mw/maxresdefault.jpg,TREASURE/2ND FULL ALBUM 'REBOOT'/MOVE (T5).mp3
BONA BONA,TREASURE,TREASURE,2ND FULL ALBUM 'REBOOT',kpop-gen4,https://music.youtube.com/watch?v=lDvcKsQIc-c,https://i.ytimg.com/vi/lDvcKsQIc-c/maxresdefault.jpg,TREASURE/2ND FULL ALBUM 'REBOOT'/BONA BONA.mp3
오렌지 (Orange),TREASURE,TREASURE,THE FIRST STEP : CHAPTER THREE,kpop-gen4,https://music.youtube.com/watch?v=1xGGVsplui0,https://i.ytimg.com/vi/1xGGVsplui0/maxresdefault.jpg,TREASURE/THE FIRST STEP _ CHAPTER THREE/오렌지 (Orange).mp3
BOY,TREASURE,TREASURE,THE FIRST STEP : CHAPTER ONE,kpop-gen4,https://music.youtube.com/watch?v=cbUOqNLEVt4,https://i.ytimg.com/vi/cbUOqNLEVt4/maxresdefault.jpg,TREASURE/THE FIRST STEP _ CHAPTER ONE/BOY.mp3
병 (LOVESICK),TREASURE,TREASURE,2ND FULL ALBUM 'REBOOT',kpop-gen4,https://music.youtube.com/watch?v=bJbpxdKm2sI,https://i.ytimg.com/vi/bJbpxdKm2sI/maxresdefault.jpg,TREASURE/2ND FULL ALBUM 'REBOOT'/병 (LOVESICK).mp3
음 (MMM),TREASURE,TREASURE,THE FIRST STEP : CHAPTER THREE,kpop-gen4,https://music.youtube.com/watch?v=UYAeHNk_s0k,https://i.ytimg.com/vi/UYAeHNk_s0k/maxresdefault.jpg,TREASURE/THE FIRST STEP _ CHAPTER THREE/음 (MMM).mp3
HOLD IT IN,TREASURE,TREASURE,THE SECOND STEP : CHAPTER TWO,kpop-gen4,https://music.youtube.com/watch?v=EF-EFEoakkk,https://i.ytimg.com/vi/EF-EFEoakkk/maxresdefault.jpg,TREASURE/THE SECOND STEP _ CHAPTER TWO/HOLD IT IN.mp3
REVERSE - Drama Edit -,TREASURE,TREASURE,REVERSE - Drama Edit -,kpop-gen4,https://music.youtube.com/watch?v=UQO4VSgevOk,https://i.ytimg.com/vi/UQO4VSgevOk/maxresdefault.jpg,TREASURE/REVERSE - Drama Edit -/REVERSE - Drama Edit -.mp3
MY TREASURE,TREASURE,TREASURE,THE FIRST STEP : TREASURE EFFECT,kpop-gen4,https://music.youtube.com/watch?v=dQ2JgAENf18,https://i.ytimg.com/vi/dQ2JgAENf18/maxresdefault.jpg,TREASURE/THE FIRST STEP _ TREASURE EFFECT/MY TREASURE.mp3
BEAUTIFUL,TREASURE,BEAUTIFUL,THE FIRST STEP : TREASURE EFFECT,kpop-gen4,https://music.youtube.com/watch?v=nWkRE1NL55c,https://i.ytimg.com/vi/nWkRE1NL55c/maxresdefault.jpg,TREASURE/THE FIRST STEP _ TREASURE EFFECT/BEAUTIFUL.mp3
I WANT YOUR LOVE,TREASURE,TREASURE,2ND FULL ALBUM 'REBOOT',kpop-gen4,https://music.youtube.com/watch?v=K3F5hfLkhOQ,https://i.ytimg.com/vi/K3F5hfLkhOQ/maxresdefault.jpg,TREASURE/2ND FULL ALBUM 'REBOOT'/I WANT YOUR LOVE.mp3
멍청이 (STUPID),TREASURE,TREASURE,2ND FULL ALBUM 'REBOOT',kpop-gen4,https://music.youtube.com/watch?v=BBFdIkDV5zc,https://i.ytimg.com/vi/BBFdIkDV5zc/maxresdefault.jpg,TREASURE/2ND FULL ALBUM 'REBOOT'/멍청이 (STUPID).mp3
病,TREASURE,TREASURE,THE SECOND STEP : CHAPTER TWO -JP EDITION-,kpop-gen4,https://music.youtube.com/watch?v=vjZFW078uwY,https://i.ytimg.com/vi/vjZFW078uwY/maxresdefault.jpg,TREASURE/THE SECOND STEP _ CHAPTER TWO -JP EDITION-/病.mp3
들어와 (Come To Me),TREASURE,TREASURE,THE FIRST STEP : CHAPTER ONE,kpop-gen4,https://music.youtube.com/watch?v=A_ZOwBsxzxw,https://i.ytimg.com/vi/A_ZOwBsxzxw/maxresdefault.jpg,TREASURE/THE FIRST STEP _ CHAPTER ONE/들어와 (Come To Me).mp3
"WHATEVER, WHENEVER",TREASURE,TREASURE,SPECIAL MINI ALBUM (PLEASURE),kpop-gen4,https://music.youtube.com/watch?v=TZAiytYTBHY,https://i.ytimg.com/vi/TZAiytYTBHY/maxresdefault.jpg,"TREASURE/SPECIAL MINI ALBUM (PLEASURE)/WHATEVER, WHENEVER.mp3"
CLAP!,TREASURE,TREASURE,THE SECOND STEP : CHAPTER TWO,kpop-gen4,https://music.youtube.com/watch?v=8B4y9eeCAUU,https://i.ytimg.com/vi/8B4y9eeCAUU/maxresdefault.jpg,TREASURE/THE SECOND STEP _ CHAPTER TWO/CLAP!.mp3
RUN,TREASURE,TREASURE,2ND FULL ALBUM 'REBOOT',kpop-gen4,https://music.youtube.com/watch?v=DZ6QjXQv4G4,https://i.ytimg.com/vi/DZ6QjXQv4G4/maxresdefault.jpg,TREASURE/2ND FULL ALBUM 'REBOOT'/RUN.mp3
Here I Stand,TREASURE,TREASURE,Here I Stand,kpop-gen4,https://music.youtube.com/watch?v=Ej-yuZTWtSU,https://i.ytimg.com/vi/Ej-yuZTWtSU/maxresdefault.jpg,TREASURE/Here I Stand/Here I Stand.mp3
SLOWMOTION,TREASURE,TREASURE,THE FIRST STEP : TREASURE EFFECT,kpop-gen4,https://music.youtube.com/watch?v=x2OnPmUcObo,https://i.ytimg.com/vi/x2OnPmUcObo/maxresdefault.jpg,TREASURE/THE FIRST STEP _ TREASURE EFFECT/SLOWMOTION.mp3
U,TREASURE,TREASURE,THE SECOND STEP : CHAPTER ONE,kpop-gen4,https://music.youtube.com/watch?v=TOZ5AdkLTsY,https://i.ytimg.com/vi/TOZ5AdkLTsY/maxresdefault.jpg,TREASURE/THE SECOND STEP _ CHAPTER ONE/U.mp3
괜찮아질 거야 (IT’S OKAY),TREASURE,TREASURE,THE SECOND STEP : CHAPTER ONE,kpop-gen4,https://music.youtube.com/watch?v=jha-hjbhCps,https://i.ytimg.com/vi/jha-hjbhCps/maxresdefault.jpg,TREASURE/THE SECOND STEP _ CHAPTER ONE/괜찮아질 거야 (IT’S OKAY).mp3
LET IT BURN,TREASURE,TREASURE,REBOOT -JP SPECIAL SELECTION-,kpop-gen4,https://music.youtube.com/watch?v=ZuuPuvnfZys,https://i.ytimg.com/vi/ZuuPuvnfZys/maxresdefault.jpg,TREASURE/REBOOT -JP SPECIAL SELECTION-/LET IT BURN.mp3
VolKno (CHOI HYUN SUK x YOSHI x HARUTO Unit),TREASURE,TREASURE,THE SECOND STEP : CHAPTER TWO,kpop-gen4,https://music.youtube.com/watch?v=UipQXFmrI2A,https://i.ytimg.com/vi/UipQXFmrI2A/maxresdefault.jpg,TREASURE/THE SECOND STEP _ CHAPTER TWO/VolKno (CHOI HYUN SUK x YOSHI x HARUTO Unit).mp3
WONDERLAND,TREASURE,TREASURE,2ND FULL ALBUM 'REBOOT',kpop-gen4,https://music.youtube.com/watch?v=bn8vqmzDprk,https://i.ytimg.com/vi/bn8vqmzDprk/maxresdefault.jpg,TREASURE/2ND FULL ALBUM 'REBOOT'/WONDERLAND.mp3
B.L.T (Bling Like This),TREASURE,TREASURE,THE FIRST STEP : CHAPTER TWO,kpop-gen4,https://music.youtube.com/watch?v=Xe5mEnvKqjA,https://i.ytimg.com/vi/Xe5mEnvKqjA/maxresdefault.jpg,TREASURE/THE FIRST STEP _ CHAPTER TWO/B.L.T (Bling Like This).mp3
STUPID -JP Ver.-,TREASURE,TREASURE,REBOOT -JP SPECIAL SELECTION-,kpop-gen4,https://music.youtube.com/watch?v=z44jPIEo4ZU,https://i.ytimg.com/vi/z44jPIEo4ZU/maxresdefault.jpg,TREASURE/REBOOT -JP SPECIAL SELECTION-/STUPID -JP Ver.-.mp3
나랑 있자 (BE WITH ME),TREASURE,TREASURE,THE FIRST STEP : TREASURE EFFECT,kpop-gen4,https://music.youtube.com/watch?v=13u94USfbI8,https://i.ytimg.com/vi/13u94USfbI8/maxresdefault.jpg,TREASURE/THE FIRST STEP _ TREASURE EFFECT/나랑 있자 (BE WITH ME).mp3
YELLOW -JP Ver.-,TREASURE,TREASURE,SPECIAL JP SELECTION (PLEASURE),kpop-gen4,https://music.youtube.com/watch?v=ZK7kNZEbsZw,https://i.ytimg.com/vi/ZK7kNZEbsZw/maxresdefault.jpg,TREASURE/SPECIAL JP SELECTION (PLEASURE)/YELLOW -JP Ver.-.mp3
어른 (THE WAY TO) (VOCAL Unit),TREASURE,TREASURE,2ND FULL ALBUM 'REBOOT',kpop-gen4,https://music.youtube.com/watch?v=6DkVMgriXTg,https://i.ytimg.com/vi/6DkVMgriXTg/maxresdefault.jpg,TREASURE/2ND FULL ALBUM 'REBOOT'/어른 (THE WAY TO) (VOCAL Unit).mp3
Here I Stand -Anime Edit-,TREASURE,TREASURE,Here I Stand -Anime Edit-,kpop-gen4,https://music.youtube.com/watch?v=hvazhnMaIU0,https://i.ytimg.com/vi/hvazhnMaIU0/maxresdefault.jpg,TREASURE/Here I Stand -Anime Edit-/Here I Stand -Anime Edit-.mp3
G.O.A.T (Rap Unit) feat. 이영현 (LEE YOUNG HYUN),TREASURE,TREASURE,2ND FULL ALBUM 'REBOOT',kpop-gen4,https://music.youtube.com/watch?v=Oza-8X8Pgs8,https://i.ytimg.com/vi/Oza-8X8Pgs8/maxresdefault.jpg,TREASURE/2ND FULL ALBUM 'REBOOT'/G.O.A.T (Rap Unit) feat. 이영현 (LEE YOUNG HYUN).mp3
ありがとう (ASAHI x HARUTO Unit) -JP Ver.-,TREASURE,TREASURE,THE SECOND STEP : CHAPTER TWO -JP EDITION-,kpop-gen4,https://music.youtube.com/watch?v=wrzSLdUd6js,https://i.ytimg.com/vi/wrzSLdUd6js/maxresdefault.jpg,TREASURE/THE SECOND STEP _ CHAPTER TWO -JP EDITION-/ありがとう (ASAHI x HARUTO Unit) -JP Ver.-.mp3
B.O.M.B -JP Ver.-,TREASURE,TREASURE,B.O.M.B -JP Ver.-,kpop-gen4,https://music.youtube.com/watch?v=aPIUkBw-244,https://i.ytimg.com/vi/aPIUkBw-244/maxresdefault.jpg,TREASURE/B.O.M.B -JP Ver.-/B.O.M.B -JP Ver.-.mp3
HELLO -JP Ver.‐ (TREASURE JAPAN TOUR 2022-23 ~HELLO~ SPECIAL in KYOCERA DOME OSAKA),TREASURE,TREASURE,TREASURE JAPAN TOUR 2022-23 ~HELLO~ SPECIAL in KYOCERA DOME OSAKA,kpop-gen4,https://music.youtube.com/watch?v=fLqGF1BF7sc,https://i.ytimg.com/vi/fLqGF1BF7sc/maxresdefault.jpg,TREASURE/TREASURE JAPAN TOUR 2022-23 ~HELLO~ SPECIAL in KYOCERA DOME OSAKA/HELLO -JP Ver.‐ (TREASURE JAPAN TOUR 2022-23 ~HELLO~ SPECIAL in KYOCERA DOME OSAKA).mp3
B.O.M.B + I LOVE YOU + LAST NIGHT + GOING CRAZY + STUPID + NOW FOREVER (REMIX) (2025-26 TREASURE TOUR [PULSE ON] IN JAPAN),TREASURE,TREASURE,2025-26 TREASURE TOUR [PULSE ON] IN JAPAN,kpop-gen4,https://music.youtube.com/watch?v=i7Z-zkLjsck,https://i.ytimg.com/vi/i7Z-zkLjsck/maxresdefault.jpg,TREASURE/2025-26 TREASURE TOUR [PULSE ON] IN JAPAN/B.O.M.B + I LOVE YOU + LAST NIGHT + GOING CRAZY + STUPID + NOW FOREVER (REMIX) (2025-26 TREASURE TOUR [PULSE ON] IN JAPAN).mp3
オレンジ,TREASURE,ORANGE,THE FIRST STEP : TREASURE EFFECT,kpop-gen4,https://music.youtube.com/watch?v=xl7TMiszIWI,https://i.ytimg.com/vi/xl7TMiszIWI/maxresdefault.jpg,TREASURE/THE FIRST STEP _ TREASURE EFFECT/オレンジ.mp3
ミチョガネ,TREASURE,GOING CRAZY,THE FIRST STEP : TREASURE EFFECT,kpop-gen4,https://music.youtube.com/watch?v=uolKL6lcmJQ,https://i.ytimg.com/vi/uolKL6lcmJQ/maxresdefault.jpg,TREASURE/THE FIRST STEP _ TREASURE EFFECT/ミチョガネ.mp3
PARADISE (2025-26 TREASURE TOUR [PULSE ON] IN JAPAN),TREASURE,TREASURE,2025-26 TREASURE TOUR [PULSE ON] IN JAPAN,kpop-gen4,https://music.youtube.com/watch?v=YlHK-JC0ito,https://i.ytimg.com/vi/YlHK-JC0ito/maxresdefault.jpg,TREASURE/2025-26 TREASURE TOUR [PULSE ON] IN JAPAN/PARADISE (2025-26 TREASURE TOUR [PULSE ON] IN JAPAN).mp3
ありがとう (ASAHI x HARUTO Unit) (2025-26 TREASURE TOUR [PULSE ON] IN JAPAN),TREASURE,TREASURE,2025-26 TREASURE TOUR [PULSE ON] IN JAPAN,kpop-gen4,https://music.youtube.com/watch?v=PlI95kUDH5Y,https://i.ytimg.com/vi/PlI95kUDH5Y/maxresdefault.jpg,TREASURE/2025-26 TREASURE TOUR [PULSE ON] IN JAPAN/ありがとう (ASAHI x HARUTO Unit) (2025-26 TREASURE TOUR [PULSE ON] IN JAPAN).mp3
COME TO ME,TREASURE,COME TO ME,THE FIRST STEP : TREASURE EFFECT,kpop-gen4,https://music.youtube.com/watch?v=j5Bd7M5AvlE,https://i.ytimg.com/vi/j5Bd7M5AvlE/maxresdefault.jpg,TREASURE/THE FIRST STEP _ TREASURE EFFECT/COME TO ME.mp3
JIKJIN -JP Ver.- (TREASURE JAPAN TOUR 2022-23 ~HELLO~ SPECIAL in KYOCERA DOME OSAKA),TREASURE,TREASURE,TREASURE JAPAN TOUR 2022-23 ~HELLO~ SPECIAL in KYOCERA DOME OSAKA,kpop-gen4,https://music.youtube.com/watch?v=8VkEdE486uI,https://i.ytimg.com/vi/8VkEdE486uI/maxresdefault.jpg,TREASURE/TREASURE JAPAN TOUR 2022-23 ~HELLO~ SPECIAL in KYOCERA DOME OSAKA/JIKJIN -JP Ver.- (TREASURE JAPAN TOUR 2022-23 ~HELLO~ SPECIAL in KYOCERA DOME OSAKA).mp3
VolKno (CHOI HYUN SUK x YOSHI x HARUTO Unit) (TREASURE JAPAN TOUR 2022-23 ~HELLO~ SPECIAL in KYOCERA DOME OSAKA),TREASURE,TREASURE,TREASURE JAPAN TOUR 2022-23 ~HELLO~ SPECIAL in KYOCERA DOME OSAKA,kpop-gen4,https://music.youtube.com/watch?v=VeZuyjcc5fc,https://i.ytimg.com/vi/VeZuyjcc5fc/maxresdefault.jpg,TREASURE/TREASURE JAPAN TOUR 2022-23 ~HELLO~ SPECIAL in KYOCERA DOME OSAKA/VolKno (CHOI HYUN SUK x YOSHI x HARUTO Unit) (TREASURE JAPAN TOUR 2022-23 ~HELLO~ SPECIAL in KYOCERA DOME OSAKA).mp3
MY TREASURE,TREASURE,MY TREASURE,THE FIRST STEP : TREASURE EFFECT,kpop-gen4,https://music.youtube.com/watch?v=cj4LaYZrqME,https://i.ytimg.com/vi/cj4LaYZrqME/maxresdefault.jpg,TREASURE/THE FIRST STEP _ TREASURE EFFECT/MY TREASURE.mp3
MMM -JP Ver.- (2025-26 TREASURE TOUR [PULSE ON] IN JAPAN),TREASURE,TREASURE,2025-26 TREASURE TOUR [PULSE ON] IN JAPAN,kpop-gen4,https://music.youtube.com/watch?v=4d0qNiC6LMs,https://i.ytimg.com/vi/4d0qNiC6LMs/maxresdefault.jpg,TREASURE/2025-26 TREASURE TOUR [PULSE ON] IN JAPAN/MMM -JP Ver.- (2025-26 TREASURE TOUR [PULSE ON] IN JAPAN).mp3
EVERYTHING (2025-26 TREASURE TOUR [PULSE ON] IN JAPAN),TREASURE,TREASURE,2025-26 TREASURE TOUR [PULSE ON] IN JAPAN,kpop-gen4,https://music.youtube.com/watch?v=k8hgBvg_0yE,https://i.ytimg.com/vi/k8hgBvg_0yE/maxresdefault.jpg,TREASURE/2025-26 TREASURE TOUR [PULSE ON] IN JAPAN/EVERYTHING (2025-26 TREASURE TOUR [PULSE ON] IN JAPAN).mp3
MMM (Rock Ver.) -JP Ver.- (2024 TREASURE TOUR [REBOOT] IN JAPAN),TREASURE,TREASURE,2024 TREASURE TOUR (REBOOT) IN JAPAN,kpop-gen4,https://music.youtube.com/watch?v=e8CSOHM7KSs,https://i.ytimg.com/vi/e8CSOHM7KSs/maxresdefault.jpg,TREASURE/2024 TREASURE TOUR (REBOOT) IN JAPAN/MMM (Rock Ver.) -JP Ver.- (2024 TREASURE TOUR [REBOOT] IN JAPAN).mp3
BEAUTIFUL (Ballad Ver.),TREASURE,TREASURE,Here I Stand,kpop-gen4,https://music.youtube.com/watch?v=fdqO5QakMHE,https://i.ytimg.com/vi/fdqO5QakMHE/maxresdefault.jpg,TREASURE/Here I Stand/BEAUTIFUL (Ballad Ver.).mp3
IT’S OKAY,TREASURE,TREASURE,THE SECOND STEP : CHAPTER ONE,kpop-gen4,https://music.youtube.com/watch?v=kZFgWMyVRy8,https://i.ytimg.com/vi/kZFgWMyVRy8/maxresdefault.jpg,TREASURE/THE SECOND STEP _ CHAPTER ONE/IT’S OKAY.mp3
THANK YOU (DOYOUNG / SO JUNG HWAN Ver.) (2025 TREASURE FAN CONCERT [SPECIAL MOMENT] IN JAPAN),TREASURE,TREASURE,2025 TREASURE FAN CONCERT (SPECIAL MOMENT) IN JAPAN,kpop-gen4,https://music.youtube.com/watch?v=wFK7Iq7cPlY,https://i.ytimg.com/vi/wFK7Iq7cPlY/maxresdefault.jpg,TREASURE/2025 TREASURE FAN CONCERT (SPECIAL MOMENT) IN JAPAN/THANK YOU (DOYOUNG _ SO JUNG HWAN Ver.) (2025 TREASURE FAN CONCERT [SPECIAL MOMENT] IN JAPAN).mp3
SLOWMOTION,TREASURE,SLOWMOTION,THE FIRST STEP : TREASURE EFFECT,kpop-gen4,https://music.youtube.com/watch?v=kA0aTEQHsLA,https://i.ytimg.com/vi/kA0aTEQHsLA/maxresdefault.jpg,TREASURE/THE FIRST STEP _ TREASURE EFFECT/SLOWMOTION.mp3
YELLOW -JP Ver.- (2025-26 TREASURE TOUR [PULSE ON] IN JAPAN),TREASURE,TREASURE,2025-26 TREASURE TOUR [PULSE ON] IN JAPAN,kpop-gen4,https://music.youtube.com/watch?v=gX_ItTRVvtY,https://i.ytimg.com/vi/gX_ItTRVvtY/maxresdefault.jpg,TREASURE/2025-26 TREASURE TOUR [PULSE ON] IN JAPAN/YELLOW -JP Ver.- (2025-26 TREASURE TOUR [PULSE ON] IN JAPAN).mp3
B.L.T (BLING LIKE THIS),TREASURE,B.L.T (BLING LIKE THIS),THE FIRST STEP : TREASURE EFFECT,kpop-gen4,https://music.youtube.com/watch?v=aIiGx1zyV34,https://i.ytimg.com/vi/aIiGx1zyV34/maxresdefault.jpg,TREASURE/THE FIRST STEP _ TREASURE EFFECT/B.L.T (BLING LIKE THIS).mp3
NOW FOREVER (2025-26 TREASURE TOUR [PULSE ON] IN JAPAN),TREASURE,TREASURE,2025-26 TREASURE TOUR [PULSE ON] IN JAPAN,kpop-gen4,https://music.youtube.com/watch?v=8JDpQOwdROs,https://i.ytimg.com/vi/8JDpQOwdROs/maxresdefault.jpg,TREASURE/2025-26 TREASURE TOUR [PULSE ON] IN JAPAN/NOW FOREVER (2025-26 TREASURE TOUR [PULSE ON] IN JAPAN).mp3
KING KONG -JP Ver.- (2025-26 TREASURE TOUR [PULSE ON] IN JAPAN),TREASURE,TREASURE,2025-26 TREASURE TOUR [PULSE ON] IN JAPAN,kpop-gen4,https://music.youtube.com/watch?v=HjIk162j72o,https://i.ytimg.com/vi/HjIk162j72o/maxresdefault.jpg,TREASURE/2025-26 TREASURE TOUR [PULSE ON] IN JAPAN/KING KONG -JP Ver.- (2025-26 TREASURE TOUR [PULSE ON] IN JAPAN).mp3
SARURU (2025-26 TREASURE TOUR [PULSE ON] IN JAPAN),TREASURE,TREASURE,2025-26 TREASURE TOUR [PULSE ON] IN JAPAN,kpop-gen4,https://music.youtube.com/watch?v=0By2HGDEho8,https://i.ytimg.com/vi/0By2HGDEho8/maxresdefault.jpg,TREASURE/2025-26 TREASURE TOUR [PULSE ON] IN JAPAN/SARURU (2025-26 TREASURE TOUR [PULSE ON] IN JAPAN).mp3
COME TO ME (2025-26 TREASURE TOUR [PULSE ON] IN JAPAN),TREASURE,TREASURE,2025-26 TREASURE TOUR [PULSE ON] IN JAPAN,kpop-gen4,https://music.youtube.com/watch?v=E_8C7vTUwJc,https://i.ytimg.com/vi/E_8C7vTUwJc/maxresdefault.jpg,TREASURE/2025-26 TREASURE TOUR [PULSE ON] IN JAPAN/COME TO ME (2025-26 TREASURE TOUR [PULSE ON] IN JAPAN).mp3
MOVE (T5) (2025-26 TREASURE TOUR [PULSE ON] IN JAPAN),TREASURE,TREASURE,2025-26 TREASURE TOUR [PULSE ON] IN JAPAN,kpop-gen4,https://music.youtube.com/watch?v=HbYRokWl3VQ,https://i.ytimg.com/vi/HbYRokWl3VQ/maxresdefault.jpg,TREASURE/2025-26 TREASURE TOUR [PULSE ON] IN JAPAN/MOVE (T5) (2025-26 TREASURE TOUR [PULSE ON] IN JAPAN).mp3
I WANT YOUR LOVE (2025-26 TREASURE TOUR [PULSE ON] IN JAPAN),TREASURE,TREASURE,2025-26 TREASURE TOUR [PULSE ON] IN JAPAN,kpop-gen4,https://music.youtube.com/watch?v=78kkaKFCfPk,https://i.ytimg.com/vi/78kkaKFCfPk/maxresdefault.jpg,TREASURE/2025-26 TREASURE TOUR [PULSE ON] IN JAPAN/I WANT YOUR LOVE (2025-26 TREASURE TOUR [PULSE ON] IN JAPAN).mp3
VolKno (CHOI HYUN SUK x YOSHI x HARUTO Unit) (2025-26 TREASURE TOUR [PULSE ON] IN JAPAN),TREASURE,TREASURE,2025-26 TREASURE TOUR [PULSE ON] IN JAPAN,kpop-gen4,https://music.youtube.com/watch?v=7R5tj0-58eI,https://i.ytimg.com/vi/7R5tj0-58eI/maxresdefault.jpg,TREASURE/2025-26 TREASURE TOUR [PULSE ON] IN JAPAN/VolKno (CHOI HYUN SUK x YOSHI x HARUTO Unit) (2025-26 TREASURE TOUR [PULSE ON] IN JAPAN).mp3
BAD BOY (YOSHI / JUNKYU / YOON JAE HYUK / ASAHI / HARUTO / PARK JEONG WOO Ver.) (2025 TREASURE FAN CONCERT [SPECIAL MOMENT] IN JAPAN),TREASURE,TREASURE,2025 TREASURE FAN CONCERT (SPECIAL MOMENT) IN JAPAN,kpop-gen4,https://music.youtube.com/watch?v=7ZlcPfBTjf8,https://i.ytimg.com/vi/7ZlcPfBTjf8/maxresdefault.jpg,TREASURE/2025 TREASURE FAN CONCERT (SPECIAL MOMENT) IN JAPAN/BAD BOY (YOSHI _ JUNKYU _ YOON JAE HYUK _ ASAHI _ HARUTO _ PARK JEONG WOO Ver.) (2025 TREASURE FAN CONCERT [SPECIAL MOMENT] IN JAPAN).mp3
RUN (2025-26 TREASURE TOUR [PULSE ON] IN JAPAN),TREASURE,TREASURE,2025-26 TREASURE TOUR [PULSE ON] IN JAPAN,kpop-gen4,https://music.youtube.com/watch?v=YhlCEJ5sWg8,https://i.ytimg.com/vi/YhlCEJ5sWg8/maxresdefault.jpg,TREASURE/2025-26 TREASURE TOUR [PULSE ON] IN JAPAN/RUN (2025-26 TREASURE TOUR [PULSE ON] IN JAPAN).mp3
Happiness (2025 TREASURE FAN CONCERT [SPECIAL MOMENT] IN JAPAN),TREASURE,TREASURE,2025 TREASURE FAN CONCERT (SPECIAL MOMENT) IN JAPAN,kpop-gen4,https://music.youtube.com/watch?v=YctvGn2Q9rc,https://i.ytimg.com/vi/YctvGn2Q9rc/maxresdefault.jpg,TREASURE/2025 TREASURE FAN CONCERT (SPECIAL MOMENT) IN JAPAN/Happiness (2025 TREASURE FAN CONCERT [SPECIAL MOMENT] IN JAPAN).mp3
Here I Stand (2025-26 TREASURE TOUR [PULSE ON] IN JAPAN),TREASURE,TREASURE,2025-26 TREASURE TOUR [PULSE ON] IN JAPAN,kpop-gen4,https://music.youtube.com/watch?v=tf0dPCJiHuQ,https://i.ytimg.com/vi/tf0dPCJiHuQ/maxresdefault.jpg,TREASURE/2025-26 TREASURE TOUR [PULSE ON] IN JAPAN/Here I Stand (2025-26 TREASURE TOUR [PULSE ON] IN JAPAN).mp3
JIKJIN -JP Ver.- (2025-26 TREASURE TOUR [PULSE ON] IN JAPAN),TREASURE,TREASURE,2025-26 TREASURE TOUR [PULSE ON] IN JAPAN,kpop-gen4,https://music.youtube.com/watch?v=tkTJASveNR4,https://i.ytimg.com/vi/tkTJASveNR4/maxresdefault.jpg,TREASURE/2025-26 TREASURE TOUR [PULSE ON] IN JAPAN/JIKJIN -JP Ver.- (2025-26 TREASURE TOUR [PULSE ON] IN JAPAN).mp3
BFF (Best Friend Forever) (TREASURE JAPAN TOUR 2022-23 ~HELLO~ SPECIAL in KYOCERA DOME OSAKA),TREASURE,TREASURE,TREASURE JAPAN TOUR 2022-23 ~HELLO~ SPECIAL in KYOCERA DOME OSAKA,kpop-gen4,https://music.youtube.com/watch?v=-h1SztIHfHA,https://i.ytimg.com/vi/-h1SztIHfHA/maxresdefault.jpg,TREASURE/TREASURE JAPAN TOUR 2022-23 ~HELLO~ SPECIAL in KYOCERA DOME OSAKA/BFF (Best Friend Forever) (TREASURE JAPAN TOUR 2022-23 ~HELLO~ SPECIAL in KYOCERA DOME OSAKA).mp3
BETTER THAN ME (2025-26 TREASURE TOUR [PULSE ON] IN JAPAN),TREASURE,TREASURE,2025-26 TREASURE TOUR [PULSE ON] IN JAPAN,kpop-gen4,https://music.youtube.com/watch?v=X8ySQVAKatw,https://i.ytimg.com/vi/X8ySQVAKatw/maxresdefault.jpg,TREASURE/2025-26 TREASURE TOUR [PULSE ON] IN JAPAN/BETTER THAN ME (2025-26 TREASURE TOUR [PULSE ON] IN JAPAN).mp3
BOY -JP Ver.- (2025-26 TREASURE TOUR [PULSE ON] IN JAPAN),TREASURE,TREASURE,2025-26 TREASURE TOUR [PULSE ON] IN JAPAN,kpop-gen4,https://music.youtube.com/watch?v=0e1_QY3TCII,https://i.ytimg.com/vi/0e1_QY3TCII/maxresdefault.jpg,TREASURE/2025-26 TREASURE TOUR [PULSE ON] IN JAPAN/BOY -JP Ver.- (2025-26 TREASURE TOUR [PULSE ON] IN JAPAN).mp3
BONA BONA -JP Ver.- (2025-26 TREASURE TOUR [PULSE ON] IN JAPAN),TREASURE,TREASURE,2025-26 TREASURE TOUR [PULSE ON] IN JAPAN,kpop-gen4,https://music.youtube.com/watch?v=6UCJ-l98Ls0,https://i.ytimg.com/vi/6UCJ-l98Ls0/maxresdefault.jpg,TREASURE/2025-26 TREASURE TOUR [PULSE ON] IN JAPAN/BONA BONA -JP Ver.- (2025-26 TREASURE TOUR [PULSE ON] IN JAPAN).mp3
BANG BANG BANG + FANTASTIC BABY (2025 TREASURE FAN CONCERT [SPECIAL MOMENT] IN JAPAN),TREASURE,TREASURE,2025 TREASURE FAN CONCERT (SPECIAL MOMENT) IN JAPAN,kpop-gen4,https://music.youtube.com/watch?v=14RV9-U_ya8,https://i.ytimg.com/vi/14RV9-U_ya8/maxresdefault.jpg,TREASURE/2025 TREASURE FAN CONCERT (SPECIAL MOMENT) IN JAPAN/BANG BANG BANG + FANTASTIC BABY (2025 TREASURE FAN CONCERT [SPECIAL MOMENT] IN JAPAN).mp3
GOING CRAZY (Remix) + B.L.T (BLING LIKE THIS) (Remix) + ORANGE (Remix) (TREASURE JAPAN TOUR 2022-23 ~HELLO~ SPECIAL in KYOCERA DOME OSAKA),TREASURE,TREASURE,TREASURE JAPAN TOUR 2022-23 ~HELLO~ SPECIAL in KYOCERA DOME OSAKA,kpop-gen4,https://music.youtube.com/watch?v=0NN4GVix8BU,https://i.ytimg.com/vi/0NN4GVix8BU/maxresdefault.jpg,TREASURE/TREASURE JAPAN TOUR 2022-23 ~HELLO~ SPECIAL in KYOCERA DOME OSAKA/GOING CRAZY (Remix) + B.L.T (BLING LIKE THIS) (Remix) + ORANGE (Remix) (TREASURE JAPAN TOUR 2022-23 ~HELLO~ SPECIAL in KYOCERA DOME OSAKA).mp3
LET IT BURN (2025-26 TREASURE TOUR [PULSE ON] IN JAPAN),TREASURE,TREASURE,2025-26 TREASURE TOUR [PULSE ON] IN JAPAN,kpop-gen4,https://music.youtube.com/watch?v=cvOvJBZ42ts,https://i.ytimg.com/vi/cvOvJBZ42ts/maxresdefault.jpg,TREASURE/2025-26 TREASURE TOUR [PULSE ON] IN JAPAN/LET IT BURN (2025-26 TREASURE TOUR [PULSE ON] IN JAPAN).mp3
DARARI (ROCK Remix) (2025 TREASURE FAN CONCERT [SPECIAL MOMENT] IN JAPAN),TREASURE,TREASURE,2025 TREASURE FAN CONCERT (SPECIAL MOMENT) IN JAPAN,kpop-gen4,https://music.youtube.com/watch?v=PcNP5blppHY,https://i.ytimg.com/vi/PcNP5blppHY/maxresdefault.jpg,TREASURE/2025 TREASURE FAN CONCERT (SPECIAL MOMENT) IN JAPAN/DARARI (ROCK Remix) (2025 TREASURE FAN CONCERT [SPECIAL MOMENT] IN JAPAN).mp3
オレンジ (TREASURE JAPAN TOUR 2022-23 ~HELLO~ SPECIAL in KYOCERA DOME OSAKA),TREASURE,TREASURE,TREASURE JAPAN TOUR 2022-23 ~HELLO~ SPECIAL in KYOCERA DOME OSAKA,kpop-gen4,https://music.youtube.com/watch?v=YbPyo4VK5AU,https://i.ytimg.com/vi/YbPyo4VK5AU/maxresdefault.jpg,TREASURE/TREASURE JAPAN TOUR 2022-23 ~HELLO~ SPECIAL in KYOCERA DOME OSAKA/オレンジ (TREASURE JAPAN TOUR 2022-23 ~HELLO~ SPECIAL in KYOCERA DOME OSAKA).mp3
KING KONG (2024 TREASURE FAN MEETING~WONDERLAND~),TREASURE,TREASURE,2024 TREASURE FAN MEETING~WONDERLAND~,kpop-gen4,https://music.youtube.com/watch?v=X4PhN0QwxYM,https://i.ytimg.com/vi/X4PhN0QwxYM/maxresdefault.jpg,TREASURE/2024 TREASURE FAN MEETING~WONDERLAND~/KING KONG (2024 TREASURE FAN MEETING~WONDERLAND~).mp3
Don't Leave + HIGH HIGH (CHOI HYUN SUK / YOSHI / HARUTO Ver.) (2025 TREASURE FAN CONCERT [SPECIAL MOMENT] IN JAPAN),TREASURE,TREASURE,2025 TREASURE FAN CONCERT (SPECIAL MOMENT) IN JAPAN,kpop-gen4,https://music.youtube.com/watch?v=F5VzwAQvdng,https://i.ytimg.com/vi/F5VzwAQvdng/maxresdefault.jpg,TREASURE/2025 TREASURE FAN CONCERT (SPECIAL MOMENT) IN JAPAN/Don't Leave + HIGH HIGH (CHOI HYUN SUK _ YOSHI _ HARUTO Ver.) (2025 TREASURE FAN CONCERT [SPECIAL MOMENT] IN JAPAN).mp3
B.L.T (BLING LIKE THIS) (2025-26 TREASURE TOUR [PULSE ON] IN JAPAN),TREASURE,TREASURE,2025-26 TREASURE TOUR [PULSE ON] IN JAPAN,kpop-gen4,https://music.youtube.com/watch?v=_uvx6oaiekY,https://i.ytimg.com/vi/_uvx6oaiekY/maxresdefault.jpg,TREASURE/2025-26 TREASURE TOUR [PULSE ON] IN JAPAN/B.L.T (BLING LIKE THIS) (2025-26 TREASURE TOUR [PULSE ON] IN JAPAN).mp3
HELLO -JP Ver.- (2025-26 TREASURE TOUR [PULSE ON] IN JAPAN),TREASURE,TREASURE,2025-26 TREASURE TOUR [PULSE ON] IN JAPAN,kpop-gen4,https://music.youtube.com/watch?v=whWfTfD_wBQ,https://i.ytimg.com/vi/whWfTfD_wBQ/maxresdefault.jpg,TREASURE/2025-26 TREASURE TOUR [PULSE ON] IN JAPAN/HELLO -JP Ver.- (2025-26 TREASURE TOUR [PULSE ON] IN JAPAN).mp3
RHYTHM TA REMIX (Rock Ver.) (TREASURE JAPAN TOUR 2022-23 ~HELLO~ SPECIAL in KYOCERA DOME OSAKA),TREASURE,TREASURE,TREASURE JAPAN TOUR 2022-23 ~HELLO~ SPECIAL in KYOCERA DOME OSAKA,kpop-gen4,https://music.youtube.com/watch?v=VyWuZTGsnDc,https://i.ytimg.com/vi/VyWuZTGsnDc/maxresdefault.jpg,TREASURE/TREASURE JAPAN TOUR 2022-23 ~HELLO~ SPECIAL in KYOCERA DOME OSAKA/RHYTHM TA REMIX (Rock Ver.) (TREASURE JAPAN TOUR 2022-23 ~HELLO~ SPECIAL in KYOCERA DOME OSAKA).mp3
BE WITH ME,TREASURE,BE WITH ME,THE FIRST STEP : TREASURE EFFECT,kpop-gen4,https://music.youtube.com/watch?v=TCBT9nM3Eds,https://i.ytimg.com/vi/TCBT9nM3Eds/maxresdefault.jpg,TREASURE/THE FIRST STEP _ TREASURE EFFECT/BE WITH ME.mp3
病 (2025-26 TREASURE TOUR [PULSE ON] IN JAPAN),TREASURE,TREASURE,2025-26 TREASURE TOUR [PULSE ON] IN JAPAN,kpop-gen4,https://music.youtube.com/watch?v=y7mcvlO0IBY,https://i.ytimg.com/vi/y7mcvlO0IBY/maxresdefault.jpg,TREASURE/2025-26 TREASURE TOUR [PULSE ON] IN JAPAN/病 (2025-26 TREASURE TOUR [PULSE ON] IN JAPAN).mp3
DARARI (ROCK REMIX) (2025-26 TREASURE TOUR [PULSE ON] IN JAPAN),TREASURE,TREASURE,2025-26 TREASURE TOUR [PULSE ON] IN JAPAN,kpop-gen4,https://music.youtube.com/watch?v=kxHL1uxjG_Q,https://i.ytimg.com/vi/kxHL1uxjG_Q/maxresdefault.jpg,TREASURE/2025-26 TREASURE TOUR [PULSE ON] IN JAPAN/DARARI (ROCK REMIX) (2025-26 TREASURE TOUR [PULSE ON] IN JAPAN).mp3
I WANT YOUR LOVE (2024 TREASURE TOUR [REBOOT] IN JAPAN),TREASURE,TREASURE,2024 TREASURE TOUR (REBOOT) IN JAPAN,kpop-gen4,https://music.youtube.com/watch?v=jJrX67aZ8MM,https://i.ytimg.com/vi/jJrX67aZ8MM/maxresdefault.jpg,TREASURE/2024 TREASURE TOUR (REBOOT) IN JAPAN/I WANT YOUR LOVE (2024 TREASURE TOUR [REBOOT] IN JAPAN).mp3
LAST NIGHT (2025 TREASURE FAN CONCERT [SPECIAL MOMENT] IN JAPAN),TREASURE,TREASURE,2025 TREASURE FAN CONCERT (SPECIAL MOMENT) IN JAPAN,kpop-gen4,https://music.youtube.com/watch?v=OgdTlELT8E4,https://i.ytimg.com/vi/OgdTlELT8E4/maxresdefault.jpg,TREASURE/2025 TREASURE FAN CONCERT (SPECIAL MOMENT) IN JAPAN/LAST NIGHT (2025 TREASURE FAN CONCERT [SPECIAL MOMENT] IN JAPAN).mp3
BEAUTIFUL (2025-26 TREASURE TOUR [PULSE ON] IN JAPAN),TREASURE,TREASURE,2025-26 TREASURE TOUR [PULSE ON] IN JAPAN,kpop-gen4,https://music.youtube.com/watch?v=UQoM-dKMXaQ,https://i.ytimg.com/vi/UQoM-dKMXaQ/maxresdefault.jpg,TREASURE/2025-26 TREASURE TOUR [PULSE ON] IN JAPAN/BEAUTIFUL (2025-26 TREASURE TOUR [PULSE ON] IN JAPAN).mp3
YELLOW -JP Ver.- (2025 TREASURE FAN CONCERT [SPECIAL MOMENT] IN JAPAN),TREASURE,TREASURE,2025 TREASURE FAN CONCERT (SPECIAL MOMENT) IN JAPAN,kpop-gen4,https://music.youtube.com/watch?v=cuSacBfAmUc,https://i.ytimg.com/vi/cuSacBfAmUc/maxresdefault.jpg,TREASURE/2025 TREASURE FAN CONCERT (SPECIAL MOMENT) IN JAPAN/YELLOW -JP Ver.- (2025 TREASURE FAN CONCERT [SPECIAL MOMENT] IN JAPAN).mp3
VolKno (CHOI HYUN SUK x YOSHI x HARUTO Unit) -JP Ver.-,TREASURE,TREASURE,THE SECOND STEP : CHAPTER TWO -JP EDITION-,kpop-gen4,https://music.youtube.com/watch?v=v3eF1nBzGmc,https://i.ytimg.com/vi/v3eF1nBzGmc/maxresdefault.jpg,TREASURE/THE SECOND STEP _ CHAPTER TWO -JP EDITION-/VolKno (CHOI HYUN SUK x YOSHI x HARUTO Unit) -JP Ver.-.mp3
SARURU (2025 TREASURE FAN CONCERT [SPECIAL MOMENT] IN JAPAN),TREASURE,TREASURE,2025 TREASURE FAN CONCERT (SPECIAL MOMENT) IN JAPAN,kpop-gen4,https://music.youtube.com/watch?v=Q4CHYbGrqKA,https://i.ytimg.com/vi/Q4CHYbGrqKA/maxresdefault.jpg,TREASURE/2025 TREASURE FAN CONCERT (SPECIAL MOMENT) IN JAPAN/SARURU (2025 TREASURE FAN CONCERT [SPECIAL MOMENT] IN JAPAN).mp3
Kill This Love (CHOI HYUN SUK / JIHOON / DOYOUNG / SO JUNG HWAN Ver.) (2025 TREASURE FAN CONCERT [SPECIAL MOMENT] IN JAPAN),TREASURE,TREASURE,2025 TREASURE FAN CONCERT (SPECIAL MOMENT) IN JAPAN,kpop-gen4,https://music.youtube.com/watch?v=_Yd3E_yPcws,https://i.ytimg.com/vi/_Yd3E_yPcws/maxresdefault.jpg,TREASURE/2025 TREASURE FAN CONCERT (SPECIAL MOMENT) IN JAPAN/Kill This Love (CHOI HYUN SUK _ JIHOON _ DOYOUNG _ SO JUNG HWAN Ver.) (2025 TREASURE FAN CONCERT [SPECIAL MOMENT] IN JAPAN).mp3
ありがとう (ASAHI x HARUTO Unit) (TREASURE JAPAN TOUR 2022-23 ~HELLO~ SPECIAL in KYOCERA DOME OSAKA),TREASURE,TREASURE,TREASURE JAPAN TOUR 2022-23 ~HELLO~ SPECIAL in KYOCERA DOME OSAKA,kpop-gen4,https://music.youtube.com/watch?v=pBvvf97qWeM,https://i.ytimg.com/vi/pBvvf97qWeM/maxresdefault.jpg,TREASURE/TREASURE JAPAN TOUR 2022-23 ~HELLO~ SPECIAL in KYOCERA DOME OSAKA/ありがとう (ASAHI x HARUTO Unit) (TREASURE JAPAN TOUR 2022-23 ~HELLO~ SPECIAL in KYOCERA DOME OSAKA).mp3
GOING CRAZY (TREASURE JAPAN TOUR 2022-23 ~HELLO~ SPECIAL in KYOCERA DOME OSAKA),TREASURE,TREASURE,TREASURE JAPAN TOUR 2022-23 ~HELLO~ SPECIAL in KYOCERA DOME OSAKA,kpop-gen4,https://music.youtube.com/watch?v=y_ccWoloXGA,https://i.ytimg.com/vi/y_ccWoloXGA/maxresdefault.jpg,TREASURE/TREASURE JAPAN TOUR 2022-23 ~HELLO~ SPECIAL in KYOCERA DOME OSAKA/GOING CRAZY (TREASURE JAPAN TOUR 2022-23 ~HELLO~ SPECIAL in KYOCERA DOME OSAKA).mp3
B.O.M.B -JP Ver.- (2024 TREASURE TOUR [REBOOT] IN JAPAN),TREASURE,TREASURE,2024 TREASURE TOUR (REBOOT) IN JAPAN,kpop-gen4,https://music.youtube.com/watch?v=IcJbZS8D7LU,https://i.ytimg.com/vi/IcJbZS8D7LU/maxresdefault.jpg,TREASURE/2024 TREASURE TOUR (REBOOT) IN JAPAN/B.O.M.B -JP Ver.- (2024 TREASURE TOUR [REBOOT] IN JAPAN).mp3
SARURU (ENCORE) (2025 TREASURE FAN CONCERT [SPECIAL MOMENT] IN JAPAN),TREASURE,TREASURE,2025 TREASURE FAN CONCERT (SPECIAL MOMENT) IN JAPAN,kpop-gen4,https://music.youtube.com/watch?v=lc8d10lsh7U,https://i.ytimg.com/vi/lc8d10lsh7U/maxresdefault.jpg,TREASURE/2025 TREASURE FAN CONCERT (SPECIAL MOMENT) IN JAPAN/SARURU (ENCORE) (2025 TREASURE FAN CONCERT [SPECIAL MOMENT] IN JAPAN).mp3
DARARI (ROCK Remix) (2024 TREASURE FAN MEETING~WONDERLAND~),TREASURE,TREASURE,2024 TREASURE FAN MEETING~WONDERLAND~,kpop-gen4,https://music.youtube.com/watch?v=mEjOS2ZtNzg,https://i.ytimg.com/vi/mEjOS2ZtNzg/maxresdefault.jpg,TREASURE/2024 TREASURE FAN MEETING~WONDERLAND~/DARARI (ROCK Remix) (2024 TREASURE FAN MEETING~WONDERLAND~).mp3
BEAUTIFUL (TREASURE JAPAN TOUR 2022-23 ~HELLO~ SPECIAL in KYOCERA DOME OSAKA),TREASURE,TREASURE,TREASURE JAPAN TOUR 2022-23 ~HELLO~ SPECIAL in KYOCERA DOME OSAKA,kpop-gen4,https://music.youtube.com/watch?v=sEtdLrKq8pU,https://i.ytimg.com/vi/sEtdLrKq8pU/maxresdefault.jpg,TREASURE/TREASURE JAPAN TOUR 2022-23 ~HELLO~ SPECIAL in KYOCERA DOME OSAKA/BEAUTIFUL (TREASURE JAPAN TOUR 2022-23 ~HELLO~ SPECIAL in KYOCERA DOME OSAKA).mp3
病 (2025 TREASURE FAN CONCERT [SPECIAL MOMENT] IN JAPAN),TREASURE,TREASURE,2025 TREASURE FAN CONCERT (SPECIAL MOMENT) IN JAPAN,kpop-gen4,https://music.youtube.com/watch?v=vdx2qlbWuso,https://i.ytimg.com/vi/vdx2qlbWuso/maxresdefault.jpg,TREASURE/2025 TREASURE FAN CONCERT (SPECIAL MOMENT) IN JAPAN/病 (2025 TREASURE FAN CONCERT [SPECIAL MOMENT] IN JAPAN).mp3
ありがとう (ASAHI x HARUTO Unit) (2024 TREASURE TOUR [REBOOT] IN JAPAN),TREASURE,TREASURE,2024 TREASURE TOUR (REBOOT) IN JAPAN,kpop-gen4,https://music.youtube.com/watch?v=gpbMCc4IxmI,https://i.ytimg.com/vi/gpbMCc4IxmI/maxresdefault.jpg,TREASURE/2024 TREASURE TOUR (REBOOT) IN JAPAN/ありがとう (ASAHI x HARUTO Unit) (2024 TREASURE TOUR [REBOOT] IN JAPAN).mp3
JIKJIN -JP Ver.- (2024 TREASURE TOUR [REBOOT] IN JAPAN),TREASURE,TREASURE,2024 TREASURE TOUR (REBOOT) IN JAPAN,kpop-gen4,https://music.youtube.com/watch?v=mrCL018Y51c,https://i.ytimg.com/vi/mrCL018Y51c/maxresdefault.jpg,TREASURE/2024 TREASURE TOUR (REBOOT) IN JAPAN/JIKJIN -JP Ver.- (2024 TREASURE TOUR [REBOOT] IN JAPAN).mp3
MOVE (CHOI HYUN SUK / YOSHI / ASAHI / HARUTO / PARK JEONG WOO Ver.) (2025 TREASURE FAN CONCERT [SPECIAL MOMENT] IN JAPAN),TREASURE,TREASURE,2025 TREASURE FAN CONCERT (SPECIAL MOMENT) IN JAPAN,kpop-gen4,https://music.youtube.com/watch?v=e2o9eEK2j1c,https://i.ytimg.com/vi/e2o9eEK2j1c/maxresdefault.jpg,TREASURE/2025 TREASURE FAN CONCERT (SPECIAL MOMENT) IN JAPAN/MOVE (CHOI HYUN SUK _ YOSHI _ ASAHI _ HARUTO _ PARK JEONG WOO Ver.) (2025 TREASURE FAN CONCERT [SPECIAL MOMENT] IN JAPAN).mp3
BANG BANG BANG (TREASURE JAPAN TOUR 2022-23 ~HELLO~ SPECIAL in KYOCERA DOME OSAKA),TREASURE,TREASURE,TREASURE JAPAN TOUR 2022-23 ~HELLO~ SPECIAL in KYOCERA DOME OSAKA,kpop-gen4,https://music.youtube.com/watch?v=e0GYflGS2JY,https://i.ytimg.com/vi/e0GYflGS2JY/maxresdefault.jpg,TREASURE/TREASURE JAPAN TOUR 2022-23 ~HELLO~ SPECIAL in KYOCERA DOME OSAKA/BANG BANG BANG (TREASURE JAPAN TOUR 2022-23 ~HELLO~ SPECIAL in KYOCERA DOME OSAKA).mp3
RUN (2024 TREASURE TOUR [REBOOT] IN JAPAN),TREASURE,TREASURE,2024 TREASURE TOUR (REBOOT) IN JAPAN,kpop-gen4,https://music.youtube.com/watch?v=2_6TBT4Jmng,https://i.ytimg.com/vi/2_6TBT4Jmng/maxresdefault.jpg,TREASURE/2024 TREASURE TOUR (REBOOT) IN JAPAN/RUN (2024 TREASURE TOUR [REBOOT] IN JAPAN).mp3
DARARI (ROCK Remix) (2024 TREASURE TOUR [REBOOT] IN JAPAN),TREASURE,TREASURE,2024 TREASURE TOUR (REBOOT) IN JAPAN,kpop-gen4,https://music.youtube.com/watch?v=fyt5lWY9sg4,https://i.ytimg.com/vi/fyt5lWY9sg4/maxresdefault.jpg,TREASURE/2024 TREASURE TOUR (REBOOT) IN JAPAN/DARARI (ROCK Remix) (2024 TREASURE TOUR [REBOOT] IN JAPAN).mp3
Here I Stand (2025 TREASURE FAN CONCERT [SPECIAL MOMENT] IN JAPAN),TREASURE,TREASURE,2025 TREASURE FAN CONCERT (SPECIAL MOMENT) IN JAPAN,kpop-gen4,https://music.youtube.com/watch?v=hwkKYWJsfUM,https://i.ytimg.com/vi/hwkKYWJsfUM/maxresdefault.jpg,TREASURE/2025 TREASURE FAN CONCERT (SPECIAL MOMENT) IN JAPAN/Here I Stand (2025 TREASURE FAN CONCERT [SPECIAL MOMENT] IN JAPAN).mp3
RUN (2025 TREASURE FAN CONCERT [SPECIAL MOMENT] IN JAPAN),TREASURE,TREASURE,2025 TREASURE FAN CONCERT (SPECIAL MOMENT) IN JAPAN,kpop-gen4,https://music.youtube.com/watch?v=Iq7Ae7yR3jA,https://i.ytimg.com/vi/Iq7Ae7yR3jA/maxresdefault.jpg,TREASURE/2025 TREASURE FAN CONCERT (SPECIAL MOMENT) IN JAPAN/RUN (2025 TREASURE FAN CONCERT [SPECIAL MOMENT] IN JAPAN).mp3
VolKno (JIHOON / JUNKYU / YOON JAE HYUK Ver.) (2025 TREASURE FAN CONCERT [SPECIAL MOMENT] IN JAPAN),TREASURE,TREASURE,2025 TREASURE FAN CONCERT (SPECIAL MOMENT) IN JAPAN,kpop-gen4,https://music.youtube.com/watch?v=LNZ55bM5zBc,https://i.ytimg.com/vi/LNZ55bM5zBc/maxresdefault.jpg,TREASURE/2025 TREASURE FAN CONCERT (SPECIAL MOMENT) IN JAPAN/VolKno (JIHOON _ JUNKYU _ YOON JAE HYUK Ver.) (2025 TREASURE FAN CONCERT [SPECIAL MOMENT] IN JAPAN).mp3
DARARI (TREASURE JAPAN TOUR 2022-23 ~HELLO~ SPECIAL in KYOCERA DOME OSAKA),TREASURE,TREASURE,TREASURE JAPAN TOUR 2022-23 ~HELLO~ SPECIAL in KYOCERA DOME OSAKA,kpop-gen4,https://music.youtube.com/watch?v=R-MqdZB4gdo,https://i.ytimg.com/vi/R-MqdZB4gdo/maxresdefault.jpg,TREASURE/TREASURE JAPAN TOUR 2022-23 ~HELLO~ SPECIAL in KYOCERA DOME OSAKA/DARARI (TREASURE JAPAN TOUR 2022-23 ~HELLO~ SPECIAL in KYOCERA DOME OSAKA).mp3
ORANGE (2024 TREASURE TOUR [REBOOT] IN JAPAN),TREASURE,TREASURE,2024 TREASURE TOUR (REBOOT) IN JAPAN,kpop-gen4,https://music.youtube.com/watch?v=0o5RBHQrwEY,https://i.ytimg.com/vi/0o5RBHQrwEY/maxresdefault.jpg,TREASURE/2024 TREASURE TOUR (REBOOT) IN JAPAN/ORANGE (2024 TREASURE TOUR [REBOOT] IN JAPAN).mp3
HOLD IT IN (TREASURE JAPAN TOUR 2022-23 ~HELLO~ SPECIAL in KYOCERA DOME OSAKA),TREASURE,TREASURE,TREASURE JAPAN TOUR 2022-23 ~HELLO~ SPECIAL in KYOCERA DOME OSAKA,kpop-gen4,https://music.youtube.com/watch?v=7v69XSIK8w0,https://i.ytimg.com/vi/7v69XSIK8w0/maxresdefault.jpg,TREASURE/TREASURE JAPAN TOUR 2022-23 ~HELLO~ SPECIAL in KYOCERA DOME OSAKA/HOLD IT IN (TREASURE JAPAN TOUR 2022-23 ~HELLO~ SPECIAL in KYOCERA DOME OSAKA).mp3
I LOVE YOU -JP Ver.- (TREASURE JAPAN TOUR 2022-23 ~HELLO~ SPECIAL in KYOCERA DOME OSAKA),TREASURE,TREASURE,TREASURE JAPAN TOUR 2022-23 ~HELLO~ SPECIAL in KYOCERA DOME OSAKA,kpop-gen4,https://music.youtube.com/watch?v=lU-X-ch0RX4,https://i.ytimg.com/vi/lU-X-ch0RX4/maxresdefault.jpg,TREASURE/TREASURE JAPAN TOUR 2022-23 ~HELLO~ SPECIAL in KYOCERA DOME OSAKA/I LOVE YOU -JP Ver.- (TREASURE JAPAN TOUR 2022-23 ~HELLO~ SPECIAL in KYOCERA DOME OSAKA).mp3
病 (TREASURE JAPAN TOUR 2022-23 ~HELLO~ SPECIAL in KYOCERA DOME OSAKA),TREASURE,TREASURE,TREASURE JAPAN TOUR 2022-23 ~HELLO~ SPECIAL in KYOCERA DOME OSAKA,kpop-gen4,https://music.youtube.com/watch?v=NSK0X9GmPFk,https://i.ytimg.com/vi/NSK0X9GmPFk/maxresdefault.jpg,TREASURE/TREASURE JAPAN TOUR 2022-23 ~HELLO~ SPECIAL in KYOCERA DOME OSAKA/病 (TREASURE JAPAN TOUR 2022-23 ~HELLO~ SPECIAL in KYOCERA DOME OSAKA).mp3
I LOVE YOU -JP Ver.- (2024 TREASURE TOUR [REBOOT] IN JAPAN),TREASURE,TREASURE,2024 TREASURE TOUR (REBOOT) IN JAPAN,kpop-gen4,https://music.youtube.com/watch?v=sDyzztaCxUo,https://i.ytimg.com/vi/sDyzztaCxUo/maxresdefault.jpg,TREASURE/2024 TREASURE TOUR (REBOOT) IN JAPAN/I LOVE YOU -JP Ver.- (2024 TREASURE TOUR [REBOOT] IN JAPAN).mp3
U (TREASURE JAPAN TOUR 2022-23 ~HELLO~ SPECIAL in KYOCERA DOME OSAKA),TREASURE,TREASURE,TREASURE JAPAN TOUR 2022-23 ~HELLO~ SPECIAL in KYOCERA DOME OSAKA,kpop-gen4,https://music.youtube.com/watch?v=MZrXkyiV6dQ,https://i.ytimg.com/vi/MZrXkyiV6dQ/maxresdefault.jpg,TREASURE/TREASURE JAPAN TOUR 2022-23 ~HELLO~ SPECIAL in KYOCERA DOME OSAKA/U (TREASURE JAPAN TOUR 2022-23 ~HELLO~ SPECIAL in KYOCERA DOME OSAKA).mp3
STUPID (2024 TREASURE TOUR [REBOOT] IN JAPAN),TREASURE,TREASURE,2024 TREASURE TOUR (REBOOT) IN JAPAN,kpop-gen4,https://music.youtube.com/watch?v=Iu_HrBhV2Zc,https://i.ytimg.com/vi/Iu_HrBhV2Zc/maxresdefault.jpg,TREASURE/2024 TREASURE TOUR (REBOOT) IN JAPAN/STUPID (2024 TREASURE TOUR [REBOOT] IN JAPAN).mp3
BONA BONA -JP Ver.- (2024 TREASURE TOUR [REBOOT] IN JAPAN),TREASURE,TREASURE,2024 TREASURE TOUR (REBOOT) IN JAPAN,kpop-gen4,https://music.youtube.com/watch?v=UabTPjJrGr0,https://i.ytimg.com/vi/UabTPjJrGr0/maxresdefault.jpg,TREASURE/2024 TREASURE TOUR (REBOOT) IN JAPAN/BONA BONA -JP Ver.- (2024 TREASURE TOUR [REBOOT] IN JAPAN).mp3
KING KONG -JP Ver.- (2025 TREASURE FAN CONCERT [SPECIAL MOMENT] IN JAPAN),TREASURE,TREASURE,2025 TREASURE FAN CONCERT (SPECIAL MOMENT) IN JAPAN,kpop-gen4,https://music.youtube.com/watch?v=k29KtZo8NSs,https://i.ytimg.com/vi/k29KtZo8NSs/maxresdefault.jpg,TREASURE/2025 TREASURE FAN CONCERT (SPECIAL MOMENT) IN JAPAN/KING KONG -JP Ver.- (2025 TREASURE FAN CONCERT [SPECIAL MOMENT] IN JAPAN).mp3
BOY -JP Ver.- (2024 TREASURE TOUR [REBOOT] IN JAPAN),TREASURE,TREASURE,2024 TREASURE TOUR (REBOOT) IN JAPAN,kpop-gen4,https://music.youtube.com/watch?v=-sTE71VEEhA,https://i.ytimg.com/vi/-sTE71VEEhA/maxresdefault.jpg,TREASURE/2024 TREASURE TOUR (REBOOT) IN JAPAN/BOY -JP Ver.- (2024 TREASURE TOUR [REBOOT] IN JAPAN).mp3
WONDERLAND (2024 TREASURE TOUR [REBOOT] IN JAPAN),TREASURE,TREASURE,2024 TREASURE TOUR (REBOOT) IN JAPAN,kpop-gen4,https://music.youtube.com/watch?v=sbNUigQEm1w,https://i.ytimg.com/vi/sbNUigQEm1w/maxresdefault.jpg,TREASURE/2024 TREASURE TOUR (REBOOT) IN JAPAN/WONDERLAND (2024 TREASURE TOUR [REBOOT] IN JAPAN).mp3
REVERSE (2024 TREASURE FAN MEETING~WONDERLAND~),TREASURE,TREASURE,2024 TREASURE FAN MEETING~WONDERLAND~,kpop-gen4,https://music.youtube.com/watch?v=rAyiiWgjzGA,https://i.ytimg.com/vi/rAyiiWgjzGA/maxresdefault.jpg,TREASURE/2024 TREASURE FAN MEETING~WONDERLAND~/REVERSE (2024 TREASURE FAN MEETING~WONDERLAND~).mp3
HELLO -JP Ver.- (2024 TREASURE FAN MEETING~WONDERLAND~),TREASURE,TREASURE,2024 TREASURE FAN MEETING~WONDERLAND~,kpop-gen4,https://music.youtube.com/watch?v=zoNWd--aSQQ,https://i.ytimg.com/vi/zoNWd--aSQQ/maxresdefault.jpg,TREASURE/2024 TREASURE FAN MEETING~WONDERLAND~/HELLO -JP Ver.- (2024 TREASURE FAN MEETING~WONDERLAND~).mp3
COME TO ME (TREASURE JAPAN TOUR 2022-23 ~HELLO~ SPECIAL in KYOCERA DOME OSAKA),TREASURE,TREASURE,TREASURE JAPAN TOUR 2022-23 ~HELLO~ SPECIAL in KYOCERA DOME OSAKA,kpop-gen4,https://music.youtube.com/watch?v=MfYPwrOpCZo,https://i.ytimg.com/vi/MfYPwrOpCZo/maxresdefault.jpg,TREASURE/TREASURE JAPAN TOUR 2022-23 ~HELLO~ SPECIAL in KYOCERA DOME OSAKA/COME TO ME (TREASURE JAPAN TOUR 2022-23 ~HELLO~ SPECIAL in KYOCERA DOME OSAKA).mp3
Here I Stand (2024 TREASURE FAN MEETING~WONDERLAND~),TREASURE,TREASURE,2024 TREASURE FAN MEETING~WONDERLAND~,kpop-gen4,https://music.youtube.com/watch?v=4watB88Qzgs,https://i.ytimg.com/vi/4watB88Qzgs/maxresdefault.jpg,TREASURE/2024 TREASURE FAN MEETING~WONDERLAND~/Here I Stand (2024 TREASURE FAN MEETING~WONDERLAND~).mp3
MOVE (T5) (2024 TREASURE TOUR [REBOOT] IN JAPAN),TREASURE,TREASURE,2024 TREASURE TOUR (REBOOT) IN JAPAN,kpop-gen4,https://music.youtube.com/watch?v=8srSrrq9fkE,https://i.ytimg.com/vi/8srSrrq9fkE/maxresdefault.jpg,TREASURE/2024 TREASURE TOUR (REBOOT) IN JAPAN/MOVE (T5) (2024 TREASURE TOUR [REBOOT] IN JAPAN).mp3
HELLO -JP Ver.- (2024 TREASURE TOUR [REBOOT] IN JAPAN),TREASURE,TREASURE,2024 TREASURE TOUR (REBOOT) IN JAPAN,kpop-gen4,https://music.youtube.com/watch?v=SHtxHVhoduk,https://i.ytimg.com/vi/SHtxHVhoduk/maxresdefault.jpg,TREASURE/2024 TREASURE TOUR (REBOOT) IN JAPAN/HELLO -JP Ver.- (2024 TREASURE TOUR [REBOOT] IN JAPAN).mp3
HOLD IT IN (2024 TREASURE TOUR [REBOOT] IN JAPAN),TREASURE,TREASURE,2024 TREASURE TOUR (REBOOT) IN JAPAN,kpop-gen4,https://music.youtube.com/watch?v=KlH8prChVog,https://i.ytimg.com/vi/KlH8prChVog/maxresdefault.jpg,TREASURE/2024 TREASURE TOUR (REBOOT) IN JAPAN/HOLD IT IN (2024 TREASURE TOUR [REBOOT] IN JAPAN).mp3
MY TREASURE -JP Ver.- (2024 TREASURE TOUR [REBOOT] IN JAPAN),TREASURE,TREASURE,2024 TREASURE TOUR (REBOOT) IN JAPAN,kpop-gen4,https://music.youtube.com/watch?v=Qu2dDpurtHo,https://i.ytimg.com/vi/Qu2dDpurtHo/maxresdefault.jpg,TREASURE/2024 TREASURE TOUR (REBOOT) IN JAPAN/MY TREASURE -JP Ver.- (2024 TREASURE TOUR [REBOOT] IN JAPAN).mp3
LET IT BURN (2024 TREASURE FAN MEETING~WONDERLAND~),TREASURE,TREASURE,2024 TREASURE FAN MEETING~WONDERLAND~,kpop-gen4,https://music.youtube.com/watch?v=oq2yT1Y3_sw,https://i.ytimg.com/vi/oq2yT1Y3_sw/maxresdefault.jpg,TREASURE/2024 TREASURE FAN MEETING~WONDERLAND~/LET IT BURN (2024 TREASURE FAN MEETING~WONDERLAND~).mp3
G.O.A.T (CHOI HYUN SUK × YOSHI × HARUTO Unit) (2024 TREASURE TOUR [REBOOT] IN JAPAN),TREASURE,TREASURE,2024 TREASURE TOUR (REBOOT) IN JAPAN,kpop-gen4,https://music.youtube.com/watch?v=HWShl_iEY8Y,https://i.ytimg.com/vi/HWShl_iEY8Y/maxresdefault.jpg,TREASURE/2024 TREASURE TOUR (REBOOT) IN JAPAN/G.O.A.T (CHOI HYUN SUK × YOSHI × HARUTO Unit) (2024 TREASURE TOUR [REBOOT] IN JAPAN).mp3
CLAP! (TREASURE JAPAN TOUR 2022-23 ~HELLO~ SPECIAL in KYOCERA DOME OSAKA),TREASURE,TREASURE,TREASURE JAPAN TOUR 2022-23 ~HELLO~ SPECIAL in KYOCERA DOME OSAKA,kpop-gen4,https://music.youtube.com/watch?v=QzMiMKIPkgc,https://i.ytimg.com/vi/QzMiMKIPkgc/maxresdefault.jpg,TREASURE/TREASURE JAPAN TOUR 2022-23 ~HELLO~ SPECIAL in KYOCERA DOME OSAKA/CLAP! (TREASURE JAPAN TOUR 2022-23 ~HELLO~ SPECIAL in KYOCERA DOME OSAKA).mp3
VolKno (CHOI HYUN SUK x YOSHI x HARUTO Unit) (2024 TREASURE TOUR [REBOOT] IN JAPAN),TREASURE,TREASURE,2024 TREASURE TOUR (REBOOT) IN JAPAN,kpop-gen4,https://music.youtube.com/watch?v=eeQd1ucFU1A,https://i.ytimg.com/vi/eeQd1ucFU1A/maxresdefault.jpg,TREASURE/2024 TREASURE TOUR (REBOOT) IN JAPAN/VolKno (CHOI HYUN SUK x YOSHI x HARUTO Unit) (2024 TREASURE TOUR [REBOOT] IN JAPAN).mp3
B.L.T (BLING LIKE THIS) (2024 TREASURE TOUR [REBOOT] IN JAPAN),TREASURE,TREASURE,2024 TREASURE TOUR (REBOOT) IN JAPAN,kpop-gen4,https://music.youtube.com/watch?v=XOqnleDXg5I,https://i.ytimg.com/vi/XOqnleDXg5I/maxresdefault.jpg,TREASURE/2024 TREASURE TOUR (REBOOT) IN JAPAN/B.L.T (BLING LIKE THIS) (2024 TREASURE TOUR [REBOOT] IN JAPAN).mp3
CLAP! (2024 TREASURE TOUR [REBOOT] IN JAPAN),TREASURE,TREASURE,2024 TREASURE TOUR (REBOOT) IN JAPAN,kpop-gen4,https://music.youtube.com/watch?v=gp2E4EcFw-o,https://i.ytimg.com/vi/gp2E4EcFw-o/maxresdefault.jpg,TREASURE/2024 TREASURE TOUR (REBOOT) IN JAPAN/CLAP! (2024 TREASURE TOUR [REBOOT] IN JAPAN).mp3
DARARI (ROCK Remix) (TREASURE JAPAN TOUR 2022-23 ~HELLO~ SPECIAL in KYOCERA DOME OSAKA),TREASURE,TREASURE,TREASURE JAPAN TOUR 2022-23 ~HELLO~ SPECIAL in KYOCERA DOME OSAKA,kpop-gen4,https://music.youtube.com/watch?v=9Sjqk8bDzQI,https://i.ytimg.com/vi/9Sjqk8bDzQI/maxresdefault.jpg,TREASURE/TREASURE JAPAN TOUR 2022-23 ~HELLO~ SPECIAL in KYOCERA DOME OSAKA/DARARI (ROCK Remix) (TREASURE JAPAN TOUR 2022-23 ~HELLO~ SPECIAL in KYOCERA DOME OSAKA).mp3
MMM (Rock Ver.) -JP Ver.- (TREASURE JAPAN TOUR 2022-23 ~HELLO~ SPECIAL in KYOCERA DOME OSAKA),TREASURE,TREASURE,TREASURE JAPAN TOUR 2022-23 ~HELLO~ SPECIAL in KYOCERA DOME OSAKA,kpop-gen4,https://music.youtube.com/watch?v=7AQTcimQd24,https://i.ytimg.com/vi/7AQTcimQd24/maxresdefault.jpg,TREASURE/TREASURE JAPAN TOUR 2022-23 ~HELLO~ SPECIAL in KYOCERA DOME OSAKA/MMM (Rock Ver.) -JP Ver.- (TREASURE JAPAN TOUR 2022-23 ~HELLO~ SPECIAL in KYOCERA DOME OSAKA).mp3
B.O.M.B -JP Ver.- (2024 TREASURE FAN MEETING~WONDERLAND~),TREASURE,TREASURE,2024 TREASURE FAN MEETING~WONDERLAND~,kpop-gen4,https://music.youtube.com/watch?v=VCgGD3FO9jk,https://i.ytimg.com/vi/VCgGD3FO9jk/maxresdefault.jpg,TREASURE/2024 TREASURE FAN MEETING~WONDERLAND~/B.O.M.B -JP Ver.- (2024 TREASURE FAN MEETING~WONDERLAND~).mp3
IT’S OKAY (TREASURE JAPAN TOUR 2022-23 ~HELLO~ SPECIAL in KYOCERA DOME OSAKA),TREASURE,TREASURE,TREASURE JAPAN TOUR 2022-23 ~HELLO~ SPECIAL in KYOCERA DOME OSAKA,kpop-gen4,https://music.youtube.com/watch?v=NeM31XezMS4,https://i.ytimg.com/vi/NeM31XezMS4/maxresdefault.jpg,TREASURE/TREASURE JAPAN TOUR 2022-23 ~HELLO~ SPECIAL in KYOCERA DOME OSAKA/IT’S OKAY (TREASURE JAPAN TOUR 2022-23 ~HELLO~ SPECIAL in KYOCERA DOME OSAKA).mp3
BONA BONA -JP Ver.- (2024 TREASURE FAN MEETING~WONDERLAND~),TREASURE,TREASURE,2024 TREASURE FAN MEETING~WONDERLAND~,kpop-gen4,https://music.youtube.com/watch?v=7or0bpnDMrQ,https://i.ytimg.com/vi/7or0bpnDMrQ/maxresdefault.jpg,TREASURE/2024 TREASURE FAN MEETING~WONDERLAND~/BONA BONA -JP Ver.- (2024 TREASURE FAN MEETING~WONDERLAND~).mp3
CHOOM,BABYMONSTER,BABYMONSTER,춤 (CHOOM),kpop-gen5,https://music.youtube.com/watch?v=QmJbHPYx97M,https://i.ytimg.com/vi/QmJbHPYx97M/maxresdefault.jpg,BABYMONSTER/춤 (CHOOM)/CHOOM.mp3
DRIP,BABYMONSTER,BABYMONSTER,DRIP,kpop-gen5,https://music.youtube.com/watch?v=HkiaLCniIj8,https://i.ytimg.com/vi/HkiaLCniIj8/maxresdefault.jpg,BABYMONSTER/DRIP/DRIP.mp3
PSYCHO,BABYMONSTER,BABYMONSTER,WE GO UP,kpop-gen5,https://music.youtube.com/watch?v=JhNsZdw3_Iw,https://i.ytimg.com/vi/JhNsZdw3_Iw/maxresdefault.jpg,BABYMONSTER/WE GO UP/PSYCHO.mp3
SHEESH,BABYMONSTER,BABYMONSTER,BABYMONS7ER,kpop-gen5,https://music.youtube.com/watch?v=-Uw97CvOgKU,https://i.ytimg.com/vi/-Uw97CvOgKU/maxresdefault.jpg,BABYMONSTER/BABYMONS7ER/SHEESH.mp3
WE GO UP,BABYMONSTER,BABYMONSTER,WE GO UP,kpop-gen5,https://music.youtube.com/watch?v=e2majw1AVrw,https://i.ytimg.com/vi/e2majw1AVrw/maxresdefault.jpg,BABYMONSTER/WE GO UP/WE GO UP.mp3
FOREVER,BABYMONSTER,BABYMONSTER,DRIP,kpop-gen5,https://music.youtube.com/watch?v=XLj72wrprlM,https://i.ytimg.com/vi/XLj72wrprlM/maxresdefault.jpg,BABYMONSTER/DRIP/FOREVER.mp3
LIKE THAT,BABYMONSTER,BABYMONSTER,BABYMONS7ER,kpop-gen5,https://music.youtube.com/watch?v=cO--M-DaMP0,https://i.ytimg.com/vi/cO--M-DaMP0/maxresdefault.jpg,BABYMONSTER/BABYMONS7ER/LIKE THAT.mp3
HOT SAUCE,BABYMONSTER,BABYMONSTER,HOT SAUCE,kpop-gen5,https://music.youtube.com/watch?v=Zb2NO07e_zI,https://i.ytimg.com/vi/Zb2NO07e_zI/maxresdefault.jpg,BABYMONSTER/HOT SAUCE/HOT SAUCE.mp3
BILLIONAIRE,BABYMONSTER,BABYMONSTER,DRIP,kpop-gen5,https://music.youtube.com/watch?v=uYl9b2DerTQ,https://i.ytimg.com/vi/uYl9b2DerTQ/maxresdefault.jpg,BABYMONSTER/DRIP/BILLIONAIRE.mp3
BATTER UP (7 ver.),BABYMONSTER,BABYMONSTER,BABYMONS7ER,kpop-gen5,https://music.youtube.com/watch?v=Fvxa9G3UHgg,https://i.ytimg.com/vi/Fvxa9G3UHgg/maxresdefault.jpg,BABYMONSTER/BABYMONS7ER/BATTER UP (7 ver.).mp3
Really Like You,BABYMONSTER,BABYMONSTER,DRIP,kpop-gen5,https://music.youtube.com/watch?v=yrfnj9Q54m4,https://i.ytimg.com/vi/yrfnj9Q54m4/maxresdefault.jpg,BABYMONSTER/DRIP/Really Like You.mp3
CLIK CLAK,BABYMONSTER,BABYMONSTER,DRIP,kpop-gen5,https://music.youtube.com/watch?v=le_VX8l35XI,https://i.ytimg.com/vi/le_VX8l35XI/maxresdefault.jpg,BABYMONSTER/DRIP/CLIK CLAK.mp3
MOON,BABYMONSTER,BABYMONSTER,춤 (CHOOM),kpop-gen5,https://music.youtube.com/watch?v=8cFKPrxrrJM,https://i.ytimg.com/vi/8cFKPrxrrJM/maxresdefault.jpg,BABYMONSTER/춤 (CHOOM)/MOON.mp3
SUPA DUPA LUV,BABYMONSTER,BABYMONSTER,WE GO UP,kpop-gen5,https://music.youtube.com/watch?v=khbNf67Cx3E,https://i.ytimg.com/vi/khbNf67Cx3E/maxresdefault.jpg,BABYMONSTER/WE GO UP/SUPA DUPA LUV.mp3
Love In My Heart,BABYMONSTER,BABYMONSTER,DRIP,kpop-gen5,https://music.youtube.com/watch?v=-Fs0KQOsNeE,https://i.ytimg.com/vi/-Fs0KQOsNeE/maxresdefault.jpg,BABYMONSTER/DRIP/Love In My Heart.mp3
LOCKED IN,BABYMONSTER,BABYMONSTER,춤 (CHOOM),kpop-gen5,https://music.youtube.com/watch?v=PDs_wgMaG48,https://i.ytimg.com/vi/PDs_wgMaG48/maxresdefault.jpg,BABYMONSTER/춤 (CHOOM)/LOCKED IN.mp3
I LIKE IT,BABYMONSTER,BABYMONSTER,춤 (CHOOM),kpop-gen5,https://music.youtube.com/watch?v=nHcM0hzkHi0,https://i.ytimg.com/vi/nHcM0hzkHi0/maxresdefault.jpg,BABYMONSTER/춤 (CHOOM)/I LIKE IT.mp3
DREAM,BABYMONSTER,BABYMONSTER,BABYMONS7ER,kpop-gen5,https://music.youtube.com/watch?v=R8GkDYfRHtM,https://i.ytimg.com/vi/R8GkDYfRHtM/maxresdefault.jpg,BABYMONSTER/BABYMONS7ER/DREAM.mp3
Stuck In The Middle (7 ver.),BABYMONSTER,BABYMONSTER,BABYMONS7ER,kpop-gen5,https://music.youtube.com/watch?v=FXSSw8ZDJUg,https://i.ytimg.com/vi/FXSSw8ZDJUg/maxresdefault.jpg,BABYMONSTER/BABYMONS7ER/Stuck In The Middle (7 ver.).mp3
WILD,BABYMONSTER,BABYMONSTER,WE GO UP,kpop-gen5,https://music.youtube.com/watch?v=zemepu6x244,https://i.ytimg.com/vi/zemepu6x244/maxresdefault.jpg,BABYMONSTER/WE GO UP/WILD.mp3
Ghost,BABYMONSTER,BABYMONSTER,Ghost,kpop-gen5,https://music.youtube.com/watch?v=y3FgAAgMR2A,https://i.ytimg.com/vi/y3FgAAgMR2A/maxresdefault.jpg,BABYMONSTER/Ghost/Ghost.mp3
Woke Up In Tokyo (RUKA & ASA),BABYMONSTER,BABYMONSTER,DRIP,kpop-gen5,https://music.youtube.com/watch?v=i2WcUnbZXuU,https://i.ytimg.com/vi/i2WcUnbZXuU/maxresdefault.jpg,BABYMONSTER/DRIP/Woke Up In Tokyo (RUKA & ASA).mp3
"Love, Maybe",BABYMONSTER,BABYMONSTER,DRIP,kpop-gen5,https://music.youtube.com/watch?v=_MlIlA1RJwg,https://i.ytimg.com/vi/_MlIlA1RJwg/maxresdefault.jpg,"BABYMONSTER/DRIP/Love, Maybe.mp3"
Stuck In The Middle (Remix),BABYMONSTER,BABYMONSTER,BABYMONS7ER,kpop-gen5,https://music.youtube.com/watch?v=HXO-GqswKms,https://i.ytimg.com/vi/HXO-GqswKms/maxresdefault.jpg,BABYMONSTER/BABYMONS7ER/Stuck In The Middle (Remix).mp3
BATTER UP (Remix) - Bonus Track,BABYMONSTER,BABYMONSTER,DRIP,kpop-gen5,https://music.youtube.com/watch?v=_G0ywiOt7KQ,https://i.ytimg.com/vi/_G0ywiOt7KQ/maxresdefault.jpg,BABYMONSTER/DRIP/BATTER UP (Remix) - Bonus Track.mp3
MONSTERS (Intro),BABYMONSTER,BABYMONSTER,BABYMONS7ER,kpop-gen5,https://music.youtube.com/watch?v=T1KVOD4BOGU,https://i.ytimg.com/vi/T1KVOD4BOGU/maxresdefault.jpg,BABYMONSTER/BABYMONS7ER/MONSTERS (Intro).mp3
CLAP YOUR HANDS ~ Go Away (2NE1 Cover) (Live),BABYMONSTER,BABYMONSTER,2025 BABYMONSTER 1st WORLD TOUR ᐸHELLO MONSTERSᐳ IN JAPAN ~2025.04.13 K-ARENA YOKOHAMA~,kpop-gen5,https://music.youtube.com/watch?v=D4d-75RKP6M,https://i.ytimg.com/vi/D4d-75RKP6M/maxresdefault.jpg,BABYMONSTER/2025 BABYMONSTER 1st WORLD TOUR ᐸHELLO MONSTERSᐳ IN JAPAN ~2025.04.13 K-ARENA YOKOHAMA~/CLAP YOUR HANDS ~ Go Away (2NE1 Cover) (Live).mp3
BATTER UP (Live),BABYMONSTER,BABYMONSTER,2025 BABYMONSTER 1st WORLD TOUR ᐸHELLO MONSTERSᐳ IN JAPAN ~2025.04.13 K-ARENA YOKOHAMA~,kpop-gen5,https://music.youtube.com/watch?v=_OUeWzS-iGg,https://i.ytimg.com/vi/_OUeWzS-iGg/maxresdefault.jpg,BABYMONSTER/2025 BABYMONSTER 1st WORLD TOUR ᐸHELLO MONSTERSᐳ IN JAPAN ~2025.04.13 K-ARENA YOKOHAMA~/BATTER UP (Live).mp3
DRIP (Remix) (Live),BABYMONSTER,BABYMONSTER,2025 BABYMONSTER 1st WORLD TOUR ᐸHELLO MONSTERSᐳ IN JAPAN ~2025.04.13 K-ARENA YOKOHAMA~,kpop-gen5,https://music.youtube.com/watch?v=KxibDMtB5r8,https://i.ytimg.com/vi/KxibDMtB5r8/maxresdefault.jpg,BABYMONSTER/2025 BABYMONSTER 1st WORLD TOUR ᐸHELLO MONSTERSᐳ IN JAPAN ~2025.04.13 K-ARENA YOKOHAMA~/DRIP (Remix) (Live).mp3
Woke Up In Tokyo (RUKA & ASA) (Live),BABYMONSTER,BABYMONSTER,2025 BABYMONSTER 1st WORLD TOUR ᐸHELLO MONSTERSᐳ IN JAPAN ~2025.04.13 K-ARENA YOKOHAMA~,kpop-gen5,https://music.youtube.com/watch?v=UdLP5uSX2go,https://i.ytimg.com/vi/UdLP5uSX2go/maxresdefault.jpg,BABYMONSTER/2025 BABYMONSTER 1st WORLD TOUR ᐸHELLO MONSTERSᐳ IN JAPAN ~2025.04.13 K-ARENA YOKOHAMA~/Woke Up In Tokyo (RUKA & ASA) (Live).mp3
CLIK CLAK (Live),BABYMONSTER,BABYMONSTER,2025 BABYMONSTER 1st WORLD TOUR ᐸHELLO MONSTERSᐳ IN JAPAN ~2025.04.13 K-ARENA YOKOHAMA~,kpop-gen5,https://music.youtube.com/watch?v=dt9Uyy2544U,https://i.ytimg.com/vi/dt9Uyy2544U/maxresdefault.jpg,BABYMONSTER/2025 BABYMONSTER 1st WORLD TOUR ᐸHELLO MONSTERSᐳ IN JAPAN ~2025.04.13 K-ARENA YOKOHAMA~/CLIK CLAK (Live).mp3
SHEESH (Live),BABYMONSTER,BABYMONSTER,2025 BABYMONSTER 1st WORLD TOUR ᐸHELLO MONSTERSᐳ IN JAPAN ~2025.04.13 K-ARENA YOKOHAMA~,kpop-gen5,https://music.youtube.com/watch?v=gXfbXklqCfc,https://i.ytimg.com/vi/gXfbXklqCfc/maxresdefault.jpg,BABYMONSTER/2025 BABYMONSTER 1st WORLD TOUR ᐸHELLO MONSTERSᐳ IN JAPAN ~2025.04.13 K-ARENA YOKOHAMA~/SHEESH (Live).mp3
LIKE THAT (Live),BABYMONSTER,BABYMONSTER,2025 BABYMONSTER 1st WORLD TOUR ᐸHELLO MONSTERSᐳ IN JAPAN ~2025.04.13 K-ARENA YOKOHAMA~,kpop-gen5,https://music.youtube.com/watch?v=m-nbWsflJTw,https://i.ytimg.com/vi/m-nbWsflJTw/maxresdefault.jpg,BABYMONSTER/2025 BABYMONSTER 1st WORLD TOUR ᐸHELLO MONSTERSᐳ IN JAPAN ~2025.04.13 K-ARENA YOKOHAMA~/LIKE THAT (Live).mp3
BILLIONAIRE (Live),BABYMONSTER,BABYMONSTER,2025 BABYMONSTER 1st WORLD TOUR ᐸHELLO MONSTERSᐳ IN JAPAN ~2025.04.13 K-ARENA YOKOHAMA~,kpop-gen5,https://music.youtube.com/watch?v=e-HeOkkML1I,https://i.ytimg.com/vi/e-HeOkkML1I/maxresdefault.jpg,BABYMONSTER/2025 BABYMONSTER 1st WORLD TOUR ᐸHELLO MONSTERSᐳ IN JAPAN ~2025.04.13 K-ARENA YOKOHAMA~/BILLIONAIRE (Live).mp3
Love In My Heart (Live),BABYMONSTER,BABYMONSTER,2025 BABYMONSTER 1st WORLD TOUR ᐸHELLO MONSTERSᐳ IN JAPAN ~2025.04.13 K-ARENA YOKOHAMA~,kpop-gen5,https://music.youtube.com/watch?v=bGFDWqYuNWc,https://i.ytimg.com/vi/bGFDWqYuNWc/maxresdefault.jpg,BABYMONSTER/2025 BABYMONSTER 1st WORLD TOUR ᐸHELLO MONSTERSᐳ IN JAPAN ~2025.04.13 K-ARENA YOKOHAMA~/Love In My Heart (Live).mp3
FOREVER (Live),BABYMONSTER,BABYMONSTER,2025 BABYMONSTER 1st WORLD TOUR ᐸHELLO MONSTERSᐳ IN JAPAN ~2025.04.13 K-ARENA YOKOHAMA~,kpop-gen5,https://music.youtube.com/watch?v=4eVslEiKQxE,https://i.ytimg.com/vi/4eVslEiKQxE/maxresdefault.jpg,BABYMONSTER/2025 BABYMONSTER 1st WORLD TOUR ᐸHELLO MONSTERSᐳ IN JAPAN ~2025.04.13 K-ARENA YOKOHAMA~/FOREVER (Live).mp3
Really Like You (Live),BABYMONSTER,BABYMONSTER,2025 BABYMONSTER 1st WORLD TOUR ᐸHELLO MONSTERSᐳ IN JAPAN ~2025.04.13 K-ARENA YOKOHAMA~,kpop-gen5,https://music.youtube.com/watch?v=cRkRonL61so,https://i.ytimg.com/vi/cRkRonL61so/maxresdefault.jpg,BABYMONSTER/2025 BABYMONSTER 1st WORLD TOUR ᐸHELLO MONSTERSᐳ IN JAPAN ~2025.04.13 K-ARENA YOKOHAMA~/Really Like You (Live).mp3
"Love, Maybe (Live)",BABYMONSTER,BABYMONSTER,2025 BABYMONSTER 1st WORLD TOUR ᐸHELLO MONSTERSᐳ IN JAPAN ~2025.04.13 K-ARENA YOKOHAMA~,kpop-gen5,https://music.youtube.com/watch?v=D2lV5RujuNw,https://i.ytimg.com/vi/D2lV5RujuNw/maxresdefault.jpg,"BABYMONSTER/2025 BABYMONSTER 1st WORLD TOUR ᐸHELLO MONSTERSᐳ IN JAPAN ~2025.04.13 K-ARENA YOKOHAMA~/Love, Maybe (Live).mp3"
DREAM (Live),BABYMONSTER,BABYMONSTER,2025 BABYMONSTER 1st WORLD TOUR ᐸHELLO MONSTERSᐳ IN JAPAN ~2025.04.13 K-ARENA YOKOHAMA~,kpop-gen5,https://music.youtube.com/watch?v=3ZGUEaz73WY,https://i.ytimg.com/vi/3ZGUEaz73WY/maxresdefault.jpg,BABYMONSTER/2025 BABYMONSTER 1st WORLD TOUR ᐸHELLO MONSTERSᐳ IN JAPAN ~2025.04.13 K-ARENA YOKOHAMA~/DREAM (Live).mp3
ILLIT (아일릿) ‘It’s Me’ Official MV,ILLIT,HYBE LABELS,Single,kpop-gen5,https://music.youtube.com/watch?v=bMhDJ0S0OBA,https://i.ytimg.com/vi/bMhDJ0S0OBA/maxresdefault.jpg,ILLIT/Single/ILLIT (아일릿) ‘It’s Me’ Official MV.mp3
ILLIT (아일릿) ‘Magnetic’ Official MV,ILLIT,HYBE LABELS,Single,kpop-gen5,https://music.youtube.com/watch?v=Vk5-c_v4gMU,https://i.ytimg.com/vi/Vk5-c_v4gMU/maxresdefault.jpg,ILLIT/Single/ILLIT (아일릿) ‘Magnetic’ Official MV.mp3
ILLIT (아일릿) 'NOT CUTE ANYMORE’ Official MV,ILLIT,HYBE LABELS,Single,kpop-gen5,https://music.youtube.com/watch?v=x_RYZsOfpKY,https://i.ytimg.com/vi/x_RYZsOfpKY/maxresdefault.jpg,ILLIT/Single/ILLIT (아일릿) 'NOT CUTE ANYMORE’ Official MV.mp3
ILLIT (아일릿) 'jellyous’ Official MV,ILLIT,HYBE LABELS,Single,kpop-gen5,https://music.youtube.com/watch?v=GkG60kISnfc,https://i.ytimg.com/vi/GkG60kISnfc/maxresdefault.jpg,ILLIT/Single/ILLIT (아일릿) 'jellyous’ Official MV.mp3
ILLIT (아일릿) '빌려온 고양이 (Do the Dance)' Official MV,ILLIT,HYBE LABELS,Single,kpop-gen5,https://music.youtube.com/watch?v=negtrQu5mTA,https://i.ytimg.com/vi/negtrQu5mTA/maxresdefault.jpg,ILLIT/Single/ILLIT (아일릿) '빌려온 고양이 (Do the Dance)' Official MV.mp3
ILLIT (아일릿) ‘Tick-Tack’ Official MV,ILLIT,HYBE LABELS,Single,kpop-gen5,https://music.youtube.com/watch?v=-nEGVrzPaiU,https://i.ytimg.com/vi/-nEGVrzPaiU/maxresdefault.jpg,ILLIT/Single/ILLIT (아일릿) ‘Tick-Tack’ Official MV.mp3
ILLIT (아일릿) ‘Cherish (My Love)’ Official MV,ILLIT,HYBE LABELS,Single,kpop-gen5,https://music.youtube.com/watch?v=tbDGl7jEazA,https://i.ytimg.com/vi/tbDGl7jEazA/maxresdefault.jpg,ILLIT/Single/ILLIT (아일릿) ‘Cherish (My Love)’ Official MV.mp3
"paw, paw!",ILLIT,ILLIT,MAMIHLAPINATAPAI,kpop-gen5,https://music.youtube.com/watch?v=b8xFEnrDuIU,https://i.ytimg.com/vi/b8xFEnrDuIU/maxresdefault.jpg,"ILLIT/MAMIHLAPINATAPAI/paw, paw!.mp3"
ILLIT (아일릿) 'Lucky Girl Syndrome' Official MV,ILLIT,HYBE LABELS,Single,kpop-gen5,https://music.youtube.com/watch?v=UCmgGZbfjmk,https://i.ytimg.com/vi/UCmgGZbfjmk/maxresdefault.jpg,ILLIT/Single/ILLIT (아일릿) 'Lucky Girl Syndrome' Official MV.mp3
ILLIT (아일릿) 'Almond Chocolate' Special Film,ILLIT,HYBE LABELS,Single,kpop-gen5,https://music.youtube.com/watch?v=qlgEadao-Sk,https://i.ytimg.com/vi/qlgEadao-Sk/maxresdefault.jpg,ILLIT/Single/ILLIT (아일릿) 'Almond Chocolate' Special Film.mp3
GRWM (Get Ready With Me),ILLIT,ILLIT,MAMIHLAPINATAPAI,kpop-gen5,https://music.youtube.com/watch?v=pJusqOVhoFk,https://i.ytimg.com/vi/pJusqOVhoFk/maxresdefault.jpg,ILLIT/MAMIHLAPINATAPAI/GRWM (Get Ready With Me).mp3
ILLIT (아일릿) 'NOT ME’ Official MV,ILLIT,HYBE LABELS,Single,kpop-gen5,https://music.youtube.com/watch?v=9nEp9eeGaJk,https://i.ytimg.com/vi/9nEp9eeGaJk/maxresdefault.jpg,ILLIT/Single/ILLIT (아일릿) 'NOT ME’ Official MV.mp3
Mamihlapinatapai,ILLIT,ILLIT,MAMIHLAPINATAPAI,kpop-gen5,https://music.youtube.com/watch?v=Lds_DyEYAk0,https://i.ytimg.com/vi/Lds_DyEYAk0/maxresdefault.jpg,ILLIT/MAMIHLAPINATAPAI/Mamihlapinatapai.mp3
"Love, older you",ILLIT,ILLIT,MAMIHLAPINATAPAI,kpop-gen5,https://music.youtube.com/watch?v=9IRtzlfyiFo,https://i.ytimg.com/vi/9IRtzlfyiFo/maxresdefault.jpg,"ILLIT/MAMIHLAPINATAPAI/Love, older you.mp3"
ILLIT (아일릿) ‘oops!’ @ Spotify Performance Video,ILLIT,ILLIT,Single,kpop-gen5,https://music.youtube.com/watch?v=wpokz1JhGl0,https://i.ytimg.com/vi/wpokz1JhGl0/maxresdefault.jpg,ILLIT/Single/ILLIT (아일릿) ‘oops!’ @ Spotify Performance Video.mp3
Midnight Fiction,ILLIT,ILLIT,SUPER REAL ME,kpop-gen5,https://music.youtube.com/watch?v=Sr7dWdf4Z3U,https://i.ytimg.com/vi/Sr7dWdf4Z3U/maxresdefault.jpg,ILLIT/SUPER REAL ME/Midnight Fiction.mp3
IYKYK (If You Know You Know),ILLIT,ILLIT,I’LL LIKE YOU,kpop-gen5,https://music.youtube.com/watch?v=qh7F1sFkOaY,https://i.ytimg.com/vi/qh7F1sFkOaY/maxresdefault.jpg,ILLIT/I’LL LIKE YOU/IYKYK (If You Know You Know).mp3
little monster,ILLIT,ILLIT,bomb,kpop-gen5,https://music.youtube.com/watch?v=O4GnXupvK3Y,https://i.ytimg.com/vi/O4GnXupvK3Y/maxresdefault.jpg,ILLIT/bomb/little monster.mp3
I’ll Like You,ILLIT,ILLIT,I’LL LIKE YOU,kpop-gen5,https://music.youtube.com/watch?v=NChlBP5DSc4,https://i.ytimg.com/vi/NChlBP5DSc4/maxresdefault.jpg,ILLIT/I’LL LIKE YOU/I’ll Like You.mp3
밤소풍,ILLIT,ILLIT,bomb,kpop-gen5,https://music.youtube.com/watch?v=imnphAoMVL0,https://i.ytimg.com/vi/imnphAoMVL0/maxresdefault.jpg,ILLIT/bomb/밤소풍.mp3
My World,ILLIT,ILLIT,SUPER REAL ME,kpop-gen5,https://music.youtube.com/watch?v=X1xQhbffaN8,https://i.ytimg.com/vi/X1xQhbffaN8/maxresdefault.jpg,ILLIT/SUPER REAL ME/My World.mp3
ALL FOR YOU,ILLIT,ILLIT,"ALL FOR YOU, 2027",kpop-gen5,https://music.youtube.com/watch?v=pZnHampBN0U,https://i.ytimg.com/vi/pZnHampBN0U/maxresdefault.jpg,"ILLIT/ALL FOR YOU, 2027/ALL FOR YOU.mp3"
Pimple,ILLIT,ILLIT,I’LL LIKE YOU,kpop-gen5,https://music.youtube.com/watch?v=4ehnJaIcEAI,https://i.ytimg.com/vi/4ehnJaIcEAI/maxresdefault.jpg,ILLIT/I’LL LIKE YOU/Pimple.mp3
Secret Quest,ILLIT,ILLIT,Pokémon | Secret Quest (Original Soundtrack),kpop-gen5,https://music.youtube.com/watch?v=yc7qqGfN0g8,https://i.ytimg.com/vi/yc7qqGfN0g8/maxresdefault.jpg,ILLIT/Pokémon _ Secret Quest (Original Soundtrack)/Secret Quest.mp3
Bubee (Korean Ver.),ILLIT,ILLIT,Bubee (Korean Ver.),kpop-gen5,https://music.youtube.com/watch?v=dLkfa-X_H9E,https://i.ytimg.com/vi/dLkfa-X_H9E/maxresdefault.jpg,ILLIT/Bubee (Korean Ver.)/Bubee (Korean Ver.).mp3
ILLIT (아일릿) Japan 1st Single 「時よ止まれ」 Release Showcase Performance Movie,ILLIT,ILLIT,Single,kpop-gen5,https://music.youtube.com/watch?v=2RF_zggD1Vg,https://i.ytimg.com/vi/2RF_zggD1Vg/maxresdefault.jpg,ILLIT/Single/ILLIT (아일릿) Japan 1st Single 「時よ止まれ」 Release Showcase Performance Movie.mp3
Topping,ILLIT,ILLIT,Toki Yo Tomare,kpop-gen5,https://music.youtube.com/watch?v=MAcjOEzWU5Q,https://i.ytimg.com/vi/MAcjOEzWU5Q/maxresdefault.jpg,ILLIT/Toki Yo Tomare/Topping.mp3
"You, You",TWS,TWS,TWS 5th Mini Album 'NO TRAGEDY',kpop-gen5,https://music.youtube.com/watch?v=Da-mcD_sF_E,https://i.ytimg.com/vi/Da-mcD_sF_E/maxresdefault.jpg,"TWS/TWS 5th Mini Album 'NO TRAGEDY'/You, You.mp3"
OVERDRIVE,TWS,TWS,TWS 4th Mini Album 'play hard',kpop-gen5,https://music.youtube.com/watch?v=QPAWJ2FyRRw,https://i.ytimg.com/vi/QPAWJ2FyRRw/maxresdefault.jpg,TWS/TWS 4th Mini Album 'play hard'/OVERDRIVE.mp3
첫 만남은 계획대로 되지 않아,TWS,TWS,TWS : 1st Mini Album 'Sparkling Blue',kpop-gen5,https://music.youtube.com/watch?v=bKeU99EygzY,https://i.ytimg.com/vi/bKeU99EygzY/maxresdefault.jpg,TWS/TWS _ 1st Mini Album 'Sparkling Blue'/첫 만남은 계획대로 되지 않아.mp3
All the Possibilities,TWS,TWS,TWS 5th Mini Album 'NO TRAGEDY',kpop-gen5,https://music.youtube.com/watch?v=5hP5bLk-Xcc,https://i.ytimg.com/vi/5hP5bLk-Xcc/maxresdefault.jpg,TWS/TWS 5th Mini Album 'NO TRAGEDY'/All the Possibilities.mp3
마음 따라 뛰는 건 멋지지 않아?,TWS,TWS,TWS 3rd Mini Album 'TRY WITH US',kpop-gen5,https://music.youtube.com/watch?v=u0lUMREEyuk,https://i.ytimg.com/vi/u0lUMREEyuk/maxresdefault.jpg,TWS/TWS 3rd Mini Album 'TRY WITH US'/마음 따라 뛰는 건 멋지지 않아?.mp3
내가 S면 넌 나의 N이 되어줘,TWS,TWS,TWS 2nd Mini Album 'SUMMER BEAT!',kpop-gen5,https://music.youtube.com/watch?v=fZqSGS1mRnw,https://i.ytimg.com/vi/fZqSGS1mRnw/maxresdefault.jpg,TWS/TWS 2nd Mini Album 'SUMMER BEAT!'/내가 S면 넌 나의 N이 되어줘.mp3
다시 만난 오늘,TWS,TWS,Nice to see you again (Korean Ver.),kpop-gen5,https://music.youtube.com/watch?v=oZ3WDJw0VBo,https://i.ytimg.com/vi/oZ3WDJw0VBo/maxresdefault.jpg,TWS/Nice to see you again (Korean Ver.)/다시 만난 오늘.mp3
hey! hey!,TWS,TWS,TWS 2nd Mini Album 'SUMMER BEAT!',kpop-gen5,https://music.youtube.com/watch?v=HERdD4NNfOc,https://i.ytimg.com/vi/HERdD4NNfOc/maxresdefault.jpg,TWS/TWS 2nd Mini Album 'SUMMER BEAT!'/hey! hey!.mp3
Nice to see you again,TWS,TWS,Nice to see you again,kpop-gen5,https://music.youtube.com/watch?v=JrW2mH2zMZE,https://i.ytimg.com/vi/JrW2mH2zMZE/maxresdefault.jpg,TWS/Nice to see you again/Nice to see you again.mp3
마지막 축제,TWS,TWS,TWS 1st Single 'Last Bell',kpop-gen5,https://music.youtube.com/watch?v=sr_RlcJzb4M,https://i.ytimg.com/vi/sr_RlcJzb4M/maxresdefault.jpg,TWS/TWS 1st Single 'Last Bell'/마지막 축제.mp3
Lucky to be loved,TWS,TWS,TWS 3rd Mini Album 'TRY WITH US',kpop-gen5,https://music.youtube.com/watch?v=GWteb0H9CLs,https://i.ytimg.com/vi/GWteb0H9CLs/maxresdefault.jpg,TWS/TWS 3rd Mini Album 'TRY WITH US'/Lucky to be loved.mp3
Why You So Bad?,TWS,TWS,TWS 5th Mini Album 'NO TRAGEDY',kpop-gen5,https://music.youtube.com/watch?v=WHlbqw0l7SM,https://i.ytimg.com/vi/WHlbqw0l7SM/maxresdefault.jpg,TWS/TWS 5th Mini Album 'NO TRAGEDY'/Why You So Bad?.mp3
내일이 되어 줄게,TWS,TWS,TWS 4th Mini Album 'play hard',kpop-gen5,https://music.youtube.com/watch?v=fsJN95M8usc,https://i.ytimg.com/vi/fsJN95M8usc/maxresdefault.jpg,TWS/TWS 4th Mini Album 'play hard'/내일이 되어 줄게.mp3
Back To Strangers,TWS,TWS,TWS 5th Mini Album 'NO TRAGEDY',kpop-gen5,https://music.youtube.com/watch?v=iKbKdNPAIHI,https://i.ytimg.com/vi/iKbKdNPAIHI/maxresdefault.jpg,TWS/TWS 5th Mini Album 'NO TRAGEDY'/Back To Strangers.mp3
Head Shoulders Knees Toes,TWS,TWS,Head Shoulders Knees Toes,kpop-gen5,https://music.youtube.com/watch?v=w06glSSd6fI,https://i.ytimg.com/vi/w06glSSd6fI/maxresdefault.jpg,TWS/Head Shoulders Knees Toes/Head Shoulders Knees Toes.mp3
BFF,TWS,TWS,TWS : 1st Mini Album 'Sparkling Blue',kpop-gen5,https://music.youtube.com/watch?v=VAoWD-RQCiY,https://i.ytimg.com/vi/VAoWD-RQCiY/maxresdefault.jpg,TWS/TWS _ 1st Mini Album 'Sparkling Blue'/BFF.mp3
Get It Now,TWS,TWS,TWS 5th Mini Album 'NO TRAGEDY',kpop-gen5,https://music.youtube.com/watch?v=SVQvCOJHZEs,https://i.ytimg.com/vi/SVQvCOJHZEs/maxresdefault.jpg,TWS/TWS 5th Mini Album 'NO TRAGEDY'/Get It Now.mp3
YOU LIKE IT I LOVE IT,TWS,"TWS, 24KGoldn",YOU LIKE IT I LOVE IT,kpop-gen5,https://music.youtube.com/watch?v=HY-g9w-05CY,https://i.ytimg.com/vi/HY-g9w-05CY/maxresdefault.jpg,TWS/YOU LIKE IT I LOVE IT/YOU LIKE IT I LOVE IT.mp3
Oh Mymy : 7s,TWS,TWS,TWS : 1st Mini Album 'Sparkling Blue',kpop-gen5,https://music.youtube.com/watch?v=EBSgxbuDB-s,https://i.ytimg.com/vi/EBSgxbuDB-s/maxresdefault.jpg,TWS/TWS _ 1st Mini Album 'Sparkling Blue'/Oh Mymy _ 7s.mp3
GO BACK,TWS,TWS,TWS 3rd Mini Album 'TRY WITH US',kpop-gen5,https://music.youtube.com/watch?v=eCYiyQSqGOg,https://i.ytimg.com/vi/eCYiyQSqGOg/maxresdefault.jpg,TWS/TWS 3rd Mini Album 'TRY WITH US'/GO BACK.mp3
Fire Escape,TWS,TWS,TWS 5th Mini Album 'NO TRAGEDY',kpop-gen5,https://music.youtube.com/watch?v=PyaITQWohAQ,https://i.ytimg.com/vi/PyaITQWohAQ/maxresdefault.jpg,TWS/TWS 5th Mini Album 'NO TRAGEDY'/Fire Escape.mp3
unplugged boy,TWS,TWS,TWS : 1st Mini Album 'Sparkling Blue',kpop-gen5,https://music.youtube.com/watch?v=tfXQJlYZI3U,https://i.ytimg.com/vi/tfXQJlYZI3U/maxresdefault.jpg,TWS/TWS _ 1st Mini Album 'Sparkling Blue'/unplugged boy.mp3
내가 태양이라면,TWS,TWS,TWS 2nd Mini Album 'SUMMER BEAT!',kpop-gen5,https://music.youtube.com/watch?v=NtqlgJ52TQc,https://i.ytimg.com/vi/NtqlgJ52TQc/maxresdefault.jpg,TWS/TWS 2nd Mini Album 'SUMMER BEAT!'/내가 태양이라면.mp3
overthinking,TWS,TWS,TWS 4th Mini Album 'play hard',kpop-gen5,https://music.youtube.com/watch?v=3VCOhh5_CUE,https://i.ytimg.com/vi/3VCOhh5_CUE/maxresdefault.jpg,TWS/TWS 4th Mini Album 'play hard'/overthinking.mp3
first hooky,TWS,TWS,TWS : 1st Mini Album 'Sparkling Blue',kpop-gen5,https://music.youtube.com/watch?v=guIJbqTyGDA,https://i.ytimg.com/vi/guIJbqTyGDA/maxresdefault.jpg,TWS/TWS _ 1st Mini Album 'Sparkling Blue'/first hooky.mp3
Fire Confetti,TWS,TWS,TWS 2nd Mini Album 'SUMMER BEAT!',kpop-gen5,https://music.youtube.com/watch?v=4kPuYzVeulY,https://i.ytimg.com/vi/4kPuYzVeulY/maxresdefault.jpg,TWS/TWS 2nd Mini Album 'SUMMER BEAT!'/Fire Confetti.mp3
너의 이름 (Highlight),TWS,TWS,TWS 1st Single 'Last Bell',kpop-gen5,https://music.youtube.com/watch?v=RvBrWryLnEE,https://i.ytimg.com/vi/RvBrWryLnEE/maxresdefault.jpg,TWS/TWS 1st Single 'Last Bell'/너의 이름 (Highlight).mp3
Freestyle,TWS,TWS,TWS 3rd Mini Album 'TRY WITH US',kpop-gen5,https://music.youtube.com/watch?v=X14vqIEhFNg,https://i.ytimg.com/vi/X14vqIEhFNg/maxresdefault.jpg,TWS/TWS 3rd Mini Album 'TRY WITH US'/Freestyle.mp3
너+나=7942,TWS,TWS,TWS 2nd Mini Album 'SUMMER BEAT!',kpop-gen5,https://music.youtube.com/watch?v=n0Ekqdo0CZA,https://i.ytimg.com/vi/n0Ekqdo0CZA/maxresdefault.jpg,TWS/TWS 2nd Mini Album 'SUMMER BEAT!'/너+나=7942.mp3
Random Play,TWS,TWS,TWS 3rd Mini Album 'TRY WITH US',kpop-gen5,https://music.youtube.com/watch?v=822qcQBJTao,https://i.ytimg.com/vi/822qcQBJTao/maxresdefault.jpg,TWS/TWS 3rd Mini Album 'TRY WITH US'/Random Play.mp3
심야 영화,TWS,TWS,TWS 3rd Mini Album 'TRY WITH US',kpop-gen5,https://music.youtube.com/watch?v=Ytnsx8qxDiM,https://i.ytimg.com/vi/Ytnsx8qxDiM/maxresdefault.jpg,TWS/TWS 3rd Mini Album 'TRY WITH US'/심야 영화.mp3
Double Take,TWS,TWS,TWS 2nd Mini Album 'SUMMER BEAT!',kpop-gen5,https://music.youtube.com/watch?v=lWu5hisrnSY,https://i.ytimg.com/vi/lWu5hisrnSY/maxresdefault.jpg,TWS/TWS 2nd Mini Album 'SUMMER BEAT!'/Double Take.mp3
Kiss Kiss Shy Shy (Korean Ver.),TWS,TWS,Kiss Kiss Shy Shy (Korean Ver.),kpop-gen5,https://music.youtube.com/watch?v=4RTcBgcVtOE,https://i.ytimg.com/vi/4RTcBgcVtOE/maxresdefault.jpg,TWS/Kiss Kiss Shy Shy (Korean Ver.)/Kiss Kiss Shy Shy (Korean Ver.).mp3
"점 대신 쉼표를 그려 (Comma,)",TWS,TWS,TWS 1st Single 'Last Bell',kpop-gen5,https://music.youtube.com/watch?v=ptlWIjtQ9UY,https://i.ytimg.com/vi/ptlWIjtQ9UY/maxresdefault.jpg,"TWS/TWS 1st Single 'Last Bell'/점 대신 쉼표를 그려 (Comma,).mp3"
BLOOM,TWS,"TWS, Ayumu Imazu",BLOOM,kpop-gen5,https://music.youtube.com/watch?v=Bc-hWqZxZ6I,https://i.ytimg.com/vi/Bc-hWqZxZ6I/maxresdefault.jpg,TWS/BLOOM/BLOOM.mp3
HOT BLUE SHOES,TWS,TWS,TWS 4th Mini Album 'play hard',kpop-gen5,https://music.youtube.com/watch?v=ixxvaIwteUs,https://i.ytimg.com/vi/ixxvaIwteUs/maxresdefault.jpg,TWS/TWS 4th Mini Album 'play hard'/HOT BLUE SHOES.mp3
Caffeine Rush,TWS,TWS,TWS 4th Mini Album 'play hard',kpop-gen5,https://music.youtube.com/watch?v=9HT9oeHE6qc,https://i.ytimg.com/vi/9HT9oeHE6qc/maxresdefault.jpg,TWS/TWS 4th Mini Album 'play hard'/Caffeine Rush.mp3
plot twist (Japanese ver.),TWS,TWS,plot twist,kpop-gen5,https://music.youtube.com/watch?v=WU6EK5WH7P8,https://i.ytimg.com/vi/WU6EK5WH7P8/maxresdefault.jpg,TWS/plot twist/plot twist (Japanese ver.).mp3
Brand New Day,TWS,TWS,"GOOD BOY (Original Television Soundtrack), Pt. 4",kpop-gen5,https://music.youtube.com/watch?v=3gP3srxG_mA,https://i.ytimg.com/vi/3gP3srxG_mA/maxresdefault.jpg,"TWS/GOOD BOY (Original Television Soundtrack), Pt. 4/Brand New Day.mp3"
Uptown Girl,TWS,TWS,Uptown Girl (THE SEASONS: Artist with Zico),kpop-gen5,https://music.youtube.com/watch?v=Z3daw0FS8aM,https://i.ytimg.com/vi/Z3daw0FS8aM/maxresdefault.jpg,TWS/Uptown Girl (THE SEASONS_ Artist with Zico)/Uptown Girl.mp3
YOU LIKE IT I LOVE IT (inst.),TWS,"TWS, 24KGoldn",YOU LIKE IT I LOVE IT,kpop-gen5,https://music.youtube.com/watch?v=SankotNkXF0,https://i.ytimg.com/vi/SankotNkXF0/maxresdefault.jpg,TWS/YOU LIKE IT I LOVE IT/YOU LIKE IT I LOVE IT (inst.).mp3
Lucky to be loved (Sped Up Ver.),TWS,TWS,Lucky to be loved (Sped Up Ver.),kpop-gen5,https://music.youtube.com/watch?v=QebzUKN9jYo,https://i.ytimg.com/vi/QebzUKN9jYo/maxresdefault.jpg,TWS/Lucky to be loved (Sped Up Ver.)/Lucky to be loved (Sped Up Ver.).mp3
Uptown Girl (Instrumental),TWS,TWS,Uptown Girl (THE SEASONS: Artist with Zico),kpop-gen5,https://music.youtube.com/watch?v=l0qoiN4fFYQ,https://i.ytimg.com/vi/l0qoiN4fFYQ/maxresdefault.jpg,TWS/Uptown Girl (THE SEASONS_ Artist with Zico)/Uptown Girl (Instrumental).mp3
Brand New Day (Instrumental),TWS,TWS,"GOOD BOY (Original Television Soundtrack), Pt. 4",kpop-gen5,https://music.youtube.com/watch?v=7LE8P054xmM,https://i.ytimg.com/vi/7LE8P054xmM/maxresdefault.jpg,"TWS/GOOD BOY (Original Television Soundtrack), Pt. 4/Brand New Day (Instrumental).mp3"
너의 이름 (Highlight) (Sped Up Ver.),TWS,TWS,Highlight (Sped Up Ver.),kpop-gen5,https://music.youtube.com/watch?v=3WhR8554zTE,https://i.ytimg.com/vi/3WhR8554zTE/maxresdefault.jpg,TWS/Highlight (Sped Up Ver.)/너의 이름 (Highlight) (Sped Up Ver.).mp3
내가 S면 넌 나의 N이 되어줘 (Sped Up Ver.),TWS,TWS,"If I’m S, Can You Be My N? (Sped Up Ver.)",kpop-gen5,https://music.youtube.com/watch?v=9gZG2oGUEX8,https://i.ytimg.com/vi/9gZG2oGUEX8/maxresdefault.jpg,"TWS/If I’m S, Can You Be My N? (Sped Up Ver.)/내가 S면 넌 나의 N이 되어줘 (Sped Up Ver.).mp3"
다시 만난 오늘 (Sped Up Ver.),TWS,TWS,Nice to see you again (Korean Ver.) (Sped Up Ver.),kpop-gen5,https://music.youtube.com/watch?v=ZtcP5M6uDjA,https://i.ytimg.com/vi/ZtcP5M6uDjA/maxresdefault.jpg,TWS/Nice to see you again (Korean Ver.) (Sped Up Ver.)/다시 만난 오늘 (Sped Up Ver.).mp3
REDRED,CORTIS,CORTIS,REDRED,kpop-gen5,https://music.youtube.com/watch?v=5sOgJQ3N03Q,https://i.ytimg.com/vi/5sOgJQ3N03Q/maxresdefault.jpg,CORTIS/REDRED/REDRED.mp3
ACAI,CORTIS,CORTIS,GREENGREEN,kpop-gen5,https://music.youtube.com/watch?v=3G0A03PFMg0,https://i.ytimg.com/vi/3G0A03PFMg0/maxresdefault.jpg,CORTIS/GREENGREEN/ACAI.mp3
FaSHioN,CORTIS,CORTIS,COLOR OUTSIDE THE LINES,kpop-gen5,https://music.youtube.com/watch?v=GCkhFdMdGOY,https://i.ytimg.com/vi/GCkhFdMdGOY/maxresdefault.jpg,CORTIS/COLOR OUTSIDE THE LINES/FaSHioN.mp3
TNT,CORTIS,CORTIS,GREENGREEN,kpop-gen5,https://music.youtube.com/watch?v=ib3hV9iyqsE,https://i.ytimg.com/vi/ib3hV9iyqsE/maxresdefault.jpg,CORTIS/GREENGREEN/TNT.mp3
GO!,CORTIS,CORTIS,COLOR OUTSIDE THE LINES,kpop-gen5,https://music.youtube.com/watch?v=7wJsfALKRR8,https://i.ytimg.com/vi/7wJsfALKRR8/maxresdefault.jpg,CORTIS/COLOR OUTSIDE THE LINES/GO!.mp3
What You Want,CORTIS,CORTIS,What You Want,kpop-gen5,https://music.youtube.com/watch?v=-BX7DpABCbE,https://i.ytimg.com/vi/-BX7DpABCbE/maxresdefault.jpg,CORTIS/What You Want/What You Want.mp3
YOUNGCREATORCREW,CORTIS,CORTIS,GREENGREEN,kpop-gen5,https://music.youtube.com/watch?v=tCSBgOIA63M,https://i.ytimg.com/vi/tCSBgOIA63M/maxresdefault.jpg,CORTIS/GREENGREEN/YOUNGCREATORCREW.mp3
JoyRide,CORTIS,CORTIS,COLOR OUTSIDE THE LINES,kpop-gen5,https://music.youtube.com/watch?v=TZHoqQnUbas,https://i.ytimg.com/vi/TZHoqQnUbas/maxresdefault.jpg,CORTIS/COLOR OUTSIDE THE LINES/JoyRide.mp3
Wassup,CORTIS,CORTIS,GREENGREEN,kpop-gen5,https://music.youtube.com/watch?v=oEow4l7mP7c,https://i.ytimg.com/vi/oEow4l7mP7c/maxresdefault.jpg,CORTIS/GREENGREEN/Wassup.mp3
Blue Lips,CORTIS,CORTIS,GREENGREEN,kpop-gen5,https://music.youtube.com/watch?v=SCySL2FKuCc,https://i.ytimg.com/vi/SCySL2FKuCc/maxresdefault.jpg,CORTIS/GREENGREEN/Blue Lips.mp3
Lullaby,CORTIS,CORTIS,COLOR OUTSIDE THE LINES,kpop-gen5,https://music.youtube.com/watch?v=5_K85U2qXuw,https://i.ytimg.com/vi/5_K85U2qXuw/maxresdefault.jpg,CORTIS/COLOR OUTSIDE THE LINES/Lullaby.mp3
